image_path,class_name,gt_nature,gt_biotic,gt_material,pred_nature,pred_biotic,pred_material,reasoning,parse_failed
/home/pmonserrat/datasets/places/val_formatted/10/Places365_val_00000668.jpg,aqueduct,False,,,no,none,none,"The target entity is an aqueduct. The visual evidence shows a large stone structure built to transport water, constructed from natural stone materials. While the aqueduct itself is a human-made structure, it is built using natural materials and is part of a natural environment. However, it is a manufactured structural object and does not count as nature under the provided definition. Not applicable since the entity is not classified as nature.",False
/home/pmonserrat/datasets/places/val_formatted/10/Places365_val_00000795.jpg,aqueduct,False,,,no,none,none,"The target entity is an aqueduct. The visual evidence shows a man-made structure designed to transport water, typically constructed from materials like stone or concrete. Since aqueducts are human-made structures and not natural entities, they fall under the Homogenous Artefacts exclusion and do not count as nature under this taxonomy. Not applicable since the entity is not classified as nature.",False
/home/pmonserrat/datasets/places/val_formatted/10/Places365_val_00000909.jpg,aqueduct,False,,,no,none,none,"The target entity is an aqueduct. The visual evidence shows a large, ancient stone structure with multiple arches, constructed to transport water. This structure is a human-made architectural feature, not a natural entity. Since it is a manufactured object and not a more-than-human living entity or a natural environment, it falls under the exclusion scope for homogenous artefacts. Not applicable since the entity is not classified as nature.",False
/home/pmonserrat/datasets/places/val_formatted/10/Places365_val_00001091.jpg,aqueduct,False,,,yes,abiotic,material,"The target entity is an aqueduct. The visual evidence shows a constructed stone structure with arches, typically used for transporting water. While it is a man-made structure, it is built using natural stone materials and is part of an ancient engineering system that interacts with natural water sources. Since it is a representation of a natural process (water transportation) and involves natural materials, it counts as a Nature-Based Artefact. Since nature is 'yes', I evaluate the sub-axes. The aqueduct is a man-made structure using natural stone, placing it under Geological & Topographical Components within the abiotic category. Because it is a physical real-world object with mass that occupies space, it is classified as material under the Tangibility axis.",False
/home/pmonserrat/datasets/places/val_formatted/10/Places365_val_00001516.jpg,aqueduct,False,,,no,none,none,"The target entity is an aqueduct. The visual evidence shows a man-made structure made of stone, designed to transport water. While aqueducts are human-made, they are often integrated into natural landscapes and serve a purpose related to natural elements (water). However, under the provided taxonomy, human-made structures that are not explicitly natural elements or processes are excluded from the 'nature' category unless they are nature-based artefacts. Since the aqueduct is primarily a human-engineered structure and not a natural formation, it does not count as nature under this classification. Not applicable since the entity is not classified as nature.",False
/home/pmonserrat/datasets/places/val_formatted/101/Places365_val_00000248.jpg,conference center,False,,,no,none,none,"The target entity is a conference center. The visual evidence shows a room with tables, chairs, and chandeliers, all of which are manufactured structural objects. Since the original natural texture of the materials is completely unidentifiable and altered, and the object does not depict a natural entity, it falls strictly under the Homogenous Artefacts exclusion and fails the criteria for nature. Not applicable since the entity is not classified as nature.",False
/home/pmonserrat/datasets/places/val_formatted/101/Places365_val_00001563.jpg,conference center,False,,,no,none,none,"The target entity is a conference center. The visual evidence shows a modern building with a presentation setup, including a screen and a whiteboard. This is a constructed human-made structure, not a natural entity or environment. It does not fall under any of the categories of flora, fauna, fungi, ecosystems, or non-living natural elements as defined in the taxonomy. Therefore, it does not qualify as nature. Not applicable since the entity is not classified as nature.",False
/home/pmonserrat/datasets/places/val_formatted/101/Places365_val_00002450.jpg,conference center,False,,,no,none,none,"The target entity is a conference center. The visual evidence shows a modern indoor facility with people engaged in a discussion. Conference centers are human-made structures designed for meetings and events, and they do not fall under the categories of flora, fauna, fungi, or natural environments. They are not classified as nature-based artefacts or representations of nature, as they are primarily functional spaces without a direct connection to more-than-human living entities or natural processes. Not applicable since the entity is not classified as nature.",False
/home/pmonserrat/datasets/places/val_formatted/101/Places365_val_00002646.jpg,conference center,False,,,no,none,none,"The target entity is a conference center. The visual evidence shows a room with furniture, electronic equipment, and a person presenting. This setting is a constructed human environment and does not fall under the categories of flora, fauna, fungi, hydrological, atmospheric, geological, astrophysical, or biophysical processes. It is a human-made space designed for meetings and presentations, which does not meet the criteria for nature under the provided definition. Not applicable since the entity is not classified as nature.",False
/home/pmonserrat/datasets/places/val_formatted/101/Places365_val_00002872.jpg,conference center,False,,,no,none,none,"The target entity is a conference center. The visual evidence shows a modern indoor facility designed for meetings and presentations. This is a manufactured structural object with no direct connection to more-than-human living entities, ecosystems, or natural processes. It falls under the Homogenous Artefacts exclusion scope, as it does not depict a natural entity and the original natural texture is unidentifiable. Not applicable since the entity is not classified as nature.",False
/home/pmonserrat/datasets/places/val_formatted/102/Places365_val_00000339.jpg,conference room,False,,,yes,biotic,material,"The target entity is a conference room. The visual evidence shows a manufactured structural object made of wood with clearly visible natural grain. While homogenous artefacts are excluded, manufactured objects where the natural material of origin remains visually identifiable by its grain or texture explicitly count as Nature-Based Artefacts, fulfilling the inclusion criteria. Since nature is 'yes', I evaluate the sub-axes. The conference room is a physical space with a wooden table and chairs, which are processed materials derived from trees, placing it under Flora & Plant Derivatives within the biotic category. Because it is a real-world physical object with mass that occupies space, it is classified as material under the Tangibility axis.",False
/home/pmonserrat/datasets/places/val_formatted/102/Places365_val_00002870.jpg,conference room,False,,,no,none,none,"The target entity is a conference room. The visual evidence shows a manufactured indoor space designed for meetings, featuring chairs, a table, electronic equipment, and large windows. This is a human-made environment and does not fall under the categories of flora, fauna, fungi, or natural processes. It is a constructed space intended for human activities and does not meet the criteria for nature under the provided taxonomy. Not applicable since the entity is not classified as nature.",False
/home/pmonserrat/datasets/places/val_formatted/102/Places365_val_00002914.jpg,conference room,False,,,no,none,none,"The target entity is a conference room. The visual evidence shows a manufactured structural object designed for human use, with no natural elements or processes directly involved. It is a human-made environment and does not fall under the categories of flora, fauna, fungi, hydrological, atmospheric, geological, astrophysical, or biophysical components. It is also not a nature-based artifact or activity, nor a representation of nature. Not applicable since the entity is not classified as nature.",False
/home/pmonserrat/datasets/places/val_formatted/102/Places365_val_00002934.jpg,conference room,False,,,no,none,none,"The target entity is a conference room. The visual evidence shows a manufactured structural object designed for human use, with no natural elements or processes present. It is a homogenous artefact where the original natural texture is unidentifiable and the object does not depict a natural entity. Therefore, it falls strictly under the Homogenous Artefacts exclusion and fails the criteria for nature. Not applicable since the entity is not classified as nature.",False
/home/pmonserrat/datasets/places/val_formatted/102/Places365_val_00003510.jpg,conference room,False,,,no,none,none,"The target entity is a conference room. The visual evidence shows a human-made indoor environment designed for meetings, with furniture and decor. Since human beings and human-made structures are explicitly excluded from the nature taxonomy, this instance does not count as nature. Not applicable since the entity is not classified as nature.",False
/home/pmonserrat/datasets/places/val_formatted/104/Places365_val_00000281.jpg,corn field,True,True,True,yes,biotic,material,"The target entity is a corn field. The visual evidence shows a cultivated area with rows of corn plants, which are non-human organisms. Cultivated plants fall under Flora & Plant Derivatives, fulfilling the inclusion criteria for nature. Since nature is 'yes', I evaluate the sub-axes. A corn field is a cultivated area with plants, placing it under Flora & Plant Derivatives within the biotic category. Because the image is an unfiltered documentary photograph capturing a real-world physical environment, it is classified as material under the Tangibility axis.",False
/home/pmonserrat/datasets/places/val_formatted/104/Places365_val_00000329.jpg,corn field,True,True,True,yes,biotic,material,"The target entity is a corn field. The visual evidence shows a real-world agricultural landscape composed of corn plants. Corn fields are cultivated ecosystems defined by living communities of plants, fulfilling the inclusion criteria for nature under the provided definition. Since nature is 'yes', I evaluate the sub-axes. A corn field is a cultivated area with plants, placing it under Flora & Plant Derivatives within the biotic category. Because the image is an unfiltered documentary photograph capturing a real-world physical environment, it is classified as material under the Tangibility axis.",False
/home/pmonserrat/datasets/places/val_formatted/104/Places365_val_00000719.jpg,corn field,True,True,True,yes,biotic,material,"The target entity is a corn field. The visual evidence shows a real-world agricultural environment with cultivated corn plants. This falls under the category of Flora & Plant Derivatives within the inclusion scope of More-Than-Human Living Entities, as it involves cultivated non-human organisms. Additionally, it is an ecosystem defined by living communities, fulfilling the criteria for nature. Since nature is 'yes', I evaluate the sub-axes. A corn field is a cultivated area with plants, placing it under Flora & Plant Derivatives within the biotic category. Because it is a real-world physical environment with mass that occupies space, it is classified as material under the Tangibility axis.",False
/home/pmonserrat/datasets/places/val_formatted/104/Places365_val_00000845.jpg,corn field,True,True,True,yes,biotic,material,"The target entity is a corn field. The visual evidence shows a cultivated area with tall plants, which are non-human organisms. Corn fields fall under the category of cultivated flora, fulfilling the inclusion criteria for nature. Since nature is 'yes', I evaluate the sub-axes. A corn field is a cultivated area of plants, placing it under Flora & Plant Derivatives within the biotic category. Because it is a real-world physical environment with mass that occupies space, it is classified as material under the Tangibility axis.",False
/home/pmonserrat/datasets/places/val_formatted/104/Places365_val_00001013.jpg,corn field,True,True,True,yes,biotic,material,"The target entity is a corn field. The visual evidence shows a cultivated area with tall corn plants. Cultivated plants fall under Flora & Plant Derivatives within the inclusion scope of More-Than-Human Living Entities, fulfilling the criteria for nature. Since nature is 'yes', I evaluate the sub-axes. A corn field is a cultivated area with plants, placing it under Flora & Plant Derivatives within the biotic category. Because the image captures a real-world physical environment with tangible plants and land, it is classified as material under the Tangibility axis.",False
/home/pmonserrat/datasets/places/val_formatted/105/Places365_val_00000254.jpg,corral,True,False,False,yes,biotic,material,"The target entity is a corral, which is a fenced enclosure typically used to house animals. The visual evidence shows a fenced area with a horse inside. This setup is an ecosystem where non-human entities (the horse) exist and interact within a defined space, fulfilling the inclusion criteria for Nature-Based Artefacts. Since nature is 'yes', I evaluate the sub-axes. The corral itself is a physical structure, but it serves as an environment for the horse, which is a non-human vertebrate (fauna). The corral is a man-made structure designed to interact with and manage fauna, placing it under the biotic category. Because the corral is a physical real-world object with mass that occupies space, it is classified as material under the Tangibility axis.",False
/home/pmonserrat/datasets/places/val_formatted/105/Places365_val_00000306.jpg,corral,True,False,False,yes,biotic,material,"The target entity is a corral. The visual evidence shows a fenced area where animals, specifically horses and a bull, are present. This setting is a managed environment for livestock, which falls under the category of Ecosystems & Environments defined by living communities and human interaction. The corral itself is a structure, but it serves as a habitat for non-human entities, fulfilling the inclusion criteria for nature. Since nature is 'yes', I evaluate the sub-axes. The corral is a managed environment that supports living organisms (fauna), placing it under the biotic category. The image captures a real-world physical setting with mass and presence, classifying it as material under the Tangibility axis.",False
/home/pmonserrat/datasets/places/val_formatted/105/Places365_val_00002388.jpg,corral,True,False,False,yes,biotic,material,"The target entity is a tiger resting on a wooden platform. The visual evidence shows a real-world non-human vertebrate (fauna) present in a physical environment. Fauna and animal derivatives are explicitly classified under the inclusion criteria for nature, fulfilling the criteria for nature. Since nature is 'yes', I evaluate the sub-axes. A tiger is a non-human vertebrate (fauna), placing it under the biotic category. Because the image captures a real-world physical organism with mass that occupies space, it is classified as material under the Tangibility axis.",False
/home/pmonserrat/datasets/places/val_formatted/105/Places365_val_00002868.jpg,corral,True,False,False,yes,biotic,material,"The target entity is a corral with cows and a calf. The visual evidence shows a fenced area where non-human animals (cows and a calf) are present. This falls under the category of Ecosystems & Environments, specifically a managed natural environment where non-human entities exist and interact, fulfilling the inclusion criteria for nature. Since nature is 'yes', I evaluate the sub-axes. The corral is a managed environment containing fauna (cows and a calf), placing it under Fauna & Animal Derivatives within the biotic category. Because this is an unfiltered documentary photograph capturing a real-world physical environment, it is classified as material under the Tangibility axis.",False
/home/pmonserrat/datasets/places/val_formatted/105/Places365_val_00003051.jpg,corral,True,False,False,yes,biotic,material,"The target entity is a corral. The visual evidence shows a fenced area used for housing animals, typically livestock. This structure is part of an ecosystem where non-human entities (animals) exist and interact. The corral itself is a physical structure but is closely tied to the management and containment of living organisms, fitting within the broader context of ecosystems and environments. Since nature is 'yes', I evaluate the sub-axes. A corral is a structure within an ecosystem defined by living communities (fauna), placing it under Biological Ecosystems within the biotic category. Because it is a real-world physical object with mass that occupies space, it is classified as material under the Tangibility axis.",False
/home/pmonserrat/datasets/places/val_formatted/106/Places365_val_00000006.jpg,corridor,False,,,no,none,none,"The target entity is a corridor. The visual evidence shows a man-made structural object designed for human passage, constructed from materials like walls, ceiling panels, and flooring. Since homogenous artefacts are excluded unless they depict a natural entity, and this corridor does not fulfill any criteria for more-than-human living entities or natural elements, it falls under the exclusion scope for nature. Not applicable since the entity is not classified as nature.",False
/home/pmonserrat/datasets/places/val_formatted/106/Places365_val_00001078.jpg,corridor,False,,,no,none,none,"The target entity is a corridor. The visual evidence shows an indoor architectural space with walls, doors, and a checkered floor. This is a constructed human-made environment and does not fall under the categories of flora, fauna, fungi, hydrological, atmospheric, geological, astrophysical, or processed food/drinks. It is also not a nature-based artifact or activity. Since human-made structures like corridors are explicitly excluded from the nature taxonomy, this entity does not count as nature. Not applicable since the entity is not classified as nature.",False
/home/pmonserrat/datasets/places/val_formatted/106/Places365_val_00001510.jpg,corridor,False,,,no,none,none,"The target entity is a corridor. The visual evidence shows a man-made structural object designed for human passage, lined with lockers. Homogenous artefacts, which are manufactured objects where the original natural texture is unidentifiable and the object does not depict a natural entity, are explicitly excluded from the nature classification. Since the corridor is a constructed environment without any natural elements or processes, it does not fulfill the inclusion criteria for nature. Not applicable since the entity is not classified as nature.",False
/home/pmonserrat/datasets/places/val_formatted/106/Places365_val_00001709.jpg,corridor,False,,,no,none,none,"The target entity is a corridor. The visual evidence shows a constructed architectural space made of materials like brick and concrete. Since homogenous artefacts are excluded unless they depict a natural entity, and this corridor does not fulfill any of the nature-based categories (biotic or abiotic), it falls under the exclusion scope for homogenous artefacts. Not applicable since the entity is not classified as nature.",False
/home/pmonserrat/datasets/places/val_formatted/106/Places365_val_00002244.jpg,corridor,False,,,no,none,none,"The target entity is a corridor. The visual evidence shows a man-made structural element within a building, characterized by walls, a ceiling, and a floor. Since homogenous artefacts are excluded unless they depict a natural entity, and this corridor does not fulfill any of the nature-based categories (flora, fauna, fungi, ecosystems, etc.), it falls under the exclusion scope for homogenous artefacts. Not applicable since the entity is not classified as nature.",False
/home/pmonserrat/datasets/places/val_formatted/107/Places365_val_00000083.jpg,cottage,False,,,no,none,none,"The target entity is a cottage. The visual evidence shows a physical structure made of brick and wood, with a pitched roof and windows. While the cottage itself is a man-made structure, it is situated within a natural environment and is surrounded by elements such as grass and trees. However, the cottage as a constructed building does not fall under the categories of flora, fauna, fungi, or natural processes. It is a homogenous artefact where the original natural texture is unidentifiable and altered, and it does not depict a natural entity. Not applicable since the entity is not classified as nature.",False
/home/pmonserrat/datasets/places/val_formatted/107/Places365_val_00000180.jpg,cottage,False,,,yes,none,material,"The target entity is a cottage. The visual evidence shows a physical structure made of materials like wood and possibly stone. While the cottage itself is a manufactured object, it is situated in a natural environment and is a nature-based artefact because the natural material of origin (wood, stone) remains visually identifiable by its structure and texture. Since nature is 'yes', I evaluate the sub-axes. The cottage is a physical structure made from natural materials like wood and stone, placing it under Nature-Based Artefacts. Because it is a real-world physical object with mass that occupies space, it is classified as material under the Tangibility axis.",False
/home/pmonserrat/datasets/places/val_formatted/107/Places365_val_00000439.jpg,cottage,False,,,no,none,none,"The target entity is a cottage. The visual evidence shows a physical structure made of stone and wood, with a roof and architectural features. While the cottage itself is a manufactured object, it is situated in a natural environment and incorporates natural materials. However, under the provided taxonomy, the cottage is a homogenous artefact where the original natural texture is unidentifiable and altered, and it does not depict a natural entity. Therefore, it falls under the Homogenous Artefacts exclusion and fails the criteria for nature. Not applicable since the entity is not classified as nature.",False
/home/pmonserrat/datasets/places/val_formatted/107/Places365_val_00001367.jpg,cottage,False,,,no,none,none,"The target entity is a cottage. The visual evidence shows a stone-built structure with a prominent tower, surrounded by a graveyard and greenery. While the cottage itself is a manufactured structure, it is situated within a natural environment and is made from natural materials like stone. However, under the provided taxonomy, the cottage as a homogenous artefact where the original natural texture is unidentifiable and altered does not count as nature. Not applicable since the entity is not classified as nature.",False
/home/pmonserrat/datasets/places/val_formatted/107/Places365_val_00001951.jpg,cottage,False,,,no,none,none,"The target entity is a cottage. The visual evidence shows a structure made of stone with ivy and other plants growing on and around it. While the cottage itself is a human-made structure, the presence of natural elements like ivy and flowers integrates it with nature. However, the primary structure of the cottage is a manufactured object, and under the provided taxonomy, human-made structures are generally excluded from being classified as nature unless they are explicitly nature-based artefacts. Since the focus is on the building itself rather than its integration with natural elements, it does not count as nature. Not applicable since the entity is not classified as nature.",False
/home/pmonserrat/datasets/places/val_formatted/108/Places365_val_00000486.jpg,courthouse,False,,,no,none,none,"The target entity is a courthouse. The visual evidence shows a man-made building with architectural features such as domes and columns. Since human beings and human-made structures are explicitly excluded from the nature taxonomy, this entity does not count as nature. Not applicable since the entity is not classified as nature.",False
/home/pmonserrat/datasets/places/val_formatted/108/Places365_val_00000920.jpg,courthouse,False,,,no,none,none,"The target entity is a courthouse. The visual evidence shows a large, ornate building with architectural features such as a clock tower and spires. This is a manufactured structural object made of materials like stone or concrete, with no visible natural grain or texture that would classify it as a nature-based artefact. It does not depict a natural entity and falls under the Homogenous Artefacts exclusion, failing the criteria for nature. Not applicable since the entity is not classified as nature.",False
/home/pmonserrat/datasets/places/val_formatted/108/Places365_val_00001543.jpg,courthouse,False,,,no,none,none,"The target entity is a courthouse. The visual evidence shows a man-made building constructed from materials such as stone or concrete. Since human beings and their constructed objects are explicitly excluded from the nature taxonomy, this entity does not count as nature. Not applicable since the entity is not classified as nature.",False
/home/pmonserrat/datasets/places/val_formatted/108/Places365_val_00001597.jpg,courthouse,False,,,no,none,none,"The target entity is a courthouse. The visual evidence shows a large, constructed building with architectural features such as columns and a pediment. This is a manufactured structural object made of materials like stone or concrete, with no visible natural grain or texture that would classify it as a nature-based artifact. Since human-made structures that do not depict natural entities are excluded from the nature taxonomy, this entity does not count as nature. Not applicable since the entity is not classified as nature.",False
/home/pmonserrat/datasets/places/val_formatted/108/Places365_val_00001757.jpg,courthouse,False,,,no,none,none,"The target entity is a courthouse. The visual evidence shows a man-made structure made of brick and other materials. Since human beings and human-made structures are explicitly excluded from the nature taxonomy, this entity does not count as nature. Not applicable since the entity is not classified as nature.",False
/home/pmonserrat/datasets/places/val_formatted/110/Places365_val_00000155.jpg,creek,True,False,True,yes,abiotic,material,"The target entity is a creek. The visual evidence shows a flowing body of water surrounded by a forested area. Hydrological components (rivers, ponds, lakes, streams) are explicitly classified under Non-Living Natural Elements & Processes, fulfilling the inclusion criteria for nature. Since nature is 'yes', I evaluate the sub-axes. A creek is a fluid flow, placing it under Hydrological Components within the abiotic category. Because the image is an unfiltered documentary depiction capturing a real-world physical environment, it is classified as material under the Tangibility axis.",False
/home/pmonserrat/datasets/places/val_formatted/110/Places365_val_00000271.jpg,creek,True,False,True,yes,abiotic,material,"The target entity is a creek. The visual evidence shows a real-world flowing body of water surrounded by natural vegetation and rock formations. Hydrological components (rivers, ponds, lakes, streams) are explicitly classified under Non-Living Natural Elements & Processes, fulfilling the inclusion criteria for nature. Since nature is 'yes', I evaluate the sub-axes. A creek is a fluid flow, placing it under Hydrological Components within the abiotic category. Because the image is an unfiltered documentary depiction capturing a real-world physical environment, it is classified as material under the Tangibility axis.",False
/home/pmonserrat/datasets/places/val_formatted/110/Places365_val_00000555.jpg,creek,True,False,True,yes,abiotic,material,"The target entity is a creek. The visual evidence shows a flowing body of water surrounded by trees and rocks. Hydrological components (rivers, ponds, lakes, streams) are explicitly classified under Non-Living Natural Elements & Processes, fulfilling the inclusion criteria for nature. Since nature is 'yes', I evaluate the sub-axes. A creek is a fluid flow, placing it under Hydrological Components within the abiotic category. Because the image is an unfiltered documentary depiction capturing a real-world physical environment, it is classified as material under the Tangibility axis.",False
/home/pmonserrat/datasets/places/val_formatted/110/Places365_val_00001096.jpg,creek,True,False,True,yes,abiotic,material,"The target entity is a creek with koi fish swimming in it. The visual evidence shows a real-world flowing body of water with living organisms. Hydrological components (rivers, ponds, lakes, streams) are explicitly classified under Non-Living Natural Elements & Processes, fulfilling the inclusion criteria for nature. Since nature is 'yes', I evaluate the sub-axes. A creek is a fluid flow, placing it under Hydrological Components within the abiotic category. The presence of koi fish, which are fauna, adds a biotic element. However, the primary focus is on the creek itself, which is a non-living natural element. Because the image captures a real-world physical environment, it is classified as material under the Tangibility axis.",False
/home/pmonserrat/datasets/places/val_formatted/110/Places365_val_00002243.jpg,creek,True,False,True,yes,abiotic,material,"The target entity is a creek. The visual evidence shows a flowing body of water surrounded by natural vegetation and a wooden bridge. Hydrological components (rivers, ponds, lakes, streams) are explicitly classified under Non-Living Natural Elements & Processes, fulfilling the inclusion criteria for nature. Since nature is 'yes', I evaluate the sub-axes. A creek is a fluid flow, placing it under Hydrological Components within the abiotic category. Because the image is an unfiltered documentary depiction capturing a real-world physical environment, it is classified as material under the Tangibility axis.",False
/home/pmonserrat/datasets/places/val_formatted/111/Places365_val_00000575.jpg,crevasse,True,False,True,yes,abiotic,material,"The target entity is a crevasse. The visual evidence shows a deep fissure in a glacier, which is a geological and topographical feature formed by the movement and melting of ice. This falls under the Non-Living Natural Elements & Processes, specifically Geological & Topographical Components, fulfilling the inclusion criteria for nature. Since nature is 'yes', I evaluate the sub-axes. A crevasse is a geological feature, placing it under Geological & Topographical Components within the abiotic category. Because the image is an unfiltered documentary photograph capturing a real-world physical landscape, it is classified as material under the Tangibility axis.",False
/home/pmonserrat/datasets/places/val_formatted/111/Places365_val_00000708.jpg,crevasse,True,False,True,yes,abiotic,material,"The target entity is a crevasse. The visual evidence shows a deep crack in a glacier, which is a geological feature formed by the movement and fracturing of ice. This falls under the Non-Living Natural Elements & Processes, specifically Geological & Topographical Components, fulfilling the inclusion criteria for nature. Since nature is 'yes', I evaluate the sub-axes. A crevasse is a geological feature, placing it under Geological & Topographical Components within the abiotic category. Because this is an unfiltered documentary photograph capturing a real-world physical environment, it is classified as material under the Tangibility axis.",False
/home/pmonserrat/datasets/places/val_formatted/111/Places365_val_00001579.jpg,crevasse,True,False,True,yes,abiotic,material,"The target entity is a crevasse. The visual evidence shows a deep, narrow crack in a glacier, which is a geological feature formed by the movement and fracturing of ice. This falls under the Non-Living Natural Elements & Processes, specifically Geological & Mineral components, fulfilling the inclusion criteria for nature. Since nature is 'yes', I evaluate the sub-axes. A crevasse is a geological formation, placing it under Geological & Topographical Components within the abiotic category. Because the image is an unfiltered documentary photograph capturing a real-world physical environment, it is classified as material under the Tangibility axis.",False
/home/pmonserrat/datasets/places/val_formatted/111/Places365_val_00001599.jpg,crevasse,True,False,True,yes,abiotic,material,"The target entity is a crevasse. The visual evidence shows a deep fissure in a glacier, which is a geological feature formed by the movement and fracturing of ice. This falls under the Non-Living Natural Elements & Processes, specifically Geological & Topographical Components, fulfilling the inclusion criteria for nature. Since nature is 'yes', I evaluate the sub-axes. A crevasse is a geological formation, placing it under Geological & Topographical Components within the abiotic category. Because this is an unfiltered documentary photograph capturing a real-world physical environment, it is classified as material under the Tangibility axis.",False
/home/pmonserrat/datasets/places/val_formatted/111/Places365_val_00001735.jpg,crevasse,True,False,True,yes,abiotic,material,"The target entity is a crevasse. The visual evidence shows a deep crack in a glacier, which is a geological feature formed by the movement and fracturing of ice. This falls under the Non-Living Natural Elements & Processes, specifically Geological & Topographical Components, fulfilling the inclusion criteria for nature. Since nature is 'yes', I evaluate the sub-axes. A crevasse is a geological feature, placing it under Geological & Topographical Components within the abiotic category. Because this is an unfiltered documentary photograph capturing a real-world physical landscape, it is classified as material under the Tangibility axis.",False
/home/pmonserrat/datasets/places/val_formatted/112/Places365_val_00000098.jpg,crosswalk,False,,,no,none,none,"The target entity is a crosswalk. The visual evidence shows a painted pedestrian crossing on a road. Crosswalks are human-made structures designed for pedestrian safety and do not fall under the categories of flora, fauna, fungi, or natural processes. They are part of urban infrastructure and do not meet the criteria for nature under the provided taxonomy. Not applicable since the entity is not classified as nature.",False
/home/pmonserrat/datasets/places/val_formatted/112/Places365_val_00001080.jpg,crosswalk,False,,,no,none,none,"The target entity is a crosswalk. The visual evidence shows painted yellow stripes on a road surface, which is a human-made structure designed for pedestrian use. Since crosswalks are manufactured and do not fall under the categories of flora, fauna, fungi, or natural processes, they are excluded from the nature definition. Not applicable since the entity is not classified as nature.",False
/home/pmonserrat/datasets/places/val_formatted/112/Places365_val_00001398.jpg,crosswalk,False,,,no,none,none,"The target entity is a crosswalk. The visual evidence shows a painted marking on the road, which is a human-made structure designed to guide pedestrian traffic. Crosswalks are not classified as nature under the provided definition because they are human-made and do not fall into any of the categories of more-than-human living entities, ecosystems, or natural processes. Not applicable since the entity is not classified as nature.",False
/home/pmonserrat/datasets/places/val_formatted/112/Places365_val_00001457.jpg,crosswalk,False,,,no,none,none,"The target entity is a crosswalk. The visual evidence shows a painted marking on the road, which is a human-made structure designed to guide pedestrian traffic. Crosswalks are not classified as nature under the provided definitions because they are human-made and do not fall into any of the categories of more-than-human living entities, ecosystems, or natural processes. Not applicable since the entity is not classified as nature.",False
/home/pmonserrat/datasets/places/val_formatted/112/Places365_val_00002796.jpg,crosswalk,False,,,no,none,none,"The target entity is a crosswalk. The visual evidence shows a painted pedestrian crossing on a street. Crosswalks are human-made structures designed for pedestrian safety and do not fall under the categories of flora, fauna, fungi, or natural processes. They are part of urban infrastructure and do not meet the criteria for nature under the provided taxonomy. Not applicable since the entity is not classified as nature.",False
/home/pmonserrat/datasets/places/val_formatted/113/Places365_val_00000061.jpg,dam,False,,,no,none,none,"The target entity is a dam. The visual evidence shows a large, man-made structure built across a river, designed to control water flow. While dams are human-made, they interact with natural elements (water, land) and are part of the environment. However, under the provided taxonomy, human-made structures that are not explicitly natural elements or processes are excluded from the 'nature' category unless they are part of a natural environment or process. Not applicable since the entity is not classified as nature.",False
/home/pmonserrat/datasets/places/val_formatted/113/Places365_val_00000413.jpg,dam,False,,,no,none,none,"The target entity is a dam. The visual evidence shows a large, man-made structure built across a body of water. Dams are constructed by humans and are not natural formations. They are engineered to control water flow and are considered part of the human-made environment, thus falling under the exclusion scope for nature. Not applicable since the entity is not classified as nature.",False
/home/pmonserrat/datasets/places/val_formatted/113/Places365_val_00000776.jpg,dam,False,,,no,none,none,"The target entity is a dam. The visual evidence shows a large, man-made structure built across a river, altering the natural flow of water. While dams are human-made, they interact with natural elements (water and landscape) and are part of the environment where non-human entities exist and interact. However, under the provided taxonomy, human-made structures that are not explicitly natural artefacts or representations are excluded from the 'nature' category. Not applicable since the entity is not classified as nature.",False
/home/pmonserrat/datasets/places/val_formatted/113/Places365_val_00002024.jpg,dam,False,,,no,none,none,"The target entity is a dam. The visual evidence shows a large, constructed structure made of concrete with multiple arches. While the dam is a human-made structure, it interacts with a natural element (water) and is part of a natural environment. However, under the provided taxonomy, human-made structures that do not depict or reference more-than-human entities are excluded from nature unless they are explicitly part of a natural process or environment. Not applicable since the entity is not classified as nature.",False
/home/pmonserrat/datasets/places/val_formatted/113/Places365_val_00002038.jpg,dam,False,,,no,none,none,"The target entity is a dam. The visual evidence shows a large, man-made structure built across a body of water. Dams are constructed by humans and are not natural formations. They are engineered to control water flow and are not included in the more-than-human living entities or natural environments defined under the nature taxonomy. Not applicable since the entity is not classified as nature.",False
/home/pmonserrat/datasets/places/val_formatted/114/Places365_val_00000345.jpg,delicatessen,True,True,True,yes,biotic,material,"The target entity is a dish of food, specifically a type of stew or curry with vegetables and possibly seafood. According to the taxonomy, processed food and drinks, including edible solid or liquid elements at any processing level, count as nature under the ingestion criterion. This dish is a prepared meal made from natural ingredients, fulfilling the inclusion criteria for nature. Since nature is 'yes', I evaluate the sub-axes. The dish is made from plant and animal derivatives, placing it under Flora & Plant Derivatives and Fauna & Animal Derivatives within the biotic category. Because it is a prepared meal, it is a physical object with mass that occupies space, classifying it as material under the Tangibility axis.",False
/home/pmonserrat/datasets/places/val_formatted/114/Places365_val_00000532.jpg,delicatessen,True,True,True,yes,biotic,material,"The target entity is a display of various baked goods, such as bagels and pastries, in a deli or bakery setting. The visual evidence shows packaged food items, which are processed food products. According to the taxonomy, processed food and drinks, regardless of their processing level, are classified under the ingestion criterion as nature because they are edible elements derived from more-than-human living organisms (e.g., grains, fruits). Since nature is 'yes', I evaluate the sub-axes. The baked goods are derived from Flora (plants) and Fauna (if any animal-derived ingredients are present), placing them under the biotic category. Because these are real-world physical objects with mass that occupy space and can be directly perceived through physical senses, they are classified as material under the Tangibility axis.",False
/home/pmonserrat/datasets/places/val_formatted/114/Places365_val_00000587.jpg,delicatessen,True,True,True,yes,biotic,material,"The target entity is a delicatessen. The visual evidence shows an indoor setting with various food items and a person working behind a counter. A delicatessen typically involves the sale of prepared or processed food items, which fall under the category of 'Processed Food & Drinks (The Ingestion Criterion)' in the Nature definition. Since the food items are edible and processed, they are considered part of nature under the provided taxonomy. Since nature is 'yes', I evaluate the sub-axes. The food items sold in a delicatessen are derived from Flora and Fauna, placing them under the biotic category. The setting is a real-world physical environment, making it classified as material under the Tangibility axis.",False
/home/pmonserrat/datasets/places/val_formatted/114/Places365_val_00001069.jpg,delicatessen,True,True,True,yes,biotic,material,"The target entity is a selection of skewered fruits. The visual evidence shows a variety of fresh, edible solid items (such as green and orange fruit pieces) that are processed for consumption. These items fall under the category of Processed Food & Drinks (The Ingestion Criterion), which includes edible solid or liquid elements at any processing level. Since the fruits are derived from Flora (plants) and are intended for human consumption, they count as nature under the provided definition. Since nature is 'yes', I evaluate the sub-axes. The skewered fruits are derived from plants (Flora & Plant Derivatives) and are classified under the biotic category. Because these are real-world physical objects with mass that occupy space and are directly perceivable through physical senses, they are classified as material under the Tangibility axis.",False
/home/pmonserrat/datasets/places/val_formatted/114/Places365_val_00001256.jpg,delicatessen,True,True,True,yes,biotic,material,"The target entity is a meal served on a plate, including a foil-wrapped dish, a side salad, and a portion of rice. The visual evidence shows a combination of processed food items. Processed food and drinks, including edible solid or liquid elements at any processing level, are classified under the Ingestion Criterion in the Nature definition. This meal, being a combination of plant-based ingredients (vegetables, rice) and possibly animal-derived components (if the foil-wrapped dish includes meat), falls under the category of Processed Food & Drinks, fulfilling the inclusion criteria for nature. Since nature is 'yes', I evaluate the sub-axes. The meal includes plant-based ingredients (salad) and possibly animal-derived components (foil-wrapped dish), placing it under Flora & Plant Derivatives and Fauna & Animal Derivatives within the biotic category. Because the image is an unfiltered documentary photograph capturing a real-world physical meal, it is classified as material under the Tangibility axis.",False
/home/pmonserrat/datasets/places/val_formatted/115/Places365_val_00000058.jpg,department store,False,,,no,none,none,"The target entity is a department store. The visual evidence shows a commercial retail space with various shops and displays. Department stores are manufactured structural objects and environments, not natural entities or processes. They do not fall under the categories of flora, fauna, fungi, ecosystems, or any of the non-living natural elements and processes defined in the taxonomy. Additionally, they are not representations of nature but rather human-made commercial spaces. Not applicable since the entity is not classified as nature.",False
/home/pmonserrat/datasets/places/val_formatted/115/Places365_val_00000642.jpg,department store,False,,,no,none,none,"The target entity is a department store. The visual evidence shows a commercial retail space with various products and customers. Under the provided taxonomy, human beings and commercial establishments are explicitly excluded from the nature definition. The store does not fall under any of the more-than-human living entities, ecosystems, or natural processes, nor does it qualify as a nature-based artifact or activity. Not applicable since the entity is not classified as nature.",False
/home/pmonserrat/datasets/places/val_formatted/115/Places365_val_00000894.jpg,department store,False,,,no,none,none,"The target entity is a department store. The visual evidence shows a large, multi-level commercial building with various shops and a central atrium. This is a manufactured structural object made of materials like glass, metal, and concrete, with no natural material or entity remaining visually identifiable by its grain or texture. It does not depict a natural entity and falls strictly under the Homogenous Artefacts exclusion, failing the criteria for nature. Not applicable since the entity is not classified as nature.",False
/home/pmonserrat/datasets/places/val_formatted/115/Places365_val_00001648.jpg,department store,False,,,no,none,none,"The target entity is a department store. The visual evidence shows a commercial retail space with various items for sale, including clothing, artwork, and other manufactured goods. Since the store itself is a human-made structure and does not fall under any of the categories of more-than-human living entities, ecosystems, or natural processes, it does not qualify as nature under the provided definition. Not applicable since the entity is not classified as nature.",False
/home/pmonserrat/datasets/places/val_formatted/115/Places365_val_00002280.jpg,department store,False,,,no,none,none,"The target entity is a department store. The visual evidence shows a commercial retail environment with shelves stocked with various products. Department stores are human-made structures and do not fall under the categories of flora, fauna, fungi, ecosystems, or non-living natural elements as defined in the taxonomy. They are primarily human constructs and do not meet the criteria for nature. Not applicable since the entity is not classified as nature.",False
/home/pmonserrat/datasets/places/val_formatted/121/Places365_val_00000008.jpg,dining room,False,,,no,none,none,"The target entity is a dining room. The visual evidence shows a room with furniture and decor, but it is primarily a human-made space designed for dining. Since human-made spaces and objects that do not directly reference or depict more-than-human living entities or natural elements are excluded from the nature definition, this instance does not count as nature. Not applicable since the entity is not classified as nature.",False
/home/pmonserrat/datasets/places/val_formatted/121/Places365_val_00000440.jpg,dining room,False,,,no,none,none,"The target entity is a dining room. The visual evidence shows a room designed for dining, featuring furniture and decor. However, the dining room itself is a human-made space and does not directly fall under the categories of flora, fauna, fungi, or natural processes. It is a constructed environment and does not meet the criteria for nature under the provided definition. Not applicable since the entity is not classified as nature.",False
/home/pmonserrat/datasets/places/val_formatted/121/Places365_val_00000611.jpg,dining room,False,,,no,none,none,"The target entity is a dining room. The visual evidence shows a room with furniture and decor, but it does not contain any more-than-human living entities, ecosystems, or natural elements as defined in the taxonomy. The room is a human-made space and does not fulfill the inclusion criteria for nature. Not applicable since the entity is not classified as nature.",False
/home/pmonserrat/datasets/places/val_formatted/121/Places365_val_00000639.jpg,dining room,False,,,no,none,none,"The target entity is a dining room. The visual evidence shows a room with furniture, a chandelier, and a painting. The room itself is a human-made structure and does not fall under the categories of flora, fauna, fungi, or natural processes. It is a constructed space designed for human activities and does not meet the criteria for nature under the provided taxonomy. Not applicable since the entity is not classified as nature.",False
/home/pmonserrat/datasets/places/val_formatted/121/Places365_val_00000876.jpg,dining room,False,,,no,none,none,"The target entity is a dining room. The visual evidence shows a room with furniture, including a wooden table and upholstered chairs. The room itself is a constructed space and does not directly fall under the categories of flora, fauna, fungi, or natural processes. However, the wooden table and chairs are made from natural materials, but they are homogenous artefacts where the original natural texture is unidentifiable and altered. The dining room as a whole is a human-made environment and does not count as nature under the provided definition. Not applicable since the entity is not classified as nature.",False
/home/pmonserrat/datasets/places/val_formatted/122/Places365_val_00000330.jpg,discotheque,False,,,no,none,none,"The target entity is a discotheque. The visual evidence shows an indoor setting with musical equipment, such as a drum set and a microphone, and festive lighting. This environment is a human-made space designed for entertainment and social gatherings. Since human beings and their constructed environments are explicitly excluded from the nature taxonomy, this setting does not count as nature. Not applicable since the entity is not classified as nature.",False
/home/pmonserrat/datasets/places/val_formatted/122/Places365_val_00000630.jpg,discotheque,False,,,no,none,none,"The target entity is a discotheque. The visual evidence shows an indoor venue with artificial lighting, a dance floor, and people. This is a manufactured functional object where the original natural texture is completely unidentifiable and altered. It does not depict a natural entity and falls strictly under the Homogenous Artefacts exclusion, failing the criteria for nature. Not applicable since the entity is not classified as nature.",False
/home/pmonserrat/datasets/places/val_formatted/122/Places365_val_00000722.jpg,discotheque,False,,,no,none,none,"The target entity is a 'discotheque'. The visual evidence shows a setting with people and vibrant lighting, but it does not depict any more-than-human living entities, ecosystems, or natural processes directly. Instead, it appears to be a social or entertainment venue, which is a human-made environment and does not fall under the categories of nature as defined. Not applicable since the entity is not classified as nature.",False
/home/pmonserrat/datasets/places/val_formatted/122/Places365_val_00001856.jpg,discotheque,False,,,no,none,none,"The target entity is a 'discotheque'. The visual evidence shows a social setting with people, likely a club or party environment. Under the provided taxonomy, human beings and their social settings are explicitly excluded from the nature category. The term 'discotheque' refers to a place for dancing and socializing, which does not fall under any of the more-than-human living entities, ecosystems, or natural processes defined in the taxonomy. Not applicable since the entity is not classified as nature.",False
/home/pmonserrat/datasets/places/val_formatted/122/Places365_val_00001860.jpg,discotheque,False,,,no,none,none,"The target entity is a 'discotheque'. The visual evidence shows a person on stage, likely performing or presenting. Under the provided taxonomy, human beings and their activities are explicitly excluded from the nature classification. The term 'discotheque' refers to a venue or collection of records, which is a human-made structure and not a natural entity. Not applicable since the entity is not classified as nature.",False
/home/pmonserrat/datasets/places/val_formatted/124/Places365_val_00000166.jpg,dorm room,False,,,no,none,none,"The target entity is a dorm room. The visual evidence shows an interior space with human-made furnishings and structures. Since human beings and their constructed environments are explicitly excluded from the nature taxonomy, this instance does not count as nature. Not applicable since the entity is not classified as nature.",False
/home/pmonserrat/datasets/places/val_formatted/124/Places365_val_00000409.jpg,dorm room,False,,,no,none,none,"The target entity is a dorm room. The visual evidence shows a human-made living space with furniture, personal items, and electronic equipment. Under the provided taxonomy, human beings and their constructed environments are explicitly excluded from the nature category. The room contains no more-than-human living entities, ecosystems, or natural processes. Not applicable since the entity is not classified as nature.",False
/home/pmonserrat/datasets/places/val_formatted/124/Places365_val_00000591.jpg,dorm room,False,,,no,none,none,"The target entity is a dorm room. The visual evidence shows a human-made interior space with furniture, books, and decorative items. Since human beings and their constructed environments are explicitly excluded from the nature taxonomy, this instance does not count as nature. Not applicable since the entity is not classified as nature.",False
/home/pmonserrat/datasets/places/val_formatted/124/Places365_val_00000912.jpg,dorm room,False,,,no,none,none,"The target entity is a dorm room. The visual evidence shows a manufactured living space with furniture and decorations. Since human beings and their constructed living environments are explicitly excluded from the nature taxonomy, this instance does not count as nature. Not applicable since the entity is not classified as nature.",False
/home/pmonserrat/datasets/places/val_formatted/124/Places365_val_00001205.jpg,dorm room,False,,,no,none,none,"The target entity is a dorm room. The visual evidence shows a human-made indoor environment with furniture and decor. Since human beings and their constructed living spaces are explicitly excluded from the nature taxonomy, this instance does not count as nature. Not applicable since the entity is not classified as nature.",False
/home/pmonserrat/datasets/places/val_formatted/125/Places365_val_00000601.jpg,downtown,False,,,no,none,none,"The target entity is 'downtown'. The visual evidence shows a cityscape with tall buildings, streets, and a prominent clock tower. This setting is characterized by human-made structures and urban environments, which are not classified as nature under the provided definition. Administrative & Political Units, such as cities or districts, are explicitly excluded from the nature taxonomy. Not applicable since the entity is not classified as nature.",False
/home/pmonserrat/datasets/places/val_formatted/125/Places365_val_00000770.jpg,downtown,False,,,no,none,none,"The target entity is 'downtown'. The visual evidence shows a human-made urban environment with buildings, walkways, and man-made structures. Under the provided taxonomy, human beings, human-made environments, and administrative units are explicitly excluded from the nature category. Downtown areas are typically characterized by human construction and activity, and do not fall under the inclusion criteria for nature. Not applicable since the entity is not classified as nature.",False
/home/pmonserrat/datasets/places/val_formatted/125/Places365_val_00000917.jpg,downtown,False,,,no,none,none,"The target entity is 'downtown'. The visual evidence shows a bustling urban area with tall buildings, billboards, and a large number of people. This setting is characterized by human-made structures and human activity, which fall under the exclusion scope for human beings and their constructs. Downtown areas are typically defined by their human-centric infrastructure and do not align with the more-than-human living entities, ecosystems, or natural processes defined in the nature taxonomy. Not applicable since the entity is not classified as nature.",False
/home/pmonserrat/datasets/places/val_formatted/125/Places365_val_00001208.jpg,downtown,False,,,no,none,none,"The target entity is 'downtown'. The visual evidence shows a densely built urban area with numerous buildings, roads, and vehicles. This setting is characterized by human-made structures and infrastructure, which fall under the Exclusion Scope for human beings and their constructed environments. Downtown areas are typically defined by their human-centric development and do not align with the inclusion criteria for nature, which focuses on more-than-human living entities, ecosystems, or natural processes. Not applicable since the entity is not classified as nature.",False
/home/pmonserrat/datasets/places/val_formatted/125/Places365_val_00001253.jpg,downtown,False,,,no,none,none,"The target entity is 'downtown'. The visual evidence shows a densely built urban area with numerous buildings, roads, and vehicles. This is a human-made environment, primarily consisting of constructed structures and infrastructure. Since human beings and their constructed environments are explicitly excluded from the nature taxonomy, this instance does not count as nature. Not applicable since the entity is not classified as nature.",False
/home/pmonserrat/datasets/places/val_formatted/126/Places365_val_00000037.jpg,dressing room,False,,,no,none,none,"The target entity is a dressing room. The visual evidence shows a room with furniture and decor, including a mirror, a desk, a chair, and various personal items. This is a manufactured space designed for human use and does not fall under the categories of flora, fauna, fungi, or natural environments. It is a human-made structure and does not meet the criteria for nature under the provided taxonomy. Not applicable since the entity is not classified as nature.",False
/home/pmonserrat/datasets/places/val_formatted/126/Places365_val_00000998.jpg,dressing room,False,,,no,none,none,"The target entity is a dressing room. The visual evidence shows a room with mirrors, sinks, and toiletries, but it does not contain any more-than-human living entities, ecosystems, or natural elements as defined in the taxonomy. It is a human-made space designed for personal grooming and does not fall under the categories of nature. Not applicable since the entity is not classified as nature.",False
/home/pmonserrat/datasets/places/val_formatted/126/Places365_val_00001888.jpg,dressing room,False,,,no,none,none,"The target entity is a dressing room. The visual evidence shows a room with clothing items, a mirror, and various personal belongings. Since human beings and their associated spaces are explicitly excluded from the nature taxonomy, this instance does not count as nature. Not applicable since the entity is not classified as nature.",False
/home/pmonserrat/datasets/places/val_formatted/126/Places365_val_00001925.jpg,dressing room,False,,,no,none,none,"The target entity is a dressing room. The visual evidence shows an indoor setting with people and various items, but it does not depict any more-than-human living entities, ecosystems, or natural elements directly. It is a human-made space used for changing clothes, which falls under the category of homogenous artefacts and does not meet the criteria for nature. Not applicable since the entity is not classified as nature.",False
/home/pmonserrat/datasets/places/val_formatted/126/Places365_val_00002233.jpg,dressing room,False,,,no,none,none,"The target entity is a dressing room. The visual evidence shows a room with furniture and decor, but there are no more-than-human living entities, ecosystems, or natural processes present. The room itself is a human-made structure and does not fall under the categories of flora, fauna, fungi, hydrological, atmospheric, geological, astrophysical, or biophysical components. It is also not a representation of nature but rather a functional space designed by humans. Not applicable since the entity is not classified as nature.",False
/home/pmonserrat/datasets/places/val_formatted/127/Places365_val_00000145.jpg,driveway,False,,,no,none,none,"The target entity is a driveway. The visual evidence shows a paved area in front of a garage, typically used for parking vehicles. This is a constructed human-made structure and does not fall under the categories of flora, fauna, fungi, or natural processes. It is a homogenous artefact where the original natural texture is unidentifiable and the object does not depict a natural entity. Not applicable since the entity is not classified as nature.",False
/home/pmonserrat/datasets/places/val_formatted/127/Places365_val_00001105.jpg,driveway,False,,,no,none,none,"The target entity is a driveway. The visual evidence shows a paved area made of asphalt or concrete, which is a manufactured surface. Since homogenous artefacts are excluded unless they depict a natural entity, and this driveway does not fulfill the criteria for nature-based artefacts or natural elements, it falls under the exclusion scope. Not applicable since the entity is not classified as nature.",False
/home/pmonserrat/datasets/places/val_formatted/127/Places365_val_00002034.jpg,driveway,False,,,no,none,none,"The target entity is a driveway. The visual evidence shows a paved path made of concrete or asphalt, surrounded by greenery. This is a human-made structure, not a natural element. Since it is a manufactured object and does not fall under the categories of flora, fauna, fungi, or natural processes, it is excluded from the nature definition. Not applicable since the entity is not classified as nature.",False
/home/pmonserrat/datasets/places/val_formatted/127/Places365_val_00002300.jpg,driveway,False,,,no,none,none,"The target entity is a driveway. The visual evidence shows a cleared path in front of a garage, surrounded by snow. This is a human-made structure designed for vehicles to access a building. Since it is a manufactured structural object and not a natural element or process, it falls under the Homogenous Artefacts exclusion and does not count as nature. Not applicable since the entity is not classified as nature.",False
/home/pmonserrat/datasets/places/val_formatted/127/Places365_val_00002773.jpg,driveway,False,,,no,none,none,"The target entity is a driveway. The visual evidence shows a paved path leading to a gate, surrounded by natural elements like plants and trees. However, the driveway itself is a constructed pathway made of materials like concrete or asphalt, which are homogenous artefacts. Since the original natural texture is unidentifiable and the object does not depict a natural entity, it falls strictly under the Homogenous Artefacts exclusion and fails the criteria for nature. Not applicable since the entity is not classified as nature.",False
/home/pmonserrat/datasets/places/val_formatted/128/Places365_val_00000169.jpg,drugstore,False,,,no,none,none,"The target entity is a drugstore. The visual evidence shows a commercial establishment with shelves stocked with various products, including pharmaceuticals, personal care items, and food products. Drugstores are human-made structures and do not fall under the categories of flora, fauna, fungi, or natural environments. They are primarily functional and manufactured spaces, not more-than-human living entities or natural elements. Not applicable since the entity is not classified as nature.",False
/home/pmonserrat/datasets/places/val_formatted/128/Places365_val_00000420.jpg,drugstore,False,,,no,none,none,"The target entity is a drugstore. The visual evidence shows a commercial establishment with shelves stocked with various products. Drugstores are human-made structures and do not fall under the categories of flora, fauna, fungi, or natural environments. They are not classified as nature-based artefacts or activities, nor do they represent natural elements or processes. Not applicable since the entity is not classified as nature.",False
/home/pmonserrat/datasets/places/val_formatted/128/Places365_val_00000423.jpg,drugstore,False,,,no,none,none,"The target entity is a drugstore. The visual evidence shows a commercial retail environment with shelves stocked with various products. Drugstores are human-made structures and do not fall under the categories of flora, fauna, fungi, or natural environments. They are not classified as nature-based artefacts or activities, nor do they represent natural elements or processes. Not applicable since the entity is not classified as nature.",False
/home/pmonserrat/datasets/places/val_formatted/128/Places365_val_00000595.jpg,drugstore,False,,,no,none,none,"The target entity is a drugstore. The visual evidence shows a commercial building with signage indicating it sells prescription drugs and other products. Drugstores are human-made structures and businesses, not more-than-human living entities, ecosystems, or natural processes. They do not fall under the categories of flora, fauna, fungi, or natural environments. Additionally, they are not representations of nature but rather commercial establishments. Not applicable since the entity is not classified as nature.",False
/home/pmonserrat/datasets/places/val_formatted/128/Places365_val_00000739.jpg,drugstore,False,,,no,none,none,"The target entity is a drugstore. The visual evidence shows a commercial establishment with shelves stocked with various pharmaceutical products and medical supplies. Drugstores are human-made structures and do not fall under the categories of flora, fauna, fungi, or natural environments. They are not classified as nature-based artefacts or representations of nature, as they are primarily functional spaces designed for human use and commerce. Not applicable since the entity is not classified as nature.",False
/home/pmonserrat/datasets/places/val_formatted/131/Places365_val_00000078.jpg,elevator shaft,False,,,no,none,none,"The target entity is an elevator shaft. The visual evidence shows a structural element made of metal and glass, which are manufactured materials. Since the original natural texture is completely unidentifiable and altered, and the object does not depict a natural entity, it falls strictly under the Homogenous Artefacts exclusion and fails the criteria for nature. Not applicable since the entity is not classified as nature.",False
/home/pmonserrat/datasets/places/val_formatted/131/Places365_val_00000121.jpg,elevator shaft,False,,,no,none,none,"The target entity is an elevator shaft. The visual evidence shows a constructed vertical space within a building, typically used for elevators. This is a manufactured structural object and does not fall under the categories of flora, fauna, fungi, or natural environments. It is a homogenous artefact where the original natural texture is unidentifiable and the object does not depict a natural entity. Not applicable since the entity is not classified as nature.",False
/home/pmonserrat/datasets/places/val_formatted/131/Places365_val_00000553.jpg,elevator shaft,False,,,no,none,none,"The target entity is an elevator shaft. The visual evidence shows a man-made structure made of metal and concrete, designed for the operation of an elevator. Since homogenous artefacts are excluded and the original natural texture is completely unidentifiable and altered, this falls strictly under the Homogenous Artefacts exclusion and fails the criteria for nature. Not applicable since the entity is not classified as nature.",False
/home/pmonserrat/datasets/places/val_formatted/131/Places365_val_00000554.jpg,elevator shaft,False,,,no,none,none,"The target entity is an elevator shaft. The visual evidence shows a man-made vertical structure, likely made of concrete and metal, with no natural elements or processes involved. Since homogenous artefacts are excluded and the structure does not depict a natural entity, it does not count as nature under the provided definition. Not applicable since the entity is not classified as nature.",False
/home/pmonserrat/datasets/places/val_formatted/131/Places365_val_00000694.jpg,elevator shaft,False,,,no,none,none,"The target entity is an elevator shaft. The visual evidence shows a man-made structure composed of metal and concrete, designed for transportation within a building. Since it is a manufactured structural object where the original natural texture is completely unidentifiable and altered, and it does not depict a natural entity, it falls strictly under the Homogenous Artefacts exclusion and fails the criteria for nature. Not applicable since the entity is not classified as nature.",False
/home/pmonserrat/datasets/places/val_formatted/132/Places365_val_00000177.jpg,embassy,False,,,no,none,none,"The target entity is an embassy. The visual evidence shows a large, constructed building with architectural features. Embassies are human-made structures and do not fall under the categories of flora, fauna, fungi, or natural processes. They are administrative and political units, which are explicitly excluded from the nature taxonomy. Not applicable since the entity is not classified as nature.",False
/home/pmonserrat/datasets/places/val_formatted/132/Places365_val_00001009.jpg,embassy,False,,,no,none,none,"The target entity is an embassy. The visual evidence shows a large building with architectural features typical of governmental or institutional structures. Embassies are human-made structures and do not fall under the categories of flora, fauna, fungi, ecosystems, or any other natural elements defined in the taxonomy. They are administrative and political units, which are explicitly excluded from the nature classification. Not applicable since the entity is not classified as nature.",False
/home/pmonserrat/datasets/places/val_formatted/132/Places365_val_00001109.jpg,embassy,False,,,no,none,none,"The target entity is an embassy. The visual evidence shows a building with signage indicating it is an embassy. Embassies are administrative and political units, which fall under the explicit Exclusion Scope as geopolitical entities. They are not classified as nature under this taxonomy. Not applicable since the entity is not classified as nature.",False
/home/pmonserrat/datasets/places/val_formatted/132/Places365_val_00001932.jpg,embassy,False,,,no,none,none,"The target entity is an embassy. The visual evidence shows a building, likely a government or diplomatic structure. Embassies are human-made structures and do not fall under the categories of flora, fauna, fungi, ecosystems, or any of the non-living natural elements and processes defined in the taxonomy. They are administrative and political units, which are explicitly excluded from the nature classification. Not applicable since the entity is not classified as nature.",False
/home/pmonserrat/datasets/places/val_formatted/132/Places365_val_00002041.jpg,embassy,False,,,no,none,none,"The target entity is an embassy. The visual evidence shows a building with architectural features, but it does not depict any more-than-human living entities, ecosystems, or natural processes. Embassies are human-made structures and fall under the category of human beings and their creations, which are explicitly excluded from the nature taxonomy. Not applicable since the entity is not classified as nature.",False
/home/pmonserrat/datasets/places/val_formatted/133/Places365_val_00000824.jpg,engine room,False,,,no,none,none,"The target entity is an engine room. The visual evidence shows a room filled with control panels, switches, and various mechanical and electronic equipment. This is a manufactured environment designed for human operation and does not contain any more-than-human living entities, ecosystems, or natural processes. It is a human-made space and falls under the Homogenous Artefacts exclusion, failing the criteria for nature. Not applicable since the entity is not classified as nature.",False
/home/pmonserrat/datasets/places/val_formatted/133/Places365_val_00000869.jpg,engine room,False,,,no,none,none,"The target entity is an engine room. The visual evidence shows a complex arrangement of mechanical and industrial equipment, including pipes, engines, and control panels. This is a manufactured environment designed for specific functional purposes, and it does not contain any more-than-human living entities, ecosystems, or natural elements as defined in the taxonomy. The materials and processes involved are entirely human-made and do not fall under the inclusion criteria for nature. Not applicable since the entity is not classified as nature.",False
/home/pmonserrat/datasets/places/val_formatted/133/Places365_val_00001086.jpg,engine room,False,,,no,none,none,"The target entity is an engine room. The visual evidence shows a complex assembly of mechanical components, pipes, gauges, and metallic structures. These elements are manufactured and do not fall under the categories of flora, fauna, fungi, or natural environments. The engine room is a human-made environment and does not meet the criteria for nature under the provided taxonomy. Not applicable since the entity is not classified as nature.",False
/home/pmonserrat/datasets/places/val_formatted/133/Places365_val_00001094.jpg,engine room,False,,,no,none,none,"The target entity is an engine room. The visual evidence shows a constructed space filled with metallic pipes and industrial equipment. This is a manufactured environment and does not fall under the categories of flora, fauna, fungi, hydrological, atmospheric, geological, astrophysical, or biophysical processes. It is a human-made structure and does not meet the criteria for nature under the provided taxonomy. Not applicable since the entity is not classified as nature.",False
/home/pmonserrat/datasets/places/val_formatted/133/Places365_val_00002000.jpg,engine room,False,,,no,none,none,"The target entity is an engine room. The visual evidence shows a complex assembly of mechanical components, including metal pipes and springs, which are manufactured parts. Since these are homogenous artefacts where the original natural texture is unidentifiable and the object does not depict a natural entity, it falls strictly under the Homogenous Artefacts exclusion and fails the criteria for nature. Not applicable since the entity is not classified as nature.",False
/home/pmonserrat/datasets/places/val_formatted/134/Places365_val_00000075.jpg,entrance hall,False,,,no,none,none,"The target entity is an entrance hall. The visual evidence shows a man-made architectural space with decorative elements such as columns, chandeliers, and ornate ceiling designs. Since this is a constructed environment and does not fall under the categories of flora, fauna, fungi, or natural processes, it does not qualify as nature under the provided definition. Not applicable since the entity is not classified as nature.",False
/home/pmonserrat/datasets/places/val_formatted/134/Places365_val_00000422.jpg,entrance hall,False,,,no,none,none,"The target entity is an entrance hall. The visual evidence shows a constructed indoor space with artificial materials such as tiled flooring, painted walls, and metal railings. Since this is a human-made environment and does not directly involve more-than-human living entities, ecosystems, or natural processes, it does not fulfill the criteria for nature under the provided definition. Not applicable since the entity is not classified as nature.",False
/home/pmonserrat/datasets/places/val_formatted/134/Places365_val_00001024.jpg,entrance hall,False,,,no,none,none,"The target entity is an entrance hall. The visual evidence shows an interior space with architectural elements such as walls, columns, paintings, and decorative items. These elements are primarily human-made structures and do not fall under the categories of flora, fauna, fungi, hydrological, atmospheric, geological, astrophysical, or biophysical processes. The space is designed and constructed by humans, and while it may contain artistic representations of nature (such as paintings), the hall itself is not a natural entity or process. Not applicable since the entity is not classified as nature.",False
/home/pmonserrat/datasets/places/val_formatted/134/Places365_val_00001111.jpg,entrance hall,False,,,no,none,none,"The target entity is an entrance hall. The visual evidence shows a human-made architectural space with people inside. Since human beings and human-made structures are not classified as nature under the provided definition, this instance does not count as nature. Not applicable since the entity is not classified as nature.",False
/home/pmonserrat/datasets/places/val_formatted/134/Places365_val_00001192.jpg,entrance hall,False,,,no,none,none,"The target entity is an entrance hall. The visual evidence shows a man-made architectural structure with ornate design elements, such as arched windows, decorative moldings, and artificial lighting. Since this is a constructed environment and not a natural or semi-natural environment where non-human entities exist and interact, it does not fulfill the inclusion criteria for nature. Not applicable since the entity is not classified as nature.",False
/home/pmonserrat/datasets/places/val_formatted/14/Places365_val_00000161.jpg,archive,False,,,no,none,none,"The target entity is a person, specifically a human being. Under the provided taxonomy, human beings are explicitly excluded from the nature category. The visual evidence shows a human individual, which falls under the Exclusion Scope for human beings. Not applicable since the entity is not classified as nature.",False
/home/pmonserrat/datasets/places/val_formatted/14/Places365_val_00000572.jpg,archive,False,,,no,none,none,"The target entity is a person. Under this classification taxonomy, human beings, human body parts, and groups of people fall under the explicit Exclusion Scope and are never classified as nature, regardless of their role or setting. Not applicable since human beings are excluded from the nature taxonomy.",False
/home/pmonserrat/datasets/places/val_formatted/14/Places365_val_00000725.jpg,archive,False,,,no,none,none,"The target entity is an archive. The visual evidence shows a room with shelves containing binders and documents, and a person working with a document. Archives are human-made structures and systems for storing information, which do not fall under the categories of flora, fauna, fungi, ecosystems, or non-living natural elements. They are not more-than-human living entities or natural processes, and they do not fit into the nature-based artefacts or activities. Therefore, they are excluded from the nature taxonomy. Not applicable since the entity is not classified as nature.",False
/home/pmonserrat/datasets/places/val_formatted/14/Places365_val_00001798.jpg,archive,False,,,no,none,none,"The target entity is an archive, specifically represented by a collection of books and CDs on shelves. The visual evidence shows a physical collection of items, but these are manufactured objects and not natural entities. The books and CDs are human-made items, and while they may contain information about nature, they themselves do not fall under the categories of flora, fauna, fungi, or natural processes. They are homogenous artefacts where the original natural texture is unidentifiable and the objects do not depict a natural entity. Not applicable since the entity is not classified as nature.",False
/home/pmonserrat/datasets/places/val_formatted/14/Places365_val_00002018.jpg,archive,False,,,no,none,none,"The target entity is a person. Under this classification taxonomy, human beings, human body parts, and groups of people fall under the explicit Exclusion Scope and are never classified as nature, regardless of their role or setting. Not applicable since human beings are excluded from the nature taxonomy.",False
/home/pmonserrat/datasets/places/val_formatted/143/Places365_val_00000072.jpg,fire escape,False,,,no,none,none,"The target entity is a fire escape. The visual evidence shows a metal structure attached to the side of a building. This is a manufactured functional object made of metal, which is a homogenous artefact where the original natural texture is unidentifiable and altered. Since it does not depict a natural entity and falls under the Homogenous Artefacts exclusion, it fails the criteria for nature. Not applicable since the entity is not classified as nature.",False
/home/pmonserrat/datasets/places/val_formatted/143/Places365_val_00001693.jpg,fire escape,False,,,no,none,none,"The target entity is a fire escape. The visual evidence shows a metal staircase attached to a brick building. Fire escapes are manufactured structural objects designed for safety and do not possess natural characteristics or origin. They are not classified as nature-based artefacts because they do not retain the natural material of origin in a visually identifiable form. Instead, they are functional objects made primarily of metal and other industrial materials, falling under the Homogenous Artefacts exclusion. Not applicable since the entity is not classified as nature.",False
/home/pmonserrat/datasets/places/val_formatted/143/Places365_val_00001724.jpg,fire escape,False,,,no,none,none,"The target entity is a fire escape. The visual evidence shows a metal structure attached to the side of a building. Fire escapes are manufactured structural objects made of metal and other materials. Since they are not natural entities and do not depict a natural entity, they fall under the Homogenous Artefacts exclusion and fail the criteria for nature. Not applicable since the entity is not classified as nature.",False
/home/pmonserrat/datasets/places/val_formatted/143/Places365_val_00001803.jpg,fire escape,False,,,no,none,none,"The target entity is a fire escape. The visual evidence shows a structural component of a building, typically made of metal or other manufactured materials. Since it is a manufactured structural object and does not depict a natural entity or have a natural material of origin that remains visually identifiable, it falls under the Homogenous Artefacts exclusion and fails the criteria for nature. Not applicable since the entity is not classified as nature.",False
/home/pmonserrat/datasets/places/val_formatted/143/Places365_val_00001839.jpg,fire escape,False,,,no,none,none,"The target entity is a fire escape. The visual evidence shows a metal structure attached to the exterior of a building. Fire escapes are manufactured structural objects made of metal, which is a homogenous material with no identifiable natural texture. Since homogenous artefacts are excluded from the nature classification, this entity does not count as nature. Not applicable since the entity is not classified as nature.",False
/home/pmonserrat/datasets/places/val_formatted/144/Places365_val_00000388.jpg,fire station,False,,,no,none,none,"The target entity is a fire station. The visual evidence shows a man-made brick building with no natural elements or processes directly depicted. Since human-made structures that do not depict natural entities or processes fall under the Homogenous Artefacts exclusion, this building does not count as nature under the provided definition. Not applicable since the entity is not classified as nature.",False
/home/pmonserrat/datasets/places/val_formatted/144/Places365_val_00000467.jpg,fire station,False,,,no,none,none,"The target entity is a fire station. The visual evidence shows a built structure made of brick and other materials, designed for human use. Since human-made structures that do not depict or derive from natural entities are classified under Homogenous Artefacts, which are explicitly excluded from the nature taxonomy, this instance does not count as nature. Not applicable since the entity is not classified as nature.",False
/home/pmonserrat/datasets/places/val_formatted/144/Places365_val_00000724.jpg,fire station,False,,,no,none,none,"The target entity is a fire station. The visual evidence shows a brick building with a sign indicating it is a fire department. Under the provided taxonomy, administrative and political units, even if named after natural features, are explicitly excluded from the nature category. Therefore, the fire station does not count as nature. Not applicable since the entity is not classified as nature.",False
/home/pmonserrat/datasets/places/val_formatted/144/Places365_val_00000916.jpg,fire station,False,,,no,none,none,"The target entity is a fire station. The visual evidence shows a built structure made of brick and other construction materials. Since human-made structures that do not depict natural entities or processes are classified under Homogenous Artefacts, which are explicitly excluded from the nature taxonomy, this instance does not count as nature. Not applicable since the entity is not classified as nature.",False
/home/pmonserrat/datasets/places/val_formatted/144/Places365_val_00001511.jpg,fire station,False,,,no,none,none,"The target entity is a fire station, specifically a fire truck. The visual evidence shows a manufactured structural object made of metal and painted with reflective stripes. Since homogenous artefacts are excluded and the object does not depict a natural entity, it falls strictly under the Homogenous Artefacts exclusion and fails the criteria for nature. Not applicable since the entity is not classified as nature.",False
/home/pmonserrat/datasets/places/val_formatted/145/Places365_val_00000363.jpg,fishpond,True,False,True,yes,abiotic,material,"The target entity is a fishpond. The visual evidence shows a body of water with fish and a small animal, likely a muskrat, swimming in it. This environment is a natural or semi-natural ecosystem where non-human entities exist and interact, fulfilling the inclusion criteria for nature. Since nature is 'yes', I evaluate the sub-axes. A fishpond is a hydrological component, placing it under Hydrological Components within the abiotic category. Because the image captures a real-world physical environment, it is classified as material under the Tangibility axis.",False
/home/pmonserrat/datasets/places/val_formatted/145/Places365_val_00001095.jpg,fishpond,True,False,True,yes,abiotic,material,"The target entity is a fishpond. The visual evidence shows a body of water surrounded by rocks and vegetation, which is a natural or semi-natural environment where non-human entities exist and interact. This fits under the inclusion scope for ecosystems and environments, fulfilling the criteria for nature. Since nature is 'yes', I evaluate the sub-axes. A fishpond is a hydrological component, placing it under the Hydrological category within the abiotic category. Because the image captures a real-world physical environment, it is classified as material under the Tangibility axis.",False
/home/pmonserrat/datasets/places/val_formatted/145/Places365_val_00001567.jpg,fishpond,True,False,True,yes,abiotic,material,"The target entity is a fishpond. The visual evidence shows a body of water with aquatic plants and possibly fish. Hydrological components (rivers, ponds, lakes, streams) are explicitly classified under Non-Living Natural Elements & Processes, fulfilling the inclusion criteria for nature. Since nature is 'yes', I evaluate the sub-axes. A fishpond is a fluid flow, placing it under Hydrological Components within the abiotic category. Because the image is an unfiltered documentary depiction capturing a real-world physical environment, it is classified as material under the Tangibility axis.",False
/home/pmonserrat/datasets/places/val_formatted/145/Places365_val_00002290.jpg,fishpond,True,False,True,yes,abiotic,material,"The target entity is a fishpond. The visual evidence shows a real-world body of water surrounded by natural elements such as plants and rocks. Hydrological components (rivers, ponds, lakes, streams) are explicitly classified under Non-Living Natural Elements & Processes, fulfilling the inclusion criteria for nature. Since nature is 'yes', I evaluate the sub-axes. A fishpond is a fluid flow, placing it under Hydrological Components within the abiotic category. Because the image is an unfiltered documentary depiction capturing a real-world physical environment, it is classified as material under the Tangibility axis.",False
/home/pmonserrat/datasets/places/val_formatted/145/Places365_val_00002293.jpg,fishpond,True,False,True,yes,abiotic,material,"The target entity is a fishpond. The visual evidence shows a garden setting with a variety of plants and a water feature. A fishpond is a man-made or natural body of water designed to house fish, which falls under the Non-Living Natural Elements & Processes category, specifically Hydrological components. This fulfills the inclusion criteria for nature. Since nature is 'yes', I evaluate the sub-axes. A fishpond is a hydrological component, placing it under Hydrological Components within the abiotic category. Because the image is an unfiltered documentary depiction capturing a real-world physical environment, it is classified as material under the Tangibility axis.",False
/home/pmonserrat/datasets/places/val_formatted/148/Places365_val_00000560.jpg,food court,False,,,no,none,none,"The target entity is a food court. The visual evidence shows a commercial indoor setting with tables, chairs, and people eating. This is a constructed environment primarily for dining, featuring processed food and drinks. Since food courts are human-made structures and not part of the natural environment, they do not fall under the inclusion criteria for nature. Not applicable since the entity is not classified as nature.",False
/home/pmonserrat/datasets/places/val_formatted/148/Places365_val_00000700.jpg,food court,False,,,no,none,none,"The target entity is a food court. The visual evidence shows a constructed indoor area with multiple eateries, designed for dining purposes. Food courts are human-made environments and do not fall under the categories of flora, fauna, fungi, or natural ecosystems. They are not classified as nature-based artefacts or representations of nature, as they are primarily functional spaces for human activities rather than natural elements or processes. Not applicable since the entity is not classified as nature.",False
/home/pmonserrat/datasets/places/val_formatted/148/Places365_val_00001395.jpg,food court,False,,,no,none,none,"The target entity is a food court. The visual evidence shows a space with tables and chairs where people are eating. Food courts are typically indoor areas where various food vendors operate, and they are primarily human-made structures designed for dining. Since the primary focus is on human activity and constructed environments, and there is no direct reference to more-than-human living entities, ecosystems, or natural processes, it does not meet the criteria for nature under the provided definition. Not applicable since the entity is not classified as nature.",False
/home/pmonserrat/datasets/places/val_formatted/148/Places365_val_00001619.jpg,food court,False,,,no,none,none,"The target entity is a food court. The visual evidence shows a constructed indoor area with tables, stools, and a bar counter, likely used for dining. Food courts are human-made environments and do not fall under the categories of flora, fauna, fungi, or natural ecosystems. They are not classified as nature-based artefacts or representations of nature, as they are primarily functional spaces designed for human activities rather than natural elements or processes. Not applicable since the entity is not classified as nature.",False
/home/pmonserrat/datasets/places/val_formatted/148/Places365_val_00001842.jpg,food court,False,,,no,none,none,"The target entity is a food court. The visual evidence shows a setting with tables, benches, and red umbrellas, where people are seated and eating. The primary focus is on the human activity and the man-made structures facilitating it. Under the provided taxonomy, human beings and their activities are explicitly excluded from the nature category. Additionally, the food court itself is a constructed environment and does not directly involve more-than-human living entities, ecosystems, or natural processes. Not applicable since the entity is not classified as nature.",False
/home/pmonserrat/datasets/places/val_formatted/149/Places365_val_00000378.jpg,football field,True,True,True,no,none,none,"The target entity is a football field. The visual evidence shows a playing field with artificial turf, marked with yard lines and goalposts. While the field itself is a human-made structure, it is designed to mimic a natural grassy environment and is used for a sport that involves engaging with a natural element (the ball). However, under the provided taxonomy, the football field as a constructed and maintained human-made environment does not count as nature. Not applicable since the entity is not classified as nature.",False
/home/pmonserrat/datasets/places/val_formatted/149/Places365_val_00000449.jpg,football field,True,True,True,no,none,none,"The target entity is a football field. The visual evidence shows a large, artificial turf surface marked with yard lines, surrounded by stadium seating. While the field itself is a human-made structure, it is designed to mimic a natural grassy field and is used for sports activities. However, it does not fall under the categories of flora, fauna, fungi, or natural ecosystems as defined by the taxonomy. It is a human-made environment and does not meet the criteria for nature under the provided definition. Not applicable since the entity is not classified as nature.",False
/home/pmonserrat/datasets/places/val_formatted/149/Places365_val_00000641.jpg,football field,True,True,True,yes,biotic,material,"The target entity is a football field. The visual evidence shows a grassy area marked with lines for playing football. While the field itself is a human-made environment, it is characterized by natural grass, which is a more-than-human living entity (flora). The field serves as an ecosystem where non-human entities (such as insects and microorganisms) exist and interact. Additionally, it is a natural or semi-natural environment used for human activities. Since nature is 'yes', I evaluate the sub-axes. The football field is primarily defined by its grass, which falls under Flora & Plant Derivatives within the biotic category. The field is a real-world physical environment with mass and occupies space, classifying it as material under the Tangibility axis.",False
/home/pmonserrat/datasets/places/val_formatted/149/Places365_val_00000760.jpg,football field,True,True,True,yes,biotic,material,"The target entity is a football field. The visual evidence shows a grassy area designated for playing football. This falls under Ecosystems & Environments, specifically natural or semi-natural environments where non-human entities exist and interact. The field itself is a managed natural environment, fulfilling the inclusion criteria for nature. Since nature is 'yes', I evaluate the sub-axes. A football field is a managed grassy area, placing it under Ecosystems & Environments within the biotic category. Because it is a real-world physical space with mass that occupies space, it is classified as material under the Tangibility axis.",False
/home/pmonserrat/datasets/places/val_formatted/149/Places365_val_00001377.jpg,football field,True,True,True,no,none,none,"The target entity is a football field. The visual evidence shows a grassy area marked with lines for a sports field. While grass is a natural element, the football field itself is a human-made structure designed for sports activities. It is not classified as nature under the provided definition because it is primarily a human-created environment rather than a natural ecosystem. Not applicable since the entity is not classified as nature.",False
/home/pmonserrat/datasets/places/val_formatted/153/Places365_val_00000216.jpg,formal garden,True,True,True,yes,biotic,material,"The target entity is a formal garden. The visual evidence shows a landscaped area with manicured lawns, hedges, and topiary, surrounding a large building. This setting is an example of an ecosystem & environment where non-human entities exist and interact, specifically designed and maintained by humans but still incorporating natural elements like plants and greenery. It falls under the category of Ecosystems & Environments in the Nature definition. Since nature is 'yes', I evaluate the sub-axes. A formal garden is a cultivated environment, placing it under Flora & Plant Derivatives within the biotic category. Because it is a real-world physical space with tangible elements like plants and lawns, it is classified as material under the Tangibility axis.",False
/home/pmonserrat/datasets/places/val_formatted/153/Places365_val_00000459.jpg,formal garden,True,True,True,yes,biotic,material,"The target entity is a formal garden. The visual evidence shows a landscaped area with carefully arranged plants, flowers, and trees. This setting is an ecosystem defined by living communities and biological interactions, fulfilling the inclusion criteria for nature. Since nature is 'yes', I evaluate the sub-axes. A formal garden is an environment defined by Flora & Plant Derivatives within the biotic category. Because it is a real-world physical space with mass that occupies space, it is classified as material under the Tangibility axis.",False
/home/pmonserrat/datasets/places/val_formatted/153/Places365_val_00000549.jpg,formal garden,True,True,True,yes,biotic,material,"The target entity is a formal garden. The visual evidence shows a landscaped area with greenery, hedges, and flowers, which are all elements of a cultivated environment. This falls under the category of Ecosystems & Environments, specifically within the inclusion scope of Nature-Based Artefacts and Nature-Based Activities, as it is a managed natural space. Since nature is 'yes', I evaluate the sub-axes. A formal garden is a cultivated environment, placing it under the Flora & Plant Derivatives within the biotic category. Because it is a real-world physical space with mass that occupies space, it is classified as material under the Tangibility axis.",False
/home/pmonserrat/datasets/places/val_formatted/153/Places365_val_00000552.jpg,formal garden,True,True,True,yes,biotic,material,"The target entity is a formal garden. The visual evidence shows a landscaped area with a variety of plants, flowers, and possibly some trees. This setting is an ecosystem defined by living communities and their interactions, fulfilling the inclusion criteria for nature. Since nature is 'yes', I evaluate the sub-axes. A formal garden is an environment defined by the arrangement and cultivation of Flora & Plant Derivatives, placing it under the biotic category. Because this is an unfiltered documentary photograph capturing a real-world physical landscape, it is classified as material under the Tangibility axis.",False
/home/pmonserrat/datasets/places/val_formatted/153/Places365_val_00001437.jpg,formal garden,True,True,True,yes,biotic,material,"The target entity is a formal garden. The visual evidence shows a cultivated environment with organized plant life, water features, and structured pathways. Ecosystems and environments, including cultivated gardens, are explicitly classified under the inclusion scope for Nature, fulfilling the criteria for nature. Since nature is 'yes', I evaluate the sub-axes. A formal garden is an ecosystem defined by living communities and human cultivation, placing it under Biological Ecosystems within the biotic category. Because this is an unfiltered documentary photograph capturing a real-world physical environment, it is classified as material under the Tangibility axis.",False
/home/pmonserrat/datasets/places/val_formatted/154/Places365_val_00000352.jpg,fountain,False,,,yes,abiotic,material,"The target entity is a fountain. The visual evidence shows a water feature actively spraying water into the air within a pond. Hydrological components (rivers, ponds, lakes, streams) are explicitly classified under Non-Living Natural Elements & Processes, fulfilling the inclusion criteria for nature. Since nature is 'yes', I evaluate the sub-axes. A fountain is a water feature, placing it under Hydrological Components within the abiotic category. Because the image is an unfiltered documentary depiction capturing a real-world physical environment, it is classified as material under the Tangibility axis.",False
/home/pmonserrat/datasets/places/val_formatted/154/Places365_val_00000393.jpg,fountain,False,,,yes,abiotic,material,"The target entity is a fountain. The visual evidence shows a structure with water jets actively spraying water into the air. This is a human-made installation designed to mimic natural hydrological processes, specifically water flow. Since it involves water, which is a hydrological component, and it is situated in an environment that includes natural elements like trees, it falls under the Non-Living Natural Elements & Processes category, fulfilling the inclusion criteria for nature. Since nature is 'yes', I evaluate the sub-axes. A fountain is a human-made structure that simulates a natural hydrological process (water flow), placing it under Hydrological Components within the abiotic category. Because the image captures a real-world physical environment with an active water feature, it is classified as material under the Tangibility axis.",False
/home/pmonserrat/datasets/places/val_formatted/154/Places365_val_00000485.jpg,fountain,False,,,yes,abiotic,material,"The target entity is a fountain. The visual evidence shows a real-world structure with water jets actively spraying. Fountains are typically considered part of hydrological components, which are classified under Non-Living Natural Elements & Processes, fulfilling the inclusion criteria for nature. Since nature is 'yes', I evaluate the sub-axes. A fountain is a hydrological component, placing it under Hydrological Components within the abiotic category. Because the image is an unfiltered documentary depiction capturing a real-world physical environment, it is classified as material under the Tangibility axis.",False
/home/pmonserrat/datasets/places/val_formatted/154/Places365_val_00000808.jpg,fountain,False,,,yes,abiotic,material,"The target entity is a fountain. The visual evidence shows a real-world structure with flowing water, sculpted figures, and architectural elements. The water flow and the sculpted figures are part of a natural process and artistic representation, respectively. Since the fountain includes a hydrological component (water flow) and artistic elements (sculptures), it falls under the inclusion criteria for nature. Since nature is 'yes', I evaluate the sub-axes. The water flow component places it under Hydrological Components within the abiotic category. The sculpted figures, while representing fauna and flora, are part of a physical structure and are not the primary focus of the image. The fountain as a whole is a real-world physical object with mass that occupies space, so it is classified as material under the Tangibility axis.",False
/home/pmonserrat/datasets/places/val_formatted/154/Places365_val_00001206.jpg,fountain,False,,,yes,abiotic,material,"The target entity is a fountain. The visual evidence shows a real-world structure with flowing water, sculpted figures, and natural rock formations. The water flow and the natural elements involved (water, rock) are classified under Hydrological Components within the Non-Living Natural Elements & Processes, fulfilling the inclusion criteria for nature. Since nature is 'yes', I evaluate the sub-axes. The fountain includes flowing water, which places it under Hydrological Components within the abiotic category. The image is an unfiltered documentary depiction capturing a real-world physical environment, so it is classified as material under the Tangibility axis.",False
/home/pmonserrat/datasets/places/val_formatted/155/Places365_val_00000057.jpg,galley,False,,,no,none,none,"The target entity is a galley, which is a type of kitchen typically found on ships. The visual evidence shows a functional space with wooden cabinetry, a stove, and other kitchen appliances. While the materials used (wood, metal) are derived from natural sources, the galley itself is a manufactured environment designed for human use and does not directly count as nature under the provided definition. It is a human-made structure and does not fit into the categories of more-than-human living entities, ecosystems, or natural processes. Not applicable since the entity is not classified as nature.",False
/home/pmonserrat/datasets/places/val_formatted/155/Places365_val_00001459.jpg,galley,False,,,no,none,none,"The target entity is a galley, which is a type of boat or ship's kitchen. The visual evidence shows a wooden interior with cabinets and a bed, indicating it is part of a vessel. While the structure is made of wood, which is a natural material, the galley itself is a manufactured space designed for human use. Since it is a homogenous artefact where the natural texture is unidentifiable and the object does not depict a natural entity, it falls strictly under the Homogenous Artefacts exclusion and fails the criteria for nature. Not applicable since the entity is not classified as nature.",False
/home/pmonserrat/datasets/places/val_formatted/155/Places365_val_00001657.jpg,galley,False,,,no,none,none,"The target entity is a galley, which is a type of kitchen found on ships. The visual evidence shows a functional space with wooden cabinets and fixtures. While the materials used (wood) are derived from Flora, the galley itself is a manufactured structural object where the natural texture is unidentifiable and altered. It does not depict a natural entity and falls under the Homogenous Artefacts exclusion, failing the criteria for nature. Not applicable since the entity is not classified as nature.",False
/home/pmonserrat/datasets/places/val_formatted/155/Places365_val_00001887.jpg,galley,False,,,no,none,none,"The target entity is a galley. The visual evidence shows a modern kitchen area with sleek, manufactured furniture and appliances. The materials used, such as metal, glass, and synthetic surfaces, do not retain any visible natural grain or texture that would classify it as a nature-based artifact. Since the entity is a manufactured homogenous artefact without any natural material origin visible, it falls under the exclusion scope for homogenous artefacts and does not count as nature. Not applicable since the entity is not classified as nature.",False
/home/pmonserrat/datasets/places/val_formatted/155/Places365_val_00002827.jpg,galley,False,,,no,none,none,"The target entity is a galley. The visual evidence shows a compact kitchen area with wooden structures and a gas stove. While the materials used (wood) are derived from Flora, the galley itself is a manufactured space designed for human use and does not directly represent a natural entity or process. It is a homogenous artefact where the natural texture is unidentifiable and the object does not depict a natural entity. Not applicable since the entity is not classified as nature.",False
/home/pmonserrat/datasets/places/val_formatted/158/Places365_val_00000063.jpg,gas station,False,,,no,none,none,"The target entity is a gas station. The visual evidence shows a manufactured structure with no natural material or living organism present. It is a human-made facility designed for refueling vehicles, and it does not fall under any of the categories of more-than-human living entities, ecosystems, or natural processes. Therefore, it does not meet the criteria for nature under the provided definition. Not applicable since the entity is not classified as nature.",False
/home/pmonserrat/datasets/places/val_formatted/158/Places365_val_00000373.jpg,gas station,False,,,no,none,none,"The target entity is a gas station. The visual evidence shows a constructed building with a canopy, fuel pumps, and signage. This is a manufactured structural object made of materials like metal and concrete, with no visible natural grain or texture that would classify it as a Nature-Based Artefact. It does not depict a natural entity and falls under the Homogenous Artefacts exclusion, failing the criteria for nature. Not applicable since the entity is not classified as nature.",False
/home/pmonserrat/datasets/places/val_formatted/158/Places365_val_00000551.jpg,gas station,False,,,no,none,none,"The target entity is a gas station. The visual evidence shows a constructed building with artificial lighting and signage, primarily serving as a place for refueling vehicles. Gas stations are human-made structures and do not fall under the categories of flora, fauna, fungi, or natural environments. They are not classified as nature-based artefacts because they do not retain the natural material of origin in a visually identifiable way. Additionally, they are not representations of nature but rather functional human-made installations. Not applicable since the entity is not classified as nature.",False
/home/pmonserrat/datasets/places/val_formatted/158/Places365_val_00000728.jpg,gas station,False,,,no,none,none,"The target entity is a gas station. The visual evidence shows a manufactured structure with no natural elements or processes directly involved. It is a human-made facility designed for refueling vehicles, constructed from materials like concrete, metal, and plastic. Since it does not fall under any of the categories of more-than-human living entities, ecosystems, or natural processes, it is excluded from the nature definition. Not applicable since the entity is not classified as nature.",False
/home/pmonserrat/datasets/places/val_formatted/158/Places365_val_00001568.jpg,gas station,False,,,no,none,none,"The target entity is a gas station. The visual evidence shows a man-made structure with solar panels and a pump labeled 'SolarPump.' This is a manufactured functional object made of materials like metal and plastic, with no natural material or texture visibly identifiable. It does not depict a natural entity and falls under the Homogenous Artefacts exclusion, failing the criteria for nature. Not applicable since the entity is not classified as nature.",False
/home/pmonserrat/datasets/places/val_formatted/162/Places365_val_00000615.jpg,gift shop,False,,,no,none,none,"The target entity is a gift shop. The visual evidence shows a collection of decorative items, including heart-shaped objects and a candle. These items are manufactured and do not depict or represent natural entities directly. They are homogenous artefacts where the original natural texture is unidentifiable and the objects do not depict a natural entity, thus failing the criteria for nature. Not applicable since the entity is not classified as nature.",False
/home/pmonserrat/datasets/places/val_formatted/162/Places365_val_00000789.jpg,gift shop,False,,,no,none,none,"The target entity is a gift shop. The visual evidence shows a collection of packaged items, likely handmade or artisanal products, displayed on shelves and a table. These items are manufactured objects, and unless they depict a natural entity or are made from natural materials in a way that their origin is visually identifiable, they fall under the Homogenous Artefacts exclusion. Since the primary purpose of these items is commercial and they do not explicitly reference or depict more-than-human living entities or natural processes, they are not classified as nature. Not applicable since the entity is not classified as nature.",False
/home/pmonserrat/datasets/places/val_formatted/162/Places365_val_00000829.jpg,gift shop,False,,,no,none,none,"The target entity is a gift shop. The visual evidence shows a collection of fabric items with various patterns and designs. These items are manufactured and do not depict or represent any more-than-human living entities, ecosystems, or natural processes. They are homogenous artefacts where the original natural texture is unidentifiable and the objects do not depict a natural entity. Therefore, they fall strictly under the Homogenous Artefacts exclusion and fail the criteria for nature. Not applicable since the entity is not classified as nature.",False
/home/pmonserrat/datasets/places/val_formatted/162/Places365_val_00000924.jpg,gift shop,False,,,no,none,none,"The target entity is a ceramic jar with a lid. The visual evidence shows a manufactured object made of clay, which is a natural material. However, the jar is a homogenous artefact where the original natural texture of the clay is completely unidentifiable and altered through the manufacturing process. Since it does not depict a natural entity and falls under the category of homogenous artefacts, it is excluded from the nature taxonomy. Not applicable since the entity is not classified as nature.",False
/home/pmonserrat/datasets/places/val_formatted/162/Places365_val_00001300.jpg,gift shop,False,,,no,none,none,"The target entity is a mannequin in a gift shop. The visual evidence shows a manufactured structural object designed to mimic the human form. Since homogenous artefacts are excluded and the mannequin does not depict a natural entity, it falls strictly under the Homogenous Artefacts exclusion and fails the criteria for nature. Not applicable since the entity is not classified as nature.",False
/home/pmonserrat/datasets/places/val_formatted/163/Places365_val_00000017.jpg,glacier,True,False,True,yes,abiotic,material,"The target entity is a glacier. The visual evidence shows a real-world physical landscape featuring a large expanse of ice and snow, characteristic of glacial formations. Glaciers are classified under Hydrological Components within the Non-Living Natural Elements & Processes, fulfilling the inclusion criteria for nature. Since nature is 'yes', I evaluate the sub-axes. A glacier is a large-scale landform and fluid flow, placing it under Hydrological Components within the abiotic category. Because the image is an unfiltered documentary photograph capturing a real-world physical environment, it is classified as material under the Tangibility axis.",False
/home/pmonserrat/datasets/places/val_formatted/163/Places365_val_00000716.jpg,glacier,True,False,True,yes,abiotic,material,"The target entity is a glacier. The visual evidence shows a real-world physical landscape featuring snow-covered mountain peaks and a vast green meadow. Glaciers are classified under Hydrological Components within the Non-Living Natural Elements & Processes, fulfilling the inclusion criteria for nature. Since nature is 'yes', I evaluate the sub-axes. A glacier is a hydrological component, placing it under the abiotic category. Because the image is an unfiltered documentary depiction capturing a real-world physical environment, it is classified as material under the Tangibility axis.",False
/home/pmonserrat/datasets/places/val_formatted/163/Places365_val_00000897.jpg,glacier,True,False,True,yes,abiotic,material,"The target entity is a glacier. The visual evidence shows a real-world physical environment with ice formations and snow-covered mountains. Glaciers are explicitly classified under Hydrological Components within the Non-Living Natural Elements inclusion scope, fulfilling the criteria for nature. Since nature is 'yes', I evaluate the sub-axes. A glacier is a large-scale landform and earth structure, placing it under Geological & Topographical Components within the abiotic category. Because this is an unfiltered documentary photograph of a real-world physical landscape, it is classified as material under the Tangibility axis.",False
/home/pmonserrat/datasets/places/val_formatted/163/Places365_val_00001180.jpg,glacier,True,False,True,yes,abiotic,material,"The target entity is a glacier. The visual evidence shows a real-world physical environment with snow and ice formations. Glaciers are classified under Geological & Topographical Components within the Non-Living Natural Elements inclusion scope, fulfilling the criteria for nature. Since nature is 'yes', I evaluate the sub-axes. A glacier is a large-scale landform and earth structure, placing it under Geological & Topographical Components within the abiotic category. Because this is an unfiltered documentary photograph of a real-world physical landscape, it is classified as material under the Tangibility axis.",False
/home/pmonserrat/datasets/places/val_formatted/163/Places365_val_00002155.jpg,glacier,True,False,True,yes,abiotic,material,"The target entity is a glacier. The visual evidence shows a real-world, flowing body of ice. Geological & Topographical Components, including large-scale landforms and earth structures, are explicitly classified under Non-Living Natural Elements & Processes, fulfilling the inclusion criteria for nature. Since nature is 'yes', I evaluate the sub-axes. A glacier is a large-scale landform and earth structure, placing it under Geological & Topographical Components within the abiotic category. Because this is an unfiltered documentary photograph capturing a real-world physical landscape, it is classified as material under the Tangibility axis.",False
/home/pmonserrat/datasets/places/val_formatted/164/Places365_val_00000004.jpg,golf course,True,True,True,yes,biotic,material,"The target entity is a golf course. The visual evidence shows a well-maintained grassy area with trees in the background, which is a semi-natural environment where non-human entities exist and interact. This fits under the Ecosystems & Environments category within the Nature definition, as it is a natural or semi-natural environment. Since nature is 'yes', I evaluate the sub-axes. A golf course is a managed environment that includes grass (flora) and possibly other plant life, placing it under Flora & Plant Derivatives within the biotic category. Because it is a real-world physical landscape, it is classified as material under the Tangibility axis.",False
/home/pmonserrat/datasets/places/val_formatted/164/Places365_val_00000391.jpg,golf course,True,True,True,yes,biotic,material,"The target entity is a golf course. The visual evidence shows a well-maintained grassy area with trees and a clear sky. This setting is a semi-natural environment where non-human entities exist and interact, fulfilling the inclusion criteria for ecosystems and environments under the Nature definition. Since nature is 'yes', I evaluate the sub-axes. A golf course is a managed environment, primarily characterized by its grassy surfaces and surrounding trees, placing it under Ecosystems & Environments within the biotic category. Because this is an unfiltered documentary photograph capturing a real-world physical landscape, it is classified as material under the Tangibility axis.",False
/home/pmonserrat/datasets/places/val_formatted/164/Places365_val_00000417.jpg,golf course,True,True,True,yes,biotic,material,"The target entity is a golf course. The visual evidence shows a landscaped area with maintained grass, sand bunkers, and natural vegetation. This setting is a semi-natural environment where non-human entities exist and interact, fulfilling the inclusion criteria for ecosystems and environments under the Nature definition. Since nature is 'yes', I evaluate the sub-axes. A golf course is a managed environment that includes both Flora (maintained grass and natural vegetation) and abiotic elements (sand bunkers, terrain). It is a real-world physical space with mass and occupies space, placing it under the material category under the Tangibility axis.",False
/home/pmonserrat/datasets/places/val_formatted/164/Places365_val_00000833.jpg,golf course,True,True,True,yes,biotic,material,"The target entity is a golf course. The visual evidence shows a landscaped area with maintained grass, sand bunkers, and a water hazard. This setting is a semi-natural environment where non-human entities exist and interact, fulfilling the inclusion criteria for ecosystems and environments under the Nature definition. Since nature is 'yes', I evaluate the sub-axes. A golf course is a managed ecosystem, primarily defined by its Flora & Plant Derivatives (maintained grass and vegetation). It is a real-world physical environment, occupying space and possessing mass, thus classified as material under the Tangibility axis.",False
/home/pmonserrat/datasets/places/val_formatted/164/Places365_val_00001390.jpg,golf course,True,True,True,yes,biotic,material,"The target entity is a golf course. The visual evidence shows a landscaped area with grass, sand bunkers, and water features, surrounded by trees and palm trees. This setting is a managed environment designed for the sport of golf, incorporating natural elements like vegetation and water bodies. Since it includes natural elements and is a semi-natural environment where non-human entities exist and interact, it counts as nature under the provided definition. Since nature is 'yes', I evaluate the sub-axes. The golf course includes Flora & Plant Derivatives (grass, trees, palm trees) and Hydrological Components (water bodies). It is a real-world physical environment, placing it under the material category under the Tangibility axis.",False
/home/pmonserrat/datasets/places/val_formatted/167/Places365_val_00001153.jpg,grotto,True,False,True,yes,abiotic,material,"The target entity is a grotto. The visual evidence shows a natural rock formation with flowing water, surrounded by lush greenery. Geological & Topographical Components, such as large-scale landforms and earth structures, are explicitly classified under Non-Living Natural Elements & Processes, fulfilling the inclusion criteria for nature. Since nature is 'yes', I evaluate the sub-axes. A grotto is a geological formation, placing it under Geological & Topographical Components within the abiotic category. Because this is an unfiltered documentary photograph capturing a real-world physical landscape, it is classified as material under the Tangibility axis.",False
/home/pmonserrat/datasets/places/val_formatted/167/Places365_val_00001634.jpg,grotto,True,False,True,yes,abiotic,material,"The target entity is a grotto. The visual evidence shows a natural cave formed by rock formations. Geological & Topographical Components, such as large-scale landforms and earth structures, are explicitly classified under Non-Living Natural Elements & Processes, fulfilling the inclusion criteria for nature. Since nature is 'yes', I evaluate the sub-axes. A grotto is a geological formation, placing it under Geological & Topographical Components within the abiotic category. Because this is an unfiltered documentary photograph of a real-world physical landscape, it is classified as material under the Tangibility axis.",False
/home/pmonserrat/datasets/places/val_formatted/167/Places365_val_00001672.jpg,grotto,True,False,True,yes,abiotic,material,"The target entity is a grotto. The visual evidence shows a natural rock formation with water and vegetation around it. Geological & Topographical Components, such as large-scale landforms and earth structures, are explicitly classified under Non-Living Natural Elements & Processes, fulfilling the inclusion criteria for nature. Since nature is 'yes', I evaluate the sub-axes. A grotto is a geological formation, placing it under Geological & Topographical Components within the abiotic category. Because this is an unfiltered documentary photograph capturing a real-world physical landscape, it is classified as material under the Tangibility axis.",False
/home/pmonserrat/datasets/places/val_formatted/167/Places365_val_00002159.jpg,grotto,True,False,True,yes,abiotic,material,"The target entity is a grotto. The visual evidence shows a natural cave-like formation within a body of water. Geological & Topographical Components, such as large-scale landforms and earth structures, are explicitly classified under Non-Living Natural Elements & Processes, fulfilling the inclusion criteria for nature. Since nature is 'yes', I evaluate the sub-axes. A grotto is a geological formation, placing it under Geological & Topographical Components within the abiotic category. Because this is an unfiltered documentary photograph capturing a real-world physical environment, it is classified as material under the Tangibility axis.",False
/home/pmonserrat/datasets/places/val_formatted/167/Places365_val_00003530.jpg,grotto,True,False,True,yes,abiotic,material,"The target entity is a grotto. The visual evidence shows a natural or semi-natural underground environment formed by rock and earth structures. Geological & Topographical Components, such as caves and rock formations, are explicitly classified under Non-Living Natural Elements & Processes, fulfilling the inclusion criteria for nature. Since nature is 'yes', I evaluate the sub-axes. A grotto is a geological formation, placing it under Geological & Topographical Components within the abiotic category. Because this is an unfiltered documentary photograph capturing a real-world physical environment, it is classified as material under the Tangibility axis.",False
/home/pmonserrat/datasets/places/val_formatted/171/Places365_val_00000299.jpg,harbor,False,,,yes,abiotic,material,"The target entity is a harbor. The visual evidence shows a body of water with boats docked along a wooden pier. A harbor is a natural or semi-natural environment where water bodies and human-made structures interact, fulfilling the inclusion criteria for ecosystems and environments under the Nature definition. Since nature is 'yes', I evaluate the sub-axes. A harbor is a hydrological component, placing it under the Hydrological category within the abiotic category. Because the image captures a real-world physical environment, it is classified as material under the Tangibility axis.",False
/home/pmonserrat/datasets/places/val_formatted/171/Places365_val_00000967.jpg,harbor,False,,,yes,abiotic,material,"The target entity is a harbor. The visual evidence shows a real-world physical environment where water bodies and human-made structures interact. Hydrological components (rivers, ponds, lakes, streams) are explicitly classified under Non-Living Natural Elements & Processes, fulfilling the inclusion criteria for nature. Since nature is 'yes', I evaluate the sub-axes. A harbor is a human-made structure within a hydrological environment, placing it under Hydrological Components within the abiotic category. Because this is an unfiltered documentary photograph capturing a real-world physical environment, it is classified as material under the Tangibility axis.",False
/home/pmonserrat/datasets/places/val_formatted/171/Places365_val_00001743.jpg,harbor,False,,,yes,abiotic,material,"The target entity is a harbor. The visual evidence shows a body of water with boats and surrounding urban structures. Hydrological components (rivers, ponds, lakes, streams) are explicitly classified under Non-Living Natural Elements & Processes, fulfilling the inclusion criteria for nature. Since nature is 'yes', I evaluate the sub-axes. A harbor is a body of water, placing it under Hydrological Components within the abiotic category. Because the image is an unfiltered documentary depiction capturing a real-world physical environment, it is classified as material under the Tangibility axis.",False
/home/pmonserrat/datasets/places/val_formatted/171/Places365_val_00001776.jpg,harbor,False,,,no,none,none,"The target entity is a harbor. The visual evidence shows a man-made structure with boats and equipment, indicating a human-constructed environment. While the harbor facilitates interaction with natural elements like water, it is primarily a human-made feature and does not directly count as a natural entity under the provided definition. Not applicable since the entity is not classified as nature.",False
/home/pmonserrat/datasets/places/val_formatted/171/Places365_val_00001783.jpg,harbor,False,,,no,none,none,"The target entity is a harbor with fireworks. The visual evidence shows a body of water with fireworks exploding in the sky. The fireworks are a human-made event, but the harbor itself is a natural or semi-natural environment. Since the focus is on the fireworks display, which is a human-made event, it does not count as nature under the provided definition. Not applicable since the entity is not classified as nature.",False
/home/pmonserrat/datasets/places/val_formatted/172/Places365_val_00001250.jpg,hardware store,False,,,no,none,none,"The target entity is a hardware store. The visual evidence shows a commercial retail environment where various manufactured goods are sold. Since the store itself is a constructed building and the items for sale are typically processed or manufactured products, it does not fall under the categories of flora, fauna, fungi, or natural environments. It is a human-made structure and setting, which is excluded from the nature taxonomy. Not applicable since the entity is not classified as nature.",False
/home/pmonserrat/datasets/places/val_formatted/172/Places365_val_00001318.jpg,hardware store,False,,,no,none,none,"The target entity is a hardware store. The visual evidence shows a commercial establishment selling manufactured materials and tools. Since the store itself is a constructed building and the items sold are typically processed or manufactured goods (not natural materials or living organisms), it does not fall under the categories of Nature-Based Artefacts or Representations of Nature. The store and its contents are human-made and do not meet the criteria for more-than-human living entities or natural environments. Not applicable since the entity is not classified as nature.",False
/home/pmonserrat/datasets/places/val_formatted/172/Places365_val_00001362.jpg,hardware store,False,,,no,none,none,"The target entity is a hardware store. The visual evidence shows a commercial retail environment with shelves stocked with various products. A hardware store is a human-made structure and does not fall under the categories of flora, fauna, fungi, ecosystems, or any natural processes. It is a constructed space for selling tools and materials, which does not meet the criteria for nature under the provided taxonomy. Not applicable since the entity is not classified as nature.",False
/home/pmonserrat/datasets/places/val_formatted/172/Places365_val_00001628.jpg,hardware store,False,,,no,none,none,"The target entity is a hardware store. The visual evidence shows empty shelves with price tags, indicating a retail environment. Under the provided taxonomy, human-made structures and commercial establishments are not classified as nature. The store itself, being a constructed building, does not fall under the categories of flora, fauna, fungi, ecosystems, or any natural processes. Not applicable since the entity is not classified as nature.",False
/home/pmonserrat/datasets/places/val_formatted/172/Places365_val_00002180.jpg,hardware store,False,,,no,none,none,"The target entity is a hardware store. The visual evidence shows a collection of manufactured items such as boxes, tools, and hardware supplies. These items are homogenous artefacts where the original natural texture is unidentifiable and the objects do not depict a natural entity. They fall strictly under the Homogenous Artefacts exclusion and fail the criteria for nature. Not applicable since the entity is not classified as nature.",False
/home/pmonserrat/datasets/places/val_formatted/173/Places365_val_00000122.jpg,hayfield,True,True,True,yes,biotic,material,"The target entity is a hayfield. The visual evidence shows a cultivated agricultural landscape with grass and cattle grazing. This falls under Ecosystems & Environments, specifically cultivated or managed natural areas, fulfilling the inclusion criteria for nature. Since nature is 'yes', I evaluate the sub-axes. A hayfield is a managed agricultural environment, placing it under Ecosystems & Environments within the biotic category. Because it is a real-world physical landscape with mass and presence, it is classified as material under the Tangibility axis.",False
/home/pmonserrat/datasets/places/val_formatted/173/Places365_val_00000637.jpg,hayfield,True,True,True,yes,biotic,material,"The target entity is a hayfield. The visual evidence shows a cultivated agricultural landscape with dry grass or crops. This falls under the category of Ecosystems & Environments, specifically cultivated or managed natural areas, fulfilling the inclusion criteria for nature. Since nature is 'yes', I evaluate the sub-axes. A hayfield is a managed agricultural ecosystem, placing it under the category of Ecosystems & Environments within the biotic category. Because it is a real-world physical landscape with mass that occupies space, it is classified as material under the Tangibility axis.",False
/home/pmonserrat/datasets/places/val_formatted/173/Places365_val_00000803.jpg,hayfield,True,True,True,yes,biotic,material,"The target entity is a hayfield. The visual evidence shows a cultivated agricultural area with grass and possibly hay. Cultivated fields are part of ecosystems where non-human entities exist and interact, fulfilling the inclusion criteria for nature. Since nature is 'yes', I evaluate the sub-axes. A hayfield is an agricultural environment, placing it under Ecosystems & Environments within the biotic category. Because this is an unfiltered documentary photograph capturing a real-world physical landscape, it is classified as material under the Tangibility axis.",False
/home/pmonserrat/datasets/places/val_formatted/173/Places365_val_00000823.jpg,hayfield,True,True,True,yes,biotic,material,"The target entity is a hayfield. The visual evidence shows a cultivated agricultural area with green grass and a barn, which is a typical feature of a hayfield. This falls under the category of ecosystems & environments where non-human entities exist and interact, specifically cultivated or managed land. It is also a representation of Flora & Plant Derivatives since it involves plants. Since nature is 'yes', I evaluate the sub-axes. A hayfield is an agricultural ecosystem, placing it under Flora & Plant Derivatives within the biotic category. Because it is a real-world physical environment with mass that occupies space, it is classified as material under the Tangibility axis.",False
/home/pmonserrat/datasets/places/val_formatted/173/Places365_val_00001611.jpg,hayfield,True,True,True,yes,biotic,material,"The target entity is a hayfield. The visual evidence shows a cultivated agricultural area with cut grass or hay, surrounded by trees. Cultivated fields are explicitly included under the Ecosystems & Environments category, fulfilling the criteria for nature. Since nature is 'yes', I evaluate the sub-axes. A hayfield is a cultivated area, placing it under Ecosystems & Environments within the biotic category. Because this is an unfiltered documentary photograph capturing a real-world physical landscape, it is classified as material under the Tangibility axis.",False
/home/pmonserrat/datasets/places/val_formatted/174/Places365_val_00000239.jpg,heliport,False,,,no,none,none,"The target entity is a helicopter. The visual evidence shows a manufactured functional object made of metal and other synthetic materials. Because the original natural texture of the materials is completely unidentifiable and altered, and the object does not depict a natural entity, it falls strictly under the Homogenous Artefacts exclusion and fails the criteria for nature. Not applicable since the entity is not classified as nature.",False
/home/pmonserrat/datasets/places/val_formatted/174/Places365_val_00001408.jpg,heliport,False,,,no,none,none,"The target entity is a heliport. The visual evidence shows a landing area specifically designed for helicopters, which is a human-made structure. Since heliports are constructed by humans and do not fall under the categories of flora, fauna, fungi, or natural processes, they are excluded from the nature definition provided. Not applicable since the entity is not classified as nature.",False
/home/pmonserrat/datasets/places/val_formatted/174/Places365_val_00001472.jpg,heliport,False,,,no,none,none,"The target entity is a heliport. The visual evidence shows a constructed area designed for helicopters to land and take off. Heliports are human-made structures and do not fall under the categories of flora, fauna, fungi, or natural environments. They are part of the built environment and do not meet the criteria for nature under the provided taxonomy. Not applicable since the entity is not classified as nature.",False
/home/pmonserrat/datasets/places/val_formatted/174/Places365_val_00001623.jpg,heliport,False,,,no,none,none,"The target entity is a helicopter. The visual evidence shows a manufactured functional object made of metal and composite materials. Because the original natural texture of the materials is completely unidentifiable and altered, and the object does not depict a natural entity, it falls strictly under the Homogenous Artefacts exclusion and fails the criteria for nature. Not applicable since the entity is not classified as nature.",False
/home/pmonserrat/datasets/places/val_formatted/174/Places365_val_00001710.jpg,heliport,False,,,no,none,none,"The target entity is a heliport. The visual evidence shows a man standing next to a small aircraft, which is typically used for helicopters. A heliport is a constructed area designated for helicopter landings and takeoffs. Since it is a human-made structure and not a natural entity, it falls under the Homogenous Artefacts exclusion and does not count as nature. Not applicable since the entity is not classified as nature.",False
/home/pmonserrat/datasets/places/val_formatted/175/Places365_val_00000247.jpg,highway,False,,,no,none,none,"The target entity is a highway. The visual evidence shows a constructed road with asphalt and painted lines, surrounded by natural vegetation. Highways are human-made structures and do not fall under the categories of flora, fauna, fungi, or natural environments. They are part of the processed human environment and do not meet the criteria for nature under the provided taxonomy. Not applicable since the entity is not classified as nature.",False
/home/pmonserrat/datasets/places/val_formatted/175/Places365_val_00001324.jpg,highway,False,,,no,none,none,"The target entity is a highway. The visual evidence shows a constructed road with concrete barriers and asphalt. This is a human-made structure and does not fall under the categories of flora, fauna, fungi, or natural environments. It is a homogenous artefact where the original natural texture is unidentifiable and the object does not depict a natural entity. Not applicable since the entity is not classified as nature.",False
/home/pmonserrat/datasets/places/val_formatted/175/Places365_val_00002992.jpg,highway,False,,,no,none,none,"The target entity is a highway. The visual evidence shows a constructed road with vehicles and signage. Highways are human-made structures and do not fall under the categories of flora, fauna, fungi, or natural environments. They are part of the built environment and are not classified as nature under the provided definition. Not applicable since the entity is not classified as nature.",False
/home/pmonserrat/datasets/places/val_formatted/175/Places365_val_00003452.jpg,highway,False,,,yes,none,material,"The target entity is a highway. The visual evidence shows a paved road surrounded by natural vegetation. While the road itself is a human-made structure, it is situated within a natural environment and is not classified as a homogenous artefact because it does not obscure the natural elements around it. The focus is on the natural surroundings rather than the road itself. Since nature is 'yes', I evaluate the sub-axes. The highway is a human-made structure, but it is situated within a natural environment characterized by flora and fauna. The primary focus of the image is the natural landscape, which falls under the category of Ecosystems & Environments. Because the image captures a real-world physical environment, it is classified as material under the Tangibility axis.",False
/home/pmonserrat/datasets/places/val_formatted/175/Places365_val_00003673.jpg,highway,False,,,no,none,none,"The target entity is a highway. The visual evidence shows a constructed road with vehicles and signage. Highways are human-made structures and do not fall under the categories of flora, fauna, fungi, or natural environments. They are part of the built environment and are not classified as nature under the provided definition. Not applicable since the entity is not classified as nature.",False
/home/pmonserrat/datasets/places/val_formatted/177/Places365_val_00000286.jpg,home theater,False,,,no,none,none,"The target entity is a home theater. The visual evidence shows a room setup with electronic equipment such as speakers, a projector, and a screen. These are manufactured functional objects made of materials like plastic and metal, with no natural material or texture visibly identifiable. Since the original natural texture is completely unidentifiable and altered, and the object does not depict a natural entity, it falls strictly under the Homogenous Artefacts exclusion and fails the criteria for nature. Not applicable since the entity is not classified as nature.",False
/home/pmonserrat/datasets/places/val_formatted/177/Places365_val_00000843.jpg,home theater,False,,,no,none,none,"The target entity is a home theater setup. The visual evidence shows a room with electronic equipment, including a television, gaming consoles, and various media items. These are manufactured objects and do not fall under the categories of flora, fauna, fungi, or natural environments. They are not representations of nature but rather technological and human-made constructs. Not applicable since the entity is not classified as nature.",False
/home/pmonserrat/datasets/places/val_formatted/177/Places365_val_00001539.jpg,home theater,False,,,no,none,none,"The target entity is a home theater. The visual evidence shows a television set displaying a scene with human characters. Under this classification taxonomy, human beings and their activities are explicitly excluded from the nature definition. The television itself is a manufactured object made of materials like plastic and metal, which do not retain any natural texture or origin that would classify it as a nature-based artefact. Not applicable since the entity is not classified as nature.",False
/home/pmonserrat/datasets/places/val_formatted/177/Places365_val_00001575.jpg,home theater,False,,,no,none,none,"The target entity is a home theater. The visual evidence shows a constructed space with seating and equipment designed for viewing films or shows. This is a manufactured environment and does not fall under the categories of flora, fauna, fungi, hydrological, atmospheric, geological, astrophysical, or biophysical processes. It is a human-made structure and does not meet the criteria for nature under the provided definition. Not applicable since the entity is not classified as nature.",False
/home/pmonserrat/datasets/places/val_formatted/177/Places365_val_00001809.jpg,home theater,False,,,no,none,none,"The target entity is a home theater. The visual evidence shows a manufactured electronic device with control panels and lighting. It is a functional object made of materials like plastic and metal, with no natural elements or processes involved. Since it does not depict or represent any more-than-human living entities, ecosystems, or natural processes, it falls under the Homogenous Artefacts exclusion and fails the criteria for nature. Not applicable since the entity is not classified as nature.",False
/home/pmonserrat/datasets/places/val_formatted/178/Places365_val_00000671.jpg,hospital,False,,,no,none,none,"The target entity is a hospital. The visual evidence shows a room with furniture and decor, but the primary function of a hospital is to provide medical care, which is a human-centric institution. Under the provided taxonomy, human beings and their constructed facilities are explicitly excluded from the nature category. Not applicable since the entity is not classified as nature.",False
/home/pmonserrat/datasets/places/val_formatted/178/Places365_val_00001034.jpg,hospital,False,,,no,none,none,"The target entity is a hospital. The visual evidence shows a large, modern building with multiple floors and glass windows. Hospitals are human-made structures designed for medical purposes and do not fall under the categories of flora, fauna, fungi, or natural environments. They are not classified as nature under the provided definition. Not applicable since the entity is not classified as nature.",False
/home/pmonserrat/datasets/places/val_formatted/178/Places365_val_00001309.jpg,hospital,False,,,no,none,none,"The target entity is a hospital. The visual evidence shows a large building with multiple floors, likely used for medical purposes. Under the provided taxonomy, human beings and human-made structures serving human functions are explicitly excluded from the nature category. Hospitals are designed and constructed by humans for specific societal roles and do not fall under the inclusion criteria for more-than-human living entities, ecosystems, or natural processes. Not applicable since the entity is not classified as nature.",False
/home/pmonserrat/datasets/places/val_formatted/178/Places365_val_00001592.jpg,hospital,False,,,no,none,none,"The target entity is a hospital. The visual evidence shows a large, modern building with glass and concrete structures. Hospitals are human-made structures and do not fall under the categories of flora, fauna, fungi, or natural environments. They are not classified as nature under the provided definition. Not applicable since the entity is not classified as nature.",False
/home/pmonserrat/datasets/places/val_formatted/178/Places365_val_00001614.jpg,hospital,False,,,no,none,none,"The target entity is a hospital. The visual evidence shows a modern building with a glass dome structure. Hospitals are human-made structures and do not fall under the categories of flora, fauna, fungi, or natural environments. They are not classified as nature-based artefacts because they do not retain the natural material of origin in a visually identifiable way. Additionally, they are not representations of nature but rather functional human-made entities. Not applicable since the entity is not classified as nature.",False
/home/pmonserrat/datasets/places/val_formatted/18/Places365_val_00000062.jpg,army base,False,,,no,none,none,"The target entity is an army base, specifically focusing on military personnel and vehicles. The visual evidence shows human beings in uniform and military vehicles. Under this classification taxonomy, human beings and their associated structures or activities are explicitly excluded from the nature definition. The primary focus is on human activity and constructed environments rather than natural elements or processes. Not applicable since the entity is not classified as nature.",False
/home/pmonserrat/datasets/places/val_formatted/18/Places365_val_00000313.jpg,army base,False,,,no,none,none,"The target entity is an 'army base'. The visual evidence shows a group of individuals in military uniforms, likely engaged in some activity on a grassy field with trees in the background. An army base is a constructed facility used for military purposes, which is a human-made structure and not a natural entity. It does not fall under the categories of flora, fauna, fungi, ecosystems, or any of the non-living natural elements and processes defined in the taxonomy. Additionally, it is not a nature-based artifact or activity, nor a representation of nature. Not applicable since the entity is not classified as nature.",False
/home/pmonserrat/datasets/places/val_formatted/18/Places365_val_00000337.jpg,army base,False,,,no,none,none,"The target entity is an 'army base'. The visual evidence shows a group of military personnel in uniform, vehicles, and a structured environment. Under the provided taxonomy, human beings and their associated activities or structures are explicitly excluded from the nature definition. Army bases are human-made installations and do not fall under the categories of flora, fauna, fungi, ecosystems, or any other natural elements as defined. Not applicable since the entity is not classified as nature.",False
/home/pmonserrat/datasets/places/val_formatted/18/Places365_val_00000853.jpg,army base,False,,,no,none,none,"The target entity is an 'army base'. The visual evidence shows a group of individuals in military uniforms, standing in front of military vehicles. Under the provided taxonomy, human beings and their associated structures or settings are explicitly excluded from the nature definition. Army bases are administrative and political units, which fall under the exclusion scope as geopolitical entities. Not applicable since the entity is not classified as nature.",False
/home/pmonserrat/datasets/places/val_formatted/18/Places365_val_00001103.jpg,army base,False,,,no,none,none,"The target entity is an army base. The visual evidence shows a collection of military tents and a building, which are human-made structures and objects. Since human beings and their constructed environments are explicitly excluded from the nature taxonomy, this instance does not count as nature. Not applicable since the entity is not classified as nature.",False
/home/pmonserrat/datasets/places/val_formatted/180/Places365_val_00000179.jpg,hot spring,True,False,True,yes,abiotic,material,"The target entity is a hot spring located under a bridge. The visual evidence shows a flowing body of water with natural elements such as rocks and vegetation. Hydrological components (rivers, ponds, lakes, streams) are explicitly classified under Non-Living Natural Elements & Processes, fulfilling the inclusion criteria for nature. Since nature is 'yes', I evaluate the sub-axes. A hot spring is a fluid flow, placing it under Hydrological Components within the abiotic category. Because the image is an unfiltered documentary depiction capturing a real-world physical environment, it is classified as material under the Tangibility axis.",False
/home/pmonserrat/datasets/places/val_formatted/180/Places365_val_00000255.jpg,hot spring,True,False,True,yes,abiotic,material,"The target entity is a hot spring. The visual evidence shows a natural body of water with steam rising from it, surrounded by cliffs and vegetation. Hydrological components (rivers, ponds, lakes, streams) and geological formations are explicitly classified under Non-Living Natural Elements & Processes, fulfilling the inclusion criteria for nature. Since nature is 'yes', I evaluate the sub-axes. A hot spring is a hydrological feature, placing it under Hydrological Components within the abiotic category. Because the image is an unfiltered documentary depiction capturing a real-world physical environment, it is classified as material under the Tangibility axis.",False
/home/pmonserrat/datasets/places/val_formatted/180/Places365_val_00001508.jpg,hot spring,True,False,True,yes,abiotic,material,"The target entity is a hot spring. The visual evidence shows a natural geothermal feature with water and steam emanating from the ground. Hydrological components, such as hot springs, are explicitly classified under Non-Living Natural Elements & Processes, fulfilling the inclusion criteria for nature. Since nature is 'yes', I evaluate the sub-axes. A hot spring is a hydrological phenomenon, placing it under Hydrological Components within the abiotic category. Because the image is an unfiltered documentary photograph capturing a real-world physical environment, it is classified as material under the Tangibility axis.",False
/home/pmonserrat/datasets/places/val_formatted/180/Places365_val_00002283.jpg,hot spring,True,False,True,yes,abiotic,material,"The target entity is a hot spring. The visual evidence shows a natural geothermal feature with steam rising from the water. Hydrological components, such as hot springs, are explicitly classified under Non-Living Natural Elements & Processes, fulfilling the inclusion criteria for nature. Since nature is 'yes', I evaluate the sub-axes. A hot spring is a hydrological phenomenon, placing it under Hydrological Components within the abiotic category. Because the image is an unfiltered documentary depiction capturing a real-world physical environment, it is classified as material under the Tangibility axis.",False
/home/pmonserrat/datasets/places/val_formatted/180/Places365_val_00002285.jpg,hot spring,True,False,True,yes,abiotic,material,"The target entity is a hot spring. The visual evidence shows a natural geothermal feature with water and steam. Hydrological components, such as hot springs, are explicitly classified under Non-Living Natural Elements & Processes, fulfilling the inclusion criteria for nature. Since nature is 'yes', I evaluate the sub-axes. A hot spring is a hydrological phenomenon, placing it under Hydrological Components within the abiotic category. Because the image is an unfiltered documentary depiction capturing a real-world physical environment, it is classified as material under the Tangibility axis.",False
/home/pmonserrat/datasets/places/val_formatted/182/Places365_val_00000454.jpg,hotel room,False,,,no,none,none,"The target entity is a hotel room. The visual evidence shows a manufactured space designed for human habitation, filled with various human-made objects such as furniture, electronic devices, and personal items. Since human beings and their constructed environments are explicitly excluded from the nature taxonomy, this instance does not count as nature. Not applicable since the entity is not classified as nature.",False
/home/pmonserrat/datasets/places/val_formatted/182/Places365_val_00000682.jpg,hotel room,False,,,no,none,none,"The target entity is a hotel room. The visual evidence shows a manufactured structural object designed for human habitation, featuring elements like a bed, wall decorations, and furniture. These items are made from materials such as fabric, wood, and synthetic components, none of which retain their natural state or texture. Since homogenous artefacts are excluded and the room does not depict a natural entity, it fails the criteria for nature. Not applicable since the entity is not classified as nature.",False
/home/pmonserrat/datasets/places/val_formatted/182/Places365_val_00000957.jpg,hotel room,False,,,no,none,none,"The target entity is a hotel room. The visual evidence shows a manufactured structural object designed for human habitation, containing elements like beds, lamps, and curtains. These items are made from materials such as fabric, metal, and synthetic fibers, none of which retain their natural origins or textures. Since the room is a constructed environment primarily for human use and does not fall under any category of more-than-human living entities, ecosystems, or natural processes, it does not qualify as nature under the provided definition. Not applicable since the entity is not classified as nature.",False
/home/pmonserrat/datasets/places/val_formatted/182/Places365_val_00000979.jpg,hotel room,False,,,no,none,none,"The target entity is a hotel room. The visual evidence shows a manufactured structural object designed for human habitation, featuring elements like beds, lamps, and furniture. These items are made from materials such as metal, fabric, and synthetic substances, none of which retain their natural texture or origin. Since the room is a homogenous artefact where the original natural texture is unidentifiable and the object does not depict a natural entity, it falls strictly under the Homogenous Artefacts exclusion and fails the criteria for nature. Not applicable since the entity is not classified as nature.",False
/home/pmonserrat/datasets/places/val_formatted/182/Places365_val_00001843.jpg,hotel room,False,,,no,none,none,"The target entity is a hotel room. The visual evidence shows a manufactured structural object designed for human habitation, featuring elements like a bed, pillows, and wall decorations. These items are made from materials such as fabric, wood, and synthetic fibers, which are processed and do not retain their natural origins. Since the room is a constructed environment primarily for human use and does not fall under the categories of more-than-human living entities, ecosystems, or natural processes, it does not qualify as nature under the provided definition. Not applicable since the entity is not classified as nature.",False
/home/pmonserrat/datasets/places/val_formatted/186/Places365_val_00000104.jpg,ice floe,True,False,True,yes,abiotic,material,"The target entity is an ice floe. The visual evidence shows a real-world physical object made of ice, which is a geological and hydrological element. Ice floes are classified under Non-Living Natural Elements & Processes, fulfilling the inclusion criteria for nature. Since nature is 'yes', I evaluate the sub-axes. An ice floe is a hydrological component, placing it under Hydrological Components within the abiotic category. Because the image is an unfiltered documentary depiction capturing a real-world physical environment, it is classified as material under the Tangibility axis.",False
/home/pmonserrat/datasets/places/val_formatted/186/Places365_val_00000193.jpg,ice floe,True,False,True,yes,abiotic,material,"The target entity is an ice floe. The visual evidence shows a real-world physical object made of ice, which is a geological and hydrological element. Ice floes are classified under Non-Living Natural Elements & Processes, fulfilling the inclusion criteria for nature. Since nature is 'yes', I evaluate the sub-axes. An ice floe is a hydrological component, placing it under the abiotic category. Because the image is an unfiltered documentary depiction capturing a real-world physical environment, it is classified as material under the Tangibility axis.",False
/home/pmonserrat/datasets/places/val_formatted/186/Places365_val_00000905.jpg,ice floe,True,False,True,yes,abiotic,material,"The target entity is an ice floe. The visual evidence shows a real-world physical object made of ice, which is a geological and hydrological element. Ice floes are classified under Non-Living Natural Elements & Processes, fulfilling the inclusion criteria for nature. Since nature is 'yes', I evaluate the sub-axes. An ice floe is a hydrological component, placing it under Hydrological Components within the abiotic category. Because the image is an unfiltered documentary depiction capturing a real-world physical environment, it is classified as material under the Tangibility axis.",False
/home/pmonserrat/datasets/places/val_formatted/186/Places365_val_00000933.jpg,ice floe,True,False,True,yes,abiotic,material,"The target entity is an ice floe. The visual evidence shows a real-world physical object made of ice, which is a geological and hydrological element. Ice floes are classified under Non-Living Natural Elements & Processes, fulfilling the inclusion criteria for nature. Since nature is 'yes', I evaluate the sub-axes. An ice floe is a hydrological component, placing it under Hydrological Components within the abiotic category. Because the image is an unfiltered documentary depiction capturing a real-world physical environment, it is classified as material under the Tangibility axis.",False
/home/pmonserrat/datasets/places/val_formatted/186/Places365_val_00001354.jpg,ice floe,True,False,True,yes,abiotic,material,"The target entity is an ice floe. The visual evidence shows a real-world physical object made of ice, which is a geological and hydrological element. Ice floes are classified under Non-Living Natural Elements & Processes, fulfilling the inclusion criteria for nature. Since nature is 'yes', I evaluate the sub-axes. An ice floe is a hydrological component, placing it under Hydrological Components within the abiotic category. Because the image is an unfiltered documentary depiction capturing a real-world physical environment, it is classified as material under the Tangibility axis.",False
/home/pmonserrat/datasets/places/val_formatted/187/Places365_val_00000134.jpg,ice shelf,True,False,True,yes,abiotic,material,"The target entity is an ice shelf. The visual evidence shows a large expanse of ice extending from a glacier into a body of water. Ice shelves are classified under Non-Living Natural Elements & Processes, specifically Hydrological Components, fulfilling the inclusion criteria for nature. Since nature is 'yes', I evaluate the sub-axes. An ice shelf is a hydrological component, placing it under the abiotic category. Because the image is an unfiltered documentary depiction capturing a real-world physical environment, it is classified as material under the Tangibility axis.",False
/home/pmonserrat/datasets/places/val_formatted/187/Places365_val_00000158.jpg,ice shelf,True,False,True,yes,abiotic,material,"The target entity is an ice shelf. The visual evidence shows a large, floating body of ice extending from a glacier into a body of water. This falls under the Non-Living Natural Elements & Processes, specifically Hydrological Components, fulfilling the inclusion criteria for nature. Since nature is 'yes', I evaluate the sub-axes. An ice shelf is a hydrological component, placing it under the abiotic category. Because the image captures a real-world physical environment, it is classified as material under the Tangibility axis.",False
/home/pmonserrat/datasets/places/val_formatted/187/Places365_val_00000319.jpg,ice shelf,True,False,True,yes,abiotic,material,"The target entity is an ice shelf. The visual evidence shows a large floating slab of ice extending from a glacier into a body of water. This is a natural geological and hydrological feature, specifically a Non-Living Natural Element under the Hydrological category, fulfilling the inclusion criteria for nature. Since nature is 'yes', I evaluate the sub-axes. An ice shelf is a hydrological component, placing it under the abiotic category. Because the image is an unfiltered documentary photograph capturing a real-world physical environment, it is classified as material under the Tangibility axis.",False
/home/pmonserrat/datasets/places/val_formatted/187/Places365_val_00001712.jpg,ice shelf,True,False,True,yes,abiotic,material,"The target entity is an ice shelf. The visual evidence shows a large expanse of ice floating in a body of water, characteristic of polar regions. Ice shelves are classified under Geological & Topographical Components within the Non-Living Natural Elements inclusion scope, fulfilling the criteria for nature. Since nature is 'yes', I evaluate the sub-axes. An ice shelf is a large-scale landform and earth structure, specifically a floating extension of glaciers, placing it under Geological & Topographical Components within the abiotic category. Because this is an unfiltered documentary photograph capturing a real-world physical landscape, it is classified as material under the Tangibility axis.",False
/home/pmonserrat/datasets/places/val_formatted/187/Places365_val_00001731.jpg,ice shelf,True,False,True,yes,abiotic,material,"The target entity is an ice shelf. The visual evidence shows a large expanse of ice floating in a body of water, characteristic of polar regions. Ice shelves are classified under Non-Living Natural Elements & Processes, specifically Hydrological Components, fulfilling the inclusion criteria for nature. Since nature is 'yes', I evaluate the sub-axes. An ice shelf is a hydrological component, placing it under the abiotic category. Because the image is an unfiltered documentary depiction capturing a real-world physical environment, it is classified as material under the Tangibility axis.",False
/home/pmonserrat/datasets/places/val_formatted/19/Places365_val_00000014.jpg,art gallery,False,,,no,none,none,"The target entity is an art gallery. The visual evidence shows a building with a large mural or sculpture on its exterior. The mural depicts a human figure, but the building itself is a constructed structure. Since the art gallery is a human-made establishment and not a natural entity, it does not fall under the inclusion criteria for nature. Not applicable since the entity is not classified as nature.",False
/home/pmonserrat/datasets/places/val_formatted/19/Places365_val_00000911.jpg,art gallery,False,,,yes,none,immaterial,"The target entity is an art gallery. The visual evidence shows a wall with a painting, which is a representation of a person and abstract elements. Art galleries are spaces designed to display artistic works, which are typically representations or interpretations of natural or conceptual subjects. Since the primary function of an art gallery is to house and display artistic representations, it falls under the category of Representations of Nature. Since nature is 'yes', I evaluate the sub-axes. The painting on the wall is a representation of a person and abstract elements, which are artistic interpretations rather than physical natural entities. This makes the art gallery a space dedicated to displaying such representations, classifying it as immaterial under the Tangibility axis.",False
/home/pmonserrat/datasets/places/val_formatted/19/Places365_val_00001278.jpg,art gallery,False,,,no,none,none,"The target entity is an art gallery. The visual evidence shows a space designed for displaying artworks, including a large abstract painting on the wall. The gallery itself is a constructed environment and does not directly represent a more-than-human living entity, ecosystem, or natural process. However, the painting on display is a representation of nature, as it is an artistic depiction. Not applicable since the entity is not classified as nature.",False
/home/pmonserrat/datasets/places/val_formatted/19/Places365_val_00001338.jpg,art gallery,False,,,no,none,none,"The target entity is an art gallery. The visual evidence shows a space where paintings are displayed on walls. The paintings themselves are artistic representations of human faces, which are not classified as nature under the provided definitions. The gallery space is a constructed environment and does not fall under the categories of flora, fauna, fungi, ecosystems, or non-living natural elements and processes. Therefore, the art gallery as a whole does not count as nature. Not applicable since the entity is not classified as nature.",False
/home/pmonserrat/datasets/places/val_formatted/19/Places365_val_00001834.jpg,art gallery,False,,,no,none,none,"The target entity is an art gallery. The visual evidence shows an indoor space with various artworks displayed on the walls and a prominent light sculpture in the center. Art galleries are human-made structures and do not fall under the categories of flora, fauna, fungi, or natural environments. They are not classified as nature-based artefacts or activities, nor do they represent nature in any form. Therefore, they are excluded from the nature taxonomy. Not applicable since the entity is not classified as nature.",False
/home/pmonserrat/datasets/places/val_formatted/190/Places365_val_00000348.jpg,iceberg,True,False,True,yes,abiotic,material,"The target entity is an iceberg. The visual evidence shows a real-world physical object made of ice, which is a geological and hydrological element. Icebergs are classified under Non-Living Natural Elements & Processes, fulfilling the inclusion criteria for nature. Since nature is 'yes', I evaluate the sub-axes. An iceberg is a hydrological component, placing it under the Hydrological category within the abiotic category. Because the image is an unfiltered documentary depiction capturing a real-world physical environment, it is classified as material under the Tangibility axis.",False
/home/pmonserrat/datasets/places/val_formatted/190/Places365_val_00001429.jpg,iceberg,True,False,True,yes,abiotic,material,"The target entity is an iceberg. The visual evidence shows a large, floating mass of ice in the ocean. Icebergs are classified under Hydrological Components within the Non-Living Natural Elements & Processes, fulfilling the inclusion criteria for nature. Since nature is 'yes', I evaluate the sub-axes. An iceberg is a hydrological component, placing it under the abiotic category. Because the image captures a real-world physical environment, it is classified as material under the Tangibility axis.",False
/home/pmonserrat/datasets/places/val_formatted/190/Places365_val_00002220.jpg,iceberg,True,False,True,yes,abiotic,material,"The target entity is an iceberg. The visual evidence shows a real-world physical object made of ice, which is a geological and hydrological element. Icebergs are classified under Non-Living Natural Elements & Processes, fulfilling the inclusion criteria for nature. Since nature is 'yes', I evaluate the sub-axes. An iceberg is a large piece of freshwater ice that has broken off a glacier or ice shelf and is floating in open water. This places it under Hydrological Components within the abiotic category. Because the image is an unfiltered documentary depiction capturing a real-world physical environment, it is classified as material under the Tangibility axis.",False
/home/pmonserrat/datasets/places/val_formatted/190/Places365_val_00002237.jpg,iceberg,True,False,True,yes,abiotic,material,"The target entity is an iceberg. The visual evidence shows a large, floating mass of ice in a body of water. Icebergs are classified under Hydrological Components within the Non-Living Natural Elements & Processes, fulfilling the inclusion criteria for nature. Since nature is 'yes', I evaluate the sub-axes. An iceberg is a hydrological component, placing it under the abiotic category. Because the image is an unfiltered documentary photograph capturing a real-world physical environment, it is classified as material under the Tangibility axis.",False
/home/pmonserrat/datasets/places/val_formatted/190/Places365_val_00002656.jpg,iceberg,True,False,True,yes,abiotic,material,"The target entity is an iceberg. The visual evidence shows a large, floating mass of ice in a body of water. Icebergs are classified under Hydrological Components within the Non-Living Natural Elements & Processes, fulfilling the inclusion criteria for nature. Since nature is 'yes', I evaluate the sub-axes. An iceberg is a geological and hydrological formation, placing it under Hydrological Components within the abiotic category. Because the image is an unfiltered documentary depiction capturing a real-world physical environment, it is classified as material under the Tangibility axis.",False
/home/pmonserrat/datasets/places/val_formatted/191/Places365_val_00000488.jpg,igloo,True,False,True,yes,abiotic,material,"The target entity is an igloo. The visual evidence shows a structure made of compacted snow, which is a natural material. Igloos are constructed by humans using snow, a non-living natural element, and they are not living organisms themselves. They fall under the category of Non-Living Natural Elements & Processes, specifically Hydrological Components, as they are related to snow and ice. Since nature is 'yes', I evaluate the sub-axes. An igloo is a human-made structure using snow, placing it under Hydrological Components within the abiotic category. Because the image captures a real-world physical environment with a tangible structure, it is classified as material under the Tangibility axis.",False
/home/pmonserrat/datasets/places/val_formatted/191/Places365_val_00000550.jpg,igloo,True,False,True,yes,abiotic,material,"The target entity is an igloo. The visual evidence shows a structure made of snow, which is a natural material. Snow is classified under Hydrological Components within the Non-Living Natural Elements & Processes, fulfilling the inclusion criteria for nature. Since nature is 'yes', I evaluate the sub-axes. An igloo is a structure made from snow, which is a hydrological component, placing it under the abiotic category. Because the image captures a real-world physical environment, it is classified as material under the Tangibility axis.",False
/home/pmonserrat/datasets/places/val_formatted/191/Places365_val_00000664.jpg,igloo,True,False,True,yes,abiotic,material,"The target entity is an igloo. The visual evidence shows a structure made of snow, which is a natural material. Igloos are constructed by humans using snow, a non-living natural element, and they are often associated with Arctic environments. Since the igloo is made from a natural material and represents a human-made structure within a natural context, it counts as a Nature-Based Artefact. Since nature is 'yes', I evaluate the sub-axes. An igloo is constructed from snow, which is a natural material, placing it under Non-Living Natural Elements & Processes within the abiotic category. Because the igloo is a physical structure made from a real-world natural material and occupies space, it is classified as material under the Tangibility axis.",False
/home/pmonserrat/datasets/places/val_formatted/191/Places365_val_00002132.jpg,igloo,True,False,True,yes,abiotic,material,"The target entity is an igloo. The visual evidence shows a structure made of compacted snow, a natural material. Igloos are constructed by Inuit communities as shelters in Arctic regions, utilizing snow as the primary building material. Since igloos are made from a natural substance and are a human-made structure within a natural environment, they fall under the category of Nature-Based Artefacts. Since nature is 'yes', I evaluate the sub-axes. An igloo is constructed from snow, which is a geological and hydrological component, placing it under the abiotic category. Because the igloo is a physical structure made from a natural material and occupies space, it is classified as material under the Tangibility axis.",False
/home/pmonserrat/datasets/places/val_formatted/191/Places365_val_00002969.jpg,igloo,True,False,True,yes,abiotic,material,"The target entity is an igloo. The visual evidence shows a structure made of snow and ice, which are natural materials. Igloos are constructed by humans using natural materials, but they are not living entities themselves. They fall under the category of Non-Living Natural Elements & Processes, specifically Hydrological Components, as they are made from snow and ice. Since nature is 'yes', I evaluate the sub-axes. An igloo is a human-made structure using natural materials (snow and ice), placing it under Hydrological Components within the abiotic category. Because the image is an unfiltered documentary depiction capturing a real-world physical environment, it is classified as material under the Tangibility axis.",False
/home/pmonserrat/datasets/places/val_formatted/196/Places365_val_00000558.jpg,jail cell,False,,,no,none,none,"The target entity is a jail cell. The visual evidence shows a constructed environment with walls, floors, and railings, which are human-made structures. Since human beings and their constructed environments are explicitly excluded from the nature taxonomy, this does not count as nature. Not applicable since the entity is not classified as nature.",False
/home/pmonserrat/datasets/places/val_formatted/196/Places365_val_00000711.jpg,jail cell,False,,,no,none,none,"The target entity is a jail cell. The visual evidence shows a constructed environment made of concrete and metal, designed for human confinement. This is a manufactured structural object where the original natural texture is completely unidentifiable and altered. It does not depict a natural entity or process and falls under the Homogenous Artefacts exclusion, failing the criteria for nature. Not applicable since the entity is not classified as nature.",False
/home/pmonserrat/datasets/places/val_formatted/196/Places365_val_00000817.jpg,jail cell,False,,,no,none,none,"The target entity is a jail cell. The visual evidence shows a man-made structure made of metal bars with signs of rust and moss growth. Since human beings and human-made structures are explicitly excluded from the nature taxonomy, this instance does not count as nature. Not applicable since the entity is not classified as nature.",False
/home/pmonserrat/datasets/places/val_formatted/196/Places365_val_00001294.jpg,jail cell,False,,,no,none,none,"The target entity is a jail cell. The visual evidence shows a constructed, enclosed space with walls and a ceiling, designed for confinement. This is a manufactured structural object with no natural material or living entity present. It falls under the Homogenous Artefacts exclusion and does not fulfill the criteria for nature. Not applicable since the entity is not classified as nature.",False
/home/pmonserrat/datasets/places/val_formatted/196/Places365_val_00002421.jpg,jail cell,False,,,no,none,none,"The target entity is a jail cell. The visual evidence shows a constructed environment with metal frames, beds, and partitions. This is a human-made structure designed for confinement and does not fall under the categories of flora, fauna, fungi, or natural processes. It is a manufactured space without any direct reference to more-than-human living entities or natural elements. Not applicable since the entity is not classified as nature.",False
/home/pmonserrat/datasets/places/val_formatted/199/Places365_val_00000252.jpg,junkyard,False,,,no,none,none,"The target entity is a junkyard. The visual evidence shows a collection of old, abandoned vehicles stored in a sheltered area. Junkyards are environments where non-living, processed objects are stored, and they do not fall under the categories of flora, fauna, fungi, or natural processes. They are human-made spaces and do not meet the criteria for nature under the provided taxonomy. Not applicable since the entity is not classified as nature.",False
/home/pmonserrat/datasets/places/val_formatted/199/Places365_val_00000604.jpg,junkyard,False,,,no,none,none,"The target entity is a junkyard. The visual evidence shows a collection of old, rusted vehicles and debris. Junkyards are environments where discarded human-made objects are stored, and they do not fall under the categories of flora, fauna, fungi, or natural processes. They are primarily human-made spaces and do not meet the criteria for nature under the provided definition. Not applicable since the entity is not classified as nature.",False
/home/pmonserrat/datasets/places/val_formatted/199/Places365_val_00000640.jpg,junkyard,False,,,no,none,none,"The target entity is a junkyard. The visual evidence shows a collection of old, rusted vehicles and machinery in an outdoor setting. Junkyards are environments where discarded or non-functional items are stored, and they do not fall under the categories of flora, fauna, fungi, or natural processes. They are human-made spaces and do not meet the criteria for nature under the provided definition. Not applicable since the entity is not classified as nature.",False
/home/pmonserrat/datasets/places/val_formatted/199/Places365_val_00001959.jpg,junkyard,False,,,no,none,none,"The target entity is a junkyard. The visual evidence shows a large area filled with various types of discarded waste and debris, including broken objects and discarded materials. This environment is characterized by accumulated human-made waste rather than natural elements or processes. Since junkyards are primarily composed of human-generated waste and do not fall under the categories of flora, fauna, fungi, or natural ecosystems, they are excluded from the nature definition. Not applicable since the entity is not classified as nature.",False
/home/pmonserrat/datasets/places/val_formatted/199/Places365_val_00002118.jpg,junkyard,False,,,no,none,none,"The target entity is a junkyard. The visual evidence shows a collection of discarded and broken wooden objects, including a cart and other debris. While the materials (wood) are derived from Flora, the junkyard itself is a human-made environment used for storing discarded items. Since it is primarily a human-made structure and not a natural ecosystem or a direct representation of nature, it does not fulfill the inclusion criteria for nature. Not applicable since the entity is not classified as nature.",False
/home/pmonserrat/datasets/places/val_formatted/2/Places365_val_00001039.jpg,airport terminal,False,,,no,none,none,"The target entity is an airport terminal. The visual evidence shows a modern, constructed building with artificial lighting and materials such as metal and concrete. This is a manufactured structural object where the original natural texture is completely unidentifiable and altered. It does not depict a natural entity and falls strictly under the Homogenous Artefacts exclusion, failing the criteria for nature. Not applicable since the entity is not classified as nature.",False
/home/pmonserrat/datasets/places/val_formatted/2/Places365_val_00001065.jpg,airport terminal,False,,,no,none,none,"The target entity is an airport terminal. The visual evidence shows a modern architectural structure designed for human use, with no natural elements or processes present. It is a manufactured homogenous artefact where the original natural texture is unidentifiable and the object does not depict a natural entity. Therefore, it falls strictly under the Homogenous Artefacts exclusion and fails the criteria for nature. Not applicable since the entity is not classified as nature.",False
/home/pmonserrat/datasets/places/val_formatted/2/Places365_val_00001110.jpg,airport terminal,False,,,no,none,none,"The target entity is an airport terminal. The visual evidence shows a modern architectural structure with artificial lighting, signage, and human activity. Under the provided taxonomy, human beings and human-made structures are explicitly excluded from the nature category. The terminal is a constructed environment designed for human use and does not fall under any of the more-than-human living entities, ecosystems, or natural processes defined in the nature inclusion scope. Not applicable since the entity is not classified as nature.",False
/home/pmonserrat/datasets/places/val_formatted/2/Places365_val_00001373.jpg,airport terminal,False,,,no,none,none,"The target entity is an airport terminal. The visual evidence shows a modern architectural structure with glass and metal elements. This is a human-made building designed for transportation purposes. Since human-made structures that do not depict or derive from natural entities are excluded from the nature taxonomy, this does not count as nature. Not applicable since the entity is not classified as nature.",False
/home/pmonserrat/datasets/places/val_formatted/2/Places365_val_00003113.jpg,airport terminal,False,,,no,none,none,"The target entity is an airport terminal. The visual evidence shows a large industrial building with people working inside. Under the provided taxonomy, human beings and their constructed environments are explicitly excluded from the nature category. The structure is a manufactured homogenous artefact with no identifiable natural material or texture, and it does not depict a natural entity. Not applicable since the entity is not classified as nature.",False
/home/pmonserrat/datasets/places/val_formatted/20/Places365_val_00000215.jpg,art school,False,,,no,none,none,"The target entity is an art school. The visual evidence shows a classroom setting with children engaged in an activity involving chocolate sculptures. The art school itself is an institution, not a natural entity or environment. It does not fall under the categories of flora, fauna, fungi, ecosystems, or any of the non-living natural elements and processes defined in the taxonomy. Additionally, it is not a nature-based artifact or activity, nor a representation of nature. Not applicable since the entity is not classified as nature.",False
/home/pmonserrat/datasets/places/val_formatted/20/Places365_val_00001677.jpg,art school,False,,,no,none,none,"The target entity is an art school. The visual evidence shows a physical structure or location where artistic activities are conducted. However, under the provided taxonomy, human-made institutions and places do not fall under the categories of Nature, Biotic, or Abiotic. Art schools are human constructs and do not meet the criteria for more-than-human living entities, ecosystems, or natural processes. Not applicable since the entity is not classified as nature.",False
/home/pmonserrat/datasets/places/val_formatted/20/Places365_val_00001827.jpg,art school,False,,,no,none,none,"The target entity is an art school. The visual evidence shows a setting where individuals are engaged in artistic activities, such as painting. However, an art school itself is an institution or place, not a direct representation of nature. It does not fall under the categories of flora, fauna, fungi, ecosystems, or any of the non-living natural elements and processes defined in the taxonomy. Therefore, it does not count as nature under the provided definition. Not applicable since the entity is not classified as nature.",False
/home/pmonserrat/datasets/places/val_formatted/20/Places365_val_00003124.jpg,art school,False,,,no,none,none,"The target entity is an art school. The visual evidence shows a group of people in front of a wall displaying various artworks. An art school is an educational institution focused on teaching artistic skills and does not fall under the categories of more-than-human living entities, ecosystems, or natural processes. It is a human-made institution and does not meet the criteria for nature under the provided definition. Not applicable since the entity is not classified as nature.",False
/home/pmonserrat/datasets/places/val_formatted/20/Places365_val_00003305.jpg,art school,False,,,no,none,none,"The target entity is an art school. The visual evidence shows a classroom setting with individuals engaged in pottery making. Art schools are institutions for education and do not fall under the categories of more-than-human living entities, ecosystems, or natural processes. They are human-made structures and environments, and thus do not meet the criteria for nature under the provided taxonomy. Not applicable since the entity is not classified as nature.",False
/home/pmonserrat/datasets/places/val_formatted/200/Places365_val_00000068.jpg,kasbah,False,,,no,none,none,"The target entity is a kasbah, which is a type of fortified building or palace, often found in North Africa and the Middle East. The visual evidence shows a large, ornate structure with architectural details. Kasbahs are man-made structures and do not fall under the categories of flora, fauna, fungi, or natural processes. They are not classified as nature-based artefacts because they are primarily constructed and do not retain the natural material of origin in a visually identifiable way. Not applicable since the entity is not classified as nature.",False
/home/pmonserrat/datasets/places/val_formatted/200/Places365_val_00000988.jpg,kasbah,False,,,no,none,none,"The target entity is a kasbah, a type of fortified building. The visual evidence shows a large, historic structure built into a rocky hillside. Kasbahs are architectural structures made of stone and are not living entities. They are part of the human-made environment and do not fall under the categories of flora, fauna, fungi, or natural processes. Therefore, they are excluded from the nature definition. Not applicable since the entity is not classified as nature.",False
/home/pmonserrat/datasets/places/val_formatted/200/Places365_val_00001141.jpg,kasbah,False,,,no,none,none,"The target entity is a kasbah. The visual evidence shows a historical stone building with architectural features typical of kasbahs, which are traditional fortified structures found in North Africa and the Middle East. Kasbahs are man-made structures and do not fall under the categories of flora, fauna, fungi, or natural processes. They are constructed by humans and do not meet the criteria for more-than-human living entities or natural environments. Not applicable since the entity is not classified as nature.",False
/home/pmonserrat/datasets/places/val_formatted/200/Places365_val_00001306.jpg,kasbah,False,,,no,none,none,"The target entity is a kasbah, which is a type of fortified tower or building found in North Africa and the Middle East. The visual evidence shows a historical structure made of stone or brick, integrated into a natural landscape with surrounding greenery. Kasbahs are architectural structures that are part of the human-made environment but are often situated within natural settings. Since the kasbah itself is a man-made structure, it does not fall under the category of more-than-human living entities or natural processes. However, the surrounding environment, including the green grass and trees, does count as nature. Not applicable since the entity is not classified as nature.",False
/home/pmonserrat/datasets/places/val_formatted/200/Places365_val_00001401.jpg,kasbah,False,,,yes,abiotic,material,"The target entity is a kasbah, which appears to be an ancient stone structure with columns and ruins. Kasbahs are typically historical buildings made of natural materials like stone and brick. Since the structure is made of natural materials and is part of a historical site, it falls under the category of Nature-Based Artefacts, specifically Geological & Topographical Components. Since nature is 'yes', I evaluate the sub-axes. A kasbah is a man-made structure, but it is made from natural materials like stone and brick, placing it under Geological & Topographical Components within the abiotic category. Because this is an unfiltered documentary photograph capturing a real-world physical landscape, it is classified as material under the Tangibility axis.",False
/home/pmonserrat/datasets/places/val_formatted/204/Places365_val_00000151.jpg,lagoon,True,False,True,yes,abiotic,material,"The target entity is a lagoon. The visual evidence shows a body of water surrounded by land, which is characteristic of a lagoon. Hydrological components (rivers, ponds, lakes, streams) are explicitly classified under Non-Living Natural Elements & Processes, fulfilling the inclusion criteria for nature. Since nature is 'yes', I evaluate the sub-axes. A lagoon is a hydrological component, placing it under Hydrological Components within the abiotic category. Because the image is an unfiltered documentary depiction capturing a real-world physical environment, it is classified as material under the Tangibility axis.",False
/home/pmonserrat/datasets/places/val_formatted/204/Places365_val_00000806.jpg,lagoon,True,False,True,yes,abiotic,material,"The target entity is a lagoon. The visual evidence shows a body of water surrounded by land, which is a hydrological component. Hydrological components (rivers, ponds, lakes, streams) are explicitly classified under Non-Living Natural Elements & Processes, fulfilling the inclusion criteria for nature. Since nature is 'yes', I evaluate the sub-axes. A lagoon is a fluid flow, placing it under Hydrological Components within the abiotic category. Because the image is an unfiltered documentary depiction capturing a real-world physical environment, it is classified as material under the Tangibility axis.",False
/home/pmonserrat/datasets/places/val_formatted/204/Places365_val_00001417.jpg,lagoon,True,False,True,yes,abiotic,material,"The target entity is a lagoon. The visual evidence shows a body of water surrounded by land, with people swimming and standing in it. Hydrological components (rivers, ponds, lakes, streams) are explicitly classified under Non-Living Natural Elements & Processes, fulfilling the inclusion criteria for nature. Since nature is 'yes', I evaluate the sub-axes. A lagoon is a fluid flow, placing it under Hydrological Components within the abiotic category. Because the image is an unfiltered documentary depiction capturing a real-world physical environment, it is classified as material under the Tangibility axis.",False
/home/pmonserrat/datasets/places/val_formatted/204/Places365_val_00001478.jpg,lagoon,True,False,True,yes,abiotic,material,"The target entity is a lagoon. The visual evidence shows a body of water surrounded by land, with a mountain in the background. Hydrological components (rivers, ponds, lakes, streams) are explicitly classified under Non-Living Natural Elements & Processes, fulfilling the inclusion criteria for nature. Since nature is 'yes', I evaluate the sub-axes. A lagoon is a body of water, placing it under Hydrological Components within the abiotic category. Because the image is an unfiltered documentary photograph capturing a real-world physical environment, it is classified as material under the Tangibility axis.",False
/home/pmonserrat/datasets/places/val_formatted/204/Places365_val_00001722.jpg,lagoon,True,False,True,yes,abiotic,material,"The target entity is a lagoon. The visual evidence shows a body of water surrounded by land, with visible mud and water channels. Hydrological components (rivers, ponds, lakes, streams) are explicitly classified under Non-Living Natural Elements & Processes, fulfilling the inclusion criteria for nature. Since nature is 'yes', I evaluate the sub-axes. A lagoon is a hydrological feature, placing it under Hydrological Components within the abiotic category. Because the image is an unfiltered documentary depiction capturing a real-world physical environment, it is classified as material under the Tangibility axis.",False
/home/pmonserrat/datasets/places/val_formatted/206/Places365_val_00000128.jpg,landfill,False,,,no,none,none,"The target entity is a landfill. The visual evidence shows a site with accumulated waste, debris, and discarded materials. This is a human-made environment characterized by the disposal of non-natural elements, which does not fit within the inclusion scope of more-than-human living entities, ecosystems, or natural processes. It is a constructed site rather than a natural environment. Not applicable since the entity is not classified as nature.",False
/home/pmonserrat/datasets/places/val_formatted/206/Places365_val_00000250.jpg,landfill,False,,,no,none,none,"The target entity is a landfill. The visual evidence shows a large area filled with accumulated waste and debris. Landfills are human-made environments characterized by the disposal of non-living materials, which do not fit the inclusion criteria for nature as defined by the taxonomy. They are not natural ecosystems or processes but rather a result of human activity. Not applicable since the entity is not classified as nature.",False
/home/pmonserrat/datasets/places/val_formatted/206/Places365_val_00000548.jpg,landfill,False,,,no,none,none,"The target entity is a landfill. The visual evidence shows a large area filled with debris, rubble, and discarded materials. This is a human-made environment resulting from waste accumulation, which does not fit the inclusion criteria for nature as defined. It is a processed and altered landscape, not a natural ecosystem or a more-than-human living entity. Not applicable since the entity is not classified as nature.",False
/home/pmonserrat/datasets/places/val_formatted/206/Places365_val_00000701.jpg,landfill,False,,,no,none,none,"The target entity is a landfill. The visual evidence shows a large pile of discarded materials, including various types of waste and debris. Landfills are human-made environments where non-living waste materials accumulate, and they do not fall under the categories of flora, fauna, fungi, or natural ecosystems. They are not considered part of the natural environment but rather a result of human activity. Not applicable since the entity is not classified as nature.",False
/home/pmonserrat/datasets/places/val_formatted/206/Places365_val_00000703.jpg,landfill,False,,,no,none,none,"The target entity is a landfill. The visual evidence shows a large pile of waste materials, including discarded household items and debris. Landfills are human-made environments where non-living waste materials accumulate, but they do not fall under the categories of flora, fauna, fungi, or natural processes as defined in the taxonomy. They are not classified as nature-based artefacts or representations of nature. Not applicable since the entity is not classified as nature.",False
/home/pmonserrat/datasets/places/val_formatted/207/Places365_val_00000492.jpg,landing deck,False,,,no,none,none,"The target entity is a landing deck on a ship. The visual evidence shows a man-made structure designed for the operation of aircraft on a naval vessel. Since the landing deck is a manufactured structural object and does not depict a natural entity, it falls under the Homogenous Artefacts exclusion and fails the criteria for nature. Not applicable since the entity is not classified as nature.",False
/home/pmonserrat/datasets/places/val_formatted/207/Places365_val_00000886.jpg,landing deck,False,,,no,none,none,"The target entity is a landing deck. The visual evidence shows a man-made surface on a ship used for aircraft operations. Homogenous artefacts, which are manufactured structural objects where the original natural texture is unidentifiable and the object does not depict a natural entity, are explicitly excluded from the nature classification. Since the landing deck is a functional, man-made structure without any natural material or origin visible, it does not count as nature. Not applicable since the entity is not classified as nature.",False
/home/pmonserrat/datasets/places/val_formatted/207/Places365_val_00001464.jpg,landing deck,False,,,no,none,none,"The target entity is a landing deck. The visual evidence shows a man-made surface on a ship designed for landing helicopters. This is a manufactured structural object where the original natural texture is completely unidentifiable and altered. It does not depict a natural entity or process, and it falls strictly under the Homogenous Artefacts exclusion, failing the criteria for nature. Not applicable since the entity is not classified as nature.",False
/home/pmonserrat/datasets/places/val_formatted/207/Places365_val_00001523.jpg,landing deck,False,,,no,none,none,"The target entity is a landing deck on an aircraft carrier. The visual evidence shows a constructed platform used for landing helicopters. This is a manufactured structural object and does not possess any natural characteristics or elements. It is a human-made environment and falls under the Homogenous Artefacts exclusion, failing the criteria for nature. Not applicable since the entity is not classified as nature.",False
/home/pmonserrat/datasets/places/val_formatted/207/Places365_val_00002099.jpg,landing deck,False,,,no,none,none,"The target entity is a landing deck. The visual evidence shows a man-made platform on a ship, used for landing helicopters. This is a manufactured structural object and does not fall under the categories of flora, fauna, fungi, or natural environments. It is a human-made structure and does not meet the criteria for nature under the provided definition. Not applicable since the entity is not classified as nature.",False
/home/pmonserrat/datasets/places/val_formatted/208/Places365_val_00000118.jpg,laundromat,False,,,no,none,none,"The target entity is a laundromat. The visual evidence shows a room with washing machines and cabinets. This is a manufactured functional space designed for human use, not a natural environment or a more-than-human living entity. It does not fall under any of the inclusion scopes for nature, such as flora, fauna, ecosystems, or natural processes. Not applicable since the entity is not classified as nature.",False
/home/pmonserrat/datasets/places/val_formatted/208/Places365_val_00000442.jpg,laundromat,False,,,no,none,none,"The target entity is a laundromat. The visual evidence shows a facility with multiple washing machines and dryers, which are manufactured functional objects. Since the original natural texture of the materials is completely unidentifiable and altered, and the object does not depict a natural entity, it falls strictly under the Homogenous Artefacts exclusion and fails the criteria for nature. Not applicable since the entity is not classified as nature.",False
/home/pmonserrat/datasets/places/val_formatted/208/Places365_val_00000865.jpg,laundromat,False,,,no,none,none,"The target entity is a laundromat. The visual evidence shows a facility with washing machines, dryers, and piles of laundry. A laundromat is a human-made establishment designed for the purpose of washing and drying clothes. It does not fall under any of the categories of more-than-human living entities, ecosystems, or natural processes as defined in the taxonomy. Human-made structures and services are explicitly excluded from the nature classification. Not applicable since the entity is not classified as nature.",False
/home/pmonserrat/datasets/places/val_formatted/208/Places365_val_00001473.jpg,laundromat,False,,,no,none,none,"The target entity is a laundromat. The visual evidence shows a setting with washing machines and dryers, which are manufactured functional objects. Since these are homogenous artefacts where the original natural texture is unidentifiable and the object does not depict a natural entity, it falls strictly under the Homogenous Artefacts exclusion and fails the criteria for nature. Not applicable since the entity is not classified as nature.",False
/home/pmonserrat/datasets/places/val_formatted/208/Places365_val_00001483.jpg,laundromat,False,,,no,none,none,"The target entity is a laundromat. The visual evidence shows a row of washing machines, which are manufactured functional objects made of metal and plastic. These machines are used for washing clothes and do not have any natural material or living components. They fall under the Homogenous Artefacts exclusion as they do not depict a natural entity and the original natural texture is completely unidentifiable and altered. Not applicable since the entity is not classified as nature.",False
/home/pmonserrat/datasets/places/val_formatted/209/Places365_val_00000269.jpg,lawn,True,True,True,yes,biotic,material,"The target entity is a lawn. The visual evidence shows a grassy area in front of a building, surrounded by trees and other vegetation. This is a natural environment characterized by living plants, fulfilling the inclusion criteria for ecosystems and environments under the Nature definition. Since nature is 'yes', I evaluate the sub-axes. A lawn is primarily composed of grass, which falls under Flora & Plant Derivatives within the biotic category. Because it is a real-world physical area with mass that occupies space, it is classified as material under the Tangibility axis.",False
/home/pmonserrat/datasets/places/val_formatted/209/Places365_val_00000520.jpg,lawn,True,True,True,yes,biotic,material,"The target entity is a lawn. The visual evidence shows a well-maintained grassy area, which is a cultivated ecosystem. Lawns are explicitly included under Ecosystems & Environments in the Nature definition, as they are natural or semi-natural environments where non-human entities exist and interact. Since nature is 'yes', I evaluate the sub-axes. A lawn is a biological ecosystem defined by the living community of grass and other plants, placing it under Flora & Plant Derivatives within the biotic category. Because it is a real-world physical environment with mass that occupies space, it is classified as material under the Tangibility axis.",False
/home/pmonserrat/datasets/places/val_formatted/209/Places365_val_00000693.jpg,lawn,True,True,True,yes,biotic,material,"The target entity is a lawn. The visual evidence shows a grassy area, which is a cultivated or naturally occurring vegetation. Grass falls under Flora & Plant Derivatives within the inclusion scope of More-Than-Human Living Entities, fulfilling the criteria for nature. Since nature is 'yes', I evaluate the sub-axes. A lawn is composed of grass, which is a plant, placing it under Flora & Plant Derivatives within the biotic category. Because the lawn is a real-world physical environment with mass that occupies space, it is classified as material under the Tangibility axis.",False
/home/pmonserrat/datasets/places/val_formatted/209/Places365_val_00000871.jpg,lawn,True,True,True,yes,biotic,material,"The target entity is a lawn. The visual evidence shows a well-maintained grassy area, which is a cultivated ecosystem. Lawns are explicitly classified under Ecosystems & Environments in the inclusion scope of Nature, fulfilling the criteria for nature. Since nature is 'yes', I evaluate the sub-axes. A lawn is a biological ecosystem defined by the living community of grass and other plant life, placing it under Flora & Plant Derivatives within the biotic category. Because it is a real-world physical environment with mass that occupies space, it is classified as material under the Tangibility axis.",False
/home/pmonserrat/datasets/places/val_formatted/209/Places365_val_00001241.jpg,lawn,True,True,True,yes,biotic,material,"The target entity is a lawn. The visual evidence shows a well-maintained grassy area, which is a natural or semi-natural environment where non-human entities exist and interact. This fits under the Ecosystems & Environments category, fulfilling the inclusion criteria for nature. Since nature is 'yes', I evaluate the sub-axes. A lawn is a grassy area, which is a part of the Flora & Plant Derivatives within the biotic category. Because it is a real-world physical object with mass that occupies space, it is classified as material under the Tangibility axis.",False
/home/pmonserrat/datasets/places/val_formatted/210/Places365_val_00000028.jpg,lecture room,False,,,no,none,none,"The target entity is a lecture room. The visual evidence shows a room filled with people seated in rows, likely attending a lecture or event. A lecture room is a human-made structure designed for educational purposes and does not fall under the categories of flora, fauna, fungi, ecosystems, or non-living natural elements as defined in the taxonomy. It is a constructed environment intended for human activities and does not meet the criteria for nature under the provided definition. Not applicable since the entity is not classified as nature.",False
/home/pmonserrat/datasets/places/val_formatted/210/Places365_val_00000211.jpg,lecture room,False,,,no,none,none,"The target entity is a lecture room. The visual evidence shows a constructed indoor space with seating arrangements, tables, and other human-made elements. Since the lecture room is a human-made structure and does not fall under any of the categories of more-than-human living entities, ecosystems, or natural processes, it is excluded from the nature taxonomy. Not applicable since the entity is not classified as nature.",False
/home/pmonserrat/datasets/places/val_formatted/210/Places365_val_00000317.jpg,lecture room,False,,,no,none,none,"The target entity is a lecture room. The visual evidence shows a human-made indoor space designed for gatherings and educational purposes. Since human beings and human-made structures are explicitly excluded from the nature taxonomy, this instance does not count as nature. Not applicable since the entity is not classified as nature.",False
/home/pmonserrat/datasets/places/val_formatted/210/Places365_val_00000744.jpg,lecture room,False,,,no,none,none,"The target entity is a lecture room. The visual evidence shows a manufactured structural object designed for human use, with no natural material or living organism present. It is a human-made environment and does not fall under the categories of flora, fauna, fungi, or natural processes. Therefore, it does not count as nature under the provided definition. Not applicable since the entity is not classified as nature.",False
/home/pmonserrat/datasets/places/val_formatted/210/Places365_val_00001784.jpg,lecture room,False,,,no,none,none,"The target entity is a lecture room. The visual evidence shows a constructed indoor space designed for human activities, specifically for educational purposes. This space is characterized by artificial elements such as walls, ceilings, and seating arrangements, which are not part of the natural environment. Since the lecture room is a human-made structure and does not fall under any of the categories of more-than-human living entities, ecosystems, or natural processes, it does not qualify as nature under the provided definition. Not applicable since the entity is not classified as nature.",False
/home/pmonserrat/datasets/places/val_formatted/214/Places365_val_00000570.jpg,lighthouse,False,,,no,none,none,"The target entity is a lighthouse. The visual evidence shows a man-made structure built on rocky terrain near the sea. Since lighthouses are human-made structures and not natural entities, they fall under the Homogenous Artefacts exclusion and fail the criteria for nature. Not applicable since the entity is not classified as nature.",False
/home/pmonserrat/datasets/places/val_formatted/214/Places365_val_00002880.jpg,lighthouse,False,,,no,none,none,"The target entity is a lighthouse. The visual evidence shows a man-made structure built on a concrete platform extending into a body of water. Lighthouses are human-made structures designed to serve a functional purpose (guiding maritime navigation) and do not fall under the categories of flora, fauna, fungi, or natural processes. They are constructed by humans and are not part of the natural environment in the sense defined by the taxonomy. Not applicable since the entity is not classified as nature.",False
/home/pmonserrat/datasets/places/val_formatted/214/Places365_val_00002891.jpg,lighthouse,False,,,no,none,none,"The target entity is a lighthouse. The visual evidence shows a man-made structure situated on a small island or coastal area. Lighthouses are human-made constructions designed to aid maritime navigation. Since human-made structures that do not depict natural entities or materials are classified under Homogenous Artefacts and are excluded from the nature taxonomy, this lighthouse does not count as nature. Not applicable since the entity is not classified as nature.",False
/home/pmonserrat/datasets/places/val_formatted/214/Places365_val_00003292.jpg,lighthouse,False,,,no,none,none,"The target entity is a lighthouse. The visual evidence shows a man-made structure with a red and white tower, typically used for maritime navigation. Since lighthouses are human-made structures and not natural entities, they fall under the Homogenous Artefacts exclusion and fail the criteria for nature. Not applicable since the entity is not classified as nature.",False
/home/pmonserrat/datasets/places/val_formatted/214/Places365_val_00003302.jpg,lighthouse,False,,,no,none,none,"The target entity is a lighthouse. The visual evidence shows a man-made structure built on a rocky outcrop by the sea. While lighthouses are human-made, they are often situated in natural environments and can be considered part of the interaction between human construction and nature. However, under the strict definitions provided, human-made structures that do not depict or reference natural entities are excluded from the 'nature' category unless they are explicitly part of a natural environment. Since the lighthouse is a constructed object and not a natural entity itself, it does not count as nature under this taxonomy. Not applicable since the entity is not classified as nature.",False
/home/pmonserrat/datasets/places/val_formatted/215/Places365_val_00000785.jpg,living room,False,,,no,none,none,"The target entity is a living room. The visual evidence shows an interior space with furniture, a water feature, and architectural elements. Since the living room is a human-made environment and not explicitly a natural or semi-natural environment where non-human entities exist and interact, it does not fulfill the inclusion criteria for nature. Not applicable since the entity is not classified as nature.",False
/home/pmonserrat/datasets/places/val_formatted/215/Places365_val_00001876.jpg,living room,False,,,no,none,none,"The target entity is a living room. The visual evidence shows a human-made interior space with furniture, electronic devices, and decorative items. Since human beings and their constructed environments are explicitly excluded from the nature taxonomy, this instance does not count as nature. Not applicable since the entity is not classified as nature.",False
/home/pmonserrat/datasets/places/val_formatted/215/Places365_val_00003477.jpg,living room,False,,,no,none,none,"The target entity is a living room. The visual evidence shows a room furnished with various items such as a sofa, chairs, a fireplace, and decorative elements. The living room itself is a human-made environment and does not directly fall under the categories of flora, fauna, fungi, or natural processes. It is a space designed for human activities and does not meet the criteria for nature under the provided definition. Not applicable since the entity is not classified as nature.",False
/home/pmonserrat/datasets/places/val_formatted/215/Places365_val_00004801.jpg,living room,False,,,no,none,none,"The target entity is a living room. The visual evidence shows a room furnished with various items such as sofas, a television, and a rug. The room itself is a human-made environment and does not fall under the categories of flora, fauna, fungi, or natural processes. It is a constructed space designed for human activities and does not meet the criteria for nature under the provided taxonomy. Not applicable since the entity is not classified as nature.",False
/home/pmonserrat/datasets/places/val_formatted/215/Places365_val_00005205.jpg,living room,False,,,no,none,none,"The target entity is a living room. The visual evidence shows a human-made interior space with furniture, decorations, and artwork. Since human beings and their constructed environments are explicitly excluded from the nature taxonomy, this instance does not count as nature. Not applicable since the entity is not classified as nature.",False
/home/pmonserrat/datasets/places/val_formatted/216/Places365_val_00000204.jpg,loading dock,False,,,no,none,none,"The target entity is a loading dock. The visual evidence shows a man-made structure made of brick and concrete, with no natural elements or processes directly involved. It is a manufactured functional object and does not depict a natural entity, failing the criteria for nature. Not applicable since the entity is not classified as nature.",False
/home/pmonserrat/datasets/places/val_formatted/216/Places365_val_00000429.jpg,loading dock,False,,,no,none,none,"The target entity is a loading dock. The visual evidence shows a constructed industrial structure made of metal and concrete. Since homogenous artefacts are excluded and the object does not depict a natural entity, it falls strictly under the Homogenous Artefacts exclusion and fails the criteria for nature. Not applicable since the entity is not classified as nature.",False
/home/pmonserrat/datasets/places/val_formatted/216/Places365_val_00000512.jpg,loading dock,False,,,no,none,none,"The target entity is a loading dock. The visual evidence shows a man-made structure used for loading and unloading goods. This structure is a manufactured functional object with no natural material or process involved. It does not fall under any of the categories of more-than-human living entities, ecosystems, or natural elements and processes. Therefore, it does not meet the criteria for nature under the provided taxonomy. Not applicable since the entity is not classified as nature.",False
/home/pmonserrat/datasets/places/val_formatted/216/Places365_val_00000680.jpg,loading dock,False,,,no,none,none,"The target entity is a school bus. The visual evidence shows a manufactured functional vehicle made primarily of metal and plastic. Since the original natural texture of the materials is completely unidentifiable and altered, and the object does not depict a natural entity, it falls strictly under the Homogenous Artefacts exclusion and fails the criteria for nature. Not applicable since the entity is not classified as nature.",False
/home/pmonserrat/datasets/places/val_formatted/216/Places365_val_00001021.jpg,loading dock,False,,,no,none,none,"The target entity is a loading dock. The visual evidence shows a manufactured structural object used for loading and unloading goods. It is made of metal and concrete, with no natural material or living organism involved. Since it is a homogenous artefact where the original natural texture is unidentifiable and the object does not depict a natural entity, it falls strictly under the Homogenous Artefacts exclusion and fails the criteria for nature. Not applicable since the entity is not classified as nature.",False
/home/pmonserrat/datasets/places/val_formatted/217/Places365_val_00000619.jpg,lobby,False,,,no,none,none,"The target entity is a lobby. The visual evidence shows an interior space with architectural elements such as columns, chandeliers, and decorative flooring. This is a manufactured structural environment designed by humans, lacking any direct reference to more-than-human living entities, ecosystems, or natural processes. It falls under the Homogenous Artefacts exclusion as it does not depict a natural entity and the original natural texture is unidentifiable. Not applicable since the entity is not classified as nature.",False
/home/pmonserrat/datasets/places/val_formatted/217/Places365_val_00000750.jpg,lobby,False,,,no,none,none,"The target entity is a lobby. The visual evidence shows an indoor space with furniture, tools, and materials. This is a constructed environment, not a natural setting. It does not fall under any of the categories of more-than-human living entities, ecosystems, or natural processes. It is a human-made space and therefore does not count as nature under the provided definition. Not applicable since the entity is not classified as nature.",False
/home/pmonserrat/datasets/places/val_formatted/217/Places365_val_00000914.jpg,lobby,False,,,no,none,none,"The target entity is a lobby. The visual evidence shows an indoor space with artificial lighting, signage, and people. This is a constructed environment made by humans, lacking any direct reference to more-than-human living entities, ecosystems, or natural processes. It falls under the Homogenous Artefacts exclusion as it does not depict a natural entity and the original natural texture is unidentifiable. Not applicable since the entity is not classified as nature.",False
/home/pmonserrat/datasets/places/val_formatted/217/Places365_val_00001081.jpg,lobby,False,,,yes,biotic,immaterial,"The target entity is a lobby with a floral carpet. The visual evidence shows a manufactured object (carpet) with a design that includes a representation of a flower. While the carpet itself is a manufactured item, the floral design is a representation of a natural entity (flower), which counts as a Nature-Based Artefact under the inclusion criteria for Representations of Nature. Since nature is 'yes', I evaluate the sub-axes. The floral design on the carpet represents a flower (flora), placing its conceptual subject under the biotic category. Although the carpet is a physical object, its primary purpose is representational and symbolic, depicting a natural entity. Therefore, under the Tangibility rules for representations, it is classified as immaterial.",False
/home/pmonserrat/datasets/places/val_formatted/217/Places365_val_00001706.jpg,lobby,False,,,no,none,none,"The target entity is a lobby. The visual evidence shows an indoor space with furniture, plants, and architectural elements. The presence of plants introduces a natural element, but the primary structure and design are human-made. The lobby itself is a constructed environment and does not fall under the categories of flora, fauna, fungi, or natural processes. It is a human-made space designed for social or functional purposes, not a natural entity. Not applicable since the entity is not classified as nature.",False
/home/pmonserrat/datasets/places/val_formatted/218/Places365_val_00000258.jpg,lock chamber,False,,,no,none,none,"The target entity is a lock chamber, which is part of a canal system. The visual evidence shows a man-made structure used for raising or lowering boats along a river. Since lock chambers are human-made and not part of the natural environment, they fall under the Homogenous Artefacts exclusion and fail the criteria for nature. Not applicable since the entity is not classified as nature.",False
/home/pmonserrat/datasets/places/val_formatted/218/Places365_val_00000426.jpg,lock chamber,False,,,no,none,none,"The target entity is a lock chamber, which is a man-made structure used for raising or lowering boats between stretches of water of different levels on a river or canal. Since it is a manufactured structural object and not a natural entity, it falls under the Homogenous Artefacts exclusion and fails the criteria for nature. Not applicable since the entity is not classified as nature.",False
/home/pmonserrat/datasets/places/val_formatted/218/Places365_val_00000742.jpg,lock chamber,False,,,no,none,none,"The target entity is a lock chamber. The visual evidence shows a man-made structure used for water navigation, constructed from concrete. Since it is a manufactured structural object and not a natural entity, it falls under the Homogenous Artefacts exclusion and fails the criteria for nature. Not applicable since the entity is not classified as nature.",False
/home/pmonserrat/datasets/places/val_formatted/218/Places365_val_00001662.jpg,lock chamber,False,,,no,none,none,"The target entity is a lock chamber, which is a structure used in canals to raise or lower boats to different water levels. The visual evidence shows a man-made structure integrated into a natural waterway. Since the lock chamber is a human-made structure, it does not count as nature under the provided definition, which focuses on more-than-human living entities, ecosystems, and non-living natural elements. Not applicable since the entity is not classified as nature.",False
/home/pmonserrat/datasets/places/val_formatted/218/Places365_val_00002337.jpg,lock chamber,False,,,no,none,none,"The target entity is a lock chamber, which is part of a boat dock system. The visual evidence shows a man-made structure designed for docking boats. Since it is a manufactured structural object and does not depict a natural entity, it falls strictly under the Homogenous Artefacts exclusion and fails the criteria for nature. Not applicable since the entity is not classified as nature.",False
/home/pmonserrat/datasets/places/val_formatted/219/Places365_val_00000446.jpg,locker room,False,,,no,none,none,"The target entity is a locker room. The visual evidence shows a manufactured structural object designed for human use, with no natural elements or processes present. It is a homogenous artefact where the original natural texture is unidentifiable and the object does not depict a natural entity, falling strictly under the Homogenous Artefacts exclusion and failing the criteria for nature. Not applicable since the entity is not classified as nature.",False
/home/pmonserrat/datasets/places/val_formatted/219/Places365_val_00000859.jpg,locker room,False,,,no,none,none,"The target entity is a locker room. The visual evidence shows a manufactured structural environment designed for human use, containing items such as wooden lockers, chairs, and sports jerseys. Since locker rooms are human-made spaces and do not fall under the categories of flora, fauna, fungi, or natural processes, they are excluded from the nature definition. Not applicable since the entity is not classified as nature.",False
/home/pmonserrat/datasets/places/val_formatted/219/Places365_val_00001025.jpg,locker room,False,,,no,none,none,"The target entity is a locker room. The visual evidence shows a set of metal lockers with mesh doors, typically used for storing sports equipment or personal belongings. This is a manufactured structural object made of metal and other materials, with no natural material or living entity involved. Since it does not fit into any of the categories of Nature-Based Artefacts or Representations of Nature, it falls under the Homogenous Artefacts exclusion. Not applicable since the entity is not classified as nature.",False
/home/pmonserrat/datasets/places/val_formatted/219/Places365_val_00001174.jpg,locker room,False,,,no,none,none,"The target entity is a locker room. The visual evidence shows a room with shelves holding sports equipment and jerseys, and a miniature hockey rink. Under the provided taxonomy, human-made structures and environments, unless they explicitly reference or depict more-than-human natural elements, are not classified as nature. This locker room is a manufactured space designed for human use and does not fall under the inclusion criteria for nature. Not applicable since the entity is not classified as nature.",False
/home/pmonserrat/datasets/places/val_formatted/219/Places365_val_00001793.jpg,locker room,False,,,no,none,none,"The target entity is a locker room. The visual evidence shows a constructed space with artificial elements such as walls, doors, and cabinets. This is a human-made environment and does not fall under the categories of flora, fauna, fungi, hydrological, atmospheric, geological, astrophysical, or biophysical processes. It is also not a nature-based artifact or activity, nor a representation of nature. Not applicable since the entity is not classified as nature.",False
/home/pmonserrat/datasets/places/val_formatted/220/Places365_val_00000400.jpg,mansion,False,,,no,none,none,"The target entity is a mansion. The visual evidence shows a large, constructed building made of stone. While the mansion is a man-made structure, it is built using natural materials (stone) and does not fall under the category of Nature-Based Artefacts as defined, which requires the natural material to remain visually identifiable by its structure, grain, or texture. Since the mansion is primarily a human-made structure and not a natural entity or process, it does not count as nature under the provided definition. Not applicable since the entity is not classified as nature.",False
/home/pmonserrat/datasets/places/val_formatted/220/Places365_val_00000489.jpg,mansion,False,,,no,none,none,"The target entity is a mansion. The visual evidence shows a large, constructed building made of materials such as brick and shingles. Since homogenous artefacts are excluded, manufactured structural objects where the natural material of origin is unidentifiable and the object does not depict a natural entity are not classified as nature. A mansion is a human-made structure and does not fit within the inclusion criteria for nature. Not applicable since the entity is not classified as nature.",False
/home/pmonserrat/datasets/places/val_formatted/220/Places365_val_00000586.jpg,mansion,False,,,no,none,none,"The target entity is a mansion. The visual evidence shows a large, multi-story building made of brick. While buildings are human-made structures, they are not explicitly classified as nature under the provided definition. The mansion does not fall under any of the more-than-human living entities, ecosystems, or natural processes. It is a constructed human artifact and does not meet the criteria for nature. Not applicable since the entity is not classified as nature.",False
/home/pmonserrat/datasets/places/val_formatted/220/Places365_val_00000715.jpg,mansion,False,,,no,none,none,"The target entity is a mansion. The visual evidence shows a large, multi-story building constructed from brick and other materials. Since the mansion is a manufactured structural object and does not depict a natural entity, it falls strictly under the Homogenous Artefacts exclusion and fails the criteria for nature. Not applicable since the entity is not classified as nature.",False
/home/pmonserrat/datasets/places/val_formatted/220/Places365_val_00001242.jpg,mansion,False,,,no,none,none,"The target entity is a mansion. The visual evidence shows a large, constructed building made of brick and stone. Since homogenous artefacts are excluded, but nature-based artefacts where the natural material of origin remains visually identifiable by its structure, grain, or texture are included, this mansion does not fit the criteria for nature as it is a man-made structure without identifiable natural material. Not applicable since the entity is not classified as nature.",False
/home/pmonserrat/datasets/places/val_formatted/221/Places365_val_00000217.jpg,manufactured home,False,,,no,none,none,"The target entity is a manufactured home. The visual evidence shows a constructed building with windows and a roof, surrounded by a fence and vegetation. Since human beings and their constructed habitats are explicitly excluded from the nature taxonomy, this manufactured home does not count as nature. Not applicable since the entity is not classified as nature.",False
/home/pmonserrat/datasets/places/val_formatted/221/Places365_val_00001010.jpg,manufactured home,False,,,no,none,none,"The target entity is a manufactured home. The visual evidence shows a constructed building made primarily of materials such as wood and concrete. Since the original natural texture of the materials is completely unidentifiable and altered, and the object does not depict a natural entity, it falls strictly under the Homogenous Artefacts exclusion and fails the criteria for nature. Not applicable since the entity is not classified as nature.",False
/home/pmonserrat/datasets/places/val_formatted/221/Places365_val_00001045.jpg,manufactured home,False,,,no,none,none,"The target entity is a manufactured home. The visual evidence shows a constructed building with architectural features such as columns and a porch. Since it is a manufactured structural object and does not depict a natural entity, it falls strictly under the Homogenous Artefacts exclusion and fails the criteria for nature. Not applicable since the entity is not classified as nature.",False
/home/pmonserrat/datasets/places/val_formatted/221/Places365_val_00001964.jpg,manufactured home,False,,,no,none,none,"The target entity is a manufactured home. The visual evidence shows a constructed building with no visible natural material or texture that remains identifiable. It is a homogenous artefact where the original natural texture is unidentifiable and the object does not depict a natural entity. Therefore, it falls strictly under the Homogenous Artefacts exclusion and fails the criteria for nature. Not applicable since the entity is not classified as nature.",False
/home/pmonserrat/datasets/places/val_formatted/221/Places365_val_00002105.jpg,manufactured home,False,,,no,none,none,"The target entity is a manufactured home. The visual evidence shows a constructed building made of materials such as wood or metal, with no visible natural grain or texture that would classify it as a nature-based artefact. Since it is a homogenous artefact where the original natural texture is unidentifiable and the object does not depict a natural entity, it falls strictly under the Homogenous Artefacts exclusion and fails the criteria for nature. Not applicable since the entity is not classified as nature.",False
/home/pmonserrat/datasets/places/val_formatted/224/Places365_val_00000293.jpg,marsh,True,False,True,yes,abiotic,material,"The target entity is a marsh. The visual evidence shows a natural wetland environment with water, vegetation, and surrounding landscape. Marshes are explicitly classified under Ecosystems & Environments within the Non-Living Natural Elements & Processes inclusion scope, fulfilling the criteria for nature. Since nature is 'yes', I evaluate the sub-axes. A marsh is a natural wetland ecosystem, placing it under Hydrological Components within the abiotic category. Because the image is an unfiltered documentary photograph capturing a real-world physical environment, it is classified as material under the Tangibility axis.",False
/home/pmonserrat/datasets/places/val_formatted/224/Places365_val_00000384.jpg,marsh,True,False,True,yes,biotic,material,"The target entity is a marsh. The visual evidence shows a wetland area with water and surrounding vegetation. Marshes are explicitly classified under Ecosystems & Environments within the Non-Living Natural Elements & Processes inclusion scope, fulfilling the criteria for nature. Since nature is 'yes', I evaluate the sub-axes. A marsh is a type of wetland ecosystem, placing it under Biological Ecosystems within the biotic category. Because the image is an unfiltered documentary photograph capturing a real-world physical environment, it is classified as material under the Tangibility axis.",False
/home/pmonserrat/datasets/places/val_formatted/224/Places365_val_00000748.jpg,marsh,True,False,True,yes,biotic,material,"The target entity is a marsh. The visual evidence shows a natural environment with water and dense vegetation. Marshes are classified under Ecosystems & Environments, which are explicitly included in the nature definition as natural or semi-natural environments where non-human entities exist and interact. Since nature is 'yes', I evaluate the sub-axes. A marsh is a biological ecosystem defined by living communities and biological interactions, placing it under Biological Ecosystems within the biotic category. Because the image captures a real-world physical environment, it is classified as material under the Tangibility axis.",False
/home/pmonserrat/datasets/places/val_formatted/224/Places365_val_00001032.jpg,marsh,True,False,True,yes,biotic,material,"The target entity is a marsh. The visual evidence shows a natural environment with water bodies and vegetation. Marshes are classified under Ecosystems & Environments, fulfilling the inclusion criteria for nature. Since nature is 'yes', I evaluate the sub-axes. A marsh is a natural wetland ecosystem, placing it under Biological Ecosystems within the biotic category. Because the image is an unfiltered documentary photograph capturing a real-world physical environment, it is classified as material under the Tangibility axis.",False
/home/pmonserrat/datasets/places/val_formatted/224/Places365_val_00001289.jpg,marsh,True,False,True,yes,biotic,material,"The target entity is a marsh. The visual evidence shows a natural wetland environment with water bodies and surrounding vegetation. Marshes are classified under Ecosystems & Environments, fulfilling the inclusion criteria for nature. Since nature is 'yes', I evaluate the sub-axes. A marsh is a natural wetland ecosystem, placing it under Biological Ecosystems within the biotic category. Because the image is an unfiltered documentary depiction capturing a real-world physical environment, it is classified as material under the Tangibility axis.",False
/home/pmonserrat/datasets/places/val_formatted/226/Places365_val_00000069.jpg,mausoleum,False,,,no,none,none,"The target entity is a mausoleum. The visual evidence shows a large, constructed building made of stone or similar materials. Since mausoleums are human-made structures and not part of the natural world, they fall under the Homogenous Artefacts exclusion and fail the criteria for nature. Not applicable since the entity is not classified as nature.",False
/home/pmonserrat/datasets/places/val_formatted/226/Places365_val_00000074.jpg,mausoleum,False,,,no,none,none,"The target entity is a mausoleum. The visual evidence shows a constructed building made of bricks with a dome structure. This is a human-made structure, not a natural entity or process. Since human-made structures that do not depict or derive from natural materials or processes are excluded from the nature definition, this does not count as nature. Not applicable since the entity is not classified as nature.",False
/home/pmonserrat/datasets/places/val_formatted/226/Places365_val_00000574.jpg,mausoleum,False,,,no,none,none,"The target entity is a mausoleum. The visual evidence shows a constructed building made of stone or similar materials. Since mausoleums are human-made structures and not classified as more-than-human living entities or natural environments, they fall under the Homogenous Artefacts exclusion and fail the criteria for nature. Not applicable since the entity is not classified as nature.",False
/home/pmonserrat/datasets/places/val_formatted/226/Places365_val_00001177.jpg,mausoleum,False,,,no,none,none,"The target entity is a mausoleum. The visual evidence shows a large, constructed building made primarily of stone and concrete. Since human beings and human-made structures are explicitly excluded from the nature taxonomy, this mausoleum does not count as nature under the provided definition. Not applicable since the entity is not classified as nature.",False
/home/pmonserrat/datasets/places/val_formatted/226/Places365_val_00001427.jpg,mausoleum,False,,,no,none,none,"The target entity is a mausoleum. The visual evidence shows a large, ornate building with architectural features typical of a mausoleum. However, mausoleums are human-made structures designed for housing tombs and are not classified as nature under the provided definition. They do not fall under any of the categories of more-than-human living entities, ecosystems, or natural processes. Not applicable since the entity is not classified as nature.",False
/home/pmonserrat/datasets/places/val_formatted/227/Places365_val_00000225.jpg,medina,False,,,no,none,none,"The target entity is a 'medina'. The visual evidence shows a stone wall and a paved area with children playing. The stone wall is a man-made structure, but it is built using natural stone materials. However, the term 'medina' typically refers to a historical urban area characterized by old town centers in the Mediterranean region, often with a mix of natural and built environments. Since the focus is on the children and their play area, which is a human-made environment, it does not directly count as nature under the provided definition. Not applicable since the entity is not classified as nature.",False
/home/pmonserrat/datasets/places/val_formatted/227/Places365_val_00000277.jpg,medina,False,,,yes,abiotic,material,"The target entity is a 'medina', which refers to a historic city or town, often characterized by old stone buildings and fortifications. The visual evidence shows a stone structure with a flag, likely part of a historic fortification. This falls under the category of Nature-Based Artefacts as it involves natural materials (stone) that are visually identifiable by their structure and texture. Since nature is 'yes', I evaluate the sub-axes. The stone structure is a physical object made from geological materials, placing it under Geological & Topographical Components within the abiotic category. Because this is an unfiltered documentary photograph capturing a real-world physical environment, it is classified as material under the Tangibility axis.",False
/home/pmonserrat/datasets/places/val_formatted/227/Places365_val_00000633.jpg,medina,False,,,no,none,none,"The target entity is a 'medina,' which refers to a historic urban area, often characterized by old architecture and narrow streets. The visual evidence shows a street lined with old buildings, illuminated by streetlights. While the buildings and street are physical structures, they are primarily human-made and not classified as nature under the provided definition. The focus is on the built environment rather than natural elements or processes. Not applicable since the entity is not classified as nature.",False
/home/pmonserrat/datasets/places/val_formatted/227/Places365_val_00000953.jpg,medina,False,,,no,none,none,"The target entity is a 'medina,' which refers to a historical urban area in a Muslim country, often characterized by old city centers with traditional architecture. The visual evidence shows a paved street and architectural elements like patterned tiles and a metal door, which are part of the built environment. Since 'medina' pertains to human-made structures and urban settings, it does not fall under the categories of flora, fauna, fungi, or natural processes as defined in the taxonomy. Human beings and their constructed environments are explicitly excluded from the nature classification. Not applicable since the entity is not classified as nature.",False
/home/pmonserrat/datasets/places/val_formatted/227/Places365_val_00001167.jpg,medina,False,,,no,none,none,"The target entity is a medina, which is a traditional urban area in a North African or Middle Eastern city. The visual evidence shows a built environment with architectural structures, such as buildings and staircases. Since human-made structures and urban environments are not classified as nature under the provided definition, this instance does not count as nature. Not applicable since the entity is not classified as nature.",False
/home/pmonserrat/datasets/places/val_formatted/228/Places365_val_00000140.jpg,mezzanine,False,,,no,none,none,"The target entity is a mezzanine. The visual evidence shows a structural element within a building, likely made of metal and concrete. Since homogenous artefacts are excluded and the natural material of origin is unidentifiable, it does not count as a Nature-Based Artefact. It is a manufactured structural object without any natural material characteristics. Not applicable since the entity is not classified as nature.",False
/home/pmonserrat/datasets/places/val_formatted/228/Places365_val_00001411.jpg,mezzanine,False,,,no,none,none,"The target entity is a mezzanine. The visual evidence shows a wooden structure integrated into the interior of a building. While the materials used (wood) are derived from Flora, the mezzanine itself is a manufactured structural element. Homogenous artefacts, where the original natural texture is unidentifiable and the object does not depict a natural entity, are excluded from nature. Since the mezzanine is a constructed feature without a direct natural presence, it does not count as nature. Not applicable since the entity is not classified as nature.",False
/home/pmonserrat/datasets/places/val_formatted/228/Places365_val_00002075.jpg,mezzanine,False,,,no,none,none,"The target entity is a mezzanine. The visual evidence shows a structural element of a building, specifically a walkway or platform on an upper level. This is a manufactured architectural feature made of materials like metal and concrete, with no natural material or living organism involved. Since it is a homogenous artefact where the original natural texture is unidentifiable and the object does not depict a natural entity, it falls strictly under the Homogenous Artefacts exclusion and fails the criteria for nature. Not applicable since the entity is not classified as nature.",False
/home/pmonserrat/datasets/places/val_formatted/228/Places365_val_00002174.jpg,mezzanine,False,,,no,none,none,"The target entity is a mezzanine. The visual evidence shows a structural element of a building, specifically an upper floor that is accessible from the main floor without a staircase. A mezzanine is a manufactured architectural feature made of materials like wood, metal, or concrete. Since it is a structural component without any natural material or living entity, it falls under the Homogenous Artefacts exclusion and does not count as nature. Not applicable since the entity is not classified as nature.",False
/home/pmonserrat/datasets/places/val_formatted/228/Places365_val_00002926.jpg,mezzanine,False,,,no,none,none,"The target entity is a mezzanine. The visual evidence shows a structural element within a building, likely made of materials such as metal and glass. Since it is a manufactured structural object where the original natural texture is unidentifiable and altered, it falls strictly under the Homogenous Artefacts exclusion and fails the criteria for nature. Not applicable since the entity is not classified as nature.",False
/home/pmonserrat/datasets/places/val_formatted/23/Places365_val_00000031.jpg,assembly line,False,,,no,none,none,"The target entity is an assembly line. The visual evidence shows a manufactured functional object made of metal and machinery, with workers operating it. The original natural texture of the materials is completely unidentifiable and altered, and the object does not depict a natural entity. It falls strictly under the Homogenous Artefacts exclusion and fails the criteria for nature. Not applicable since the entity is not classified as nature.",False
/home/pmonserrat/datasets/places/val_formatted/23/Places365_val_00000731.jpg,assembly line,False,,,no,none,none,"The target entity is an assembly line. The visual evidence shows a manufactured functional object used in an industrial setting. The assembly line is made of metal and other synthetic materials, with no natural material or texture visibly identifiable. Since it is a homogenous artefact where the original natural texture is unidentifiable and the object does not depict a natural entity, it falls strictly under the Homogenous Artefacts exclusion and fails the criteria for nature. Not applicable since the entity is not classified as nature.",False
/home/pmonserrat/datasets/places/val_formatted/23/Places365_val_00001273.jpg,assembly line,False,,,no,none,none,"The target entity is an assembly line. The visual evidence shows a manufacturing setting with conveyor belts, workers, and various items being processed. An assembly line is a manufactured functional object and process, not a natural entity or environment. It does not fall under any of the categories of more-than-human living entities, ecosystems, or natural processes. Therefore, it does not meet the criteria for nature under the provided taxonomy. Not applicable since the entity is not classified as nature.",False
/home/pmonserrat/datasets/places/val_formatted/23/Places365_val_00001533.jpg,assembly line,False,,,no,none,none,"The target entity is an assembly line. The visual evidence shows a manufactured functional object made of metal and plastic components. Because the original natural texture of the materials is completely unidentifiable and altered, and the object does not depict a natural entity, it falls strictly under the Homogenous Artefacts exclusion and fails the criteria for nature. Not applicable since the entity is not classified as nature.",False
/home/pmonserrat/datasets/places/val_formatted/23/Places365_val_00002495.jpg,assembly line,False,,,no,none,none,"The target entity is an assembly line, specifically a vehicle being worked on in a workshop. The visual evidence shows a manufactured functional object made of metal and other industrial materials. Since the original natural texture of the materials is completely unidentifiable and altered, and the object does not depict a natural entity, it falls strictly under the Homogenous Artefacts exclusion and fails the criteria for nature. Not applicable since the entity is not classified as nature.",False
/home/pmonserrat/datasets/places/val_formatted/231/Places365_val_00000030.jpg,motel,False,,,no,none,none,"The target entity is a motel. The visual evidence shows a man-made building constructed with materials such as stone and metal. Since homogenous artefacts are excluded and the motel does not depict a natural entity, it falls strictly under the Homogenous Artefacts exclusion and fails the criteria for nature. Not applicable since the entity is not classified as nature.",False
/home/pmonserrat/datasets/places/val_formatted/231/Places365_val_00000091.jpg,motel,False,,,no,none,none,"The target entity is a motel sign. The visual evidence shows a manufactured structural object made of materials like metal and glass, with neon lights. Since homogenous artefacts are excluded and the object does not depict a natural entity, it falls strictly under the Homogenous Artefacts exclusion and fails the criteria for nature. Not applicable since the entity is not classified as nature.",False
/home/pmonserrat/datasets/places/val_formatted/231/Places365_val_00000667.jpg,motel,False,,,no,none,none,"The target entity is a motel. The visual evidence shows a building that is a place for lodging, typically constructed by humans. Under the provided taxonomy, human-made structures and administrative units are explicitly excluded from the nature category. Since a motel is a human-made establishment and does not fall under any of the more-than-human living entities, ecosystems, or natural processes, it does not qualify as nature. Not applicable since the entity is not classified as nature.",False
/home/pmonserrat/datasets/places/val_formatted/231/Places365_val_00001023.jpg,motel,False,,,no,none,none,"The target entity is a motel sign. The visual evidence shows a manufactured sign made of materials like metal and glass, with no natural material or texture visible. Since it is a homogenous artefact without natural characteristics and does not depict a natural entity, it falls under the exclusion scope for nature. Not applicable since the entity is not classified as nature.",False
/home/pmonserrat/datasets/places/val_formatted/231/Places365_val_00001164.jpg,motel,False,,,no,none,none,"The target entity is a motel. The visual evidence shows a manufactured structural object with signage and architectural features. Since homogenous artefacts are excluded and the object does not depict a natural entity, it falls strictly under the Homogenous Artefacts exclusion and fails the criteria for nature. Not applicable since the entity is not classified as nature.",False
/home/pmonserrat/datasets/places/val_formatted/240/Places365_val_00000387.jpg,nursery,False,,,no,none,none,"The target entity is a nursery. The visual evidence shows a room designed for a child, containing furniture such as a rocking chair, a changing table, and a crib. These items are manufactured objects and do not directly represent more-than-human living entities, ecosystems, or natural processes. They are homogenous artefacts where the original natural texture is unidentifiable and the objects do not depict natural entities. Not applicable since the entity is not classified as nature.",False
/home/pmonserrat/datasets/places/val_formatted/240/Places365_val_00000631.jpg,nursery,False,,,yes,biotic,immaterial,"The target entity is a nursery. The visual evidence shows a shelf with plush toys and books. The plush toys are representations of animals (bear and dolls), and the books are representations of stories or nature-themed content. These items are crafted or manufactured objects where the natural material of origin remains visually identifiable by its structure, grain, or texture, fulfilling the inclusion criteria for Nature-Based Artefacts. Since nature is 'yes', I evaluate the sub-axes. The plush toys represent fauna (biotic category), and the books may depict flora, fauna, or natural processes (biotic or abiotic category). Because these items are physical objects but are primarily representational and symbolic, they are classified as immaterial under the Tangibility axis.",False
/home/pmonserrat/datasets/places/val_formatted/240/Places365_val_00000653.jpg,nursery,False,,,no,none,none,"The target entity is a nursery. The visual evidence shows a room designed for a child, containing furniture and decorations. While the room may include elements inspired by nature (e.g., wooden furniture, decorative items), it is primarily a manufactured space. Since the primary purpose is not explicitly engaging with natural environments or elements, it does not count as nature under the provided definition. Not applicable since the entity is not classified as nature.",False
/home/pmonserrat/datasets/places/val_formatted/240/Places365_val_00001699.jpg,nursery,False,,,yes,biotic,material,"The target entity is a nursery. The visual evidence shows a room designed for a child, featuring a crib with a quilt depicting animals and a teddy bear. The room includes elements like a window with a view of trees, indicating a connection to nature. However, the primary focus is on a manufactured space rather than a natural environment. The quilt and teddy bear are representations of nature, but the room itself is a human-made structure. Since nature is 'yes', I evaluate the sub-axes. The nursery includes elements like the quilt and teddy bear, which are representations of fauna (animals) and flora (plants), placing them under the biotic category. The room itself is a human-made structure, but the presence of natural representations and the connection to a natural view through the window contribute to its classification as material under the Tangibility axis.",False
/home/pmonserrat/datasets/places/val_formatted/240/Places365_val_00001841.jpg,nursery,False,,,no,none,none,"The target entity is a nursery. The visual evidence shows a room designed for a child, featuring a crib, toys, and bookshelves. While the room contains elements related to nature (e.g., toys that may depict animals or plants), the nursery itself is a human-made environment and does not directly count as nature under the provided definition. The primary purpose of the nursery is to serve as a human space for childcare, and it does not fulfill the inclusion criteria for nature. Not applicable since the entity is not classified as nature.",False
/home/pmonserrat/datasets/places/val_formatted/241/Places365_val_00000018.jpg,nursing home,False,,,no,none,none,"The target entity is a nursing home. The visual evidence shows a group of people in an indoor setting, likely a facility for elderly care. Under the provided taxonomy, human beings and groups of people are explicitly excluded from the nature definition. Nursing homes are administrative and political units, even if they are named after natural features, and do not fall under the inclusion criteria for nature. Not applicable since the entity is not classified as nature.",False
/home/pmonserrat/datasets/places/val_formatted/241/Places365_val_00000109.jpg,nursing home,False,,,no,none,none,"The target entity is a nursing home. The visual evidence shows an indoor setting with people, furniture, and decorative elements. Under the provided taxonomy, human beings and their associated facilities are explicitly excluded from the nature definition. Nursing homes are administrative and political units related to human care and are not classified as nature. Not applicable since the entity is not classified as nature.",False
/home/pmonserrat/datasets/places/val_formatted/241/Places365_val_00000955.jpg,nursing home,False,,,no,none,none,"The target entity is a nursing home. The visual evidence shows a group of people seated outdoors, likely in a communal area. Under the provided taxonomy, human beings and groups of people are explicitly excluded from the nature definition. Nursing homes are human-made structures and environments designed for human habitation and care, not more-than-human living entities or natural elements. Not applicable since the entity is not classified as nature.",False
/home/pmonserrat/datasets/places/val_formatted/241/Places365_val_00001093.jpg,nursing home,False,,,no,none,none,"The target entity is a nursing home. The visual evidence shows a setting where human beings are present, and the environment is designed for human care and living. Under this classification taxonomy, human beings and their associated structures, such as nursing homes, fall under the explicit Exclusion Scope and are never classified as nature, regardless of their role or setting. Not applicable since the entity is not classified as nature.",False
/home/pmonserrat/datasets/places/val_formatted/241/Places365_val_00001444.jpg,nursing home,False,,,no,none,none,"The target entity is a nursing home. The visual evidence shows a setting where elderly individuals are interacting, but the primary focus is on human beings and their social activities. Under the provided taxonomy, human beings and their associated activities are explicitly excluded from the nature classification. Nursing homes are administrative and political units related to human care and are not classified as nature. Not applicable since the entity is not classified as nature.",False
/home/pmonserrat/datasets/places/val_formatted/242/Places365_val_00000589.jpg,oast house,False,,,no,none,none,"The target entity is an oast house. The visual evidence shows a traditional building made primarily of brick and wood. While the building itself is a human-made structure, the materials used (brick and wood) are derived from natural processes. However, the oast house as a whole is a constructed environment and does not fit into the categories of more-than-human living entities, ecosystems, or non-living natural elements and processes. It is a human-made structure and falls under the Homogenous Artefacts exclusion, which are not classified as nature. Not applicable since the entity is not classified as nature.",False
/home/pmonserrat/datasets/places/val_formatted/242/Places365_val_00001046.jpg,oast house,False,,,no,none,none,"The target entity is an oast house. The visual evidence shows a traditional stone building with a conical roof, typically used for drying hops in the UK. While the structure is man-made, it is a historical building that is part of the rural landscape and often associated with natural processes (hop drying). However, it does not fit into the categories of more-than-human living entities, ecosystems, or non-living natural elements as defined by the taxonomy. It is a manufactured structure and does not have a direct natural counterpart. Not applicable since the entity is not classified as nature.",False
/home/pmonserrat/datasets/places/val_formatted/242/Places365_val_00001759.jpg,oast house,False,,,no,none,none,"The target entity is an oast house. The visual evidence shows a structure made of stone, which is a natural material. However, an oast house is a man-made building designed for drying hops, and it does not fall under the categories of flora, fauna, fungi, or natural processes. It is a constructed artifact and does not meet the criteria for being classified as nature under the provided taxonomy. Not applicable since the entity is not classified as nature.",False
/home/pmonserrat/datasets/places/val_formatted/242/Places365_val_00002470.jpg,oast house,False,,,no,none,none,"The target entity is an oast house. The visual evidence shows a traditional brick building with distinctive conical roofs, typically used for drying hops in the brewing process. While the building itself is a man-made structure, it is constructed using natural materials like brick and stone, and it is situated within a natural environment. However, as a manufactured structure, it does not fit the criteria for 'Nature-Based Artefacts' since the natural material of origin is not visually identifiable by its grain or texture. Therefore, it does not count as nature under the provided definition. Not applicable since the entity is not classified as nature.",False
/home/pmonserrat/datasets/places/val_formatted/242/Places365_val_00003604.jpg,oast house,False,,,no,none,none,"The target entity is an oast house. The visual evidence shows a building with a thatched roof, surrounded by greenery and situated near a body of water. While the building itself is a man-made structure, the thatched roof is made from natural materials (straw) and is a traditional method of construction. However, the primary purpose of the oast house is not to be classified as a natural entity but as a man-made structure. Since homogenous artefacts are excluded unless they depict a natural entity, and this building does not fit the criteria for nature-based artefacts, it does not count as nature. Not applicable since the entity is not classified as nature.",False
/home/pmonserrat/datasets/places/val_formatted/243/Places365_val_00000025.jpg,ocean,True,False,True,yes,abiotic,material,"The target entity is an ocean. The visual evidence captures a real-world flowing body of water. Hydrological components (rivers, ponds, lakes, streams) are explicitly classified under Non-Living Natural Elements & Processes, fulfilling the inclusion criteria for nature. Since nature is 'yes', I evaluate the sub-axes. An ocean is a fluid flow, placing it under Hydrological Components within the abiotic category. Because the image is an unfiltered documentary depiction capturing a real-world physical environment, it is classified as material under the Tangibility axis.",False
/home/pmonserrat/datasets/places/val_formatted/243/Places365_val_00000766.jpg,ocean,True,False,True,yes,abiotic,material,"The target entity is an ocean. The visual evidence captures a real-world flowing body of water. Hydrological components (rivers, ponds, lakes, streams) are explicitly classified under Non-Living Natural Elements & Processes, fulfilling the inclusion criteria for nature. Since nature is 'yes', I evaluate the sub-axes. An ocean is a fluid flow, placing it under Hydrological Components within the abiotic category. Because the image is an unfiltered documentary depiction capturing a real-world physical environment, it is classified as material under the Tangibility axis.",False
/home/pmonserrat/datasets/places/val_formatted/243/Places365_val_00000906.jpg,ocean,True,False,True,yes,abiotic,material,"The target entity is an ocean. The visual evidence captures a real-world flowing body of water. Hydrological components (rivers, ponds, lakes, streams) are explicitly classified under Non-Living Natural Elements & Processes, fulfilling the inclusion criteria for nature. Since nature is 'yes', I evaluate the sub-axes. An ocean is a fluid flow, placing it under Hydrological Components within the abiotic category. Because the image is an unfiltered documentary depiction capturing a real-world physical environment, it is classified as material under the Tangibility axis.",False
/home/pmonserrat/datasets/places/val_formatted/243/Places365_val_00000970.jpg,ocean,True,False,True,yes,abiotic,material,"The target entity is an ocean. The visual evidence shows a real-world flowing body of water. Hydrological components (rivers, ponds, lakes, streams) are explicitly classified under Non-Living Natural Elements & Processes, fulfilling the inclusion criteria for nature. Since nature is 'yes', I evaluate the sub-axes. An ocean is a fluid flow, placing it under Hydrological Components within the abiotic category. Because the image is an unfiltered documentary depiction capturing a real-world physical environment, it is classified as material under the Tangibility axis.",False
/home/pmonserrat/datasets/places/val_formatted/243/Places365_val_00001234.jpg,ocean,True,False,True,yes,abiotic,material,"The target entity is an ocean with a surfer riding a wave. The visual evidence captures a real-world flowing body of water, which is a hydrological component. Hydrological components (rivers, ponds, lakes, streams) are explicitly classified under Non-Living Natural Elements & Processes, fulfilling the inclusion criteria for nature. Since nature is 'yes', I evaluate the sub-axes. The ocean is a fluid flow, placing it under Hydrological Components within the abiotic category. Because the image is an unfiltered documentary depiction capturing a real-world physical environment, it is classified as material under the Tangibility axis.",False
/home/pmonserrat/datasets/places/val_formatted/245/Places365_val_00000658.jpg,office building,False,,,no,none,none,"The target entity is an office building. The visual evidence shows a constructed structure made of materials like concrete and glass. Since homogenous artefacts are excluded unless they depict a natural entity, and this building does not fall under any natural categories, it is not classified as nature. Not applicable since the entity is not classified as nature.",False
/home/pmonserrat/datasets/places/val_formatted/245/Places365_val_00000763.jpg,office building,False,,,no,none,none,"The target entity is an office building. The visual evidence shows a constructed structure made of materials such as concrete, glass, and metal. Since it is a manufactured structural object where the original natural texture is unidentifiable and the object does not depict a natural entity, it falls strictly under the Homogenous Artefacts exclusion and fails the criteria for nature. Not applicable since the entity is not classified as nature.",False
/home/pmonserrat/datasets/places/val_formatted/245/Places365_val_00001231.jpg,office building,False,,,no,none,none,"The target entity is an office building. The visual evidence shows a constructed structure made of materials like glass and steel. Since it is a manufactured object and does not depict a natural entity, it falls under the Homogenous Artefacts exclusion and fails the criteria for nature. Not applicable since the entity is not classified as nature.",False
/home/pmonserrat/datasets/places/val_formatted/245/Places365_val_00002022.jpg,office building,False,,,no,none,none,"The target entity is an office building. The visual evidence shows a constructed structure made of materials like concrete, glass, and metal. Since it is a manufactured structural object where the original natural texture is completely unidentifiable and altered, and it does not depict a natural entity, it falls strictly under the Homogenous Artefacts exclusion and fails the criteria for nature. Not applicable since the entity is not classified as nature.",False
/home/pmonserrat/datasets/places/val_formatted/245/Places365_val_00002126.jpg,office building,False,,,no,none,none,"The target entity is an office building. The visual evidence shows a constructed structure made of materials like brick, concrete, and glass. Since it is a manufactured structural object where the original natural texture is completely unidentifiable and altered, and the object does not depict a natural entity, it falls strictly under the Homogenous Artefacts exclusion and fails the criteria for nature. Not applicable since the entity is not classified as nature.",False
/home/pmonserrat/datasets/places/val_formatted/248/Places365_val_00000081.jpg,operating room,False,,,no,none,none,"The target entity is an operating room. The visual evidence shows a clinical environment with medical equipment, cabinets, and a table. This setting is a human-made space designed for medical procedures and does not contain any more-than-human living entities, ecosystems, or natural elements as defined in the taxonomy. It is a constructed environment and falls under the Homogenous Artefacts exclusion, failing the criteria for nature. Not applicable since the entity is not classified as nature.",False
/home/pmonserrat/datasets/places/val_formatted/248/Places365_val_00000236.jpg,operating room,False,,,no,none,none,"The target entity is an operating room. The visual evidence shows a clinical environment with medical equipment and a person holding a cat. The operating room itself is a human-made structure and does not fall under the categories of flora, fauna, fungi, or natural processes. It is a constructed space designed for medical procedures, and thus does not count as nature under the provided definition. Not applicable since the entity is not classified as nature.",False
/home/pmonserrat/datasets/places/val_formatted/248/Places365_val_00000365.jpg,operating room,False,,,no,none,none,"The target entity is an operating room. The visual evidence shows a clinical environment with medical equipment, monitors, and lighting fixtures. This setting is a human-made space designed for medical procedures and does not fall under the categories of flora, fauna, fungi, or natural processes. It is a constructed environment and does not meet the criteria for nature under the provided taxonomy. Not applicable since the entity is not classified as nature.",False
/home/pmonserrat/datasets/places/val_formatted/248/Places365_val_00001548.jpg,operating room,False,,,no,none,none,"The target entity is an operating room. The visual evidence shows a clinical environment with medical equipment and personnel. This setting is a human-made space designed for medical procedures and does not fall under the categories of flora, fauna, fungi, or natural processes. It is a constructed environment and does not meet the criteria for nature under the provided taxonomy. Not applicable since the entity is not classified as nature.",False
/home/pmonserrat/datasets/places/val_formatted/248/Places365_val_00001564.jpg,operating room,False,,,no,none,none,"The target entity is an operating room. The visual evidence shows a clinical setting with medical equipment and a person attending to a baby. Under the provided taxonomy, human beings and their associated environments (such as hospitals or operating rooms) are explicitly excluded from the nature category. The focus is on non-human living entities, ecosystems, and natural processes. Not applicable since the entity is not classified as nature.",False
/home/pmonserrat/datasets/places/val_formatted/249/Places365_val_00000305.jpg,orchard,True,True,True,yes,biotic,material,"The target entity is an orchard. The visual evidence shows a natural environment with trees and foliage, which are more-than-human living entities (flora). Orchards are ecosystems defined by living communities, fulfilling the inclusion criteria for nature. Since nature is 'yes', I evaluate the sub-axes. An orchard is a biological ecosystem defined by the presence of plants (trees), placing it under Flora & Plant Derivatives within the biotic category. Because the image captures a real-world physical environment with tangible elements, it is classified as material under the Tangibility axis.",False
/home/pmonserrat/datasets/places/val_formatted/249/Places365_val_00000543.jpg,orchard,True,True,True,yes,biotic,material,"The target entity is an orchard. The visual evidence shows a cultivated area with rows of plants, likely fruit trees, set in a natural landscape. Orchards are explicitly classified under Ecosystems & Environments within the Non-Living Natural Elements & Processes inclusion scope, fulfilling the criteria for nature. Since nature is 'yes', I evaluate the sub-axes. An orchard is a cultivated environment defined by living communities (plants), placing it under Flora & Plant Derivatives within the biotic category. Because this is an unfiltered documentary photograph capturing a real-world physical landscape, it is classified as material under the Tangibility axis.",False
/home/pmonserrat/datasets/places/val_formatted/249/Places365_val_00000661.jpg,orchard,True,True,True,yes,biotic,material,"The target entity is an orchard. The visual evidence shows a real-world environment with trees bearing fruit, which is a natural setting. Orchards are ecosystems defined by living communities and biological interactions, fulfilling the inclusion criteria for nature. Since nature is 'yes', I evaluate the sub-axes. An orchard is a biological ecosystem, placing it under Biological Ecosystems within the biotic category. Because the image captures a real-world physical environment with mass and presence, it is classified as material under the Tangibility axis.",False
/home/pmonserrat/datasets/places/val_formatted/249/Places365_val_00001161.jpg,orchard,True,True,True,yes,biotic,material,"The target entity is an orchard. The visual evidence shows a cultivated landscape with rows of trees, likely fruit-bearing, set in a natural environment. Orchards are explicitly classified under Ecosystems & Environments within the inclusion scope for nature, as they are natural or semi-natural environments where non-human entities exist and interact. Since nature is 'yes', I evaluate the sub-axes. An orchard is a cultivated environment, placing it under Ecosystems & Environments within the biotic category. Because it is a real-world physical landscape with mass that occupies space, it is classified as material under the Tangibility axis.",False
/home/pmonserrat/datasets/places/val_formatted/249/Places365_val_00001588.jpg,orchard,True,True,True,yes,biotic,material,"The target entity is an orchard. The visual evidence shows a field of blooming purple flowers, which are part of a cultivated or wild ecosystem. Orchards are explicitly classified under Ecosystems & Environments in the inclusion scope of Nature, fulfilling the criteria for nature. Since nature is 'yes', I evaluate the sub-axes. An orchard is a biological ecosystem defined by the living community of plants (flora), placing it under the biotic category. Because the image captures a real-world physical environment with tangible plants and flowers, it is classified as material under the Tangibility axis.",False
/home/pmonserrat/datasets/places/val_formatted/250/Places365_val_00000196.jpg,orchestra pit,False,,,no,none,none,"The target entity is an orchestra pit. The visual evidence shows a structure typically used in concert settings for musicians. This is a manufactured structural object and does not fall under the categories of flora, fauna, fungi, or natural environments. It is not a nature-based artifact or activity, nor does it represent nature in any form. Not applicable since the entity is not classified as nature.",False
/home/pmonserrat/datasets/places/val_formatted/250/Places365_val_00000882.jpg,orchestra pit,False,,,no,none,none,"The target entity is an orchestra pit. The visual evidence shows a structure typically used in concert halls to hold sheet music for musicians. This is a manufactured structural object and does not fall under any of the categories of more-than-human living entities, ecosystems, or natural processes. It is a human-made feature designed for a specific purpose and does not meet the criteria for nature under the provided definition. Not applicable since the entity is not classified as nature.",False
/home/pmonserrat/datasets/places/val_formatted/250/Places365_val_00001084.jpg,orchestra pit,False,,,no,none,none,The target entity is an orchestra pit. The visual evidence shows a constructed space within a concert hall where musicians are seated. This is a manufactured structural object designed for human use and does not possess any natural material or biological presence. It falls under the Homogenous Artefacts exclusion and does not depict a natural entity. Not applicable since the entity is not classified as nature.,False
/home/pmonserrat/datasets/places/val_formatted/250/Places365_val_00001136.jpg,orchestra pit,False,,,no,none,none,"The target entity is an orchestra pit. The visual evidence shows a structure typically used in concert halls for musicians to sit during performances. This is a manufactured structural object made of materials like wood or metal, with no natural material or living organism involved. Since it does not depict a natural entity and falls under homogenous artefacts, it is excluded from the nature classification. Not applicable since the entity is not classified as nature.",False
/home/pmonserrat/datasets/places/val_formatted/250/Places365_val_00001147.jpg,orchestra pit,False,,,no,none,none,"The target entity is an orchestra pit. The visual evidence shows a stage setup with musical instruments and a conductor. An orchestra pit is a structural element in a concert hall, typically used for placing instruments below the stage level. It is a manufactured architectural feature and does not fall under the categories of flora, fauna, fungi, or natural processes. Therefore, it does not count as nature under the provided definition. Not applicable since the entity is not classified as nature.",False
/home/pmonserrat/datasets/places/val_formatted/251/Places365_val_00000235.jpg,pagoda,False,,,no,none,none,"The target entity is a pagoda. The visual evidence shows a man-made structure with traditional architectural design, typically found in East Asian cultures. While the pagoda is a man-made structure, it is situated within a natural environment and is often associated with cultural and historical significance. However, under the provided taxonomy, human-made structures that do not depict natural entities or processes are excluded from the 'nature' category unless they are explicitly nature-based artefacts. Since the pagoda is primarily a man-made structure without a direct natural material basis, it does not count as nature. Not applicable since the entity is not classified as nature.",False
/home/pmonserrat/datasets/places/val_formatted/251/Places365_val_00000891.jpg,pagoda,False,,,no,none,none,"The target entity is a pagoda. The visual evidence shows a tall, multi-tiered structure made of stone or brick, which is a man-made architectural feature. While the materials used may have natural origins, the structure itself is a manufactured object and does not fit the criteria for nature-based artefacts where the natural material remains visually identifiable by its grain or texture. It is a constructed human-made building, not a natural entity. Not applicable since the entity is not classified as nature.",False
/home/pmonserrat/datasets/places/val_formatted/251/Places365_val_00001146.jpg,pagoda,False,,,no,none,none,"The target entity is a pagoda. The visual evidence shows a man-made structure with multiple tiers and a distinctive architectural style. While the pagoda is a man-made object, it is situated in a natural environment and is a cultural artifact. However, under the provided taxonomy, human-made structures that do not depict natural entities or processes are excluded from the 'nature' category unless they are explicitly nature-based artifacts. Since the pagoda is primarily a man-made structure without a direct natural material basis visible in the image, it does not count as nature. Not applicable since the entity is not classified as nature.",False
/home/pmonserrat/datasets/places/val_formatted/251/Places365_val_00001667.jpg,pagoda,False,,,no,none,none,"The target entity is a pagoda. The visual evidence shows a traditional architectural structure with tiled roofs and wooden elements. While the pagoda itself is a man-made structure, it is situated in a natural environment and is often associated with cultural and historical significance. However, under the provided taxonomy, man-made structures that do not depict natural entities or processes are classified as homogenous artefacts and are excluded from nature. Not applicable since the entity is not classified as nature.",False
/home/pmonserrat/datasets/places/val_formatted/251/Places365_val_00001685.jpg,pagoda,False,,,no,none,none,"The target entity is a pagoda. The visual evidence shows a traditional architectural structure with ornate roof designs and natural elements like trees and plants in the surrounding environment. While the pagoda itself is a man-made structure, it is situated within a natural setting and incorporates elements that are closely tied to nature. However, the primary focus is on the architectural structure rather than the natural environment. Not applicable since the entity is not classified as nature.",False
/home/pmonserrat/datasets/places/val_formatted/252/Places365_val_00000111.jpg,palace,False,,,no,none,none,"The target entity is a palace. The visual evidence shows a large, ornate building with architectural features such as spires and towers. This structure is a human-made construction and does not fall under the categories of flora, fauna, fungi, or natural processes. It is a manufactured structural object and does not depict a natural entity, thus it falls strictly under the Homogenous Artefacts exclusion and fails the criteria for nature. Not applicable since the entity is not classified as nature.",False
/home/pmonserrat/datasets/places/val_formatted/252/Places365_val_00000321.jpg,palace,False,,,no,none,none,"The target entity is a palace. The visual evidence shows a large, ornate building with architectural features such as columns and statues. Since human-made structures like palaces are not classified as nature under the provided definition, and they fall under the Homogenous Artefacts exclusion, this entity does not count as nature. Not applicable since the entity is not classified as nature.",False
/home/pmonserrat/datasets/places/val_formatted/252/Places365_val_00000453.jpg,palace,False,,,no,none,none,"The target entity is a palace. The visual evidence shows a large, ornate building constructed from stone, with architectural features such as towers and spires. While the building itself is a human-made structure, it is situated in a landscaped area with natural elements like grass and trees. However, the palace as a structure is a manufactured artifact and does not fall under the categories of flora, fauna, fungi, or natural processes. It is a homogenous artefact where the original natural texture is unidentifiable and the object does not depict a natural entity. Not applicable since the entity is not classified as nature.",False
/home/pmonserrat/datasets/places/val_formatted/252/Places365_val_00000607.jpg,palace,False,,,no,none,none,"The target entity is a palace. The visual evidence shows a large, multi-tiered building with traditional architectural features. Since human beings and human-made structures are explicitly excluded from the nature taxonomy, this palace does not count as nature. Not applicable since the entity is not classified as nature.",False
/home/pmonserrat/datasets/places/val_formatted/252/Places365_val_00000772.jpg,palace,False,,,no,none,none,"The target entity is a palace. The visual evidence shows a large, man-made structure with architectural design, likely made of materials such as concrete, glass, and steel. Since human beings and their constructed administrative or political units are explicitly excluded from the nature taxonomy, this entity does not count as nature. Not applicable since the entity is not classified as nature.",False
/home/pmonserrat/datasets/places/val_formatted/253/Places365_val_00000066.jpg,pantry,False,,,yes,biotic,material,"The target entity is a pantry. The visual evidence shows a storage unit filled with various food items and containers. A pantry is a space used for storing food, which falls under the category of Processed Food & Drinks (The Ingestion Criterion) in the Nature definition. Since the pantry contains edible items, it is classified as nature. Since nature is 'yes', I evaluate the sub-axes. The pantry contains processed food items, which are edible solids or liquids at any processing level, placing it under the category of Processed Food & Drinks within the biotic category. Because the pantry is a real-world physical object with mass that occupies space, it is classified as material under the Tangibility axis.",False
/home/pmonserrat/datasets/places/val_formatted/253/Places365_val_00000542.jpg,pantry,False,,,no,none,none,"The target entity is a pantry. The visual evidence shows a storage space containing various packaged food items and household products. While the pantry itself is a manufactured structure, it is used to store processed food items, which fall under the category of Processed Food & Drinks (The Ingestion Criterion) in the Nature definition. However, the pantry as a structure does not directly count as nature under the provided definition. Not applicable since the entity is not classified as nature.",False
/home/pmonserrat/datasets/places/val_formatted/253/Places365_val_00000652.jpg,pantry,False,,,yes,biotic,material,"The target entity is a pantry. The visual evidence shows a storage area filled with various packaged food items, such as jars, boxes, and bottles. These items are processed food products, which fall under the category of 'Processed Food & Drinks (The Ingestion Criterion)' in the Nature definition. Since processed food is explicitly included as nature under the ingestion criterion, this instance counts as nature. Since nature is 'yes', I evaluate the sub-axes. The pantry contains processed food items, which are edible solids or liquids at any processing level, placing them under the 'Processed Food & Drinks' category within the biotic category. Because the pantry itself is a physical storage structure holding real-world edible items with mass that occupy space, it is classified as material under the Tangibility axis.",False
/home/pmonserrat/datasets/places/val_formatted/253/Places365_val_00000655.jpg,pantry,False,,,yes,biotic,material,"The target entity is a pantry. The visual evidence shows a storage area with various food items and containers. Processed food and drinks, including edible solid or liquid elements at any processing level, are classified under the Ingestion Criterion, fulfilling the inclusion criteria for nature. Since nature is 'yes', I evaluate the sub-axes. The pantry contains processed food items and containers, which are derived from more-than-human living organisms (e.g., plants, animals). These items are physical objects with mass that occupy space, placing them under the material category under the Tangibility axis.",False
/home/pmonserrat/datasets/places/val_formatted/253/Places365_val_00000990.jpg,pantry,False,,,yes,biotic,material,"The target entity is a pantry. The visual evidence shows a storage area filled with various food items such as pasta, rice, canned goods, and condiments. These items are processed food products, which fall under the category of 'Processed Food & Drinks (The Ingestion Criterion)' in the Nature definition. Since processed food is explicitly included as nature under the taxonomy, the pantry qualifies as nature. Since nature is 'yes', I evaluate the sub-axes. The pantry contains processed food items, which are edible solids or liquids at any processing level, placing them under the 'Processed Food & Drinks' category. This category is part of the Biotic category as it involves derived products from living organisms. The pantry itself is a physical structure, but its contents are classified under the Biotic category. Because the pantry is a real-world physical object with mass that occupies space, it is classified as material under the Tangibility axis.",False
/home/pmonserrat/datasets/places/val_formatted/254/Places365_val_00000769.jpg,park,True,True,True,yes,biotic,material,"The target entity is a park. The visual evidence shows a natural environment with water, vegetation, and possibly wildlife. Parks are classified under Ecosystems & Environments, which are natural or semi-natural environments where non-human entities exist and interact, fulfilling the inclusion criteria for nature. Since nature is 'yes', I evaluate the sub-axes. A park is a biological ecosystem defined by living communities and interactions, placing it under the biotic category. Because the image captures a real-world physical environment with tangible elements like water and vegetation, it is classified as material under the Tangibility axis.",False
/home/pmonserrat/datasets/places/val_formatted/254/Places365_val_00000993.jpg,park,True,True,True,yes,biotic,material,"The target entity is a park. The visual evidence shows a natural environment with various plants, trees, and a grassy area. Parks are explicitly classified under Ecosystems & Environments in the Nature Axis, fulfilling the inclusion criteria for nature. Since nature is 'yes', I evaluate the sub-axes. A park is a natural or semi-natural environment, placing it under Ecosystems & Environments within the biotic category. Because the image captures a real-world physical landscape, it is classified as material under the Tangibility axis.",False
/home/pmonserrat/datasets/places/val_formatted/254/Places365_val_00001343.jpg,park,True,True,True,yes,biotic,material,"The target entity is a park. The visual evidence shows a grassy area with trees and bushes, which are natural elements. Parks are classified under Ecosystems & Environments, fulfilling the inclusion criteria for nature. Since nature is 'yes', I evaluate the sub-axes. A park is a natural or semi-natural environment, placing it under Ecosystems & Environments within the biotic category. Because this is an unfiltered documentary photograph capturing a real-world physical landscape, it is classified as material under the Tangibility axis.",False
/home/pmonserrat/datasets/places/val_formatted/254/Places365_val_00001618.jpg,park,True,True,True,yes,biotic,material,"The target entity is a park with totem poles. The visual evidence shows a natural environment with greenery and trees, which are part of the ecosystems and environments inclusion scope. The totem poles are nature-based artefacts as they are crafted objects where the natural material of origin remains visually identifiable by its structure, grain, or texture. Since nature is 'yes', I evaluate the sub-axes. The park itself is a natural environment, placing it under Ecosystems & Environments within the biotic category. The totem poles are nature-based artefacts, placing them under Nature-Based Artefacts. Because the image captures a real-world physical environment, it is classified as material under the Tangibility axis.",False
/home/pmonserrat/datasets/places/val_formatted/254/Places365_val_00001884.jpg,park,True,True,True,yes,biotic,material,"The target entity is a park. The visual evidence shows a natural environment with grass, trees, a building, and a body of water. Parks are classified under Ecosystems & Environments, which are natural or semi-natural environments where non-human entities exist and interact, fulfilling the inclusion criteria for nature. Since nature is 'yes', I evaluate the sub-axes. The park includes elements such as grass (Flora & Plant Derivatives), trees (Flora & Plant Derivatives), and a body of water (Hydrological Components), placing it under the biotic category. Because this is an unfiltered documentary photograph capturing a real-world physical environment, it is classified as material under the Tangibility axis.",False
/home/pmonserrat/datasets/places/val_formatted/257/Places365_val_00000923.jpg,parking lot,False,,,no,none,none,"The target entity is a parking lot. The visual evidence shows a paved area designated for parking vehicles, which is a human-made structure. Parking lots are constructed environments and do not fall under the categories of flora, fauna, fungi, or natural processes. They are part of the built environment and are not classified as nature under the provided definition. Not applicable since the entity is not classified as nature.",False
/home/pmonserrat/datasets/places/val_formatted/257/Places365_val_00001128.jpg,parking lot,False,,,no,none,none,"The target entity is a parking lot. The visual evidence shows a paved area designated for parking cars, which is a human-made structure. Since parking lots are constructed environments and do not fall under the categories of flora, fauna, fungi, hydrological, atmospheric, geological, astrophysical, or biophysical components, they are not classified as nature under the provided definition. Not applicable since the entity is not classified as nature.",False
/home/pmonserrat/datasets/places/val_formatted/257/Places365_val_00001545.jpg,parking lot,False,,,no,none,none,"The target entity is a parking lot. The visual evidence shows a paved area designated for parking vehicles. Parking lots are human-made structures and do not fall under the categories of flora, fauna, fungi, or natural environments. They are part of the built environment and do not meet the inclusion criteria for nature. Not applicable since the entity is not classified as nature.",False
/home/pmonserrat/datasets/places/val_formatted/257/Places365_val_00001675.jpg,parking lot,False,,,no,none,none,"The target entity is a parking lot. The visual evidence shows a paved area designated for parking vehicles, typically found in urban or suburban settings. Parking lots are human-made structures and do not fall under the categories of flora, fauna, fungi, or natural environments. They are constructed environments and do not meet the inclusion criteria for nature as defined. Not applicable since the entity is not classified as nature.",False
/home/pmonserrat/datasets/places/val_formatted/257/Places365_val_00002192.jpg,parking lot,False,,,no,none,none,"The target entity is a parking lot. The visual evidence shows a paved area designated for parking vehicles, surrounded by natural elements like trees and mountains. However, a parking lot itself is a human-made structure and does not fall under the categories of flora, fauna, fungi, or natural environments. It is a constructed space designed for human use and does not meet the criteria for nature under the provided taxonomy. Not applicable since the entity is not classified as nature.",False
/home/pmonserrat/datasets/places/val_formatted/258/Places365_val_00000243.jpg,pasture,True,True,True,yes,biotic,material,"The target entity is a pasture with a cheetah. The visual evidence shows a natural environment with grass and a wild animal. This setting falls under Ecosystems & Environments, specifically a natural grassland habitat, fulfilling the inclusion criteria for nature. Since nature is 'yes', I evaluate the sub-axes. The pasture is a biological ecosystem defined by living communities, placing it under Biological Ecosystems within the biotic category. Because the image captures a real-world physical environment with tangible elements, it is classified as material under the Tangibility axis.",False
/home/pmonserrat/datasets/places/val_formatted/258/Places365_val_00000406.jpg,pasture,True,True,True,yes,biotic,material,"The target entity is a pasture. The visual evidence shows a natural environment with grass, trees, and grazing cattle. This setting is an ecosystem defined by living communities and biological interactions, fulfilling the inclusion criteria for nature. Since nature is 'yes', I evaluate the sub-axes. A pasture is a biological ecosystem, placing it under Biological Ecosystems within the biotic category. Because this is an unfiltered documentary photograph capturing a real-world physical environment, it is classified as material under the Tangibility axis.",False
/home/pmonserrat/datasets/places/val_formatted/258/Places365_val_00001029.jpg,pasture,True,True,True,yes,biotic,material,"The target entity is a pasture. The visual evidence shows a grassy area where animals are grazing. Ecosystems and environments, such as pastures, are explicitly classified under the inclusion scope for Nature-Based Artefacts and Ecosystems & Environments, fulfilling the criteria for nature. Since nature is 'yes', I evaluate the sub-axes. A pasture is a biological ecosystem defined by living communities (plants and animals) and their interactions, placing it under Biological Ecosystems within the biotic category. Because the image captures a real-world physical environment, it is classified as material under the Tangibility axis.",False
/home/pmonserrat/datasets/places/val_formatted/258/Places365_val_00001451.jpg,pasture,True,True,True,yes,biotic,material,"The target entity is a pasture. The visual evidence shows a natural landscape with grass and possibly wildflowers, which are part of a larger ecosystem. This fits under the inclusion scope for ecosystems and environments, specifically as a natural or semi-natural environment where non-human entities exist and interact. Since nature is 'yes', I evaluate the sub-axes. A pasture is an ecosystem defined by living communities, placing it under Biological Ecosystems within the biotic category. Because it is a real-world physical environment with mass that occupies space, it is classified as material under the Tangibility axis.",False
/home/pmonserrat/datasets/places/val_formatted/258/Places365_val_00001460.jpg,pasture,True,True,True,yes,biotic,material,"The target entity is a pasture. The visual evidence shows a natural landscape with grassy areas and rocky terrain surrounding a body of water. This environment is a natural ecosystem where non-human entities exist and interact, fulfilling the inclusion criteria for nature. Since nature is 'yes', I evaluate the sub-axes. The pasture is a natural environment characterized by grassy areas and rocky terrain, placing it under Ecosystems & Environments within the biotic category. Because this is an unfiltered documentary photograph capturing a real-world physical landscape, it is classified as material under the Tangibility axis.",False
/home/pmonserrat/datasets/places/val_formatted/259/Places365_val_00001499.jpg,patio,False,,,no,none,none,"The target entity is a patio. The visual evidence shows a constructed outdoor area with a tiled floor and metal furniture. Since patios are human-made structures and not natural elements or processes, they fall under the Homogenous Artefacts exclusion and do not count as nature. Not applicable since the entity is not classified as nature.",False
/home/pmonserrat/datasets/places/val_formatted/259/Places365_val_00001524.jpg,patio,False,,,no,none,none,"The target entity is a patio. The visual evidence shows a constructed area with stone paving and wooden structures, surrounded by natural vegetation. While the patio itself is a human-made structure, it is situated within a natural environment and incorporates natural materials like stone and wood. However, under the provided taxonomy, human-made structures that are not explicitly nature-based artefacts or directly engaging with natural elements are excluded from the 'nature' category. Not applicable since the entity is not classified as nature.",False
/home/pmonserrat/datasets/places/val_formatted/259/Places365_val_00001811.jpg,patio,False,,,no,none,none,"The target entity is a patio. The visual evidence shows an outdoor area with a tree and surrounding buildings. This setting includes elements of nature (the tree) and human-made structures (buildings and patio furniture). However, the patio itself is primarily a human-constructed space, even if it incorporates natural elements like the tree. Since the patio is a human-made structure, it does not count as nature under the provided definition. Not applicable since the entity is not classified as nature.",False
/home/pmonserrat/datasets/places/val_formatted/259/Places365_val_00001896.jpg,patio,False,,,no,none,none,"The target entity is a patio. The visual evidence shows a paved outdoor area made of stone tiles, surrounded by a garden with plants and trees. While the patio itself is a constructed feature, it is part of a natural environment and is used for engaging with nature. However, as a man-made structure, it does not count as nature under the provided definition. Not applicable since the entity is not classified as nature.",False
/home/pmonserrat/datasets/places/val_formatted/259/Places365_val_00002217.jpg,patio,False,,,no,none,none,"The target entity is a patio. The visual evidence shows an outdoor area with furniture and plants. While the patio itself is a constructed space, it includes elements like plants and is part of a natural environment. However, the patio as a whole is a human-made structure and does not directly count as nature under the provided definition. Not applicable since the entity is not classified as nature.",False
/home/pmonserrat/datasets/places/val_formatted/26/Places365_val_00000537.jpg,attic,False,,,no,none,none,"The target entity is an attic. The visual evidence shows a room with sloping ceilings and a window, likely part of a building's upper level. An attic is a human-made structural space and does not fall under the categories of more-than-human living entities, ecosystems, or natural processes. It is a constructed environment and does not meet the criteria for nature under the provided definition. Not applicable since the entity is not classified as nature.",False
/home/pmonserrat/datasets/places/val_formatted/26/Places365_val_00000862.jpg,attic,False,,,no,none,none,"The target entity is an attic. The visual evidence shows a constructed space made primarily of wooden beams and panels. While the materials used (wood) are derived from Flora, the structure itself is a manufactured homogenous artefact where the original natural texture is unidentifiable and altered. Since it does not depict a natural entity and falls under the Homogenous Artefacts exclusion, it does not count as nature. Not applicable since the entity is not classified as nature.",False
/home/pmonserrat/datasets/places/val_formatted/26/Places365_val_00001000.jpg,attic,False,,,no,none,none,"The target entity is an attic. The visual evidence shows a constructed space with wooden beams and a ceiling, likely part of a building. Since the attic is a manufactured structural object and not a natural environment or element, it falls under the Homogenous Artefacts exclusion and fails the criteria for nature. Not applicable since the entity is not classified as nature.",False
/home/pmonserrat/datasets/places/val_formatted/26/Places365_val_00001083.jpg,attic,False,,,no,none,none,"The target entity is an attic. The visual evidence shows a constructed space with wooden beams and insulation material. This is a human-made structural environment and does not fall under the categories of flora, fauna, fungi, or natural processes. It is a built environment rather than a natural one, and thus does not meet the criteria for nature under the provided taxonomy. Not applicable since the entity is not classified as nature.",False
/home/pmonserrat/datasets/places/val_formatted/26/Places365_val_00001275.jpg,attic,False,,,no,none,none,"The target entity is an attic. The visual evidence shows a constructed space made primarily of wood and stone, which are materials derived from natural sources. However, the attic itself is a human-made structure and does not directly fall under the categories of flora, fauna, fungi, or natural processes. It is a part of a building and does not meet the criteria for being classified as nature under the provided taxonomy. Not applicable since the entity is not classified as nature.",False
/home/pmonserrat/datasets/places/val_formatted/260/Places365_val_00000042.jpg,pavilion,False,,,no,none,none,"The target entity is a pavilion. The visual evidence shows a man-made structure with a roof and benches, situated in a natural environment with palm trees and a beach. Since the pavilion is a manufactured object and not a natural entity, it falls under the Homogenous Artefacts exclusion and fails the criteria for nature. Not applicable since the entity is not classified as nature.",False
/home/pmonserrat/datasets/places/val_formatted/260/Places365_val_00000455.jpg,pavilion,False,,,no,none,none,"The target entity is a pavilion. The visual evidence shows a man-made structure with a roof and open sides, typically used for shelter or gatherings. Since pavilions are manufactured structural objects and do not depict a natural entity, they fall under the Homogenous Artefacts exclusion and fail the criteria for nature. Not applicable since the entity is not classified as nature.",False
/home/pmonserrat/datasets/places/val_formatted/260/Places365_val_00000505.jpg,pavilion,False,,,no,none,none,"The target entity is a pavilion. The visual evidence shows a man-made structure with a green roof and supporting columns. Since homogenous artefacts are excluded, but nature-based artefacts where the natural material of origin remains visually identifiable by its structure, grain, or texture are included, this pavilion does not fit the criteria for nature as it is a manufactured structure without any identifiable natural material. Not applicable since the entity is not classified as nature.",False
/home/pmonserrat/datasets/places/val_formatted/260/Places365_val_00000545.jpg,pavilion,False,,,no,none,none,"The target entity is a pavilion. The visual evidence shows a man-made structure with a metal frame and glass panels, illuminated from within. Since pavilions are human-made structures and do not fall under the categories of flora, fauna, fungi, or natural environments, they are excluded from the nature definition under this taxonomy. Not applicable since the entity is not classified as nature.",False
/home/pmonserrat/datasets/places/val_formatted/260/Places365_val_00002111.jpg,pavilion,False,,,no,none,none,"The target entity is a pavilion. The visual evidence shows a man-made structure with a roof and open sides, likely used for gatherings or events. Since pavilions are manufactured structural objects and do not depict a natural entity, they fall under the Homogenous Artefacts exclusion and fail the criteria for nature. Not applicable since the entity is not classified as nature.",False
/home/pmonserrat/datasets/places/val_formatted/261/Places365_val_00001212.jpg,pet shop,False,,,no,none,none,"The target entity is a pet shop. The visual evidence shows a store with shelves stocked with various pet supplies, including food, medications, and care products. While the shop itself is a human-made structure, the items on the shelves are primarily derived from or related to more-than-human living entities (e.g., pet food, medications for animals). However, the shop as a whole does not directly count as nature under the provided definition, as it is a human-made environment. Not applicable since the entity is not classified as nature.",False
/home/pmonserrat/datasets/places/val_formatted/261/Places365_val_00001319.jpg,pet shop,False,,,no,none,none,"The target entity is a pet shop. The visual evidence shows shelves stocked with various pet supplies, such as food and litter products. These items are manufactured goods designed for use with animals, but they do not fall under the categories of more-than-human living entities, ecosystems, or natural processes. Instead, they are processed products intended for human use in caring for animals, which places them outside the scope of nature as defined. Not applicable since the entity is not classified as nature.",False
/home/pmonserrat/datasets/places/val_formatted/261/Places365_val_00001694.jpg,pet shop,False,,,no,none,none,"The target entity is a pet shop. The visual evidence shows a store with shelves stocked with various pet-related products, including toys, food, and accessories. While the shop itself is a human-made structure, it contains items that are derived from or related to more-than-human living organisms (e.g., pet food, toys for animals). However, the shop as a whole does not count as nature because it is primarily a commercial establishment rather than a natural environment or a direct representation of more-than-human entities. Not applicable since the entity is not classified as nature.",False
/home/pmonserrat/datasets/places/val_formatted/261/Places365_val_00002593.jpg,pet shop,False,,,no,none,none,"The target entity is a product labeled 'ReptoMin' for aquatic turtles, newts, and frogs. The visual evidence shows manufactured containers with images of reptiles and amphibians. While the containers themselves are manufactured objects, the product is intended for use with non-human living organisms (biotic category). However, the containers do not depict a natural entity and are not classified as nature-based artefacts. Not applicable since the entity is not classified as nature.",False
/home/pmonserrat/datasets/places/val_formatted/261/Places365_val_00002644.jpg,pet shop,False,,,no,none,none,"The target entity is a pet shop, but the image specifically shows a person interacting with a dog inside a kennel. The dog is a non-human vertebrate (fauna), which is a more-than-human living entity. However, the setting is a constructed environment (the kennel and the interaction) rather than a natural ecosystem or a direct representation of nature. The primary focus is on a human activity involving an animal, which does not directly classify as nature under the provided definitions. Not applicable since the entity is not classified as nature.",False
/home/pmonserrat/datasets/places/val_formatted/262/Places365_val_00000170.jpg,pharmacy,False,,,no,none,none,"The target entity is a pharmacy. The visual evidence shows a commercial establishment with shelves and display cases containing various products. Pharmacies are human-made structures and do not fall under the categories of flora, fauna, fungi, or natural environments. They are not classified as nature-based artefacts or activities, nor do they represent natural elements or processes. Not applicable since the entity is not classified as nature.",False
/home/pmonserrat/datasets/places/val_formatted/262/Places365_val_00000276.jpg,pharmacy,False,,,no,none,none,"The target entity is a pharmacy storefront. The visual evidence shows a commercial establishment with signage and no direct representation of more-than-human living entities, ecosystems, or natural processes. It is a human-made structure and service, which falls under the Homogenous Artefacts exclusion and does not count as nature. Not applicable since the entity is not classified as nature.",False
/home/pmonserrat/datasets/places/val_formatted/262/Places365_val_00000514.jpg,pharmacy,False,,,no,none,none,"The target entity is a pharmacy. The visual evidence shows a brick building with signage for a pharmacy. Pharmacies are human-made structures and do not fall under the categories of flora, fauna, fungi, or natural processes. They are commercial establishments designed for human use and do not meet the criteria for nature under the provided taxonomy. Not applicable since the entity is not classified as nature.",False
/home/pmonserrat/datasets/places/val_formatted/262/Places365_val_00000721.jpg,pharmacy,False,,,no,none,none,"The target entity is a pharmacy. The visual evidence shows a store with shelves stocked with various pharmaceutical products. A pharmacy is a human-made establishment focused on the sale and preparation of medications and health-related products. Since human beings and their establishments are explicitly excluded from the nature taxonomy, this instance does not count as nature. Not applicable since the entity is not classified as nature.",False
/home/pmonserrat/datasets/places/val_formatted/262/Places365_val_00002026.jpg,pharmacy,False,,,no,none,none,"The target entity is a pharmacy. The visual evidence shows a collection of packaged medicinal products on shelves. These products are manufactured items, not directly related to more-than-human living entities, ecosystems, or natural processes. They are human-made goods intended for health purposes, and do not fall under the categories of flora, fauna, fungi, or natural environments. Therefore, they are excluded from the nature taxonomy. Not applicable since the entity is not classified as nature.",False
/home/pmonserrat/datasets/places/val_formatted/263/Places365_val_00000945.jpg,phone booth,False,,,no,none,none,"The target entity is a phone booth. The visual evidence shows a manufactured structural object made of metal and glass. Since the original natural texture of the materials is completely unidentifiable and altered, and the object does not depict a natural entity, it falls strictly under the Homogenous Artefacts exclusion and fails the criteria for nature. Not applicable since the entity is not classified as nature.",False
/home/pmonserrat/datasets/places/val_formatted/263/Places365_val_00000987.jpg,phone booth,False,,,no,none,none,"The target entity is a phone booth. The visual evidence shows a manufactured structural object made of metal and glass. Since homogenous artefacts are excluded and the object does not depict a natural entity, it falls strictly under the Homogenous Artefacts exclusion and fails the criteria for nature. Not applicable since the entity is not classified as nature.",False
/home/pmonserrat/datasets/places/val_formatted/263/Places365_val_00001237.jpg,phone booth,False,,,no,none,none,"The target entity is a phone booth. The visual evidence shows a manufactured structural object made of metal and glass. Because the original natural texture of the materials is completely unidentifiable and altered, and the object does not depict a natural entity, it falls strictly under the Homogenous Artefacts exclusion and fails the criteria for nature. Not applicable since the entity is not classified as nature.",False
/home/pmonserrat/datasets/places/val_formatted/263/Places365_val_00001673.jpg,phone booth,False,,,no,none,none,"The target entity is a phone booth. The visual evidence shows a manufactured structural object made of metal and glass. Because the original natural texture of the materials is completely unidentifiable and altered, and the object does not depict a natural entity, it falls strictly under the Homogenous Artefacts exclusion and fails the criteria for nature. Not applicable since the entity is not classified as nature.",False
/home/pmonserrat/datasets/places/val_formatted/263/Places365_val_00001707.jpg,phone booth,False,,,no,none,none,"The target entity is a phone booth. The visual evidence shows a manufactured structural object made primarily of metal and glass. Since homogenous artefacts are excluded and the object does not depict a natural entity, it falls strictly under the Homogenous Artefacts exclusion and fails the criteria for nature. Not applicable since the entity is not classified as nature.",False
/home/pmonserrat/datasets/places/val_formatted/264/Places365_val_00000099.jpg,physics laboratory,False,,,no,none,none,"The target entity is a physics laboratory. The visual evidence shows a room with scientific equipment and individuals working. A physics laboratory is a constructed environment used for scientific research and experimentation. It does not fall under the categories of flora, fauna, fungi, hydrological, atmospheric, geological, astrophysical, or biophysical processes as defined in the nature taxonomy. It is a human-made space and does not qualify as nature under the provided definitions. Not applicable since the entity is not classified as nature.",False
/home/pmonserrat/datasets/places/val_formatted/264/Places365_val_00000296.jpg,physics laboratory,False,,,no,none,none,"The target entity is a physics laboratory. The visual evidence shows a room with scientific equipment and a person in a lab coat. This setting is a constructed environment for conducting scientific research and does not fall under the categories of more-than-human living entities, ecosystems, or natural processes. It is a human-made space and does not meet the criteria for nature under the provided definition. Not applicable since the entity is not classified as nature.",False
/home/pmonserrat/datasets/places/val_formatted/264/Places365_val_00001491.jpg,physics laboratory,False,,,no,none,none,"The target entity is a physics laboratory. The visual evidence shows a complex setup of scientific equipment, primarily composed of metallic and synthetic materials. This setup does not fall under any of the categories of more-than-human living entities, ecosystems, or natural processes. Instead, it is a manufactured environment designed for scientific experimentation, which does not meet the criteria for nature under the provided taxonomy. Not applicable since the entity is not classified as nature.",False
/home/pmonserrat/datasets/places/val_formatted/264/Places365_val_00002533.jpg,physics laboratory,False,,,no,none,none,"The target entity is a physics laboratory. The visual evidence shows a complex arrangement of mechanical and metallic components, likely part of an engine or machinery. This is a manufactured environment designed for scientific experimentation, primarily involving human-made materials and processes. Since it does not involve more-than-human living entities, ecosystems, or natural processes, it falls under the exclusion scope for nature. Not applicable since the entity is not classified as nature.",False
/home/pmonserrat/datasets/places/val_formatted/264/Places365_val_00003617.jpg,physics laboratory,False,,,no,none,none,"The target entity is a physics laboratory. The visual evidence shows a room filled with scientific equipment and instruments, which are manufactured objects used for conducting experiments. These objects do not depict or derive from more-than-human living entities, ecosystems, or natural processes. They are homogenous artefacts where the original natural texture is unidentifiable and the objects do not represent natural elements. Therefore, they fall under the Homogenous Artefacts exclusion and do not count as nature. Not applicable since the entity is not classified as nature.",False
/home/pmonserrat/datasets/places/val_formatted/265/Places365_val_00000327.jpg,picnic area,False,,,yes,biotic,material,"The target entity is a picnic area. The visual evidence shows a natural environment with grass, trees, and a river, which are all elements of ecosystems and environments. This setting is a semi-natural environment where non-human entities exist and interact, fulfilling the inclusion criteria for nature. Since nature is 'yes', I evaluate the sub-axes. The picnic area includes grass (flora) and trees (flora), placing it under Flora & Plant Derivatives within the biotic category. The river is a hydrological component, placing it under Hydrological Components within the abiotic category. Because the image is an unfiltered documentary depiction capturing a real-world physical environment, it is classified as material under the Tangibility axis.",False
/home/pmonserrat/datasets/places/val_formatted/265/Places365_val_00000965.jpg,picnic area,False,,,yes,biotic,material,"The target entity is a picnic area. The visual evidence shows a natural environment with grass, a body of water, and a wooden bench. This setting includes elements of flora and a hydrological component, fitting within the inclusion scope of ecosystems and environments under the Nature definition. Since nature is 'yes', I evaluate the sub-axes. The picnic area includes grass (flora) and a body of water (hydrological component), placing it under the biotic and abiotic categories respectively. The image is an unfiltered documentary depiction of a real-world physical environment, thus it is classified as material under the Tangibility axis.",False
/home/pmonserrat/datasets/places/val_formatted/265/Places365_val_00001574.jpg,picnic area,False,,,yes,biotic,material,"The target entity is a picnic area. The visual evidence shows a natural environment with a body of water, a tree, and picnic tables. This setting is a semi-natural environment where non-human entities exist and interact, fulfilling the inclusion criteria for ecosystems and environments under the Nature definition. Since nature is 'yes', I evaluate the sub-axes. The picnic area includes natural elements such as the tree (flora) and the water body (hydrological component), placing it under the biotic and abiotic categories. The picnic tables are human-made objects, but they are situated within a natural environment and do not alter the classification of the area itself. Because the image captures a real-world physical environment, it is classified as material under the Tangibility axis.",False
/home/pmonserrat/datasets/places/val_formatted/265/Places365_val_00002104.jpg,picnic area,False,,,yes,biotic,material,"The target entity is a picnic area. The visual evidence shows a paved path and a wooden bench situated in a natural environment with trees and greenery. This setting is an ecosystem where non-human entities exist and interact, fulfilling the inclusion criteria for nature. Since nature is 'yes', I evaluate the sub-axes. The picnic area includes a paved path and a wooden bench, which are human-made structures placed within a natural environment. The wooden bench is a nature-based artefact as it retains the natural texture of wood. The surrounding environment, including trees and greenery, falls under Biological Ecosystems within the biotic category. Because the image captures a real-world physical environment, it is classified as material under the Tangibility axis.",False
/home/pmonserrat/datasets/places/val_formatted/265/Places365_val_00002514.jpg,picnic area,False,,,yes,biotic,material,"The target entity is a picnic area. The visual evidence shows a grassy park area with a body of water, trees, and a wooden fence. This setting includes natural elements such as grass, trees, and water, which are classified under ecosystems and environments in the Nature definition. The presence of these natural components fulfills the inclusion criteria for nature. Since nature is 'yes', I evaluate the sub-axes. The picnic area includes natural elements like grass (flora) and water (hydrological components), placing it under the biotic category. The image is an unfiltered documentary depiction capturing a real-world physical environment, so it is classified as material under the Tangibility axis.",False
/home/pmonserrat/datasets/places/val_formatted/266/Places365_val_00000213.jpg,pier,False,,,no,none,none,"The target entity is a pier. The visual evidence shows a constructed wooden structure extending over a body of water. While the pier is a human-made object, it is built using natural materials (wood) and is situated in a natural environment (water and possibly a shoreline). However, since it is a manufactured structural object and not a natural entity itself, it falls under the exclusion of homogenous artefacts unless the natural material of origin remains visually identifiable. In this case, the pier is primarily a human-made structure and does not count as nature under the provided definition. Not applicable since the entity is not classified as nature.",False
/home/pmonserrat/datasets/places/val_formatted/266/Places365_val_00000405.jpg,pier,False,,,no,none,none,"The target entity is a pier. The visual evidence shows a constructed wooden structure extending into a body of water. While the pier itself is a human-made object, it is situated within a natural environment and serves as a platform for engaging with natural elements. However, under the provided taxonomy, the pier as a manufactured structure does not count as nature unless it is explicitly classified as a nature-based artefact. Since the pier is primarily a human-made structure without a natural material of origin remaining visually identifiable by its grain or texture, it falls under the Homogenous Artefacts exclusion and does not fulfill the criteria for nature. Not applicable since the entity is not classified as nature.",False
/home/pmonserrat/datasets/places/val_formatted/266/Places365_val_00000529.jpg,pier,False,,,yes,biotic,material,"The target entity is a pier. The visual evidence shows a constructed wooden structure extending over water. While the pier itself is a human-made object, it is situated in a natural environment and interacts with natural elements like water. However, since the pier is primarily a manufactured structure and not a natural entity or process, it falls under the exclusion of homogenous artefacts unless it retains identifiable natural material. In this case, the pier is made of wood, which is a natural material, but its primary function and form are human-made. Since nature is 'yes', I evaluate the sub-axes. The pier is made of wood, which is a processed material derived from trees, placing it under Flora & Plant Derivatives within the biotic category. Because it is a real-world physical object with mass that occupies space, it is classified as material under the Tangibility axis.",False
/home/pmonserrat/datasets/places/val_formatted/266/Places365_val_00000612.jpg,pier,False,,,no,none,none,"The target entity is a pier. The visual evidence shows a man-made structure extending over a body of water. While the pier itself is a manufactured object, it is situated within a natural environment (the sea and beach). However, the pier is not classified as nature because it is a homogenous artefact where the original natural texture is unidentifiable and the object does not depict a natural entity. Not applicable since the entity is not classified as nature.",False
/home/pmonserrat/datasets/places/val_formatted/266/Places365_val_00000834.jpg,pier,False,,,no,none,none,"The target entity is a pier. The visual evidence shows a constructed wooden structure extending into a body of water. While the pier itself is a manufactured object, it is situated in a natural environment and interacts with natural elements such as water and waves. The pier is not a living organism or a direct representation of nature but is part of a natural setting. Not applicable since the entity is not classified as nature.",False
/home/pmonserrat/datasets/places/val_formatted/267/Places365_val_00000190.jpg,pizzeria,False,,,no,none,none,"The target entity is a pizzeria. The visual evidence shows a plate with a baked food item, likely a pizza, placed on a table. However, a pizzeria itself is a place or establishment where food is prepared and sold, not a direct representation of nature. The food item on the plate could be classified under processed food, but the pizzeria as an entity is not classified as nature under the provided definition. Not applicable since the entity is not classified as nature.",False
/home/pmonserrat/datasets/places/val_formatted/267/Places365_val_00001119.jpg,pizzeria,False,,,yes,biotic,material,"The target entity is a pizza. The visual evidence shows a food item made from processed ingredients such as dough, cheese, vegetables, and meat. Processed food and drinks, especially those that are edible at any processing level, fall under the Ingestion Criterion, fulfilling the inclusion criteria for nature. Since nature is 'yes', I evaluate the sub-axes. A pizza is a processed food item, placing it under Processed Food & Drinks within the biotic category as it contains plant and animal derivatives (e.g., cheese from milk, vegetables, meat). Because it is a real-world physical object with mass that occupies space, it is classified as material under the Tangibility axis.",False
/home/pmonserrat/datasets/places/val_formatted/267/Places365_val_00001990.jpg,pizzeria,False,,,yes,biotic,material,"The target entity is a pizza. The visual evidence shows a food item with ingredients such as tomato sauce, cheese, and olives. Processed food and drinks, including edible solid or liquid elements at any processing level, are classified under the Ingestion Criterion, fulfilling the inclusion criteria for nature. Since nature is 'yes', I evaluate the sub-axes. Pizza is a processed food item, placing it under Processed Food & Drinks within the biotic category. Because it is a real-world physical object with mass that occupies space, it is classified as material under the Tangibility axis.",False
/home/pmonserrat/datasets/places/val_formatted/267/Places365_val_00002037.jpg,pizzeria,False,,,no,none,none,"The target entity is a pizzeria. The visual evidence shows a commercial establishment where food is prepared and sold. While the food (pizza) itself is a processed food item and could be classified under 'Processed Food & Drinks' under the ingestion criterion, the pizzeria as a whole is a human-made structure and business. It does not directly count as nature under the provided definition, as it is primarily a constructed environment for human activity rather than a natural entity or process. Not applicable since the entity is not classified as nature.",False
/home/pmonserrat/datasets/places/val_formatted/267/Places365_val_00002061.jpg,pizzeria,False,,,yes,biotic,material,"The target entity is a pizzeria. The visual evidence shows a food establishment with various types of pizzas displayed. Processed food and drinks, including edible solid items like pizzas, are explicitly classified under the Ingestion Criterion in the Nature definition. Since the pizzas are made from ingredients derived from more-than-human living entities (e.g., wheat, tomatoes, cheese), they count as nature-based processed food. Since nature is 'yes', I evaluate the sub-axes. The pizzas are processed food items derived from biotic materials (plants and animals), placing them under Flora & Plant Derivatives and Fauna & Animal Derivatives within the biotic category. Because the image captures a real-world physical environment with tangible food items, it is classified as material under the Tangibility axis.",False
/home/pmonserrat/datasets/places/val_formatted/268/Places365_val_00000092.jpg,playground,False,,,no,none,none,"The target entity is a playground. The visual evidence shows a man-made structure designed for recreational activities, typically found in parks. Since playgrounds are constructed by humans and do not fall under the categories of flora, fauna, fungi, or natural environments, they are excluded from the nature definition. Not applicable since the entity is not classified as nature.",False
/home/pmonserrat/datasets/places/val_formatted/268/Places365_val_00000165.jpg,playground,False,,,no,none,none,"The target entity is a playground. The visual evidence shows a man-made structure designed for recreational activities, with no direct reference to more-than-human living entities, ecosystems, or natural processes. It is a constructed environment primarily for human use, and does not fall under the categories of flora, fauna, fungi, or natural elements as defined in the taxonomy. Not applicable since the entity is not classified as nature.",False
/home/pmonserrat/datasets/places/val_formatted/268/Places365_val_00000410.jpg,playground,False,,,no,none,none,"The target entity is a playground. The visual evidence shows a collection of amusement rides and play equipment, such as a carousel with animal figures and a motorcycle ride. These are manufactured objects designed for entertainment, made primarily of metal, plastic, and other synthetic materials. Since the original natural texture of the materials is completely unidentifiable and altered, and the object does not depict a natural entity, it falls strictly under the Homogenous Artefacts exclusion and fails the criteria for nature. Not applicable since the entity is not classified as nature.",False
/home/pmonserrat/datasets/places/val_formatted/268/Places365_val_00000497.jpg,playground,False,,,no,none,none,"The target entity is a playground. The visual evidence shows a man-made structure designed for recreational activities, featuring slides, climbing bars, and other play equipment. Since playgrounds are human-made and not classified as nature-based entities under the provided taxonomy, they fall under the exclusion scope for homogenous artefacts. Not applicable since the entity is not classified as nature.",False
/home/pmonserrat/datasets/places/val_formatted/268/Places365_val_00000844.jpg,playground,False,,,no,none,none,"The target entity is a playground. The visual evidence shows a man-made structure designed for recreational activities, featuring metal and plastic components. Since playgrounds are human-made environments and not classified as natural entities or processes, they fall under the exclusion scope for nature. Not applicable since the entity is not classified as nature.",False
/home/pmonserrat/datasets/places/val_formatted/269/Places365_val_00000094.jpg,playroom,False,,,no,none,none,"The target entity is a playroom. The visual evidence shows a room with various artworks and decorations, but there are no direct depictions or physical manifestations of more-than-human living entities, ecosystems, or non-living natural elements. The room itself is a human-made space designed for play and does not fulfill the criteria for nature under the provided definition. Not applicable since the entity is not classified as nature.",False
/home/pmonserrat/datasets/places/val_formatted/269/Places365_val_00000471.jpg,playroom,False,,,no,none,none,"The target entity is a playroom. The visual evidence shows a room designed for play, containing various toys, furniture, and decorations. This setting is a human-made environment and does not directly involve more-than-human living entities, ecosystems, or natural processes as defined in the taxonomy. It is a constructed space for human activities and does not fall under the categories of flora, fauna, fungi, hydrological components, atmospheric phenomena, geological formations, or astrophysical events. Therefore, it does not meet the criteria for being classified as nature. Not applicable since the entity is not classified as nature.",False
/home/pmonserrat/datasets/places/val_formatted/269/Places365_val_00000535.jpg,playroom,False,,,no,none,none,"The target entity is a playroom. The visual evidence shows a room with various items, including a plush toy and a box of Peeps. A playroom is a human-made environment designed for play and does not fall under the categories of more-than-human living entities, ecosystems, or natural processes. It is a constructed space and does not meet the criteria for nature under the provided definition. Not applicable since the entity is not classified as nature.",False
/home/pmonserrat/datasets/places/val_formatted/269/Places365_val_00000632.jpg,playroom,False,,,no,none,none,"The target entity is a playroom. The visual evidence shows a room filled with stuffed animals and toys. While the room itself is a human-made environment, it does not directly count as nature under the provided definition. The inclusion of stuffed animals, which are representations of fauna, does not change the classification of the room itself. Not applicable since the entity is not classified as nature.",False
/home/pmonserrat/datasets/places/val_formatted/269/Places365_val_00000796.jpg,playroom,False,,,no,none,none,"The target entity is a playroom. The visual evidence shows a room with various toys and a child playing. The playroom itself is a human-made environment and does not directly fall under the categories of flora, fauna, fungi, or natural processes. It is a space designed for human activities and does not meet the criteria for nature under the provided definition. Not applicable since the entity is not classified as nature.",False
/home/pmonserrat/datasets/places/val_formatted/27/Places365_val_00000149.jpg,auditorium,False,,,no,none,none,The target entity is an auditorium. The visual evidence shows a constructed indoor space designed for performances or gatherings. This is a manufactured structural object with no natural material or living entity present. It falls under the Homogenous Artefacts exclusion as it does not depict a natural entity and the original natural texture is unidentifiable. Not applicable since the entity is not classified as nature.,False
/home/pmonserrat/datasets/places/val_formatted/27/Places365_val_00001519.jpg,auditorium,False,,,no,none,none,The target entity is an auditorium. The visual evidence shows a large indoor venue with architectural structures and artificial lighting. This is a manufactured structural object designed for human activities and does not possess any natural characteristics or elements. It falls under the Homogenous Artefacts exclusion as it does not depict a natural entity and the original natural texture is unidentifiable. Not applicable since the entity is not classified as nature.,False
/home/pmonserrat/datasets/places/val_formatted/27/Places365_val_00002098.jpg,auditorium,False,,,no,none,none,"The target entity is an auditorium. The visual evidence shows a constructed indoor space designed for performances, with seating and a stage. Since auditoriums are human-made structures and do not fall under the categories of flora, fauna, fungi, or natural environments, they are excluded from the nature definition. Not applicable since the entity is not classified as nature.",False
/home/pmonserrat/datasets/places/val_formatted/27/Places365_val_00002148.jpg,auditorium,False,,,no,none,none,"The target entity is an auditorium. The visual evidence shows a constructed indoor space designed for gatherings, featuring seating arrangements, a stage, and decorative elements. Since auditoriums are human-made structures and do not fall under the categories of flora, fauna, fungi, ecosystems, or non-living natural elements, they are excluded from the nature taxonomy. Not applicable since the entity is not classified as nature.",False
/home/pmonserrat/datasets/places/val_formatted/27/Places365_val_00002365.jpg,auditorium,False,,,no,none,none,"The target entity is an auditorium. The visual evidence shows a room designed for gatherings, with seating arrangements and a stage. An auditorium is a human-made structure and does not fall under the categories of flora, fauna, fungi, or natural processes. It is a constructed environment and does not meet the criteria for nature under the provided taxonomy. Not applicable since the entity is not classified as nature.",False
/home/pmonserrat/datasets/places/val_formatted/270/Places365_val_00000210.jpg,plaza,False,,,yes,abiotic,material,"The target entity is a plaza. The visual evidence shows an open public space with paved ground and surrounding trees. Plazas are typically semi-natural environments where non-human entities exist and interact, fulfilling the inclusion criteria for ecosystems and environments under the Nature definition. Since nature is 'yes', I evaluate the sub-axes. A plaza is a human-made environment designed for public use, but it incorporates natural elements like trees and open space. It is classified under Ecosystems & Environments, which are part of the abiotic category as they are non-living physical spaces. Because the image captures a real-world physical environment, it is classified as material under the Tangibility axis.",False
/home/pmonserrat/datasets/places/val_formatted/270/Places365_val_00000267.jpg,plaza,False,,,no,none,none,"The target entity is a plaza. The visual evidence shows an urban environment with paved ground, buildings, and palm trees. While the plaza itself is a human-made structure, it includes natural elements such as palm trees and is a semi-natural environment where non-human entities exist and interact. However, the plaza as a whole is primarily a human-designed space and does not fit strictly into the 'nature' category under the provided definition. Not applicable since the entity is not classified as nature.",False
/home/pmonserrat/datasets/places/val_formatted/270/Places365_val_00000902.jpg,plaza,False,,,no,none,none,"The target entity is a plaza. The visual evidence shows an open space with a large stone pyramid, surrounded by grass and trees under a blue sky with clouds. This setting includes natural elements like grass and trees, as well as a man-made structure (the pyramid). However, the primary focus is on the plaza as a human-designed space, which does not fit the criteria for nature under the provided taxonomy. Plazas are typically urban or semi-urban areas designed for human activities and do not fall under the categories of more-than-human living entities, ecosystems, or natural processes. Not applicable since the entity is not classified as nature.",False
/home/pmonserrat/datasets/places/val_formatted/270/Places365_val_00001143.jpg,plaza,False,,,yes,abiotic,material,"The target entity is a plaza. The visual evidence shows an urban park setting with benches, trees, and a flagpole. This environment is a semi-natural space where non-human entities exist and interact, fulfilling the inclusion criteria for ecosystems and environments under the Nature definition. Since nature is 'yes', I evaluate the sub-axes. The plaza is a semi-natural environment, placing it under Ecosystems & Environments within the abiotic category. Because this is an unfiltered documentary photograph capturing a real-world physical space, it is classified as material under the Tangibility axis.",False
/home/pmonserrat/datasets/places/val_formatted/270/Places365_val_00002706.jpg,plaza,False,,,no,none,none,"The target entity is a statue of a character holding a basket labeled 'Sue'. The visual evidence shows a manufactured object made of materials like plastic and fabric. Since it is a representation of a character and not a natural entity or environment, it falls under the category of Representations of Nature. However, it does not depict any more-than-human living entities or natural elements directly. Not applicable since the entity is not classified as nature.",False
/home/pmonserrat/datasets/places/val_formatted/272/Places365_val_00000206.jpg,porch,False,,,no,none,none,"The target entity is a porch. The visual evidence shows a constructed wooden structure with a lattice roof, situated in a garden setting. While the porch itself is a manufactured object, it is part of a natural environment and incorporates natural materials like wood. However, as a homogenous artefact where the original natural texture is unidentifiable and altered, it falls under the exclusion scope for homogenous artefacts and does not count as nature. Not applicable since the entity is not classified as nature.",False
/home/pmonserrat/datasets/places/val_formatted/272/Places365_val_00001114.jpg,porch,False,,,no,none,none,"The target entity is a porch. The visual evidence shows a constructed platform made of stone or concrete, which is a manufactured structural object. Since homogenous artefacts are excluded unless the natural material of origin remains visually identifiable, and the image does not show any such identifiable natural texture, the porch does not count as a Nature-Based Artefact. Not applicable since the entity is not classified as nature.",False
/home/pmonserrat/datasets/places/val_formatted/272/Places365_val_00001461.jpg,porch,False,,,no,none,none,"The target entity is a porch. The visual evidence shows a physical structure attached to a house, typically made of wood or other materials. While the porch itself is a man-made structure, it is often integrated with natural elements such as wood and may be part of a natural environment. However, under the provided taxonomy, man-made structures that do not explicitly depict or reference natural entities are generally excluded from the 'nature' category unless they are nature-based artefacts. Since the porch is primarily a constructed feature without a direct natural material reference, it does not count as nature. Not applicable since the entity is not classified as nature.",False
/home/pmonserrat/datasets/places/val_formatted/272/Places365_val_00001818.jpg,porch,False,,,yes,biotic,material,"The target entity is a porch. The visual evidence shows a constructed outdoor area attached to a house, typically made of materials like wood or concrete. Since homogenous artefacts are excluded, but nature-based artefacts where the natural material of origin remains visually identifiable by its structure, grain, or texture count as Nature-Based Artefacts, this porch qualifies as nature if it retains such characteristics. Since nature is 'yes', I evaluate the sub-axes. The porch is a physical structure made of materials like wood, which is derived from Flora & Plant Derivatives, placing it under the biotic category. Because it is a real-world physical object with mass that occupies space, it is classified as material under the Tangibility axis.",False
/home/pmonserrat/datasets/places/val_formatted/272/Places365_val_00002333.jpg,porch,False,,,no,none,none,"The target entity is a porch. The visual evidence shows a constructed human-made structure with a roof and open sides, typically used as an outdoor extension of a building. Since homogenous artefacts are excluded unless they depict a natural entity, and this porch does not fulfill the criteria for Nature-Based Artefacts or Representations of Nature, it falls under the exclusion scope for homogenous artefacts. Not applicable since the entity is not classified as nature.",False
/home/pmonserrat/datasets/places/val_formatted/273/Places365_val_00000298.jpg,promenade,False,,,no,none,none,"The target entity is a promenade. The visual evidence shows a paved walkway where people are gathered, likely for a cultural event. Promenades are human-made structures designed for pedestrian use and do not fall under the categories of flora, fauna, fungi, or natural processes. They are part of the built environment and not classified as nature under the provided definition. Not applicable since the entity is not classified as nature.",False
/home/pmonserrat/datasets/places/val_formatted/273/Places365_val_00003138.jpg,promenade,False,,,no,none,none,"The target entity is a promenade. The visual evidence shows a paved walkway in an urban construction site. Promenades are typically human-made structures designed for pedestrian use and do not fall under the categories of flora, fauna, fungi, or natural processes. They are constructed environments and do not meet the criteria for nature under the provided taxonomy. Not applicable since the entity is not classified as nature.",False
/home/pmonserrat/datasets/places/val_formatted/273/Places365_val_00003602.jpg,promenade,False,,,no,none,none,"The target entity is a promenade. The visual evidence shows a paved pedestrian walkway alongside a street, with buildings and trees. While the promenade itself is a human-made structure, it is situated within a natural environment and facilitates interaction with nature. However, under the provided taxonomy, human-made structures that do not explicitly depict or derive from natural elements are excluded from the 'nature' category unless they are part of a natural environment. Since the promenade is primarily a human-made feature and not a natural entity itself, it does not count as nature under this classification. Not applicable since the entity is not classified as nature.",False
/home/pmonserrat/datasets/places/val_formatted/273/Places365_val_00003881.jpg,promenade,False,,,no,none,none,"The target entity is a promenade. The visual evidence shows a paved walkway along a waterfront with people walking and enjoying the view. Promenades are typically human-made structures designed for public use, and they do not fall under the categories of flora, fauna, fungi, or natural processes. They are considered part of the built environment and not explicitly classified as nature under the provided definitions. Not applicable since the entity is not classified as nature.",False
/home/pmonserrat/datasets/places/val_formatted/273/Places365_val_00003928.jpg,promenade,False,,,no,none,none,"The target entity is a promenade. The visual evidence shows a paved walkway along a beach, adjacent to a pier and a Ferris wheel. This is a human-made structure designed for pedestrian use, integrated into a natural coastal environment. While the promenade itself is a human-made feature, it is situated within a natural setting and interacts with natural elements like the beach and sea. However, the promenade as a constructed pathway does not fall under the categories of flora, fauna, fungi, or natural processes directly. Not applicable since the entity is not classified as nature.",False
/home/pmonserrat/datasets/places/val_formatted/275/Places365_val_00000034.jpg,racecourse,False,,,yes,abiotic,material,"The target entity is a racecourse. The visual evidence shows a dirt path surrounded by trees, used for horse riding. This setting is a natural or semi-natural environment where non-human entities (horses) exist and interact, fulfilling the inclusion criteria for ecosystems and environments under the Nature definition. Since nature is 'yes', I evaluate the sub-axes. A racecourse is a physical environment, placing it under Ecosystems & Environments within the abiotic category. Because this is an unfiltered documentary photograph capturing a real-world physical landscape, it is classified as material under the Tangibility axis.",False
/home/pmonserrat/datasets/places/val_formatted/275/Places365_val_00000116.jpg,racecourse,False,,,no,none,none,"The target entity is a racecourse. The visual evidence shows a physical location where horse racing takes place, surrounded by natural elements like grass and trees. However, a racecourse is primarily a human-made structure designed for specific activities, and it does not fall under the categories of flora, fauna, fungi, or natural processes. It is a constructed environment rather than a natural one. Not applicable since the entity is not classified as nature.",False
/home/pmonserrat/datasets/places/val_formatted/275/Places365_val_00000369.jpg,racecourse,False,,,no,none,none,"The target entity is a racecourse. The visual evidence shows a physical environment where a horse and rider are jumping over an obstacle. This setting includes natural elements like grass and trees, but the primary focus is on a human-made structure designed for equestrian activities. Since the racecourse is primarily a human-made environment and not explicitly classified under natural elements or processes, it does not count as nature under the provided definition. Not applicable since the entity is not classified as nature.",False
/home/pmonserrat/datasets/places/val_formatted/275/Places365_val_00000793.jpg,racecourse,False,,,no,none,none,"The target entity is a racecourse. The visual evidence shows a grassy field with two horses and two people, likely indicating a setting for equestrian activities. However, a racecourse itself is a constructed environment designed for specific human activities and does not fall under the natural categories of flora, fauna, or ecosystems. It is a human-made structure, even if it is set in a natural environment. Not applicable since the entity is not classified as nature.",False
/home/pmonserrat/datasets/places/val_formatted/275/Places365_val_00001313.jpg,racecourse,False,,,no,none,none,"The target entity is a racecourse. The visual evidence shows a physical location where horses and jockeys are present, but the racecourse itself is a human-made structure designed for horse racing. It does not fall under the categories of flora, fauna, fungi, or natural environments. Instead, it is a constructed environment intended for human activities, which places it outside the scope of nature as defined. Not applicable since the entity is not classified as nature.",False
/home/pmonserrat/datasets/places/val_formatted/276/Places365_val_00000307.jpg,raceway,False,,,no,none,none,"The target entity is a raceway. The visual evidence shows a paved area designed for racing vehicles, which is a human-made structure. Since raceways are constructed environments and not natural elements or processes, they fall under the Homogenous Artefacts exclusion and do not count as nature. Not applicable since the entity is not classified as nature.",False
/home/pmonserrat/datasets/places/val_formatted/276/Places365_val_00000368.jpg,raceway,False,,,no,none,none,"The target entity is a raceway. The visual evidence shows a dirt track used for racing vehicles. This is a constructed environment designed for specific activities and does not fall under the categories of natural ecosystems or non-living natural elements as defined in the taxonomy. It is a human-made structure, thus not classified as nature. Not applicable since the entity is not classified as nature.",False
/home/pmonserrat/datasets/places/val_formatted/276/Places365_val_00000800.jpg,raceway,False,,,no,none,none,"The target entity is a raceway. The visual evidence shows a paved track designed for racing cars, surrounded by grass and trees. Raceways are human-made structures and do not fall under the categories of flora, fauna, fungi, or natural environments. They are constructed environments and do not meet the inclusion criteria for nature. Not applicable since the entity is not classified as nature.",False
/home/pmonserrat/datasets/places/val_formatted/276/Places365_val_00001298.jpg,raceway,False,,,no,none,none,"The target entity is a raceway. The visual evidence shows a paved track designed for racing cars, surrounded by barriers and grass. This is a constructed environment, not a natural ecosystem or a more-than-human living entity. It is a human-made structure, which falls under the exclusion scope for homogenous artefacts and does not count as nature. Not applicable since the entity is not classified as nature.",False
/home/pmonserrat/datasets/places/val_formatted/277/Places365_val_00000295.jpg,raft,False,,,no,none,none,"The target entity is a raft. The visual evidence shows a physical object used for navigating water, typically made of materials like plastic or fabric. Since the raft is a manufactured object and does not depict a natural entity or have a natural material of origin that remains visually identifiable, it falls under the Homogenous Artefacts exclusion and fails the criteria for nature. Not applicable since the entity is not classified as nature.",False
/home/pmonserrat/datasets/places/val_formatted/277/Places365_val_00000583.jpg,raft,False,,,no,none,none,"The target entity is a raft. The visual evidence shows a manufactured inflatable boat used for navigating water. Since the raft is a homogenous artefact made of synthetic materials with no visible natural texture or origin, it falls under the Homogenous Artefacts exclusion and fails the criteria for nature. Not applicable since the entity is not classified as nature.",False
/home/pmonserrat/datasets/places/val_formatted/277/Places365_val_00000841.jpg,raft,False,,,no,none,none,"The target entity is a raft. The visual evidence shows a manufactured inflatable boat used for navigating water. Since the raft is a homogenous artefact made of synthetic materials with no visible natural texture, it falls under the Homogenous Artefacts exclusion and fails the criteria for nature. Not applicable since the entity is not classified as nature.",False
/home/pmonserrat/datasets/places/val_formatted/277/Places365_val_00001148.jpg,raft,False,,,no,none,none,"The target entity is a raft. The visual evidence shows a man-made object used for water activities, specifically floating on a river. While the raft itself is a manufactured item, it is situated within a natural environment and is used in conjunction with natural elements (water). However, the raft itself is not a natural entity but a tool used in nature-based activities. Not applicable since the entity is not classified as nature.",False
/home/pmonserrat/datasets/places/val_formatted/278/Places365_val_00000136.jpg,railroad track,False,,,no,none,none,"The target entity is a railroad track. The visual evidence shows a man-made structure composed of metal rails and wooden or concrete ties. Since railroad tracks are manufactured structural objects and do not fall under the categories of flora, fauna, fungi, or natural processes, they are excluded from the nature definition under the provided taxonomy. Not applicable since the entity is not classified as nature.",False
/home/pmonserrat/datasets/places/val_formatted/278/Places365_val_00000351.jpg,railroad track,False,,,no,none,none,"The target entity is a railroad track. The visual evidence shows a man-made structure composed of metal rails and wooden or concrete ties, situated in a natural landscape. Since railroad tracks are manufactured and not part of the natural environment, they fall under the Homogenous Artefacts exclusion and are not classified as nature. Not applicable since the entity is not classified as nature.",False
/home/pmonserrat/datasets/places/val_formatted/278/Places365_val_00000811.jpg,railroad track,False,,,no,none,none,"The target entity is a railroad track. The visual evidence shows a man-made structure composed of metal rails and wooden or concrete ties. Since railroad tracks are manufactured structural objects where the original natural texture is completely unidentifiable and altered, and they do not depict a natural entity, they fall strictly under the Homogenous Artefacts exclusion and fail the criteria for nature. Not applicable since the entity is not classified as nature.",False
/home/pmonserrat/datasets/places/val_formatted/278/Places365_val_00000870.jpg,railroad track,False,,,no,none,none,"The target entity is a railroad track. The visual evidence shows a man-made structure used for transportation, composed of metal rails and wooden or concrete ties. Since railroad tracks are manufactured structural objects where the original natural texture is completely unidentifiable and altered, and they do not depict a natural entity, they fall strictly under the Homogenous Artefacts exclusion and fail the criteria for nature. Not applicable since the entity is not classified as nature.",False
/home/pmonserrat/datasets/places/val_formatted/279/Places365_val_00000280.jpg,rainforest,True,True,True,yes,biotic,material,"The target entity is a rainforest. The visual evidence shows a dense, lush environment with a variety of trees, plants, and a small water body. This is a natural ecosystem characterized by living communities and biological interactions, fulfilling the inclusion criteria for nature. Since nature is 'yes', I evaluate the sub-axes. A rainforest is a biological ecosystem defined by its living communities, placing it under Biological Ecosystems within the biotic category. Because this is an unfiltered documentary photograph capturing a real-world physical environment, it is classified as material under the Tangibility axis.",False
/home/pmonserrat/datasets/places/val_formatted/279/Places365_val_00000364.jpg,rainforest,True,True,True,yes,biotic,material,"The target entity is a rainforest. The visual evidence shows a dense, lush environment with abundant green foliage and natural vegetation. This setting is characteristic of a natural ecosystem, fulfilling the inclusion criteria for ecosystems and environments under the Nature definition. Since nature is 'yes', I evaluate the sub-axes. A rainforest is a biological ecosystem defined by its living communities and interactions, placing it under Biological Ecosystems within the biotic category. Because the image captures a real-world physical environment with tangible presence, it is classified as material under the Tangibility axis.",False
/home/pmonserrat/datasets/places/val_formatted/279/Places365_val_00000620.jpg,rainforest,True,True,True,yes,biotic,material,"The target entity is a rainforest. The visual evidence shows a dense, lush environment with abundant vegetation and a natural pathway. This falls under the category of Ecosystems & Environments, specifically natural or semi-natural environments where non-human entities exist and interact, fulfilling the inclusion criteria for nature. Since nature is 'yes', I evaluate the sub-axes. A rainforest is a biological ecosystem defined by living communities, placing it under the biotic category. Because this is an unfiltered documentary photograph capturing a real-world physical environment, it is classified as material under the Tangibility axis.",False
/home/pmonserrat/datasets/places/val_formatted/279/Places365_val_00000847.jpg,rainforest,True,True,True,yes,biotic,material,"The target entity is a rainforest. The visual evidence shows a dense, lush environment with tall trees, green foliage, and natural undergrowth. This is a real-world ecosystem characterized by living communities and biological interactions, fulfilling the inclusion criteria for nature. Since nature is 'yes', I evaluate the sub-axes. A rainforest is a biological ecosystem defined by living communities, placing it under Biological Ecosystems within the biotic category. Because this is an unfiltered documentary photograph capturing a real-world physical environment, it is classified as material under the Tangibility axis.",False
/home/pmonserrat/datasets/places/val_formatted/28/Places365_val_00000039.jpg,auto factory,False,,,no,none,none,"The target entity is an auto factory. The visual evidence shows a building housing vintage cars, with various automotive memorabilia and tools. This is a manufactured structural object, not a natural entity or environment. It does not fall under any of the categories of more-than-human living entities, ecosystems, or natural processes. Instead, it is a human-made structure, which is explicitly excluded from the nature taxonomy. Not applicable since the entity is not classified as nature.",False
/home/pmonserrat/datasets/places/val_formatted/28/Places365_val_00000087.jpg,auto factory,False,,,no,none,none,"The target entity is an auto factory. The visual evidence shows a manufactured industrial setting with machinery and seating, but it does not depict any more-than-human living entities, ecosystems, or natural processes. It is a human-made structure and environment, which falls under the Homogenous Artefacts exclusion and does not fulfill the criteria for nature. Not applicable since the entity is not classified as nature.",False
/home/pmonserrat/datasets/places/val_formatted/28/Places365_val_00000491.jpg,auto factory,False,,,no,none,none,"The target entity is an auto factory. The visual evidence shows a manufactured structural object with machinery and assembly lines. The factory is a human-made environment and does not fall under the categories of flora, fauna, fungi, or natural processes. It is a homogenous artefact where the original natural texture is unidentifiable and the object does not depict a natural entity. Not applicable since the entity is not classified as nature.",False
/home/pmonserrat/datasets/places/val_formatted/28/Places365_val_00000657.jpg,auto factory,False,,,no,none,none,"The target entity is an auto factory. The visual evidence shows a large industrial facility with workers, machinery, and assembly lines. This is a manufactured structural object where the original natural texture is completely unidentifiable and altered. It does not depict a natural entity and falls strictly under the Homogenous Artefacts exclusion, failing the criteria for nature. Not applicable since the entity is not classified as nature.",False
/home/pmonserrat/datasets/places/val_formatted/28/Places365_val_00001130.jpg,auto factory,False,,,no,none,none,"The target entity is an auto factory. The visual evidence shows a complex assembly of mechanical parts and components, which are manufactured items. Since auto factories are human-made structures and do not fall under the categories of flora, fauna, fungi, or natural environments, they are excluded from the nature definition. Not applicable since the entity is not classified as nature.",False
/home/pmonserrat/datasets/places/val_formatted/282/Places365_val_00000395.jpg,repair shop,False,,,no,none,none,"The target entity is a repair shop. The visual evidence shows a commercial establishment where goods are repaired, likely involving tools and materials. This is a human-made structure and activity, not a more-than-human living entity, ecosystem, or natural process. It does not fall under any of the categories defined for nature in the taxonomy. Not applicable since the entity is not classified as nature.",False
/home/pmonserrat/datasets/places/val_formatted/282/Places365_val_00001199.jpg,repair shop,False,,,no,none,none,"The target entity is a repair shop. The visual evidence shows a building with vehicles and equipment, but it does not depict any more-than-human living entities, ecosystems, or natural processes. It is a human-made structure and service facility, which falls under the Homogenous Artefacts exclusion and does not count as nature. Not applicable since the entity is not classified as nature.",False
/home/pmonserrat/datasets/places/val_formatted/282/Places365_val_00001788.jpg,repair shop,False,,,no,none,none,"The target entity is a repair shop. The visual evidence shows a human being working on a car engine, which is a manufactured object. Since the primary focus is on human activity and manufactured items, and there is no direct depiction of more-than-human living entities, ecosystems, or natural processes, it does not fall under the nature category. Not applicable since the entity is not classified as nature.",False
/home/pmonserrat/datasets/places/val_formatted/282/Places365_val_00002529.jpg,repair shop,False,,,no,none,none,"The target entity is a repair shop. The visual evidence shows a person working on electronic equipment, which is a manufactured functional object. Since the original natural texture of the materials is completely unidentifiable and altered, and the object does not depict a natural entity, it falls strictly under the Homogenous Artefacts exclusion and fails the criteria for nature. Not applicable since the entity is not classified as nature.",False
/home/pmonserrat/datasets/places/val_formatted/287/Places365_val_00000073.jpg,rice paddy,True,True,True,yes,biotic,material,"The target entity is a rice paddy. The visual evidence shows a cultivated agricultural landscape with terraced fields, which are part of an ecosystem where non-human entities (plants) exist and interact. Rice paddies fall under the category of ecosystems & environments, specifically cultivated or managed non-human organisms, fulfilling the inclusion criteria for nature. Since nature is 'yes', I evaluate the sub-axes. A rice paddy is an agricultural field where rice plants are grown, placing it under Flora & Plant Derivatives within the biotic category. Because the image captures a real-world physical environment with tangible mass and presence, it is classified as material under the Tangibility axis.",False
/home/pmonserrat/datasets/places/val_formatted/287/Places365_val_00000289.jpg,rice paddy,True,True,True,yes,biotic,material,"The target entity is a rice paddy. The visual evidence shows a cultivated agricultural field with waterlogged soil, where rice plants are grown. This falls under the category of ecosystems & environments, specifically cultivated fields, which are semi-natural environments where non-human entities exist and interact. Rice paddies are explicitly included in the Nature definition as they involve flora and are part of the ecosystem. Since nature is 'yes', I evaluate the sub-axes. A rice paddy is an agricultural field involving plants (flora), placing it under Flora & Plant Derivatives within the biotic category. Because it is a real-world physical environment with mass that occupies space, it is classified as material under the Tangibility axis.",False
/home/pmonserrat/datasets/places/val_formatted/287/Places365_val_00000932.jpg,rice paddy,True,True,True,yes,biotic,material,"The target entity is a rice paddy. The visual evidence shows a cultivated agricultural field with plants that are characteristic of rice paddies. Rice paddies are ecosystems defined by the presence of cultivated plants, specifically rice, which are non-human organisms. This fits within the inclusion scope of More-Than-Human Living Entities and Ecosystems & Environments. Since nature is 'yes', I evaluate the sub-axes. A rice paddy is an agricultural ecosystem dominated by cultivated plants (flora), placing it under Flora & Plant Derivatives within the biotic category. Because it is a real-world physical environment with mass that occupies space, it is classified as material under the Tangibility axis.",False
/home/pmonserrat/datasets/places/val_formatted/287/Places365_val_00001031.jpg,rice paddy,True,True,True,yes,biotic,material,"The target entity is a rice paddy. The visual evidence shows a cultivated agricultural landscape with terraced fields, which are ecosystems defined by human management of non-human living organisms (plants). Rice paddies fall under the category of cultivated environments, fulfilling the inclusion criteria for nature. Since nature is 'yes', I evaluate the sub-axes. A rice paddy is an agricultural ecosystem, placing it under Flora & Plant Derivatives within the biotic category. Because the image captures a real-world physical environment with tangible mass and presence, it is classified as material under the Tangibility axis.",False
/home/pmonserrat/datasets/places/val_formatted/288/Places365_val_00000026.jpg,river,True,False,True,yes,abiotic,material,"The target entity is a river. The visual evidence captures a real-world flowing body of water. Hydrological components (rivers, ponds, lakes, streams) are explicitly classified under Non-Living Natural Elements & Processes, fulfilling the inclusion criteria for nature. Since nature is 'yes', I evaluate the sub-axes. A river is a fluid flow, placing it under Hydrological Components within the abiotic category. Because the image is an unfiltered documentary depiction capturing a real-world physical environment, it is classified as material under the Tangibility axis.",False
/home/pmonserrat/datasets/places/val_formatted/288/Places365_val_00000720.jpg,river,True,False,True,yes,abiotic,material,"The target entity is a sunset. The visual evidence shows a real-world depiction of the sky during dusk, characterized by vibrant colors and cloud formations. Astrophysical components (sunsets, sunrises, stars, moon) are explicitly classified under Non-Living Natural Elements & Processes, fulfilling the inclusion criteria for nature. Since nature is 'yes', I evaluate the sub-axes. A sunset is a celestial phenomenon, placing it under Astrophysical Components within the abiotic category. Because the image is an unfiltered documentary depiction capturing a real-world physical occurrence, it is classified as material under the Tangibility axis.",False
/home/pmonserrat/datasets/places/val_formatted/288/Places365_val_00000863.jpg,river,True,False,True,yes,abiotic,material,"The target entity is a river. The visual evidence captures a real-world flowing body of water. Hydrological components (rivers, ponds, lakes, streams) are explicitly classified under Non-Living Natural Elements & Processes, fulfilling the inclusion criteria for nature. Since nature is 'yes', I evaluate the sub-axes. A river is a fluid flow, placing it under Hydrological Components within the abiotic category. Because the image is an unfiltered documentary depiction capturing a real-world physical environment, it is classified as material under the Tangibility axis.",False
/home/pmonserrat/datasets/places/val_formatted/288/Places365_val_00001521.jpg,river,True,False,True,yes,abiotic,material,"The target entity is a river. The visual evidence captures a real-world flowing body of water. Hydrological components (rivers, ponds, lakes, streams) are explicitly classified under Non-Living Natural Elements & Processes, fulfilling the inclusion criteria for nature. Since nature is 'yes', I evaluate the sub-axes. A river is a fluid flow, placing it under Hydrological Components within the abiotic category. Because the image is an unfiltered documentary depiction capturing a real-world physical environment, it is classified as material under the Tangibility axis.",False
/home/pmonserrat/datasets/places/val_formatted/290/Places365_val_00000141.jpg,roof garden,True,True,True,yes,biotic,material,"The target entity is a roof garden. The visual evidence shows a green space with plants and flowers on the roof of a building. This setup includes flora, which are more-than-human living entities, and it is an ecosystem where non-human entities exist and interact. Roof gardens are explicitly classified under Ecosystems & Environments in the inclusion scope, fulfilling the criteria for nature. Since nature is 'yes', I evaluate the sub-axes. The roof garden contains plants (flora), placing it under Flora & Plant Derivatives within the biotic category. Because it is a real-world physical environment with mass that occupies space, it is classified as material under the Tangibility axis.",False
/home/pmonserrat/datasets/places/val_formatted/290/Places365_val_00000332.jpg,roof garden,True,True,True,yes,biotic,material,"The target entity is a roof garden. The visual evidence shows a garden area on a rooftop with plants and greenery. This setup includes cultivated flora, which are more-than-human living entities, and it is part of an ecosystem where non-human entities exist and interact. Roof gardens are explicitly classified under Ecosystems & Environments in the inclusion scope of nature. Since nature is 'yes', I evaluate the sub-axes. A roof garden is an environment defined by the living community of plants and possibly other flora, placing it under Flora & Plant Derivatives within the biotic category. Because it is a real-world physical space with mass that occupies space, it is classified as material under the Tangibility axis.",False
/home/pmonserrat/datasets/places/val_formatted/290/Places365_val_00000479.jpg,roof garden,True,True,True,yes,biotic,material,"The target entity is a roof garden. The visual evidence shows a real-world physical environment with plants and greenery on a rooftop. This setup includes flora, which are more-than-human living organisms, and it is a natural or semi-natural environment where non-human entities exist and interact. Therefore, it fulfills the inclusion criteria for nature. Since nature is 'yes', I evaluate the sub-axes. The roof garden contains plants, which fall under Flora & Plant Derivatives within the biotic category. Because it is a real-world physical setup with tangible elements that occupy space and have mass, it is classified as material under the Tangibility axis.",False
/home/pmonserrat/datasets/places/val_formatted/290/Places365_val_00001228.jpg,roof garden,True,True,True,yes,biotic,material,"The target entity is a roof garden. The visual evidence shows a garden area located on the roof of a building, featuring plants and greenery. This falls under the category of Nature-Based Artefacts, as it involves cultivated flora on a man-made structure, fulfilling the inclusion criteria for nature. Since nature is 'yes', I evaluate the sub-axes. A roof garden is an ecosystem defined by living communities (plants) and their interactions, placing it under Flora & Plant Derivatives within the biotic category. Because it is a real-world physical setup with mass that occupies space, it is classified as material under the Tangibility axis.",False
/home/pmonserrat/datasets/places/val_formatted/291/Places365_val_00000316.jpg,rope bridge,False,,,no,none,none,"The target entity is a rope bridge. The visual evidence shows a constructed structure made of ropes and wooden elements, used for crossing a natural environment. While the bridge itself is a manufactured object, it is situated within a natural setting and serves as a means to interact with the environment. However, the bridge is not classified as a Nature-Based Artefact because it does not retain the natural material's visual identity and is primarily a functional structure. Not applicable since the entity is not classified as nature.",False
/home/pmonserrat/datasets/places/val_formatted/291/Places365_val_00001123.jpg,rope bridge,False,,,no,none,none,"The target entity is a rope bridge. The visual evidence shows a man-made structure spanning a natural landscape. While the bridge itself is a manufactured object, it is situated within a natural environment and serves as a means to interact with the natural setting. However, since the primary focus is on the bridge as a human-made structure, it does not count as nature under the provided definition. Not applicable since the entity is not classified as nature.",False
/home/pmonserrat/datasets/places/val_formatted/291/Places365_val_00001808.jpg,rope bridge,False,,,no,none,none,"The target entity is a rope bridge. The visual evidence shows a constructed structure made of ropes and wooden planks, used to traverse a natural environment. While the bridge itself is a human-made object, it is situated within a natural setting and serves as a means to interact with the natural environment. However, the bridge is not classified as nature because it is a manufactured structure and not a natural entity. Not applicable since the entity is not classified as nature.",False
/home/pmonserrat/datasets/places/val_formatted/291/Places365_val_00002396.jpg,rope bridge,False,,,no,none,none,"The target entity is a rope bridge. The visual evidence shows a constructed structure made of metal pipes and ropes, used to cross a body of water. This is a human-made object designed for practical use, not a natural entity. Since it is a manufactured structural object where the original natural texture is unidentifiable and altered, it falls strictly under the Homogenous Artefacts exclusion and fails the criteria for nature. Not applicable since the entity is not classified as nature.",False
/home/pmonserrat/datasets/places/val_formatted/292/Places365_val_00000356.jpg,ruin,False,,,yes,abiotic,material,"The target entity is a ruin. The visual evidence shows a structure made of stone, which is a natural material. Ruins are typically remnants of human-made structures that have been partially or completely destroyed, but they are often situated in natural environments. Since the structure is made of stone, a natural material, and is part of a natural landscape, it falls under the category of Nature-Based Artefacts. Since nature is 'yes', I evaluate the sub-axes. The ruin is made of stone, which is a geological material, placing it under Geological & Topographical Components within the abiotic category. Because the image is an unfiltered documentary photograph capturing a real-world physical environment, it is classified as material under the Tangibility axis.",False
/home/pmonserrat/datasets/places/val_formatted/292/Places365_val_00000643.jpg,ruin,False,,,yes,abiotic,material,"The target entity is a ruin. The visual evidence shows a large stone structure with visible signs of decay and vegetation growing in the cracks. This structure is a Geological & Topographical Component, specifically a large-scale landform or earth structure, which falls under the Non-Living Natural Elements & Processes inclusion scope, fulfilling the criteria for nature. Since nature is 'yes', I evaluate the sub-axes. A ruin is a man-made structure that has deteriorated over time, but the materials (stone) and the context (large-scale landform) place it under Geological & Topographical Components within the abiotic category. Because this is an unfiltered documentary photograph capturing a real-world physical environment, it is classified as material under the Tangibility axis.",False
/home/pmonserrat/datasets/places/val_formatted/292/Places365_val_00000670.jpg,ruin,False,,,yes,abiotic,material,"The target entity is a ruin. The visual evidence shows a structure made of stone, which is a natural material. Ruins are remnants of human-made structures that have been partially or completely destroyed, but they are still composed of natural materials like stone. Since the structure is made of stone and is a physical presence in the real world, it falls under the category of Nature-Based Artefacts. Since nature is 'yes', I evaluate the sub-axes. The structure is made of stone, which is a geological material, placing it under Geological & Topographical Components within the abiotic category. Because this is an unfiltered documentary photograph capturing a real-world physical landscape, it is classified as material under the Tangibility axis.",False
/home/pmonserrat/datasets/places/val_formatted/292/Places365_val_00001108.jpg,ruin,False,,,no,none,none,"The target entity is a ruin. The visual evidence shows a man-made structure made of stone, which is a processed material derived from geological formations. Since the original natural texture of the materials is completely unidentifiable and altered, and the object does not depict a natural entity, it falls strictly under the Homogenous Artefacts exclusion and fails the criteria for nature. Not applicable since the entity is not classified as nature.",False
/home/pmonserrat/datasets/places/val_formatted/293/Places365_val_00000461.jpg,runway,False,,,no,none,none,"The target entity is a runway. The visual evidence shows a paved surface designed for aircraft takeoff and landing. This is a human-made structure and does not fall under the categories of flora, fauna, fungi, or natural environments. It is a constructed feature, not a natural element or process. Not applicable since the entity is not classified as nature.",False
/home/pmonserrat/datasets/places/val_formatted/293/Places365_val_00001271.jpg,runway,False,,,no,none,none,"The target entity is a runway. The visual evidence shows a constructed surface designed for aircraft operations, typically made of concrete or asphalt. This is a manufactured structural object and does not possess natural characteristics or remain visually identifiable by its natural material of origin. It falls under the Homogenous Artefacts exclusion and fails the criteria for nature. Not applicable since the entity is not classified as nature.",False
/home/pmonserrat/datasets/places/val_formatted/293/Places365_val_00001612.jpg,runway,False,,,no,none,none,"The target entity is a runway. The visual evidence shows a paved surface designed for aircraft takeoff and landing. This is a constructed human-made structure and does not fall under the categories of flora, fauna, fungi, or natural environments. It is a homogenous artefact where the original natural texture is unidentifiable and the object does not depict a natural entity. Not applicable since the entity is not classified as nature.",False
/home/pmonserrat/datasets/places/val_formatted/293/Places365_val_00001676.jpg,runway,False,,,no,none,none,"The target entity is a runway. The visual evidence shows a constructed surface designed for aircraft takeoff and landing. This is a human-made structure and does not fall under the categories of flora, fauna, fungi, or natural environments. It is a homogenous artefact where the original natural texture is unidentifiable and the object does not depict a natural entity. Not applicable since the entity is not classified as nature.",False
/home/pmonserrat/datasets/places/val_formatted/294/Places365_val_00000443.jpg,sandbox,True,False,True,no,none,none,"The target entity is a sandbox. The visual evidence shows a manufactured structure filled with sand, intended for play. While sand is a natural material, the sandbox itself is a human-made object designed for specific use. Since the sandbox is primarily a manufactured structure where the natural material (sand) is used but not the primary focus, it falls under the Homogenous Artefacts exclusion and does not count as nature. Not applicable since the entity is not classified as nature.",False
/home/pmonserrat/datasets/places/val_formatted/294/Places365_val_00000702.jpg,sandbox,True,False,True,yes,abiotic,material,"The target entity is a sandbox. The visual evidence shows a pile of sand, which is a geological and topographical component. Sand is a natural element that falls under the Non-Living Natural Elements & Processes category, fulfilling the inclusion criteria for nature. Since nature is 'yes', I evaluate the sub-axes. Sand is a geological and topographical component, placing it under Geological & Topographical Components within the abiotic category. Because the image is an unfiltered documentary depiction capturing a real-world physical environment, it is classified as material under the Tangibility axis.",False
/home/pmonserrat/datasets/places/val_formatted/294/Places365_val_00000755.jpg,sandbox,True,False,True,no,none,none,"The target entity is a sandbox. The visual evidence shows a playground structure typically made of sand, which is a natural material. However, the sandbox itself is a man-made structure designed for play, and the sand is contained within it. Since the sandbox is a manufactured object and not a direct representation of a natural entity or process, it falls under the Homogenous Artefacts exclusion and does not count as nature. Not applicable since the entity is not classified as nature.",False
/home/pmonserrat/datasets/places/val_formatted/294/Places365_val_00001790.jpg,sandbox,True,False,True,no,none,none,"The target entity is a sandbox. The visual evidence shows a constructed area filled with sand, intended for play. While sand is a natural element, the sandbox itself is a man-made structure designed for human activity. It does not fit into the categories of more-than-human living entities, ecosystems, or natural processes as defined. The sandbox is a homogenous artefact where the natural texture of the materials is unidentifiable and altered, and it does not depict a natural entity. Not applicable since the entity is not classified as nature.",False
/home/pmonserrat/datasets/places/val_formatted/295/Places365_val_00000478.jpg,sauna,False,,,no,none,none,"The target entity is a guitar. The visual evidence shows a manufactured musical instrument made primarily of wood and metal. While the wood may have a natural origin, the object itself is a homogenous artefact where the original natural texture is unidentifiable and altered. It does not depict a natural entity and falls strictly under the Homogenous Artefacts exclusion, failing the criteria for nature. Not applicable since the entity is not classified as nature.",False
/home/pmonserrat/datasets/places/val_formatted/295/Places365_val_00000515.jpg,sauna,False,,,no,none,none,"The target entity is a sauna. The visual evidence shows a constructed space with wooden walls and a water-filled basin. While the wooden elements are derived from Flora (trees), the sauna itself is a human-made structure designed for specific use. The primary function of the sauna is not to represent or directly engage with a natural environment or process but rather to utilize natural elements (wood and water) in a controlled, artificial setting. Since the sauna is a manufactured homogenous artefact where the natural texture is altered and the primary purpose is functional rather than representational, it falls under the Homogenous Artefacts exclusion and does not count as nature. Not applicable since the entity is not classified as nature.",False
/home/pmonserrat/datasets/places/val_formatted/295/Places365_val_00000598.jpg,sauna,False,,,no,none,none,"The target entity is a sauna. The visual evidence shows a constructed space with wooden benches and walls. While the sauna is a man-made structure, it is designed to mimic a natural environment for relaxation and heating purposes. However, under the provided taxonomy, human-made structures that do not directly represent or depict natural entities are excluded from the 'nature' category unless they are explicitly designed to be nature-based artefacts. Since the sauna is primarily a functional space without direct natural material representation, it does not count as nature. Not applicable since the entity is not classified as nature.",False
/home/pmonserrat/datasets/places/val_formatted/295/Places365_val_00001509.jpg,sauna,False,,,yes,biotic,material,"The target entity is a wooden ladle pouring water. The visual evidence shows a manufactured object made of wood with clearly visible natural grain, and water flowing from it. While the ladle is a manufactured item, it is classified as a Nature-Based Artefact because the natural material of origin (wood) remains visually identifiable by its grain. The water being poured is a hydrological component, which is a non-living natural element. Since nature is 'yes', I evaluate the sub-axes. The wooden ladle is a crafted object made from Flora (wood), placing it under the biotic category. The water being poured is a Hydrological Component, placing it under the abiotic category. The image captures a real-world physical environment, making it classified as material under the Tangibility axis.",False
/home/pmonserrat/datasets/places/val_formatted/297/Places365_val_00000470.jpg,science museum,False,,,no,none,none,"The target entity is a science museum. The visual evidence shows an indoor exhibit featuring a fossilized skeleton, likely of a prehistoric marine reptile. While the skeleton itself is a representation of a biological entity (biotic), the science museum as an institution is a constructed environment primarily dedicated to displaying scientific information and artifacts. The museum itself is a human-made structure and does not directly count as nature under the provided definition. Not applicable since the entity is not classified as nature.",False
/home/pmonserrat/datasets/places/val_formatted/297/Places365_val_00000838.jpg,science museum,False,,,no,none,none,"The target entity is a science museum. The visual evidence shows an indoor setting with people and exhibits, but it does not depict any more-than-human living entities, ecosystems, or natural elements directly. The museum itself is a human-made structure and does not fall under the categories of flora, fauna, fungi, or natural processes. It is a human-created environment for educational and exhibition purposes, which does not meet the criteria for nature under the provided taxonomy. Not applicable since the entity is not classified as nature.",False
/home/pmonserrat/datasets/places/val_formatted/297/Places365_val_00000918.jpg,science museum,False,,,no,none,none,"The target entity is a science museum. The visual evidence shows an indoor setting where children are interacting with a digital display. Science museums are human-made structures and environments, not classified as nature under the provided definition. They do not fall under the categories of flora, fauna, fungi, ecosystems, or any of the non-living natural elements and processes. Not applicable since the entity is not classified as nature.",False
/home/pmonserrat/datasets/places/val_formatted/297/Places365_val_00001504.jpg,science museum,False,,,no,none,none,"The target entity is a science museum. The visual evidence shows a display of fossilized bones, which are natural remains of prehistoric organisms. However, the science museum itself is a constructed building and not a natural entity. The fossils are part of the museum's exhibits, representing natural history but not constituting nature itself. Not applicable since the entity is not classified as nature.",False
/home/pmonserrat/datasets/places/val_formatted/3/Places365_val_00000564.jpg,alcove,False,,,no,none,none,"The target entity is an alcove. The visual evidence shows a built architectural feature within a wall, which is a structural element of a building. Since architectural features like alcoves are manufactured and do not fall under the categories of flora, fauna, fungi, or natural processes, they are excluded from the nature definition. Not applicable since the entity is not classified as nature.",False
/home/pmonserrat/datasets/places/val_formatted/3/Places365_val_00000820.jpg,alcove,False,,,no,none,none,"The target entity is an alcove. The visual evidence shows a recessed area in a wall, likely used for storage or decoration. This is a manufactured structural element within a room, constructed from materials such as drywall or plaster. Since it is a homogenous artefact where the original natural texture is unidentifiable and the object does not depict a natural entity, it falls strictly under the Homogenous Artefacts exclusion and fails the criteria for nature. Not applicable since the entity is not classified as nature.",False
/home/pmonserrat/datasets/places/val_formatted/3/Places365_val_00001196.jpg,alcove,False,,,no,none,none,"The target entity is an alcove. The visual evidence shows a built-in wall feature designed to house a fireplace. Since it is a constructed architectural element and not a natural formation or organism, it does not fall under the inclusion criteria for nature. Not applicable since the entity is not classified as nature.",False
/home/pmonserrat/datasets/places/val_formatted/3/Places365_val_00001537.jpg,alcove,False,,,no,none,none,"The target entity is an alcove. The visual evidence shows a recessed area in a wall, which is a structural architectural feature. Since architectural features are not explicitly included in the nature definition and do not fall under more-than-human living entities, ecosystems, or natural processes, it does not count as nature under the provided taxonomy. Not applicable since the entity is not classified as nature.",False
/home/pmonserrat/datasets/places/val_formatted/3/Places365_val_00001881.jpg,alcove,False,,,no,none,none,"The target entity is an alcove. The visual evidence shows a built-in niche in a wall, typically used for decorative or functional purposes such as holding a plant or a lamp. Since it is a structural element of a building and not a natural feature or organism, it does not fall under the inclusion criteria for nature. Not applicable since the entity is not classified as nature.",False
/home/pmonserrat/datasets/places/val_formatted/30/Places365_val_00000230.jpg,badlands,True,False,True,yes,abiotic,material,"The target entity is a badland. The visual evidence shows a real-world landscape characterized by eroded sedimentary formations and rugged terrain. Geological & Topographical Components, such as large-scale landforms and earth structures, are explicitly classified under Non-Living Natural Elements & Processes, fulfilling the inclusion criteria for nature. Since nature is 'yes', I evaluate the sub-axes. A badland is a geological formation, placing it under Geological & Topographical Components within the abiotic category. Because this is an unfiltered documentary photograph capturing a real-world physical landscape, it is classified as material under the Tangibility axis.",False
/home/pmonserrat/datasets/places/val_formatted/30/Places365_val_00000814.jpg,badlands,True,False,True,yes,abiotic,material,"The target entity is a badland. The visual evidence shows a real-world landscape characterized by eroded soil and rock formations. Geological & Topographical Components, such as large-scale landforms and earth structures, are explicitly classified under Non-Living Natural Elements & Processes, fulfilling the inclusion criteria for nature. Since nature is 'yes', I evaluate the sub-axes. A badland is a geological formation, placing it under Geological & Topographical Components within the abiotic category. Because this is an unfiltered documentary photograph capturing a real-world physical landscape, it is classified as material under the Tangibility axis.",False
/home/pmonserrat/datasets/places/val_formatted/30/Places365_val_00000991.jpg,badlands,True,False,True,yes,abiotic,material,"The target entity is a badland. The visual evidence shows a real-world landscape characterized by eroded sedimentary formations and rugged terrain. Geological & Topographical Components, such as large-scale landforms and earth structures, are explicitly classified under Non-Living Natural Elements & Processes, fulfilling the inclusion criteria for nature. Since nature is 'yes', I evaluate the sub-axes. A badland is a geological formation, placing it under Geological & Topographical Components within the abiotic category. Because this is an unfiltered documentary photograph capturing a real-world physical landscape, it is classified as material under the Tangibility axis.",False
/home/pmonserrat/datasets/places/val_formatted/30/Places365_val_00001198.jpg,badlands,True,False,True,yes,abiotic,material,"The target entity is a badland. The visual evidence shows a real-world landscape characterized by eroded sedimentary formations and rugged terrain. Geological & Topographical Components are explicitly classified under Non-Living Natural Elements & Processes, fulfilling the inclusion criteria for nature. Since nature is 'yes', I evaluate the sub-axes. A badland is a large-scale landform and earth structure, placing it under Geological & Topographical Components within the abiotic category. Because this is an unfiltered documentary photograph capturing a real-world physical landscape, it is classified as material under the Tangibility axis.",False
/home/pmonserrat/datasets/places/val_formatted/30/Places365_val_00001388.jpg,badlands,True,False,True,yes,abiotic,material,"The target entity is a badlands landscape. The visual evidence shows a real-world geological formation characterized by eroded layers of rock and sparse vegetation. Geological & Topographical Components, such as large-scale landforms and earth structures, are explicitly classified under Non-Living Natural Elements & Processes, fulfilling the inclusion criteria for nature. Since nature is 'yes', I evaluate the sub-axes. A badlands landscape is a large-scale landform and earth structure, placing it under Geological & Topographical Components within the abiotic category. Because this is an unfiltered documentary photograph capturing a real-world physical environment, it is classified as material under the Tangibility axis.",False
/home/pmonserrat/datasets/places/val_formatted/300/Places365_val_00000173.jpg,shoe shop,False,,,no,none,none,"The target entity is a shoe shop. The visual evidence shows a retail environment with shelves and displays of shoes. Shoes are manufactured items made from materials like leather, fabric, and rubber, which are derived from non-living natural sources but are processed and crafted by humans. Since the primary focus is on a commercial establishment selling human-made products and not on natural entities or processes, it does not fall under the Nature definition provided. Not applicable since the entity is not classified as nature.",False
/home/pmonserrat/datasets/places/val_formatted/300/Places365_val_00000433.jpg,shoe shop,False,,,no,none,none,"The target entity is a shoe shop. The visual evidence shows a collection of manufactured shoes displayed on shelves. Shoes are made from materials like leather, rubber, and synthetic fabrics, which are processed and do not retain their natural origins. Since the original natural texture is unidentifiable and the object does not depict a natural entity, it falls strictly under the Homogenous Artefacts exclusion and fails the criteria for nature. Not applicable since the entity is not classified as nature.",False
/home/pmonserrat/datasets/places/val_formatted/300/Places365_val_00000696.jpg,shoe shop,False,,,no,none,none,"The target entity is a shoe shop. The visual evidence shows a commercial setting with shelves stocked with various shoes. The shoes are manufactured products made from materials such as leather, rubber, and synthetic fabrics, which are derived from non-natural sources. Since the shop itself is a human-made structure and the shoes are processed items, they do not fall under the categories of more-than-human living entities, ecosystems, or natural processes. Therefore, it does not count as nature under the provided definition. Not applicable since the entity is not classified as nature.",False
/home/pmonserrat/datasets/places/val_formatted/300/Places365_val_00001216.jpg,shoe shop,False,,,no,none,none,"The target entity is a shoe shop. The visual evidence shows a collection of shoes displayed on a table. Shoes are manufactured objects made from materials such as leather, fabric, and rubber, which are derived from non-living natural elements. However, the shop itself is a commercial establishment and does not directly count as nature under the provided definition. The shoes are processed materials and do not fall under the categories of flora, fauna, fungi, or natural processes. Not applicable since the entity is not classified as nature.",False
/home/pmonserrat/datasets/places/val_formatted/301/Places365_val_00000638.jpg,shopfront,False,,,no,none,none,"The target entity is a shopfront. The visual evidence shows a constructed building made of bricks, which is a manufactured structural object. Since homogenous artefacts are excluded unless they depict a natural entity, and this shopfront does not fulfill the criteria for Nature-Based Artefacts, it falls under the exclusion scope for homogenous artefacts. Not applicable since the entity is not classified as nature.",False
/home/pmonserrat/datasets/places/val_formatted/301/Places365_val_00000677.jpg,shopfront,False,,,no,none,none,"The target entity is a shopfront. The visual evidence shows a constructed building facade with signage. Since the shopfront is a manufactured structural object and does not depict a natural entity or process, it falls under the Homogenous Artefacts exclusion and fails the criteria for nature. Not applicable since the entity is not classified as nature.",False
/home/pmonserrat/datasets/places/val_formatted/301/Places365_val_00001372.jpg,shopfront,False,,,no,none,none,"The target entity is a shopfront. The visual evidence shows a commercial building with signage and glass windows. Under the provided taxonomy, human-made structures and commercial entities do not fall under the categories of flora, fauna, fungi, or natural environments. They are considered homogenous artefacts unless they explicitly depict or reference natural elements. Since the shopfront does not depict or reference any more-than-human living entities or natural processes, it does not qualify as nature. Not applicable since the entity is not classified as nature.",False
/home/pmonserrat/datasets/places/val_formatted/301/Places365_val_00001621.jpg,shopfront,False,,,no,none,none,"The target entity is a shopfront. The visual evidence shows a constructed building facade with glass windows and signage. This is a manufactured structural object with no visible natural material or texture that remains identifiable as originating from flora, fauna, or fungi. It does not depict a natural entity and falls under the Homogenous Artefacts exclusion, failing the criteria for nature. Not applicable since the entity is not classified as nature.",False
/home/pmonserrat/datasets/places/val_formatted/303/Places365_val_00000184.jpg,shower,False,,,no,none,none,"The target entity is a shower. The visual evidence shows a modern bathroom fixture designed for washing, typically using water. While showers are functional objects, they are not classified as nature under the provided definition because they are manufactured structures and do not fall under the categories of living entities, ecosystems, or natural processes. Not applicable since the entity is not classified as nature.",False
/home/pmonserrat/datasets/places/val_formatted/303/Places365_val_00001166.jpg,shower,False,,,no,none,none,"The target entity is a shower. The visual evidence shows a constructed fixture within a tiled bathroom environment. Since showers are manufactured functional objects made of materials like metal and ceramic, and do not depict a natural entity, they fall strictly under the Homogenous Artefacts exclusion and fail the criteria for nature. Not applicable since the entity is not classified as nature.",False
/home/pmonserrat/datasets/places/val_formatted/303/Places365_val_00001443.jpg,shower,False,,,no,none,none,"The target entity is a shower. The visual evidence shows a metallic showerhead and hose, which are manufactured objects used for dispensing water. Since the original natural texture of the materials is completely unidentifiable and altered, and the object does not depict a natural entity, it falls strictly under the Homogenous Artefacts exclusion and fails the criteria for nature. Not applicable since the entity is not classified as nature.",False
/home/pmonserrat/datasets/places/val_formatted/303/Places365_val_00001585.jpg,shower,False,,,no,none,none,"The target entity is a shower. The visual evidence shows a glass-enclosed shower stall in a bathroom. This is a manufactured structural object made of glass and metal, with no natural material or living entity involved. Since homogenous artefacts are excluded and the object does not depict a natural entity, it falls strictly under the Homogenous Artefacts exclusion and fails the criteria for nature. Not applicable since the entity is not classified as nature.",False
/home/pmonserrat/datasets/places/val_formatted/304/Places365_val_00000482.jpg,ski resort,False,,,yes,abiotic,material,"The target entity is a ski resort. The visual evidence shows a built environment with snow-covered trees and buildings. While the buildings are human-made, the presence of snow and natural elements like trees places it within the context of a natural environment. Ski resorts are explicitly nature-based activities and environments, fulfilling the inclusion criteria for nature. Since nature is 'yes', I evaluate the sub-axes. A ski resort involves natural elements like snow (hydrological) and trees (flora), placing it under the abiotic category due to the non-living components. Because the image captures a real-world physical environment, it is classified as material under the Tangibility axis.",False
/home/pmonserrat/datasets/places/val_formatted/304/Places365_val_00000584.jpg,ski resort,False,,,no,none,none,"The target entity is a ski resort. The visual evidence shows a built environment with structures designed for human use, surrounded by snow-covered terrain. While the natural elements like snow and the landscape are part of the environment, the ski resort itself is a constructed facility. Since the primary focus is on human-made structures and activities, it does not count as nature under the provided definition. Not applicable since the entity is not classified as nature.",False
/home/pmonserrat/datasets/places/val_formatted/304/Places365_val_00000590.jpg,ski resort,False,,,yes,abiotic,material,"The target entity is a ski resort. The visual evidence shows a snowy landscape with a cyclist and a signpost indicating 'Wheat Hill.' Ski resorts are human-developed areas designed for winter sports, but they are situated within natural environments. The primary focus is on the natural snowy terrain and the surrounding landscape, which are part of the non-living natural elements and processes, specifically hydrological components (snow) and geological/topographical components (mountains and valleys). The presence of human activity does not exclude the natural elements from being classified as nature. Since nature is 'yes', I evaluate the sub-axes. The snowy landscape and the natural terrain (mountains and valleys) fall under Hydrological and Geological & Topographical Components within the abiotic category. The image captures a real-world physical environment, making it classified as material under the Tangibility axis.",False
/home/pmonserrat/datasets/places/val_formatted/304/Places365_val_00000669.jpg,ski resort,False,,,no,none,none,"The target entity is a ski resort. The visual evidence shows a building with a snowy landscape, trees, and a small structure that resembles a bell tower. While the building itself is a human-made structure, the surrounding environment includes natural elements such as snow, trees, and a natural landscape. However, the primary focus is on the human-made structure, which does not fit the criteria for nature under the provided definition. Not applicable since the entity is not classified as nature.",False
/home/pmonserrat/datasets/places/val_formatted/305/Places365_val_00001040.jpg,ski slope,True,False,True,yes,abiotic,material,"The target entity is a ski slope. The visual evidence shows a snow-covered mountainous area with ski tracks, which is a natural environment. Ski slopes are classified under Ecosystems & Environments, fulfilling the inclusion criteria for nature. Since nature is 'yes', I evaluate the sub-axes. A ski slope is a natural environment characterized by snow and mountainous terrain, placing it under the abiotic category as a Hydrological and Geological & Topographical component. Because the image is an unfiltered documentary depiction capturing a real-world physical environment, it is classified as material under the Tangibility axis.",False
/home/pmonserrat/datasets/places/val_formatted/305/Places365_val_00001967.jpg,ski slope,True,False,True,yes,abiotic,material,"The target entity is a ski slope. The visual evidence shows a snow-covered landscape with a ski lift and people skiing. This environment is a natural or semi-natural setting where non-human entities (such as skiers) exist and interact, fulfilling the inclusion criteria for ecosystems and environments under the Nature definition. Since nature is 'yes', I evaluate the sub-axes. A ski slope is a geographical feature and part of a natural environment, placing it under Geological & Topographical Components within the abiotic category. Because the image captures a real-world physical environment, it is classified as material under the Tangibility axis.",False
/home/pmonserrat/datasets/places/val_formatted/305/Places365_val_00002713.jpg,ski slope,True,False,True,yes,abiotic,material,"The target entity is a ski slope. The visual evidence shows a snow-covered slope used for skiing, which is a natural environment modified for human activity. Snow and the slope itself are natural elements, fitting the inclusion criteria for ecosystems and environments under the Nature definition. Since nature is 'yes', I evaluate the sub-axes. A ski slope is a natural environment (snow-covered terrain) used for human activity, placing it under Ecosystems & Environments within the abiotic category. Because the image captures a real-world physical landscape, it is classified as material under the Tangibility axis.",False
/home/pmonserrat/datasets/places/val_formatted/305/Places365_val_00003155.jpg,ski slope,True,False,True,yes,abiotic,material,"The target entity is a ski slope. The visual evidence shows a snow-covered mountainous terrain, which is a natural geographical feature. Ski slopes are typically found in natural mountainous environments and are used for winter sports. This falls under the category of Geological & Topographical Components within the Non-Living Natural Elements inclusion scope, fulfilling the criteria for nature. Since nature is 'yes', I evaluate the sub-axes. A ski slope is a geographical feature, placing it under Geological & Topographical Components within the abiotic category. Because this is an unfiltered documentary photograph capturing a real-world physical landscape, it is classified as material under the Tangibility axis.",False
/home/pmonserrat/datasets/places/val_formatted/306/Places365_val_00000645.jpg,sky,True,False,True,yes,abiotic,material,"The target entity is the sky during sunset. The visual evidence shows a natural atmospheric phenomenon characterized by the sun setting behind silhouetted trees. This falls under the category of Astrophysical Components within the Non-Living Natural Elements & Processes, fulfilling the inclusion criteria for nature. Since nature is 'yes', I evaluate the sub-axes. The sunset is an astrophysical phenomenon, placing it under the abiotic category. Because the image captures a real-world physical occurrence (the sun setting), it is classified as material under the Tangibility axis.",False
/home/pmonserrat/datasets/places/val_formatted/306/Places365_val_00000942.jpg,sky,True,False,True,yes,abiotic,material,"The target entity is the sky. The visual evidence shows a natural atmospheric phenomenon with clouds and a sunset. Atmospheric & Meteorological components (e.g., rain, wind, snow, fog, temperature, natural seasons) are explicitly classified under Non-Living Natural Elements & Processes, fulfilling the inclusion criteria for nature. Since nature is 'yes', I evaluate the sub-axes. The sky is part of the atmospheric phenomena, placing it under Atmospheric & Meteorological Components within the abiotic category. Because the image is an unfiltered documentary depiction capturing a real-world physical environment, it is classified as material under the Tangibility axis.",False
/home/pmonserrat/datasets/places/val_formatted/306/Places365_val_00000996.jpg,sky,True,False,True,yes,abiotic,material,"The target entity is the sky. The visual evidence shows a real-world atmospheric phenomenon characterized by blue color and cloud formations. Atmospheric & Meteorological components (e.g., rain, wind, snow, fog, temperature, natural seasons) are explicitly classified under Non-Living Natural Elements & Processes, fulfilling the inclusion criteria for nature. Since nature is 'yes', I evaluate the sub-axes. The sky is an atmospheric phenomenon, placing it under Atmospheric & Meteorological Components within the abiotic category. Because the image is an unfiltered documentary depiction capturing a real-world physical environment, it is classified as material under the Tangibility axis.",False
/home/pmonserrat/datasets/places/val_formatted/306/Places365_val_00001121.jpg,sky,True,False,True,yes,abiotic,material,"The target entity is the sky. The visual evidence shows a night sky filled with stars, which is an astrophysical phenomenon. Astrophysical components, such as stars and celestial bodies, are explicitly classified under Non-Living Natural Elements & Processes, fulfilling the inclusion criteria for nature. Since nature is 'yes', I evaluate the sub-axes. The sky, filled with stars, is an astrophysical phenomenon, placing it under Astrophysical Components within the abiotic category. Because the image is an unfiltered documentary depiction capturing a real-world physical environment, it is classified as material under the Tangibility axis.",False
/home/pmonserrat/datasets/places/val_formatted/307/Places365_val_00000045.jpg,skyscraper,False,,,no,none,none,"The target entity is a skyscraper. The visual evidence shows a large, man-made structure made primarily of glass and steel. Since skyscrapers are manufactured structural objects where the original natural texture is completely unidentifiable and altered, and the object does not depict a natural entity, it falls strictly under the Homogenous Artefacts exclusion and fails the criteria for nature. Not applicable since the entity is not classified as nature.",False
/home/pmonserrat/datasets/places/val_formatted/307/Places365_val_00000220.jpg,skyscraper,False,,,no,none,none,"The target entity is a skyscraper. The visual evidence shows a large, man-made structure made primarily of steel and glass. Since skyscrapers are manufactured structural objects where the original natural texture is completely unidentifiable and altered, and the object does not depict a natural entity, it falls strictly under the Homogenous Artefacts exclusion and fails the criteria for nature. Not applicable since the entity is not classified as nature.",False
/home/pmonserrat/datasets/places/val_formatted/307/Places365_val_00000451.jpg,skyscraper,False,,,no,none,none,"The target entity is a skyscraper. The visual evidence shows a large, man-made structure made of steel, glass, and concrete. Since skyscrapers are manufactured structural objects where the original natural texture is completely unidentifiable and altered, and the object does not depict a natural entity, it falls strictly under the Homogenous Artefacts exclusion and fails the criteria for nature. Not applicable since the entity is not classified as nature.",False
/home/pmonserrat/datasets/places/val_formatted/307/Places365_val_00000740.jpg,skyscraper,False,,,no,none,none,"The target entity is a skyscraper. The visual evidence shows a tall, man-made structure made of concrete and steel. Since skyscrapers are manufactured structural objects where the original natural texture is unidentifiable and the object does not depict a natural entity, it falls strictly under the Homogenous Artefacts exclusion and fails the criteria for nature. Not applicable since the entity is not classified as nature.",False
/home/pmonserrat/datasets/places/val_formatted/308/Places365_val_00000636.jpg,slum,False,,,no,none,none,"The target entity is a slum. The visual evidence shows a densely populated urban area with makeshift structures, unpaved roads, and signs of human habitation. Under the provided taxonomy, human beings and their constructed environments are explicitly excluded from the nature category. The focus is on more-than-human living entities, ecosystems, and natural processes, which does not include human settlements or their associated infrastructures. Not applicable since the entity is not classified as nature.",False
/home/pmonserrat/datasets/places/val_formatted/308/Places365_val_00001476.jpg,slum,False,,,no,none,none,"The target entity is a slum. The visual evidence shows a densely populated area with buildings, people, and greenery. While the area includes human habitation, the focus is on the built environment and the natural elements surrounding it. However, under the provided taxonomy, human beings and their constructed environments are not classified as nature. The presence of natural elements like greenery does not change the classification since the primary focus is on the human-made structures and the community. Not applicable since the entity is not classified as nature.",False
/home/pmonserrat/datasets/places/val_formatted/308/Places365_val_00001914.jpg,slum,False,,,no,none,none,"The target entity is a slum. The visual evidence shows a densely packed area with makeshift structures, likely constructed from various materials such as corrugated metal and tarpaulin. While the structures themselves are human-made, the environment includes natural elements like trees and open land in the background. However, the primary focus is on the human-made structures and the socio-economic context, which does not align with the inclusion criteria for nature under the provided taxonomy. Not applicable since the entity is not classified as nature.",False
/home/pmonserrat/datasets/places/val_formatted/308/Places365_val_00002012.jpg,slum,False,,,no,none,none,"The target entity is a slum. The visual evidence shows a densely packed, impoverished urban area with makeshift structures and debris. This environment is characterized by human habitation and socio-economic conditions rather than natural elements or processes. Under the provided taxonomy, human beings and their constructed environments are not classified as nature. Not applicable since the entity is not classified as nature.",False
/home/pmonserrat/datasets/places/val_formatted/309/Places365_val_00000527.jpg,snowfield,True,False,True,yes,abiotic,material,"The target entity is a snowfield. The visual evidence shows a real-world landscape with a large expanse of snow and ice. Snow is classified under Hydrological Components within the Non-Living Natural Elements & Processes, fulfilling the inclusion criteria for nature. Since nature is 'yes', I evaluate the sub-axes. A snowfield is a hydrological component, placing it under the abiotic category. Because the image is an unfiltered documentary depiction capturing a real-world physical environment, it is classified as material under the Tangibility axis.",False
/home/pmonserrat/datasets/places/val_formatted/309/Places365_val_00000840.jpg,snowfield,True,False,True,yes,abiotic,material,"The target entity is a snowfield. The visual evidence shows a vast expanse of snow covering the ground, which is a hydrological component. Snow is classified under Non-Living Natural Elements & Processes, fulfilling the inclusion criteria for nature. Since nature is 'yes', I evaluate the sub-axes. A snowfield is a hydrological component, placing it under Hydrological Components within the abiotic category. Because the image is an unfiltered documentary depiction capturing a real-world physical environment, it is classified as material under the Tangibility axis.",False
/home/pmonserrat/datasets/places/val_formatted/309/Places365_val_00001243.jpg,snowfield,True,False,True,yes,abiotic,material,"The target entity is a snowfield. The visual evidence shows a large expanse of snow covering the ground, which is a hydrological component. Snow is classified under Non-Living Natural Elements & Processes, fulfilling the inclusion criteria for nature. Since nature is 'yes', I evaluate the sub-axes. A snowfield is a hydrological component, placing it under Hydrological Components within the abiotic category. Because the image is an unfiltered documentary photograph capturing a real-world physical environment, it is classified as material under the Tangibility axis.",False
/home/pmonserrat/datasets/places/val_formatted/309/Places365_val_00001753.jpg,snowfield,True,False,True,yes,abiotic,material,"The target entity is a snowfield. The visual evidence shows a real-world landscape covered in snow, with a river flowing through it. Snow is a hydrological component, and the entire scene is a natural environment, fulfilling the inclusion criteria for nature. Since nature is 'yes', I evaluate the sub-axes. A snowfield is a hydrological component, placing it under Hydrological Components within the abiotic category. Because the image is an unfiltered documentary depiction capturing a real-world physical environment, it is classified as material under the Tangibility axis.",False
/home/pmonserrat/datasets/places/val_formatted/311/Places365_val_00000156.jpg,stable,False,,,yes,biotic,material,"The target entity is a horse. The visual evidence shows a real-world animal standing in a stable. Horses are non-human vertebrates (fauna), which are explicitly classified under Flora & Fauna within the inclusion scope for nature. This is a physical organism with mass and presence in the real world, fulfilling the criteria for nature. Since nature is 'yes', I evaluate the sub-axes. A horse is a non-human vertebrate (fauna), placing it under the biotic category. Because this is a real-world physical organism with mass that occupies space, it is classified as material under the Tangibility axis.",False
/home/pmonserrat/datasets/places/val_formatted/311/Places365_val_00000816.jpg,stable,False,,,yes,biotic,material,"The target entity is a horse. The visual evidence shows a real animal, specifically a white horse with a bridle, standing in a fenced area. Horses are non-human vertebrates, placing them under Fauna & Animal Derivatives within the biotic category, fulfilling the inclusion criteria for nature. Since nature is 'yes', I evaluate the sub-axes. A horse is a non-human vertebrate (fauna), placing it under the biotic category. Because the image is an unfiltered documentary photograph capturing a real-world physical organism, it is classified as material under the Tangibility axis.",False
/home/pmonserrat/datasets/places/val_formatted/311/Places365_val_00000836.jpg,stable,False,,,yes,biotic,material,"The target entity is a horse. The visual evidence shows a real-world animal, specifically a non-human vertebrate (fauna), which is a living organism. This fulfills the inclusion criteria for more-than-human living entities under the Nature definition. Since nature is 'yes', I evaluate the sub-axes. The horse is a non-human vertebrate (fauna), placing it under the biotic category. Because the image is an unfiltered documentary photograph capturing a real-world physical organism, it is classified as material under the Tangibility axis.",False
/home/pmonserrat/datasets/places/val_formatted/311/Places365_val_00001801.jpg,stable,False,,,yes,biotic,material,"The target entity is a horse. The visual evidence shows a real animal, a non-human vertebrate, which is a living organism. This falls under the category of Flora & Fauna within the more-than-human living entities, fulfilling the inclusion criteria for nature. Since nature is 'yes', I evaluate the sub-axes. A horse is a non-human vertebrate (fauna), placing it under the biotic category. Because this is a real-world physical organism with mass that occupies space, it is classified as material under the Tangibility axis.",False
/home/pmonserrat/datasets/places/val_formatted/321/Places365_val_00000048.jpg,supermarket,False,,,no,none,none,"The target entity is a supermarket. The visual evidence shows a manufactured commercial space with shelves stocked with various packaged goods. Supermarkets are human-made structures and do not fall under the categories of more-than-human living entities, ecosystems, or natural processes. They are not classified as nature-based artefacts or activities, nor do they represent nature in any form. Not applicable since the entity is not classified as nature.",False
/home/pmonserrat/datasets/places/val_formatted/321/Places365_val_00000185.jpg,supermarket,False,,,no,none,none,"The target entity is a supermarket. The visual evidence shows a setting with various food items and decorations. However, a supermarket is a human-made structure and does not fall under the categories of more-than-human living entities, ecosystems, or natural processes. It is primarily a commercial establishment designed for human activity and does not meet the criteria for nature under the provided taxonomy. Not applicable since the entity is not classified as nature.",False
/home/pmonserrat/datasets/places/val_formatted/321/Places365_val_00000274.jpg,supermarket,False,,,no,none,none,"The target entity is a supermarket. The visual evidence shows a commercial establishment with various food items on display. Supermarkets are human-made structures and do not fall under the categories of more-than-human living entities, ecosystems, or natural processes. They are primarily human-centric environments and do not meet the criteria for nature under the provided taxonomy. Not applicable since the entity is not classified as nature.",False
/home/pmonserrat/datasets/places/val_formatted/321/Places365_val_00000536.jpg,supermarket,False,,,no,none,none,"The target entity is a supermarket. The visual evidence shows a commercial establishment where various processed and packaged food items are sold. Supermarkets are human-made structures and do not fall under the categories of more-than-human living entities, ecosystems, or natural processes. They are primarily constructed environments designed for human activity and commerce, and thus do not meet the criteria for nature under the provided taxonomy. Not applicable since the entity is not classified as nature.",False
/home/pmonserrat/datasets/places/val_formatted/322/Places365_val_00000887.jpg,sushi bar,False,,,no,none,none,"The target entity is a sushi bar. The visual evidence shows a constructed environment where food is prepared and served. While the bar itself is a man-made structure, it is primarily used for the preparation and consumption of sushi, which is made from fish and other natural ingredients. However, the sushi bar as an establishment does not directly count as nature under the provided definition, as it is a human-made setting rather than a natural entity or process. Not applicable since the entity is not classified as nature.",False
/home/pmonserrat/datasets/places/val_formatted/322/Places365_val_00000960.jpg,sushi bar,False,,,no,none,none,"The target entity is a sushi bar. The visual evidence shows a restaurant setting with a counter where sushi is prepared and served. While the bar itself is a manufactured structure, it is primarily used for the preparation and serving of sushi, which is a processed food item derived from marine organisms (fish). However, the bar as an entity does not directly count as nature under the provided definition, as it is a homogenous artefact without a direct natural component. Not applicable since the entity is not classified as nature.",False
/home/pmonserrat/datasets/places/val_formatted/322/Places365_val_00001973.jpg,sushi bar,False,,,no,none,none,"The target entity is a Budweiser ice sculpture. The visual evidence shows a manufactured object made of ice, which is a natural material, but the structure is designed and shaped by humans for a specific purpose. While ice is a natural substance, the sculpture itself is a crafted artefact. Since the original natural texture is altered and the object does not depict a natural entity, it falls under the Homogenous Artefacts exclusion and fails the criteria for nature. Not applicable since the entity is not classified as nature.",False
/home/pmonserrat/datasets/places/val_formatted/322/Places365_val_00002023.jpg,sushi bar,False,,,yes,biotic,material,"The target entity is a sushi bar. The visual evidence shows a setting where sushi, a processed food item derived from fish and other ingredients, is being served. Processed food and drinks at any processing level are classified under the Ingestion Criterion, fulfilling the inclusion criteria for nature. Since nature is 'yes', I evaluate the sub-axes. Sushi is a processed food item derived from fish (fauna) and other plant-based ingredients, placing it under Flora & Plant Derivatives and Fauna & Animal Derivatives within the biotic category. Because the image captures a real-world physical setting with tangible food items, it is classified as material under the Tangibility axis.",False
/home/pmonserrat/datasets/places/val_formatted/323/Places365_val_00000157.jpg,swamp,True,False,True,yes,biotic,material,"The target entity is a swamp. The visual evidence shows a natural environment characterized by dense vegetation, waterlogged soil, and fallen tree trunks. Swamps are ecosystems defined by living communities and biological interactions, fulfilling the inclusion criteria for nature. Since nature is 'yes', I evaluate the sub-axes. A swamp is a biological ecosystem, placing it under Biological Ecosystems within the biotic category. Because the image captures a real-world physical environment, it is classified as material under the Tangibility axis.",False
/home/pmonserrat/datasets/places/val_formatted/323/Places365_val_00000379.jpg,swamp,True,False,True,yes,biotic,material,"The target entity is a swamp. The visual evidence shows a dense forest with tall trees and lush green vegetation. This environment is a natural ecosystem characterized by the presence of flora and fauna, fitting the inclusion criteria for ecosystems and environments under the Nature definition. Since nature is 'yes', I evaluate the sub-axes. A swamp is a biological ecosystem defined by living communities, placing it under Biological Ecosystems within the biotic category. Because the image captures a real-world physical environment with tangible elements, it is classified as material under the Tangibility axis.",False
/home/pmonserrat/datasets/places/val_formatted/323/Places365_val_00000402.jpg,swamp,True,False,True,yes,biotic,material,"The target entity is a swamp. The visual evidence shows a natural environment with waterlogged soil, leafless trees, and a body of water. This setting is characteristic of a wetland ecosystem, which falls under the category of Ecosystems & Environments in the Nature definition. Swamps are natural or semi-natural environments where non-human entities exist and interact, fulfilling the inclusion criteria for nature. Since nature is 'yes', I evaluate the sub-axes. A swamp is a type of wetland ecosystem, which is defined by its biological communities and interactions. It is classified under Biological Ecosystems within the biotic category. Because the image is an unfiltered documentary photograph capturing a real-world physical environment, it is classified as material under the Tangibility axis.",False
/home/pmonserrat/datasets/places/val_formatted/323/Places365_val_00000434.jpg,swamp,True,False,True,yes,biotic,material,"The target entity is a swamp. The visual evidence shows a natural environment with water, vegetation, and trees. Ecosystems and environments where non-human entities exist and interact are explicitly classified under Nature, fulfilling the inclusion criteria. Since nature is 'yes', I evaluate the sub-axes. A swamp is a biological ecosystem defined by living communities and interactions, placing it under Biological Ecosystems within the biotic category. Because the image captures a real-world physical environment, it is classified as material under the Tangibility axis.",False
/home/pmonserrat/datasets/places/val_formatted/324/Places365_val_00000124.jpg,swimming hole,True,False,True,yes,abiotic,material,"The target entity is a swimming hole. The visual evidence shows a natural rock formation with water flowing through it, creating a small pool. This is a hydrological component, specifically a river or stream feature, which is explicitly classified under Non-Living Natural Elements & Processes, fulfilling the inclusion criteria for nature. Since nature is 'yes', I evaluate the sub-axes. A swimming hole is a hydrological feature, placing it under Hydrological Components within the abiotic category. Because the image is an unfiltered documentary photograph capturing a real-world physical environment, it is classified as material under the Tangibility axis.",False
/home/pmonserrat/datasets/places/val_formatted/324/Places365_val_00000189.jpg,swimming hole,True,False,True,yes,abiotic,material,"The target entity is a swimming hole. The visual evidence shows a natural body of water surrounded by rocks and forested areas. Hydrological components (rivers, ponds, lakes, streams) are explicitly classified under Non-Living Natural Elements & Processes, fulfilling the inclusion criteria for nature. Since nature is 'yes', I evaluate the sub-axes. A swimming hole is a fluid flow, placing it under Hydrological Components within the abiotic category. Because the image is an unfiltered documentary depiction capturing a real-world physical environment, it is classified as material under the Tangibility axis.",False
/home/pmonserrat/datasets/places/val_formatted/324/Places365_val_00000709.jpg,swimming hole,True,False,True,yes,abiotic,material,"The target entity is a swimming hole. The visual evidence shows a natural body of water surrounded by vegetation and landforms. Hydrological components (rivers, ponds, lakes, streams) are explicitly classified under Non-Living Natural Elements & Processes, fulfilling the inclusion criteria for nature. Since nature is 'yes', I evaluate the sub-axes. A swimming hole is a fluid flow, placing it under Hydrological Components within the abiotic category. Because the image is an unfiltered documentary depiction capturing a real-world physical environment, it is classified as material under the Tangibility axis.",False
/home/pmonserrat/datasets/places/val_formatted/324/Places365_val_00002384.jpg,swimming hole,True,False,True,yes,abiotic,material,"The target entity is a swimming hole. The visual evidence shows a natural body of water with aquatic life, specifically ducks swimming. This falls under Hydrological Components within the Non-Living Natural Elements & Processes, fulfilling the inclusion criteria for nature. Since nature is 'yes', I evaluate the sub-axes. A swimming hole is a fluid flow, placing it under Hydrological Components within the abiotic category. Because the image is an unfiltered documentary depiction capturing a real-world physical environment, it is classified as material under the Tangibility axis.",False
/home/pmonserrat/datasets/places/val_formatted/328/Places365_val_00000568.jpg,television room,False,,,no,none,none,"The target entity is a television room. The visual evidence shows a room with various items including bottles, a television, and decorative objects. However, the television room itself is a constructed space designed for human use and does not fall under the categories of flora, fauna, fungi, ecosystems, or non-living natural elements as defined in the taxonomy. It is a human-made environment and does not meet the criteria for nature. Not applicable since the entity is not classified as nature.",False
/home/pmonserrat/datasets/places/val_formatted/328/Places365_val_00002289.jpg,television room,False,,,no,none,none,"The target entity is a television room. The visual evidence shows a room with furniture, a television, and a fireplace. The room itself is a human-made space designed for human activities and does not fall under the categories of more-than-human living entities, ecosystems, or natural processes. It is a constructed environment and does not meet the criteria for nature under the provided definition. Not applicable since the entity is not classified as nature.",False
/home/pmonserrat/datasets/places/val_formatted/328/Places365_val_00002902.jpg,television room,False,,,no,none,none,"The target entity is a television room. The visual evidence shows a room with a television, furniture, and decor. The room itself is a human-made environment and does not directly include any more-than-human living entities, ecosystems, or natural processes as defined in the taxonomy. It is a constructed space for human activities and does not meet the criteria for nature under the provided definition. Not applicable since the entity is not classified as nature.",False
/home/pmonserrat/datasets/places/val_formatted/328/Places365_val_00003027.jpg,television room,False,,,no,none,none,"The target entity is a television room. The visual evidence shows a room with furniture, a television displaying an image, and decorative elements. The room itself is a constructed space and does not fall under the categories of flora, fauna, fungi, ecosystems, or non-living natural elements as defined in the taxonomy. It is a human-made environment and does not meet the criteria for nature. Not applicable since the entity is not classified as nature.",False
/home/pmonserrat/datasets/places/val_formatted/332/Places365_val_00000648.jpg,ticket booth,False,,,no,none,none,"The target entity is a ticket booth. The visual evidence shows a manufactured structural object made of materials like metal and possibly concrete. Since homogenous artefacts are excluded and the object does not depict a natural entity, it falls strictly under the Homogenous Artefacts exclusion and fails the criteria for nature. Not applicable since the entity is not classified as nature.",False
/home/pmonserrat/datasets/places/val_formatted/332/Places365_val_00000771.jpg,ticket booth,False,,,no,none,none,"The target entity is a ticket booth. The visual evidence shows a constructed building with a sign indicating it is a place to purchase tickets. This is a manufactured structural object made of materials like metal and glass, with no visible natural grain or texture that would classify it as a nature-based artefact. It does not depict a natural entity and falls under the Homogenous Artefacts exclusion, failing the criteria for nature. Not applicable since the entity is not classified as nature.",False
/home/pmonserrat/datasets/places/val_formatted/332/Places365_val_00001906.jpg,ticket booth,False,,,no,none,none,"The target entity is a ticket booth. The visual evidence shows a manufactured structural object with a display of various items. Since it is a homogenous artefact where the original natural texture is unidentifiable and the object does not depict a natural entity, it falls strictly under the Homogenous Artefacts exclusion and fails the criteria for nature. Not applicable since the entity is not classified as nature.",False
/home/pmonserrat/datasets/places/val_formatted/332/Places365_val_00001971.jpg,ticket booth,False,,,no,none,none,"The target entity is a ticket booth. The visual evidence shows a manufactured structural object made of materials like metal and possibly concrete or wood. Since the original natural texture of the materials is completely unidentifiable and altered, and the object does not depict a natural entity, it falls strictly under the Homogenous Artefacts exclusion and fails the criteria for nature. Not applicable since the entity is not classified as nature.",False
/home/pmonserrat/datasets/places/val_formatted/335/Places365_val_00000484.jpg,toyshop,False,,,no,none,none,"The target entity is a toyshop. The visual evidence shows a collection of decorative items and toys, including a plush toy and various artificial decorations. These items are manufactured objects designed for play or decoration and do not depict or represent natural entities. They fall under the category of homogenous artefacts, which are excluded from the nature taxonomy because the original natural texture is unidentifiable and the objects do not depict natural entities. Not applicable since the entity is not classified as nature.",False
/home/pmonserrat/datasets/places/val_formatted/335/Places365_val_00000623.jpg,toyshop,False,,,no,none,none,"The target entity is a toyshop. The visual evidence shows a collection of colorful toy figures and items, which are manufactured objects. These items do not depict or represent any more-than-human living entities, ecosystems, or natural processes. They are homogenous artefacts where the original natural texture is unidentifiable and the objects do not depict a natural entity. Therefore, they fall strictly under the Homogenous Artefacts exclusion and fail the criteria for nature. Not applicable since the entity is not classified as nature.",False
/home/pmonserrat/datasets/places/val_formatted/335/Places365_val_00001386.jpg,toyshop,False,,,yes,biotic,immaterial,"The target entity is a toyshop displaying various plush toys. The visual evidence shows manufactured objects designed to resemble characters. These toys are crafted representations of fictional entities, which count as Representations of Nature under the inclusion criteria for artistic or fictional depictions. Since nature is 'yes', I evaluate the sub-axes. The toys represent fictional characters, placing their conceptual subjects under the biotic category as they are based on non-human living entities (fauna). Because these are physical three-dimensional objects, but their primary purpose is representational and symbolic, they are classified as immaterial under the Tangibility axis.",False
/home/pmonserrat/datasets/places/val_formatted/335/Places365_val_00001607.jpg,toyshop,False,,,no,none,none,"The target entity is a toyshop. The visual evidence shows a commercial space filled with various toys and merchandise. Since toyshops are human-made structures and do not fall under the categories of flora, fauna, fungi, ecosystems, or non-living natural elements, they are excluded from the nature taxonomy. Not applicable since the entity is not classified as nature.",False
/home/pmonserrat/datasets/places/val_formatted/338/Places365_val_00000431.jpg,tree farm,True,True,True,yes,biotic,material,"The target entity is a tree farm. The visual evidence shows a cultivated area with numerous young trees planted in rows. This falls under the category of ecosystems & environments, specifically cultivated or managed non-human organisms (flora), fulfilling the inclusion criteria for nature. Since nature is 'yes', I evaluate the sub-axes. A tree farm is an ecosystem defined by living communities of plants, placing it under Flora & Plant Derivatives within the biotic category. Because this is an unfiltered documentary photograph capturing a real-world physical landscape, it is classified as material under the Tangibility axis.",False
/home/pmonserrat/datasets/places/val_formatted/338/Places365_val_00000751.jpg,tree farm,True,True,True,yes,biotic,material,"The target entity is a tree farm. The visual evidence shows a cultivated area with numerous trees and plants, indicating a managed ecosystem. Tree farms fall under the category of cultivated or managed flora, which is explicitly included in the definition of Nature under the More-Than-Human Living Entities and Ecosystems & Environments. Since nature is 'yes', I evaluate the sub-axes. A tree farm is an ecosystem defined by living communities (flora), placing it under Flora & Plant Derivatives within the biotic category. Because it is a real-world physical environment with tangible elements, it is classified as material under the Tangibility axis.",False
/home/pmonserrat/datasets/places/val_formatted/338/Places365_val_00001846.jpg,tree farm,True,True,True,yes,biotic,material,"The target entity is a tree farm. The visual evidence shows a cultivated area with numerous trees, which are non-human living organisms. Tree farms fall under the category of cultivated flora, fulfilling the inclusion criteria for nature. Since nature is 'yes', I evaluate the sub-axes. A tree farm is an ecosystem defined by living communities of trees, placing it under Flora & Plant Derivatives within the biotic category. Because it is a real-world physical environment with tangible trees and vegetation, it is classified as material under the Tangibility axis.",False
/home/pmonserrat/datasets/places/val_formatted/338/Places365_val_00002097.jpg,tree farm,True,True,True,yes,biotic,material,"The target entity is a tree farm. The visual evidence shows a cultivated field with rows of young trees, indicating a managed agricultural environment. Tree farms are explicitly included under the cultivation of non-human organisms (flora) and fall under the category of ecosystems where non-human entities exist and interact. Since nature is 'yes', I evaluate the sub-axes. A tree farm is an ecosystem defined by the cultivation of trees, placing it under Flora & Plant Derivatives within the biotic category. Because the image captures a real-world physical environment with tangible trees and land, it is classified as material under the Tangibility axis.",False
/home/pmonserrat/datasets/places/val_formatted/339/Places365_val_00000043.jpg,tree house,True,True,True,no,none,none,"The target entity is a tree house. The visual evidence shows a structure built among trees, which is a human-made object integrated into a natural environment. Since the tree house is a manufactured object, it falls under the category of homogenous artefacts where the original natural texture is unidentifiable and altered. However, the structure itself is not a natural entity but is situated within a natural setting. According to the taxonomy, human-made objects that do not depict a natural entity and lack identifiable natural texture are excluded from nature. Not applicable since the entity is not classified as nature.",False
/home/pmonserrat/datasets/places/val_formatted/339/Places365_val_00000473.jpg,tree house,True,True,True,yes,biotic,material,"The target entity is a tree house. The visual evidence shows a structure built among trees, likely made of natural materials like wood. Since it is a physical structure integrated with the natural environment and made from natural materials, it counts as a Nature-Based Artefact. Since nature is 'yes', I evaluate the sub-axes. A tree house is a physical structure made from natural materials (wood), placing it under Flora & Plant Derivatives within the biotic category. Because it is a real-world physical object with mass that occupies space, it is classified as material under the Tangibility axis.",False
/home/pmonserrat/datasets/places/val_formatted/339/Places365_val_00001057.jpg,tree house,True,True,True,yes,biotic,material,"The target entity is a tree house. The visual evidence shows a structure built among trees, likely made of wood or other natural materials. Since it is a physical structure integrated with natural elements, it counts as a Nature-Based Artefact, fulfilling the inclusion criteria. Since nature is 'yes', I evaluate the sub-axes. A tree house is a physical structure made from natural materials like wood, placing it under Flora & Plant Derivatives within the biotic category. Because it is a real-world physical object with mass that occupies space, it is classified as material under the Tangibility axis.",False
/home/pmonserrat/datasets/places/val_formatted/339/Places365_val_00001154.jpg,tree house,True,True,True,yes,biotic,material,"The target entity is a tree house. The visual evidence shows a structure built around and integrated with a large tree. The tree itself is a more-than-human living entity (flora), and the tree house is a nature-based artefact where the natural material of origin (wood from the tree) remains visually identifiable by its structure and texture. This fulfills the inclusion criteria for Nature-Based Artefacts. Since nature is 'yes', I evaluate the sub-axes. The tree house is a physical structure made from natural materials (wood), placing it under Flora & Plant Derivatives within the biotic category. Because it is a real-world physical object with mass that occupies space, it is classified as material under the Tangibility axis.",False
/home/pmonserrat/datasets/places/val_formatted/340/Places365_val_00000353.jpg,trench,True,False,True,yes,biotic,material,"The target entity is a wooden trail signpost. The visual evidence shows a manufactured object made of wood with clearly visible natural grain. While homogenous artefacts are excluded, manufactured objects where the natural material of origin remains visually identifiable by its grain or texture explicitly count as Nature-Based Artefacts, fulfilling the inclusion criteria. Since nature is 'yes', I evaluate the sub-axes. The signpost is made of wood, which is a processed material derived from trees, placing it under Flora & Plant Derivatives within the biotic category. Because it is a real-world physical object with mass that occupies space, it is classified as material under the Tangibility axis.",False
/home/pmonserrat/datasets/places/val_formatted/340/Places365_val_00000649.jpg,trench,True,False,True,yes,abiotic,material,"The target entity is a trench. The visual evidence shows a long, narrow depression in the ground, likely created by human activity or natural erosion. This falls under the category of Geological & Topographical Components within the Non-Living Natural Elements inclusion scope, fulfilling the criteria for nature. Since nature is 'yes', I evaluate the sub-axes. A trench is a geological feature, placing it under Geological & Topographical Components within the abiotic category. Because this is an unfiltered documentary photograph capturing a real-world physical landscape, it is classified as material under the Tangibility axis.",False
/home/pmonserrat/datasets/places/val_formatted/340/Places365_val_00000685.jpg,trench,True,False,True,yes,abiotic,material,"The target entity is a trench. The visual evidence shows a dug-out section of earth, which is a geological and topographical feature. Geological & Topographical Components are explicitly classified under Non-Living Natural Elements & Processes, fulfilling the inclusion criteria for nature. Since nature is 'yes', I evaluate the sub-axes. A trench is a large-scale landform and earth structure, placing it under Geological & Topographical Components within the abiotic category. Because this is an unfiltered documentary photograph of a real-world physical landscape, it is classified as material under the Tangibility axis.",False
/home/pmonserrat/datasets/places/val_formatted/340/Places365_val_00000780.jpg,trench,True,False,True,yes,abiotic,material,"The target entity is a trench. The visual evidence shows a dug-out section of earth, which is a geological and topographical feature. Trenches are natural or human-made excavations in the ground, and they fall under the Geological & Topographical Components within the Non-Living Natural Elements inclusion scope, fulfilling the criteria for nature. Since nature is 'yes', I evaluate the sub-axes. A trench is a large-scale landform and earth structure, placing it under Geological & Topographical Components within the abiotic category. Because this is an unfiltered documentary photograph of a real-world physical landscape, it is classified as material under the Tangibility axis.",False
/home/pmonserrat/datasets/places/val_formatted/341/Places365_val_00000224.jpg,tundra,True,True,True,yes,biotic,material,"The target entity is a tundra landscape. The visual evidence shows a natural environment with water bodies, vegetation, and open spaces. Ecosystems and environments where non-human entities exist and interact are explicitly classified under Nature Axis, fulfilling the inclusion criteria for nature. Since nature is 'yes', I evaluate the sub-axes. A tundra is a biological ecosystem defined by its living communities and environmental interactions, placing it under Biological Ecosystems within the biotic category. Because the image is an unfiltered documentary depiction capturing a real-world physical environment, it is classified as material under the Tangibility axis.",False
/home/pmonserrat/datasets/places/val_formatted/341/Places365_val_00000372.jpg,tundra,True,True,True,yes,abiotic,material,"The target entity is a tundra landscape. The visual evidence shows a natural environment characterized by snow-capped mountains and a vast expanse of low-lying vegetation. This falls under the category of Ecosystems & Environments, specifically within the Non-Living Natural Elements & Processes, fulfilling the inclusion criteria for nature. Since nature is 'yes', I evaluate the sub-axes. A tundra is a type of ecosystem defined by its geographical and climatic conditions, placing it under Geological & Topographical Components within the abiotic category. Because this is an unfiltered documentary photograph capturing a real-world physical landscape, it is classified as material under the Tangibility axis.",False
/home/pmonserrat/datasets/places/val_formatted/341/Places365_val_00000450.jpg,tundra,True,True,True,yes,biotic,material,"The target entity is a tundra landscape. The visual evidence shows a vast, snow-covered plain with distant mountains, characteristic of a tundra ecosystem. Tundra is classified under Ecosystems & Environments, fulfilling the inclusion criteria for nature. Since nature is 'yes', I evaluate the sub-axes. A tundra is a natural environment defined by its living communities and biological interactions, placing it under Biological Ecosystems within the biotic category. Because this is an unfiltered documentary photograph capturing a real-world physical landscape, it is classified as material under the Tangibility axis.",False
/home/pmonserrat/datasets/places/val_formatted/341/Places365_val_00001152.jpg,tundra,True,True,True,yes,biotic,material,"The target entity is a tundra landscape. The visual evidence shows a vast expanse of low-lying vegetation and open terrain characteristic of tundra ecosystems. Tundra falls under the category of Ecosystems & Environments, specifically natural or semi-natural environments where non-human entities exist and interact, fulfilling the inclusion criteria for nature. Since nature is 'yes', I evaluate the sub-axes. A tundra is a biological ecosystem defined by its living communities and environmental conditions, placing it under Biological Ecosystems within the biotic category. Because the image captures a real-world physical environment, it is classified as material under the Tangibility axis.",False
/home/pmonserrat/datasets/places/val_formatted/345/Places365_val_00000175.jpg,vegetable garden,True,True,True,yes,biotic,material,"The target entity is a vegetable garden. The visual evidence shows a collection of potted plants arranged on a table and in a basket, indicating a cultivated environment. This setup falls under the category of Ecosystems & Environments, specifically within the inclusion scope for more-than-human living entities and their cultivated settings. Since nature is 'yes', I evaluate the sub-axes. The plants are living organisms, placing them under Flora & Plant Derivatives within the biotic category. The image is an unfiltered documentary depiction capturing a real-world physical environment, so it is classified as material under the Tangibility axis.",False
/home/pmonserrat/datasets/places/val_formatted/345/Places365_val_00000448.jpg,vegetable garden,True,True,True,yes,biotic,material,"The target entity is a vegetable garden. The visual evidence shows a raised garden bed with various plants growing in it. This setup is a natural or semi-natural environment where non-human entities (plants) exist and interact, fulfilling the inclusion criteria for ecosystems and environments under the Nature definition. Since nature is 'yes', I evaluate the sub-axes. A vegetable garden is defined by living communities (plants), placing it under Biological Ecosystems within the biotic category. Because it is a real-world physical environment with mass that occupies space, it is classified as material under the Tangibility axis.",False
/home/pmonserrat/datasets/places/val_formatted/345/Places365_val_00000494.jpg,vegetable garden,True,True,True,yes,biotic,material,"The target entity is a vegetable garden. The visual evidence shows a cultivated plot of soil with young plants growing in it. This fits under the category of Ecosystems & Environments, specifically a natural or semi-natural environment where non-human entities exist and interact. The presence of plants and soil aligns with the inclusion criteria for nature. Since nature is 'yes', I evaluate the sub-axes. A vegetable garden is defined by living communities (plants) and biological interactions, placing it under Flora & Plant Derivatives within the biotic category. Because the image captures a real-world physical environment with tangible plants and soil, it is classified as material under the Tangibility axis.",False
/home/pmonserrat/datasets/places/val_formatted/345/Places365_val_00001135.jpg,vegetable garden,True,True,True,yes,biotic,material,"The target entity is a vegetable garden. The visual evidence shows raised garden beds with soil, indicating an area designated for planting vegetables. This falls under Ecosystems & Environments, specifically a semi-natural environment where non-human entities exist and interact, fulfilling the inclusion criteria for nature. Since nature is 'yes', I evaluate the sub-axes. A vegetable garden is defined by living communities (plants) and biological interactions, placing it under Flora & Plant Derivatives within the biotic category. Because the image captures a real-world physical environment with tangible elements like soil and wooden beds, it is classified as material under the Tangibility axis.",False
/home/pmonserrat/datasets/places/val_formatted/347/Places365_val_00000436.jpg,viaduct,False,,,yes,none,material,"The target entity is a viaduct. The visual evidence shows a man-made structure built across a river, constructed from stone. Since homogenous artefacts are excluded, but the natural material of origin remains visually identifiable by its structure and texture, it counts as a Nature-Based Artefact, fulfilling the inclusion criteria. Since nature is 'yes', I evaluate the sub-axes. The viaduct is a man-made structure, placing it under the category of processed materials derived from geological components (stone). Because it is a real-world physical object with mass that occupies space, it is classified as material under the Tangibility axis.",False
/home/pmonserrat/datasets/places/val_formatted/347/Places365_val_00000849.jpg,viaduct,False,,,no,none,none,"The target entity is a viaduct. The visual evidence shows a man-made structure made of stone, built to span a natural landscape. While the viaduct itself is a human-made construction, it is situated within a natural environment and interacts with geological and topographical components. However, since the viaduct is a manufactured structural object and not a natural entity or process, it falls under the Homogenous Artefacts exclusion and fails the criteria for nature. Not applicable since the entity is not classified as nature.",False
/home/pmonserrat/datasets/places/val_formatted/347/Places365_val_00001331.jpg,viaduct,False,,,yes,none,material,"The target entity is a viaduct. The visual evidence shows a man-made structure built across a landscape, likely for transportation purposes. Since homogenous artefacts are excluded, but the natural material of origin remains visually identifiable by its structure, grain, or texture, it counts as Nature-Based Artefacts, fulfilling the inclusion criteria. Since nature is 'yes', I evaluate the sub-axes. A viaduct is a man-made structure, placing it under the category of processed materials and human engineering. Because it is a real-world physical object with mass that occupies space, it is classified as material under the Tangibility axis.",False
/home/pmonserrat/datasets/places/val_formatted/347/Places365_val_00001368.jpg,viaduct,False,,,no,none,none,"The target entity is a viaduct. The visual evidence shows a man-made structure made of stone or concrete, designed to support a railway or road. Since homogenous artefacts are excluded unless they depict a natural entity, and this structure does not fall under any natural categories, it is not classified as nature. Not applicable since the entity is not classified as nature.",False
/home/pmonserrat/datasets/places/val_formatted/348/Places365_val_00000197.jpg,village,False,,,yes,biotic,material,"The target entity is a village. The visual evidence shows a collection of buildings and houses situated within a natural landscape. Villages are considered ecosystems where human-made structures coexist with natural environments, fulfilling the inclusion criteria for ecosystems and environments under the Nature definition. Since nature is 'yes', I evaluate the sub-axes. A village is a human settlement, but it is embedded within a natural landscape, placing it under Ecosystems & Environments within the biotic category. Because the image is an unfiltered documentary photograph capturing a real-world physical landscape, it is classified as material under the Tangibility axis.",False
/home/pmonserrat/datasets/places/val_formatted/348/Places365_val_00001493.jpg,village,False,,,no,none,none,"The target entity is a village. The visual evidence shows a human settlement with buildings, roads, and infrastructure. Under the provided taxonomy, human beings and their constructed environments are explicitly excluded from the nature definition. Villages are human-made structures and do not fall under the categories of flora, fauna, fungi, or natural processes. Not applicable since the entity is not classified as nature.",False
/home/pmonserrat/datasets/places/val_formatted/348/Places365_val_00001775.jpg,village,False,,,yes,none,material,"The target entity is a village. The visual evidence shows a collection of buildings situated in a natural landscape with surrounding greenery and rocky terrain. Villages are considered ecosystems where human habitation interacts with the natural environment, fulfilling the inclusion criteria for Nature-Based Artefacts and Ecosystems. Since nature is 'yes', I evaluate the sub-axes. The village consists of human-made structures integrated into a natural landscape, placing it under the category of Nature-Based Artefacts. Because the image is an unfiltered documentary photograph capturing a real-world physical environment, it is classified as material under the Tangibility axis.",False
/home/pmonserrat/datasets/places/val_formatted/348/Places365_val_00002385.jpg,village,False,,,no,none,none,"The target entity is a village. The visual evidence shows a human settlement with buildings, streets, and people. Under the provided taxonomy, human beings and human-made structures are explicitly excluded from the nature definition. Villages are primarily human constructs and do not fall under the categories of flora, fauna, fungi, or natural environments. Not applicable since the entity is not classified as nature.",False
/home/pmonserrat/datasets/places/val_formatted/349/Places365_val_00000144.jpg,vineyard,True,True,True,yes,biotic,material,"The target entity is a vineyard. The visual evidence shows a cultivated field of grapevines, which are non-human plants. Cultivated plants fall under Flora & Plant Derivatives, fulfilling the inclusion criteria for nature. Since nature is 'yes', I evaluate the sub-axes. A vineyard is a cultivated environment defined by living plant communities, placing it under Biological Ecosystems within the biotic category. Because the image captures a real-world physical landscape with tangible plants and greenery, it is classified as material under the Tangibility axis.",False
/home/pmonserrat/datasets/places/val_formatted/349/Places365_val_00000437.jpg,vineyard,True,True,True,yes,biotic,material,"The target entity is a vineyard. The visual evidence shows rows of grapevines with lush green foliage, which are cultivated plants. Vineyards are explicitly classified under Ecosystems & Environments in the inclusion scope, fulfilling the criteria for nature. Since nature is 'yes', I evaluate the sub-axes. A vineyard is an agricultural ecosystem defined by cultivated plants (grapevines), placing it under Flora & Plant Derivatives within the biotic category. Because this is an unfiltered documentary photograph capturing a real-world physical environment, it is classified as material under the Tangibility axis.",False
/home/pmonserrat/datasets/places/val_formatted/349/Places365_val_00000490.jpg,vineyard,True,True,True,yes,biotic,material,"The target entity is a vineyard. The visual evidence shows a cultivated landscape with rows of grapevines supported by trellises. Vineyards are explicitly classified under Ecosystems & Environments within the Nature Axis, fulfilling the inclusion criteria for nature. Since nature is 'yes', I evaluate the sub-axes. A vineyard is a cultivated environment, placing it under Ecosystems & Environments within the biotic category. Because the image is an unfiltered documentary photograph capturing a real-world physical landscape, it is classified as material under the Tangibility axis.",False
/home/pmonserrat/datasets/places/val_formatted/349/Places365_val_00000999.jpg,vineyard,True,True,True,yes,biotic,material,"The target entity is a vineyard. The visual evidence shows rows of grapevines supported by wooden stakes, with grass and soil visible in between. This setup is characteristic of cultivated flora, specifically grapevines used for wine production. Since vineyards are ecosystems defined by living communities and involve biological processes, they fall under the inclusion criteria for nature. Since nature is 'yes', I evaluate the sub-axes. A vineyard is an agricultural setup involving grapevines (flora), placing it under Flora & Plant Derivatives within the biotic category. Because it is a real-world physical environment with tangible elements like plants and soil, it is classified as material under the Tangibility axis.",False
/home/pmonserrat/datasets/places/val_formatted/350/Places365_val_00000268.jpg,volcano,True,False,True,yes,abiotic,material,"The target entity is a mountainous landscape. The visual evidence shows a real-world physical environment with geological formations, including cliffs and valleys. Geological & Topographical Components are explicitly classified under Non-Living Natural Elements & Processes, fulfilling the inclusion criteria for nature. Since nature is 'yes', I evaluate the sub-axes. A mountainous landscape is a large-scale landform and earth structure, placing it under Geological & Topographical Components within the abiotic category. Because this is an unfiltered documentary photograph capturing a real-world physical landscape, it is classified as material under the Tangibility axis.",False
/home/pmonserrat/datasets/places/val_formatted/350/Places365_val_00001201.jpg,volcano,True,False,True,yes,abiotic,material,"The target entity is a volcano. The visual evidence shows a real-world geological formation with active eruption, characterized by flowing lava and ash. Geological & Topographical Components, including large-scale landforms and earth structures, are explicitly classified under Non-Living Natural Elements & Processes, fulfilling the inclusion criteria for nature. Since nature is 'yes', I evaluate the sub-axes. A volcano is a geological feature, placing it under Geological & Topographical Components within the abiotic category. Because the image is an unfiltered documentary depiction capturing a real-world physical environment, it is classified as material under the Tangibility axis.",False
/home/pmonserrat/datasets/places/val_formatted/350/Places365_val_00001296.jpg,volcano,True,False,True,yes,abiotic,material,"The target entity is a volcano. The visual evidence shows a real-world geological formation with a plume of ash and smoke erupting from its summit. Geological & Topographical Components, including large-scale landforms and earth structures, are explicitly classified under Non-Living Natural Elements & Processes, fulfilling the inclusion criteria for nature. Since nature is 'yes', I evaluate the sub-axes. A volcano is a geological formation and earth structure, placing it under Geological & Topographical Components within the abiotic category. Because this is an unfiltered documentary photograph capturing a real-world physical environment, it is classified as material under the Tangibility axis.",False
/home/pmonserrat/datasets/places/val_formatted/350/Places365_val_00001629.jpg,volcano,True,False,True,yes,abiotic,material,"The target entity is a volcano. The visual evidence shows a real-world geological formation with a plume of smoke or steam rising from its peak. Geological & Topographical Components, including large-scale landforms and earth structures, are explicitly classified under Non-Living Natural Elements & Processes, fulfilling the inclusion criteria for nature. Since nature is 'yes', I evaluate the sub-axes. A volcano is a geological formation, placing it under Geological & Topographical Components within the abiotic category. Because this is an unfiltered documentary photograph capturing a real-world physical landscape, it is classified as material under the Tangibility axis.",False
/home/pmonserrat/datasets/places/val_formatted/352/Places365_val_00000221.jpg,waiting room,False,,,no,none,none,"The target entity is a waiting room. The visual evidence shows an interior space designed for human use, featuring furniture, lighting, and decorative elements. This is a manufactured structural object with no natural material or living entity present that would classify it as nature under the provided definition. Not applicable since the entity is not classified as nature.",False
/home/pmonserrat/datasets/places/val_formatted/352/Places365_val_00000342.jpg,waiting room,False,,,no,none,none,"The target entity is a waiting room. The visual evidence shows a constructed indoor space with seating arrangements, walls, windows, and doors. This is a human-made environment and does not fall under the categories of flora, fauna, fungi, hydrological, atmospheric, geological, astrophysical, or biophysical processes. It is a homogenous artefact where the original natural texture is unidentifiable and the object does not depict a natural entity. Not applicable since the entity is not classified as nature.",False
/home/pmonserrat/datasets/places/val_formatted/352/Places365_val_00000503.jpg,waiting room,False,,,no,none,none,"The target entity is a waiting room. The visual evidence shows an interior space with furniture and large windows. The room itself is a constructed environment and does not fall under the categories of flora, fauna, fungi, hydrological, atmospheric, geological, astrophysical, or biophysical processes. It is a human-made space designed for human use and does not meet the criteria for nature under the provided definition. Not applicable since the entity is not classified as nature.",False
/home/pmonserrat/datasets/places/val_formatted/352/Places365_val_00001194.jpg,waiting room,False,,,no,none,none,"The target entity is a waiting room. The visual evidence shows a furnished room with a couch, pillows, bookshelves, and a window. The room is a human-made environment designed for human use and does not contain any more-than-human living entities, ecosystems, or natural elements as defined in the taxonomy. It is a constructed space without direct reference to nature, flora, fauna, or natural processes. Not applicable since the entity is not classified as nature.",False
/home/pmonserrat/datasets/places/val_formatted/354/Places365_val_00000864.jpg,water tower,False,,,no,none,none,"The target entity is a water tower. The visual evidence shows a large industrial structure with a water tower, which is a manufactured object used for storing water. Since water towers are man-made structures and not natural elements, they do not fall under the inclusion criteria for nature. Not applicable since the entity is not classified as nature.",False
/home/pmonserrat/datasets/places/val_formatted/354/Places365_val_00000969.jpg,water tower,False,,,no,none,none,"The target entity is a water tower. The visual evidence shows a manufactured structural object made of metal and concrete. While it is a man-made structure, it is not classified as a homogenous artefact because it does not completely obscure the natural materials of origin. However, it does not fall under the category of Nature-Based Artefacts as defined, since it is primarily a functional object without a direct natural material representation. Not applicable since the entity is not classified as nature.",False
/home/pmonserrat/datasets/places/val_formatted/354/Places365_val_00001007.jpg,water tower,False,,,no,none,none,"The target entity is a water tower. The visual evidence shows a man-made structure designed to store and supply water. Water towers are constructed from materials like metal or concrete and are not classified as natural elements under the provided taxonomy. They are human-made structures and do not fall under the categories of flora, fauna, fungi, or natural environments. Not applicable since the entity is not classified as nature.",False
/home/pmonserrat/datasets/places/val_formatted/354/Places365_val_00001723.jpg,water tower,False,,,no,none,none,"The target entity is a water tower. The visual evidence shows a manufactured structural object made of metal and wood, designed to hold and distribute water. Since it is a manufactured object where the original natural texture is completely unidentifiable and altered, and it does not depict a natural entity, it falls strictly under the Homogenous Artefacts exclusion and fails the criteria for nature. Not applicable since the entity is not classified as nature.",False
/home/pmonserrat/datasets/places/val_formatted/355/Places365_val_00000198.jpg,waterfall,True,False,True,yes,abiotic,material,"The target entity is a waterfall. The visual evidence captures a real-world flowing body of water cascading over a cliff. Hydrological components (rivers, ponds, lakes, streams) are explicitly classified under Non-Living Natural Elements & Processes, fulfilling the inclusion criteria for nature. Since nature is 'yes', I evaluate the sub-axes. A waterfall is a fluid flow, placing it under Hydrological Components within the abiotic category. Because the image is an unfiltered documentary depiction capturing a real-world physical environment, it is classified as material under the Tangibility axis.",False
/home/pmonserrat/datasets/places/val_formatted/355/Places365_val_00000407.jpg,waterfall,True,False,True,yes,abiotic,material,"The target entity is a waterfall. The visual evidence shows a real-world flowing body of water cascading down a rocky cliff. Hydrological components (rivers, ponds, lakes, streams) are explicitly classified under Non-Living Natural Elements & Processes, fulfilling the inclusion criteria for nature. Since nature is 'yes', I evaluate the sub-axes. A waterfall is a fluid flow, placing it under Hydrological Components within the abiotic category. Because the image is an unfiltered documentary depiction capturing a real-world physical environment, it is classified as material under the Tangibility axis.",False
/home/pmonserrat/datasets/places/val_formatted/355/Places365_val_00000578.jpg,waterfall,True,False,True,yes,abiotic,material,"The target entity is a waterfall. The visual evidence shows a real-world flowing body of water cascading over a natural edge. Hydrological components (rivers, ponds, lakes, streams) are explicitly classified under Non-Living Natural Elements & Processes, fulfilling the inclusion criteria for nature. Since nature is 'yes', I evaluate the sub-axes. A waterfall is a fluid flow, placing it under Hydrological Components within the abiotic category. Because the image is an unfiltered documentary depiction capturing a real-world physical environment, it is classified as material under the Tangibility axis.",False
/home/pmonserrat/datasets/places/val_formatted/355/Places365_val_00000689.jpg,waterfall,True,False,True,yes,abiotic,material,"The target entity is a waterfall. The visual evidence captures a real-world flowing body of water cascading over a rocky surface. Hydrological components (rivers, ponds, lakes, streams) are explicitly classified under Non-Living Natural Elements & Processes, fulfilling the inclusion criteria for nature. Since nature is 'yes', I evaluate the sub-axes. A waterfall is a fluid flow, placing it under Hydrological Components within the abiotic category. Because the image is an unfiltered documentary depiction capturing a real-world physical environment, it is classified as material under the Tangibility axis.",False
/home/pmonserrat/datasets/places/val_formatted/356/Places365_val_00000585.jpg,watering hole,False,,,yes,abiotic,material,"The target entity is a watering hole. The visual evidence shows a natural body of water surrounded by grassy areas. Hydrological components (rivers, ponds, lakes, streams) are explicitly classified under Non-Living Natural Elements & Processes, fulfilling the inclusion criteria for nature. Since nature is 'yes', I evaluate the sub-axes. A watering hole is a fluid flow, placing it under Hydrological Components within the abiotic category. Because the image is an unfiltered documentary depiction capturing a real-world physical environment, it is classified as material under the Tangibility axis.",False
/home/pmonserrat/datasets/places/val_formatted/356/Places365_val_00001089.jpg,watering hole,False,,,yes,biotic,material,"The target entity is a heron standing in a body of water. The visual evidence shows a real-world organism (a bird) in its natural habitat. Fauna, including birds, are explicitly classified under More-Than-Human Living Entities within the inclusion scope of nature, fulfilling the criteria for nature. Since nature is 'yes', I evaluate the sub-axes. A heron is a non-human vertebrate (fauna), placing it under the biotic category. Because this is an unfiltered documentary photograph capturing a real-world physical organism, it is classified as material under the Tangibility axis.",False
/home/pmonserrat/datasets/places/val_formatted/356/Places365_val_00001532.jpg,watering hole,False,,,yes,biotic,material,"The target entity is a white egret standing in water. The visual evidence shows a real-world non-human living organism (a bird) interacting with a hydrological component (water). This fits under the inclusion criteria for more-than-human living entities and ecosystems. Since nature is 'yes', I evaluate the sub-axes. The egret is a non-human vertebrate (fauna), placing it under the biotic category. The image captures a real-world physical environment, making it classified as material under the Tangibility axis.",False
/home/pmonserrat/datasets/places/val_formatted/356/Places365_val_00001715.jpg,watering hole,False,,,yes,abiotic,material,"The target entity is a watering hole. The visual evidence shows a natural body of water where animals are gathered. Hydrological components (rivers, ponds, lakes, streams) are explicitly classified under Non-Living Natural Elements & Processes, fulfilling the inclusion criteria for nature. Since nature is 'yes', I evaluate the sub-axes. A watering hole is a fluid flow, placing it under Hydrological Components within the abiotic category. Because the image is an unfiltered documentary depiction capturing a real-world physical environment, it is classified as material under the Tangibility axis.",False
/home/pmonserrat/datasets/places/val_formatted/357/Places365_val_00000119.jpg,wave,False,,,yes,abiotic,material,"The target entity is a wave. The visual evidence shows a real-world flowing body of water, specifically ocean waves. Hydrological components (rivers, ponds, lakes, streams) are explicitly classified under Non-Living Natural Elements & Processes, fulfilling the inclusion criteria for nature. Since nature is 'yes', I evaluate the sub-axes. A wave is a fluid flow, placing it under Hydrological Components within the abiotic category. Because the image is an unfiltered documentary depiction capturing a real-world physical environment, it is classified as material under the Tangibility axis.",False
/home/pmonserrat/datasets/places/val_formatted/357/Places365_val_00000605.jpg,wave,False,,,yes,abiotic,material,"The target entity is a wave. The visual evidence shows a real-world flowing body of water. Hydrological components (rivers, ponds, lakes, streams) are explicitly classified under Non-Living Natural Elements & Processes, fulfilling the inclusion criteria for nature. Since nature is 'yes', I evaluate the sub-axes. A wave is a fluid flow, placing it under Hydrological Components within the abiotic category. Because the image is an unfiltered documentary depiction capturing a real-world physical environment, it is classified as material under the Tangibility axis.",False
/home/pmonserrat/datasets/places/val_formatted/357/Places365_val_00000900.jpg,wave,False,,,yes,abiotic,material,"The target entity is a wave. The visual evidence captures a real-world flowing body of water, specifically a wave crashing against a rocky shore. Hydrological components (rivers, ponds, lakes, streams) are explicitly classified under Non-Living Natural Elements & Processes, fulfilling the inclusion criteria for nature. Since nature is 'yes', I evaluate the sub-axes. A wave is a fluid flow, placing it under Hydrological Components within the abiotic category. Because the image is an unfiltered documentary depiction capturing a real-world physical environment, it is classified as material under the Tangibility axis.",False
/home/pmonserrat/datasets/places/val_formatted/357/Places365_val_00001279.jpg,wave,False,,,yes,abiotic,material,"The target entity is a wave. The visual evidence shows a real-world flowing body of water, specifically the ocean. Hydrological components (rivers, ponds, lakes, streams) are explicitly classified under Non-Living Natural Elements & Processes, fulfilling the inclusion criteria for nature. Since nature is 'yes', I evaluate the sub-axes. A wave is a fluid flow, placing it under Hydrological Components within the abiotic category. Because the image is an unfiltered documentary depiction capturing a real-world physical environment, it is classified as material under the Tangibility axis.",False
/home/pmonserrat/datasets/places/val_formatted/358/Places365_val_00000002.jpg,wet bar,False,,,no,none,none,"The target entity is a 'wet bar,' which is a kitchen area with a sink and countertop. The visual evidence shows wooden cabinets, a countertop, and various kitchen items. While the wooden cabinets and countertop are made from natural materials, the 'wet bar' as a functional space is a human-made structure and does not directly count as nature under the provided definition. It is a processed environment rather than a natural entity. Not applicable since the entity is not classified as nature.",False
/home/pmonserrat/datasets/places/val_formatted/358/Places365_val_00000240.jpg,wet bar,False,,,no,none,none,"The target entity is a 'wet bar'. The visual evidence shows a kitchen island with a countertop, bar stools, and various kitchen items. The primary function of a wet bar is to serve drinks and snacks, often in a home or restaurant setting. Since it is a manufactured structure and not a natural entity or environment, it does not fall under the inclusion criteria for nature. Not applicable since the entity is not classified as nature.",False
/home/pmonserrat/datasets/places/val_formatted/358/Places365_val_00001384.jpg,wet bar,False,,,no,none,none,"The target entity is a 'wet bar'. The visual evidence shows a room with furniture and decorative items, but there is no indication of a bar or any element that suggests the presence of liquid or a bar setting. The room appears to be a living space with chairs, a bookshelf, and decorative items, but it does not fulfill the criteria for being classified as nature under the provided definitions. Not applicable since the entity is not classified as nature.",False
/home/pmonserrat/datasets/places/val_formatted/358/Places365_val_00002863.jpg,wet bar,False,,,no,none,none,"The target entity is a 'wet bar'. The visual evidence shows a kitchen area with wooden cabinets, a countertop, and bar stools. The primary function of a wet bar is to serve drinks, often including alcoholic beverages, but it is a manufactured structure and does not inherently contain or represent any more-than-human living entities, ecosystems, or natural processes. It is a homogenous artefact where the natural material of origin (wood) is used but does not remain visually identifiable by its grain or texture in a way that counts as a Nature-Based Artefact. Additionally, it does not depict a natural entity. Not applicable since the entity is not classified as nature.",False
/home/pmonserrat/datasets/places/val_formatted/359/Places365_val_00001360.jpg,wheat field,True,True,True,yes,biotic,material,"The target entity is a wheat field. The visual evidence shows a real-world agricultural landscape with tall green plants. This falls under Flora & Plant Derivatives within the inclusion scope of More-Than-Human Living Entities, fulfilling the criteria for nature. Since nature is 'yes', I evaluate the sub-axes. A wheat field is a cultivated area of plants, placing it under Flora & Plant Derivatives within the biotic category. Because this is an unfiltered documentary photograph capturing a real-world physical environment, it is classified as material under the Tangibility axis.",False
/home/pmonserrat/datasets/places/val_formatted/359/Places365_val_00002999.jpg,wheat field,True,True,True,yes,biotic,material,"The target entity is a wheat field with red poppies. The visual evidence shows a real-world environment with wild or cultivated plants. Flora and plant derivatives are explicitly classified under the inclusion criteria for nature, fulfilling the criteria for nature. Since nature is 'yes', I evaluate the sub-axes. The wheat field and poppies are non-human plants, placing them under Flora & Plant Derivatives within the biotic category. Because this is an unfiltered documentary photograph capturing a real-world physical landscape, it is classified as material under the Tangibility axis.",False
/home/pmonserrat/datasets/places/val_formatted/359/Places365_val_00003059.jpg,wheat field,True,True,True,yes,biotic,material,"The target entity is a wheat field. The visual evidence shows a natural environment with tall, mature wheat plants. Wheat is a cultivated non-human organism, placing it under Flora & Plant Derivatives within the inclusion scope of More-Than-Human Living Entities. This fulfills the criteria for nature. Since nature is 'yes', I evaluate the sub-axes. A wheat field is a cultivated area of plants, placing it under Flora & Plant Derivatives within the biotic category. Because the image captures a real-world physical environment with tangible plants, it is classified as material under the Tangibility axis.",False
/home/pmonserrat/datasets/places/val_formatted/359/Places365_val_00003697.jpg,wheat field,True,True,True,yes,biotic,material,"The target entity is a wheat field. The visual evidence shows a real-world environment with tall, mature wheat plants. This falls under Flora & Plant Derivatives within the More-Than-Human Living Entities category, fulfilling the inclusion criteria for nature. Since nature is 'yes', I evaluate the sub-axes. A wheat field is a cultivated area with plants, placing it under Flora & Plant Derivatives within the biotic category. Because this is an unfiltered documentary photograph capturing a real-world physical environment, it is classified as material under the Tangibility axis.",False
/home/pmonserrat/datasets/places/val_formatted/360/Places365_val_00000038.jpg,wind farm,False,,,yes,abiotic,material,"The target entity is a wind farm. The visual evidence shows a series of wind turbines in a field under a blue sky with clouds. Wind turbines are human-made structures designed to harness wind energy, which is an atmospheric and meteorological process. Since wind is classified under Atmospheric & Meteorological components within the Non-Living Natural Elements & Processes, the wind farm as a whole is considered a human intervention in a natural process but still falls under the broader category of nature. Since nature is 'yes', I evaluate the sub-axes. Wind turbines are human-made structures, but they interact with and harness a natural process (wind), which is an Atmospheric & Meteorological component. This places the wind farm under the abiotic category. The image is an unfiltered documentary depiction capturing a real-world physical environment, so it is classified as material under the Tangibility axis.",False
/home/pmonserrat/datasets/places/val_formatted/360/Places365_val_00000874.jpg,wind farm,False,,,no,none,none,"The target entity is a wind farm. The visual evidence shows a series of wind turbines installed in a body of water. Wind turbines are manufactured structures designed to harness wind energy, which is an abiotic natural process. Since the turbines themselves are human-made and not part of the natural environment, they do not count as nature under the provided definition. Not applicable since the entity is not classified as nature.",False
/home/pmonserrat/datasets/places/val_formatted/360/Places365_val_00000927.jpg,wind farm,False,,,yes,abiotic,material,"The target entity is a wind farm. The visual evidence shows a series of wind turbines installed on a hillside. Wind turbines are human-made structures designed to harness wind energy, which is an abiotic component. Since wind farms are installations of non-living natural elements (wind) used for energy production, they fall under the Non-Living Natural Elements & Processes category, fulfilling the inclusion criteria for nature. Since nature is 'yes', I evaluate the sub-axes. A wind farm consists of wind turbines, which are technological installations interacting with the atmospheric component (wind). This places it under Atmospheric & Meteorological Components within the abiotic category. Because the image is an unfiltered documentary depiction capturing a real-world physical environment, it is classified as material under the Tangibility axis.",False
/home/pmonserrat/datasets/places/val_formatted/360/Places365_val_00001035.jpg,wind farm,False,,,yes,abiotic,material,"The target entity is a wind farm. The visual evidence shows a series of wind turbines installed in a natural landscape. Wind turbines are human-made structures designed to harness wind energy, which is an abiotic natural process. Since the turbines are part of an ecosystem where non-human entities (wind) exist and interact, they fall under the Non-Living Natural Elements & Processes, fulfilling the inclusion criteria for nature. Since nature is 'yes', I evaluate the sub-axes. Wind turbines are part of a technological installation that interacts with the abiotic natural process of wind, placing it under Atmospheric & Meteorological Components within the abiotic category. Because the image is an unfiltered documentary depiction capturing a real-world physical environment, it is classified as material under the Tangibility axis.",False
/home/pmonserrat/datasets/places/val_formatted/361/Places365_val_00000160.jpg,windmill,False,,,no,none,none,"The target entity is a windmill. The visual evidence shows a manufactured structure with blades and a sign. While windmills are often associated with natural elements like wind, they are human-made objects. They do not fall under the categories of flora, fauna, fungi, or natural processes but are considered nature-based artefacts if they retain identifiable natural material textures. However, since the windmill is primarily a manufactured object without visible natural material textures, it does not count as nature under this taxonomy. Not applicable since the entity is not classified as nature.",False
/home/pmonserrat/datasets/places/val_formatted/361/Places365_val_00000650.jpg,windmill,False,,,no,none,none,"The target entity is a windmill. The visual evidence shows a physical structure made of materials like wood and metal, which are human-made. While windmills are often associated with natural elements like wind, they are manufactured objects and do not fall under the categories of flora, fauna, fungi, or natural processes. They are considered homogenous artefacts because the original natural texture of the materials is unidentifiable and altered, and the object does not depict a natural entity. Not applicable since the entity is not classified as nature.",False
/home/pmonserrat/datasets/places/val_formatted/361/Places365_val_00002687.jpg,windmill,False,,,no,none,none,"The target entity is a windmill. The visual evidence shows a manufactured structure made of metal and other materials. While windmills are often associated with natural elements like wind, they are human-made objects and do not fall under the categories of flora, fauna, fungi, or natural processes. They are considered homogenous artefacts because they do not depict a natural entity and the original natural texture of the materials is unidentifiable. Not applicable since the entity is not classified as nature.",False
/home/pmonserrat/datasets/places/val_formatted/361/Places365_val_00002966.jpg,windmill,False,,,no,none,none,"The target entity is a windmill. The visual evidence shows a man-made structure with blades and a body, typically used for harnessing wind energy. While windmills are often found in natural settings, they are manufactured objects and not classified as nature under the provided definition. They do not fall under the categories of flora, fauna, fungi, or natural processes. Not applicable since the entity is not classified as nature.",False
/home/pmonserrat/datasets/places/val_formatted/363/Places365_val_00000071.jpg,youth hostel,False,,,no,none,none,"The target entity is a youth hostel. The visual evidence shows a room with furniture and a window, but it does not depict any more-than-human living entities, ecosystems, or natural processes. It is a human-made structure and does not fall under the categories of flora, fauna, fungi, hydrological, atmospheric, geological, astrophysical, or biophysical components. Additionally, it is not a nature-based artifact or activity, nor does it represent nature in any form. Not applicable since the entity is not classified as nature.",False
/home/pmonserrat/datasets/places/val_formatted/363/Places365_val_00000178.jpg,youth hostel,False,,,no,none,none,"The target entity is a youth hostel room. The visual evidence shows a furnished room with a bed, pillows, a small table with a plant, and a window with a view of greenery outside. The room itself is a human-made structure and does not fall under the categories of flora, fauna, fungi, or natural environments. It is a constructed space designed for human habitation and does not meet the criteria for nature under the provided taxonomy. Not applicable since the entity is not classified as nature.",False
/home/pmonserrat/datasets/places/val_formatted/363/Places365_val_00000212.jpg,youth hostel,False,,,no,none,none,"The target entity is a youth hostel. The visual evidence shows a room with bunk beds and wooden furniture. While the room contains elements made of wood, which is a natural material, the overall setting is a constructed human-made environment designed for human habitation and not classified as nature under the provided definition. The primary purpose of the space is for human use, and it does not fall under any of the more-than-human living entities, ecosystems, or natural processes. Not applicable since the entity is not classified as nature.",False
/home/pmonserrat/datasets/places/val_formatted/363/Places365_val_00000421.jpg,youth hostel,False,,,no,none,none,"The target entity is a youth hostel room. The visual evidence shows a furnished room with a bed, chair, table, and lamp. This is a manufactured structural object designed for human habitation and does not possess any natural material or element that remains visually identifiable by its structure, grain, or texture. It falls under the Homogenous Artefacts exclusion and does not count as nature. Not applicable since the entity is not classified as nature.",False
/home/pmonserrat/datasets/places/val_formatted/37/Places365_val_00000831.jpg,bank vault,False,,,no,none,none,"The target entity is a bank vault. The visual evidence shows a manufactured structural object made of metal, with no visible natural material or texture. It does not depict a natural entity and falls under the Homogenous Artefacts exclusion, failing the criteria for nature. Not applicable since the entity is not classified as nature.",False
/home/pmonserrat/datasets/places/val_formatted/37/Places365_val_00000958.jpg,bank vault,False,,,no,none,none,"The target entity is a bank vault. The visual evidence shows a manufactured structural object made of metal, with no visible natural material or texture. It is a homogenous artefact where the original natural texture is unidentifiable and altered, and it does not depict a natural entity. Therefore, it falls strictly under the Homogenous Artefacts exclusion and fails the criteria for nature. Not applicable since the entity is not classified as nature.",False
/home/pmonserrat/datasets/places/val_formatted/37/Places365_val_00002309.jpg,bank vault,False,,,no,none,none,"The target entity is a bank vault ventilator. The visual evidence shows a mechanical device made of metal, with no natural material or living organism involved. It is a manufactured functional object designed for a specific purpose, and the original natural texture of the materials is completely unidentifiable and altered. Since it does not depict a natural entity and falls under the Homogenous Artefacts exclusion, it fails the criteria for nature. Not applicable since the entity is not classified as nature.",False
/home/pmonserrat/datasets/places/val_formatted/37/Places365_val_00002576.jpg,bank vault,False,,,no,none,none,"The target entity is a bank vault. The visual evidence shows a manufactured structural object made of metal, with no visible natural material or texture. It does not depict a natural entity and falls under the Homogenous Artefacts exclusion, failing the criteria for nature. Not applicable since the entity is not classified as nature.",False
/home/pmonserrat/datasets/places/val_formatted/37/Places365_val_00003088.jpg,bank vault,False,,,no,none,none,"The target entity is a bank vault. The visual evidence shows a manufactured structural object made of metal and stone. Because the original natural texture of the materials is completely unidentifiable and altered, and the object does not depict a natural entity, it falls strictly under the Homogenous Artefacts exclusion and fails the criteria for nature. Not applicable since the entity is not classified as nature.",False
/home/pmonserrat/datasets/places/val_formatted/39/Places365_val_00000153.jpg,bar,False,,,no,none,none,"The target entity is a bar. The visual evidence shows a physical establishment where people are gathered, with elements like a counter, bar stools, and various items on the counter. However, the primary focus is on human activity and social interaction rather than natural elements or processes. The bar itself is a manufactured structure and does not fall under the categories of flora, fauna, fungi, or natural environments. It is a human-made setting and does not meet the criteria for nature under the provided taxonomy. Not applicable since the entity is not classified as nature.",False
/home/pmonserrat/datasets/places/val_formatted/39/Places365_val_00000462.jpg,bar,False,,,no,none,none,"The target entity is a bar. The visual evidence shows a setting where drinks are being served, likely in a social or public space. The term 'bar' can refer to a physical structure or establishment where beverages are sold, but it does not inherently refer to a natural entity or process. Since the focus is on a man-made establishment rather than a natural element or organism, it falls under the exclusion scope for nature. Not applicable since the entity is not classified as nature.",False
/home/pmonserrat/datasets/places/val_formatted/39/Places365_val_00000944.jpg,bar,False,,,no,none,none,"The target entity is a bar. The visual evidence shows a wooden shelf filled with various bottles of wine and spirits. The bottles themselves are manufactured objects, but the wooden shelf is a nature-based artefact as it is made from wood, a natural material. However, the primary focus is on the bottles, which are processed food and drink containers. Since the bottles are manufactured and do not depict a natural entity, they fall under the exclusion of homogenous artefacts and are not classified as nature. Not applicable since the entity is not classified as nature.",False
/home/pmonserrat/datasets/places/val_formatted/39/Places365_val_00001191.jpg,bar,False,,,yes,biotic,material,"The target entity is a glass of beer. The visual evidence shows a liquid substance in a glass, which is a processed food or drink. According to the taxonomy, processed food and drinks, regardless of their processing level, are classified under the Ingestion Criterion as nature because they are edible elements. Since nature is 'yes', I evaluate the sub-axes. Beer is a processed liquid derived from biological processes involving grains and other natural ingredients, placing it under the category of Processed Food & Drinks within the biotic category. Because the image captures a real-world physical object with mass that occupies space, it is classified as material under the Tangibility axis.",False
/home/pmonserrat/datasets/places/val_formatted/39/Places365_val_00001426.jpg,bar,False,,,no,none,none,"The target entity is a bar. The visual evidence shows a setting where a person is seated at a table with a glass of beverage. The bar itself is a manufactured structural object, typically made of materials like wood or metal. Since the bar is a homogenous artefact where the original natural texture is unidentifiable and the object does not depict a natural entity, it falls strictly under the Homogenous Artefacts exclusion and fails the criteria for nature. Not applicable since the entity is not classified as nature.",False
/home/pmonserrat/datasets/places/val_formatted/4/Places365_val_00000047.jpg,alley,False,,,no,none,none,"The target entity is an alley. The visual evidence shows a man walking between two brick walls. The alley itself is a human-made structure, not a natural entity or environment. It does not fall under the categories of flora, fauna, fungi, hydrological, atmospheric, geological, astrophysical, or biophysical processes. It is also not a nature-based artifact or activity, nor a representation of nature. Not applicable since the entity is not classified as nature.",False
/home/pmonserrat/datasets/places/val_formatted/4/Places365_val_00000246.jpg,alley,False,,,no,none,none,"The target entity is an alley. The visual evidence shows a narrow passage between buildings, with some natural elements like climbing plants. However, the primary structure and context of the alley are man-made, and it does not fit into the categories of flora, fauna, fungi, or natural environments as defined under 'nature'. It is a human-made space, thus not classified as nature. Not applicable since the entity is not classified as nature.",False
/home/pmonserrat/datasets/places/val_formatted/4/Places365_val_00001226.jpg,alley,False,,,no,none,none,"The target entity is an alley. The visual evidence shows a man-made urban space between buildings. Since human beings and human-made structures are explicitly excluded from the nature taxonomy, this alley does not count as nature under the provided definition. Not applicable since the entity is not classified as nature.",False
/home/pmonserrat/datasets/places/val_formatted/4/Places365_val_00001317.jpg,alley,False,,,no,none,none,"The target entity is an alley. The visual evidence shows a man-made urban passage between buildings. This is a constructed environment and does not fall under the categories of flora, fauna, fungi, or natural processes. It is a human-made structure and does not meet the criteria for nature under the provided definition. Not applicable since the entity is not classified as nature.",False
/home/pmonserrat/datasets/places/val_formatted/4/Places365_val_00002467.jpg,alley,False,,,no,none,none,"The target entity is an alley. The visual evidence shows a paved pathway between buildings, which is a human-made structure. Since human-made structures that do not depict natural entities or processes are classified under Homogenous Artefacts and are excluded from the nature taxonomy, this alley does not count as nature. Not applicable since the entity is not classified as nature.",False
/home/pmonserrat/datasets/places/val_formatted/40/Places365_val_00000187.jpg,barn,False,,,yes,biotic,material,"The target entity is a barn. The visual evidence shows a constructed building made primarily of wood and metal. While the materials used (wood, metal) are derived from natural sources, the barn itself is a manufactured structural object. Homogenous artefacts, where the original natural texture is unidentifiable and the object does not depict a natural entity, are excluded from nature. However, since the barn is a physical structure present in the real world and occupies space, it can be considered a nature-based artefact if the natural material of origin remains visually identifiable. Since nature is 'yes', I evaluate the sub-axes. The barn is a physical structure made of wood and metal, which are processed materials derived from natural sources (Flora & Plant Derivatives for wood). Because it is a real-world physical object with mass that occupies space, it is classified as material under the Tangibility axis.",False
/home/pmonserrat/datasets/places/val_formatted/40/Places365_val_00000301.jpg,barn,False,,,yes,biotic,material,"The target entity is a barn. The visual evidence shows a manufactured structural object made primarily of wood with a metal roof. While homogenous artefacts are excluded, manufactured objects where the natural material of origin remains visually identifiable by its grain or texture explicitly count as Nature-Based Artefacts, fulfilling the inclusion criteria. Since nature is 'yes', I evaluate the sub-axes. The barn is a physical structure made from wood, which is a processed material derived from trees, placing it under Flora & Plant Derivatives within the biotic category. Because it is a real-world physical object with mass that occupies space, it is classified as material under the Tangibility axis.",False
/home/pmonserrat/datasets/places/val_formatted/40/Places365_val_00000468.jpg,barn,False,,,no,none,none,"The target entity is a barn. The visual evidence shows a man-made structure with a metal roof and brick walls. Since barns are human-made constructions and not part of the natural environment, they fall under the Homogenous Artefacts exclusion and fail the criteria for nature. Not applicable since the entity is not classified as nature.",False
/home/pmonserrat/datasets/places/val_formatted/40/Places365_val_00001156.jpg,barn,False,,,yes,biotic,immaterial,"The target entity is a barn. The visual evidence shows a painted structure in a landscape painting. While barns are man-made structures, they are often associated with agricultural environments and can be considered part of the natural landscape in a rural setting. However, since it is a painted depiction rather than a real-world physical object, it falls under the category of Representations of Nature. Since nature is 'yes', I evaluate the sub-axes. The barn is a man-made structure, but it is depicted in a natural setting, which can be considered part of the biotic category due to its association with agricultural and rural environments. Because this specific instance is a painted artistic representation rather than a physical real-world object, it is classified as immaterial under the Tangibility axis.",False
/home/pmonserrat/datasets/places/val_formatted/40/Places365_val_00001261.jpg,barn,False,,,no,none,none,"The target entity is a barn. The visual evidence shows a man-made structure with a red roof, partially obscured by dense green foliage. While barns are human-made, they are often situated within natural environments and can be considered part of the ecosystem. However, under the provided taxonomy, human-made structures that do not depict natural entities or processes are classified as homogenous artefacts and are excluded from nature. Not applicable since the entity is not classified as nature.",False
/home/pmonserrat/datasets/places/val_formatted/41/Places365_val_00000375.jpg,barndoor,False,,,yes,biotic,material,"The target entity is a barndoor. The visual evidence shows a wooden structure with a window, where the wood has a natural grain and texture. Since the natural material of origin remains visually identifiable by its grain or texture, it counts as a Nature-Based Artefact, fulfilling the inclusion criteria. Since nature is 'yes', I evaluate the sub-axes. The wood is a processed material derived from trees, placing it under Flora & Plant Derivatives within the biotic category. Because it is a real-world physical object with mass that occupies space, it is classified as material under the Tangibility axis.",False
/home/pmonserrat/datasets/places/val_formatted/41/Places365_val_00000735.jpg,barndoor,False,,,no,none,none,"The target entity is a 'barndoor'. The visual evidence shows a large, arched door made of metal, set within a stone wall. The door itself is a manufactured structural object, but it is part of a building and does not depict a natural entity or process. Since it is a homogenous artefact without any natural material texture remaining visually identifiable, it falls strictly under the Homogenous Artefacts exclusion and fails the criteria for nature. Not applicable since the entity is not classified as nature.",False
/home/pmonserrat/datasets/places/val_formatted/41/Places365_val_00001020.jpg,barndoor,False,,,no,none,none,"The target entity is a barndoor. The visual evidence shows a door on a wooden barn structure. The barn itself is a man-made structure, but the door is part of a building that is typically associated with agricultural or rural settings. Since the barn is a man-made structure and not a natural entity, it does not count as nature under the provided definition. Not applicable since the entity is not classified as nature.",False
/home/pmonserrat/datasets/places/val_formatted/41/Places365_val_00001854.jpg,barndoor,False,,,yes,biotic,material,"The target entity is a barndoor. The visual evidence shows a manufactured structural object made of wood with clearly visible natural grain. While homogenous artefacts are excluded, manufactured objects where the natural material of origin remains visually identifiable by its grain or texture explicitly count as Nature-Based Artefacts, fulfilling the inclusion criteria. Since nature is 'yes', I evaluate the sub-axes. Wood is a processed material derived from trees, placing it under Flora & Plant Derivatives within the biotic category. Because it is a real-world physical object with mass that occupies space, it is classified as material under the Tangibility axis.",False
/home/pmonserrat/datasets/places/val_formatted/41/Places365_val_00001864.jpg,barndoor,False,,,no,none,none,"The target entity is a barndoor. The visual evidence shows a wooden structure with a door, which is a manufactured object made of wood. While the natural material of origin (wood) is visually identifiable, the barndoor is a homogenous artefact as it is a structural object where the original natural texture is unidentifiable and altered. It does not depict a natural entity but is a functional object. Not applicable since the entity is not classified as nature.",False
/home/pmonserrat/datasets/places/val_formatted/42/Places365_val_00000011.jpg,baseball field,False,,,no,none,none,"The target entity is a baseball field. The visual evidence shows a real-world sports field with grass and dirt areas, which are part of a managed natural environment. However, the baseball field itself is a human-made structure designed for sports activities, and it does not fall under the categories of more-than-human living entities, ecosystems, or non-living natural elements as defined in the taxonomy. It is primarily a human-created space. Not applicable since the entity is not classified as nature.",False
/home/pmonserrat/datasets/places/val_formatted/42/Places365_val_00000103.jpg,baseball field,False,,,no,none,none,"The target entity is a baseball field. The visual evidence shows a constructed area with grass and dirt, designed for playing baseball. While the field includes natural elements like grass, it is primarily a human-made environment with specific features such as bases, fences, and spectator seating. Since the primary purpose is recreational and the structure is largely artificial, it does not count as nature under the provided definition. Not applicable since the entity is not classified as nature.",False
/home/pmonserrat/datasets/places/val_formatted/42/Places365_val_00000130.jpg,baseball field,False,,,no,none,none,"The target entity is a baseball field. The visual evidence shows a constructed sports area with artificial turf and seating. While the field includes elements like grass, which is a natural material, the overall structure is a human-made environment designed for sports activities. It does not fit into the categories of more-than-human living entities, ecosystems, or non-living natural elements and processes as defined by the taxonomy. The primary purpose is recreational and not a natural environment. Not applicable since the entity is not classified as nature.",False
/home/pmonserrat/datasets/places/val_formatted/42/Places365_val_00000825.jpg,baseball field,False,,,no,none,none,"The target entity is a baseball field. The visual evidence shows a constructed environment designed for sports, featuring artificial turf, seating areas, and various equipment. While the field includes natural elements like grass, it is primarily a human-made structure intended for recreational activities. Since the primary purpose is not to represent or depict a natural entity but rather a human-designed space, it falls under the exclusion scope for homogenous artefacts. Not applicable since the entity is not classified as nature.",False
/home/pmonserrat/datasets/places/val_formatted/42/Places365_val_00000860.jpg,baseball field,False,,,no,none,none,"The target entity is a baseball field. The visual evidence shows a constructed area with artificial turf and a dirt infield, designed for playing baseball. While the field includes elements like grass and dirt, which are natural, the primary structure and design are human-made and maintained. The field is a managed environment rather than a natural ecosystem, and it does not fit the criteria for nature under the provided definition. Not applicable since the entity is not classified as nature.",False
/home/pmonserrat/datasets/places/val_formatted/43/Places365_val_00000093.jpg,basement,False,,,no,none,none,"The target entity is a basement. The visual evidence shows an indoor space with construction materials and tools, indicating a human-made environment. Since human-made structures and environments are not classified as nature under the provided definition, this instance does not count as nature. Not applicable since the entity is not classified as nature.",False
/home/pmonserrat/datasets/places/val_formatted/43/Places365_val_00000138.jpg,basement,False,,,no,none,none,"The target entity is a basement. The visual evidence shows an indoor space with artificial lighting, walls, and a staircase. This is a constructed environment, not a natural setting. Since human-made structures and environments are excluded from the nature definition, this does not count as nature. Not applicable since the entity is not classified as nature.",False
/home/pmonserrat/datasets/places/val_formatted/43/Places365_val_00000283.jpg,basement,False,,,no,none,none,"The target entity is a basement. The visual evidence shows a constructed space with wooden walls, a washing machine, a dryer, and various household items. This is a human-made environment and does not fall under the categories of flora, fauna, fungi, or natural processes. It is a homogenous artefact and does not count as nature under the provided definition. Not applicable since the entity is not classified as nature.",False
/home/pmonserrat/datasets/places/val_formatted/43/Places365_val_00000288.jpg,basement,False,,,no,none,none,"The target entity is a basement. The visual evidence shows an indoor space constructed with stone walls and wooden beams, illuminated by candlelight. This space is a human-made environment, not a natural one. Since human-made structures and environments do not fall under the inclusion criteria for nature, it is excluded. Not applicable since the entity is not classified as nature.",False
/home/pmonserrat/datasets/places/val_formatted/43/Places365_val_00000415.jpg,basement,False,,,no,none,none,"The target entity is a basement. The visual evidence shows a constructed underground space with concrete walls, floors, and ceilings, illuminated by artificial lighting. This is a human-made environment and does not fall under the inclusion criteria for nature, as it lacks any of the more-than-human living entities, ecosystems, or natural processes defined in the taxonomy. Not applicable since the entity is not classified as nature.",False
/home/pmonserrat/datasets/places/val_formatted/45/Places365_val_00000172.jpg,bathroom,False,,,no,none,none,"The target entity is a bathroom. The visual evidence shows a constructed space with walls, a bathtub, and fixtures. Bathrooms are human-made environments and do not fall under the categories of flora, fauna, fungi, or natural processes. They are not classified as nature-based artefacts or representations of nature because they are primarily functional spaces designed by humans, lacking any direct reference to more-than-human living entities or natural processes. Not applicable since the entity is not classified as nature.",False
/home/pmonserrat/datasets/places/val_formatted/45/Places365_val_00000463.jpg,bathroom,False,,,no,none,none,"The target entity is a bathroom. The visual evidence shows a constructed space with fixtures such as a bathtub, toilet, and sink. Bathrooms are human-made environments and do not fall under the categories of more-than-human living entities, ecosystems, or natural processes. They are designed for human use and do not meet the inclusion criteria for nature. Not applicable since the entity is not classified as nature.",False
/home/pmonserrat/datasets/places/val_formatted/45/Places365_val_00000885.jpg,bathroom,False,,,no,none,none,"The target entity is a bathroom. The visual evidence shows a manufactured functional space designed for personal hygiene. Bathrooms are human-made environments and do not fall under the categories of more-than-human living entities, ecosystems, or natural processes. They are constructed and maintained by humans, and their primary purpose is utilitarian rather than natural. Not applicable since the entity is not classified as nature.",False
/home/pmonserrat/datasets/places/val_formatted/45/Places365_val_00001356.jpg,bathroom,False,,,no,none,none,"The target entity is a bathroom. The visual evidence shows a constructed space with fixtures such as a toilet, sink, and storage cabinet. Bathrooms are human-made environments and do not fall under the categories of flora, fauna, fungi, hydrological, atmospheric, geological, or astrophysical elements. They are not natural environments or processes but rather engineered spaces designed for human use. Not applicable since the entity is not classified as nature.",False
/home/pmonserrat/datasets/places/val_formatted/45/Places365_val_00001738.jpg,bathroom,False,,,no,none,none,"The target entity is a bathroom. The visual evidence shows a constructed space with fixtures such as a sink, cabinets, and a mirror. Bathrooms are human-made environments and do not fall under the categories of flora, fauna, fungi, or natural processes. They are designed for human use and do not meet the criteria for nature under the provided taxonomy. Not applicable since the entity is not classified as nature.",False
/home/pmonserrat/datasets/places/val_formatted/48/Places365_val_00000040.jpg,beach,True,False,True,yes,abiotic,material,"The target entity is a beach. The visual evidence shows a natural coastal environment with sand and water. Beaches are classified under Ecosystems & Environments, specifically as natural or semi-natural environments where non-human entities exist and interact, fulfilling the inclusion criteria for nature. Since nature is 'yes', I evaluate the sub-axes. A beach is a coastal ecosystem, placing it under Ecosystems & Environments within the abiotic category. Because the image is an unfiltered documentary depiction capturing a real-world physical landscape, it is classified as material under the Tangibility axis.",False
/home/pmonserrat/datasets/places/val_formatted/48/Places365_val_00000284.jpg,beach,True,False,True,yes,abiotic,material,"The target entity is a beach. The visual evidence shows a natural landscape with a body of water adjacent to a sandy shore. Beaches are classified under Ecosystems & Environments, specifically as natural or semi-natural environments where non-human entities exist and interact, fulfilling the inclusion criteria for nature. Since nature is 'yes', I evaluate the sub-axes. A beach is a natural environment characterized by its geological and hydrological components, placing it under the abiotic category. Because the image is an unfiltered documentary depiction capturing a real-world physical landscape, it is classified as material under the Tangibility axis.",False
/home/pmonserrat/datasets/places/val_formatted/48/Places365_val_00000331.jpg,beach,True,False,True,yes,abiotic,material,"The target entity is a beach. The visual evidence shows a natural coastal environment with sand, water, and rock formations. Beaches are classified under Ecosystems & Environments, specifically coastal or marine environments, fulfilling the inclusion criteria for nature. Since nature is 'yes', I evaluate the sub-axes. A beach is a natural environment characterized by its geological and hydrological components, placing it under the abiotic category. Because this is an unfiltered documentary photograph capturing a real-world physical landscape, it is classified as material under the Tangibility axis.",False
/home/pmonserrat/datasets/places/val_formatted/48/Places365_val_00000508.jpg,beach,True,False,True,yes,abiotic,material,"The target entity is a beach. The visual evidence shows a natural shoreline with sand, water, and distant mountains. Beaches are classified under Ecosystems & Environments, specifically as natural or semi-natural environments where non-human entities exist and interact, fulfilling the inclusion criteria for nature. Since nature is 'yes', I evaluate the sub-axes. A beach is a geological and hydrological feature, placing it under Geological & Topographical Components and Hydrological Components within the abiotic category. Because this is an unfiltered documentary photograph capturing a real-world physical landscape, it is classified as material under the Tangibility axis.",False
/home/pmonserrat/datasets/places/val_formatted/48/Places365_val_00001052.jpg,beach,True,False,True,yes,abiotic,material,"The target entity is a beach. The visual evidence shows a natural coastal environment with sand, water, rocks, and vegetation. Beaches are classified under Ecosystems & Environments, specifically coastal or marine environments, fulfilling the inclusion criteria for nature. Since nature is 'yes', I evaluate the sub-axes. A beach is a natural environment characterized by its geological and hydrological components, placing it under the abiotic category. Because this is an unfiltered documentary photograph capturing a real-world physical landscape, it is classified as material under the Tangibility axis.",False
/home/pmonserrat/datasets/places/val_formatted/49/Places365_val_00000013.jpg,beach house,False,,,no,none,none,"The target entity is a beach house. The visual evidence shows a coastal urban landscape with buildings along the shore. Beach houses are human-made structures, and while they are located in a natural setting, they are not classified as nature under the provided definition. They fall under the category of homogenous artefacts, which are excluded from the nature taxonomy. Not applicable since the entity is not classified as nature.",False
/home/pmonserrat/datasets/places/val_formatted/49/Places365_val_00000273.jpg,beach house,False,,,no,none,none,"The target entity is a beach house. The visual evidence shows a constructed building made of materials such as wood and concrete. While the house is situated in a natural environment (beach), it is a manufactured structural object. Homogenous artefacts are excluded if the natural texture is unidentifiable and the object does not depict a natural entity. Since the house is primarily a man-made structure without visible natural material grain or texture, it falls under the Homogenous Artefacts exclusion and does not count as nature. Not applicable since the entity is not classified as nature.",False
/home/pmonserrat/datasets/places/val_formatted/49/Places365_val_00000777.jpg,beach house,False,,,no,none,none,"The target entity is a beach house. The visual evidence shows a man-made structure built on a beach, which is a human-made environment. Since human beings and their constructed environments are explicitly excluded from the nature taxonomy, this entity does not count as nature. Not applicable since the entity is not classified as nature.",False
/home/pmonserrat/datasets/places/val_formatted/49/Places365_val_00001475.jpg,beach house,False,,,no,none,none,"The target entity is a beach house. The visual evidence shows a constructed building made of materials such as wood and possibly other synthetic materials. Since homogenous artefacts are excluded unless they depict a natural entity, and this structure does not fulfill the criteria for Nature-Based Artefacts, it is not classified as nature. Not applicable since the entity is not classified as nature.",False
/home/pmonserrat/datasets/places/val_formatted/49/Places365_val_00002246.jpg,beach house,False,,,no,none,none,"The target entity is a beach house. The visual evidence shows a constructed building made of materials such as plaster and stone, which are human-made and not directly classified as nature. However, the beach house is situated in a natural environment, near the sea and surrounded by natural landscapes. Since the focus is on the house itself, which is a human-made structure, it does not count as nature under the provided definition. Not applicable since the entity is not classified as nature.",False
/home/pmonserrat/datasets/places/val_formatted/5/Places365_val_00000723.jpg,amphitheater,False,,,yes,none,material,"The target entity is an amphitheater. The visual evidence shows a constructed stage and seating area in a natural environment surrounded by trees. While the amphitheater itself is a man-made structure, it is situated within a natural setting and serves as a venue for nature-based activities such as performances or gatherings in a park. Since it is explicitly designed for engaging with the natural environment, it counts as Nature-Based Artefacts under the inclusion criteria. Since nature is 'yes', I evaluate the sub-axes. The amphitheater is a constructed venue, placing it under Nature-Based Artefacts. Because it is a physical structure with mass and occupies space, it is classified as material under the Tangibility axis.",False
/home/pmonserrat/datasets/places/val_formatted/5/Places365_val_00001596.jpg,amphitheater,False,,,no,none,none,"The target entity is an amphitheater. The visual evidence shows a constructed seating area made of stone and concrete, designed for performances or gatherings. Since amphitheaters are human-made structures and do not fall under the categories of flora, fauna, fungi, or natural processes, they are excluded from the nature definition under this taxonomy. Not applicable since the entity is not classified as nature.",False
/home/pmonserrat/datasets/places/val_formatted/5/Places365_val_00001975.jpg,amphitheater,False,,,no,none,none,"The target entity is an amphitheater. The visual evidence shows a large, constructed seating area made of stone or concrete. This is a human-made structure designed for performances or gatherings. Since amphitheaters are manufactured structural objects and do not depict a natural entity, they fall under the Homogenous Artefacts exclusion and fail the criteria for nature. Not applicable since the entity is not classified as nature.",False
/home/pmonserrat/datasets/places/val_formatted/5/Places365_val_00002304.jpg,amphitheater,False,,,no,none,none,"The target entity is an amphitheater. The visual evidence shows a constructed seating area with concrete steps and a stage area, surrounded by buildings. This is a human-made structure designed for performances or gatherings, and it does not fit into the categories of more-than-human living entities, ecosystems, or natural processes. It is a manufactured homogenous artefact where the original natural texture is unidentifiable and the object does not depict a natural entity. Not applicable since the entity is not classified as nature.",False
/home/pmonserrat/datasets/places/val_formatted/5/Places365_val_00003297.jpg,amphitheater,False,,,no,none,none,"The target entity is an amphitheater. The visual evidence shows a structure designed for performances, typically made of concrete or stone, and surrounded by a natural environment. Amphitheaters are human-made structures and do not fall under the categories of flora, fauna, fungi, or natural processes. They are constructed environments and do not meet the criteria for nature under the provided taxonomy. Not applicable since the entity is not classified as nature.",False
/home/pmonserrat/datasets/places/val_formatted/50/Places365_val_00000133.jpg,beauty salon,False,,,no,none,none,"The target entity is a beauty salon. The visual evidence shows a manufactured indoor environment with artificial furniture, lighting, and decor. Since beauty salons are human-made structures and do not fall under the categories of flora, fauna, fungi, or natural environments, they are excluded from the nature taxonomy. Not applicable since the entity is not classified as nature.",False
/home/pmonserrat/datasets/places/val_formatted/50/Places365_val_00002100.jpg,beauty salon,False,,,no,none,none,"The target entity is a beauty salon. The visual evidence shows a human setting where hair styling is taking place. Human beings and their activities are explicitly excluded from the nature taxonomy under the 'Exclusion Scope'. Since the primary focus is on human interaction and services rather than any more-than-human living entities, ecosystems, or natural processes, it does not count as nature. Not applicable since the entity is not classified as nature.",False
/home/pmonserrat/datasets/places/val_formatted/50/Places365_val_00002775.jpg,beauty salon,False,,,no,none,none,"The target entity is a beauty salon. The visual evidence shows a modern interior space with furniture and decor. This is a manufactured structural object and environment, not involving any more-than-human living entities, ecosystems, or natural processes. It falls under the Homogenous Artefacts exclusion and does not depict a natural entity. Not applicable since the entity is not classified as nature.",False
/home/pmonserrat/datasets/places/val_formatted/50/Places365_val_00002786.jpg,beauty salon,False,,,no,none,none,"The target entity is a beauty salon. The visual evidence shows a commercial space with mirrors, chairs, and artwork. The salon itself is a human-made structure and does not fall under the categories of flora, fauna, fungi, or natural environments. It is a constructed space designed for human activities and does not meet the criteria for nature under the provided taxonomy. Not applicable since the entity is not classified as nature.",False
/home/pmonserrat/datasets/places/val_formatted/50/Places365_val_00002808.jpg,beauty salon,False,,,no,none,none,"The target entity is a beauty salon. The visual evidence shows a setting with various beauty products and tools, but it does not depict any more-than-human living entities, ecosystems, or natural processes. The salon is a human-made environment focused on personal grooming and does not fall under the categories of flora, fauna, fungi, hydrological, atmospheric, geological, astrophysical, or biophysical elements. It is also not a nature-based artifact or activity, nor does it represent nature in any form. Not applicable since the entity is not classified as nature.",False
/home/pmonserrat/datasets/places/val_formatted/53/Places365_val_00000802.jpg,beer garden,False,,,no,none,none,"The target entity is a 'beer garden'. The visual evidence shows an outdoor setting with people gathered around tables under umbrellas, with a backdrop of trees and a sunset. While the setting includes natural elements like trees and the sunset, the primary focus is on the social and man-made arrangement of the space. The term 'beer garden' typically refers to a place designed for social gatherings, often featuring seating areas and sometimes natural elements, but it is primarily a human-created environment. Since the primary purpose is a social space rather than a natural environment, it does not count as nature under the provided definition. Not applicable since the entity is not classified as nature.",False
/home/pmonserrat/datasets/places/val_formatted/53/Places365_val_00001005.jpg,beer garden,False,,,no,none,none,"The target entity is a beer garden. The visual evidence shows an outdoor seating area with picnic tables and a building labeled 'Lounge Entrance'. While the seating area is set up for human use and interaction, it is not explicitly a natural environment or ecosystem. However, the presence of some greenery and the fact that it is an outdoor space could imply a connection to nature. But primarily, it is a human-made structure and space designed for social activities, which does not fit the strict definition of 'nature' under the provided taxonomy. Not applicable since the entity is not classified as nature.",False
/home/pmonserrat/datasets/places/val_formatted/53/Places365_val_00001713.jpg,beer garden,False,,,no,none,none,"The target entity is a beer garden. The visual evidence shows an outdoor setting with numerous people seated at tables under large umbrellas, surrounded by trees. While the primary focus is on human activity, the environment includes natural elements such as trees and foliage. However, the beer garden itself is a human-created space designed for social gatherings and consumption of beverages, primarily beer. Since the primary function is social and commercial rather than purely natural, it does not fit the criteria for nature under the provided definition. Not applicable since the entity is not classified as nature.",False
/home/pmonserrat/datasets/places/val_formatted/53/Places365_val_00001972.jpg,beer garden,False,,,no,none,none,"The target entity is a beer garden. The visual evidence shows an outdoor seating area where people are gathered, likely in a bar or restaurant setting. While the term 'garden' might suggest a natural environment, the context here is a social space designed for human activities, typically involving artificial structures and human-made elements. This setting does not fulfill the criteria for nature under the provided taxonomy, as it primarily involves human interaction and constructed environments. Not applicable since the entity is not classified as nature.",False
/home/pmonserrat/datasets/places/val_formatted/53/Places365_val_00002361.jpg,beer garden,False,,,no,none,none,"The target entity is a 'beer garden,' which typically refers to an outdoor area where beer is served, often associated with a pub or restaurant. The visual evidence shows two children in front of a building with large windows, but there is no direct indication of a natural environment or elements that fit the nature definition. The primary focus is on human activity and constructed settings rather than more-than-human living entities, ecosystems, or natural processes. Not applicable since the entity is not classified as nature.",False
/home/pmonserrat/datasets/places/val_formatted/54/Places365_val_00000294.jpg,beer hall,False,,,no,none,none,"The target entity is a beer hall. The visual evidence shows a social setting with people, furniture, and possibly food and drink items. However, the primary focus is on human beings and their activities, which are explicitly excluded from the nature taxonomy. The environment may include elements of nature, but the primary classification is based on the presence of human beings and their constructed space. Not applicable since the entity is not classified as nature.",False
/home/pmonserrat/datasets/places/val_formatted/54/Places365_val_00000567.jpg,beer hall,False,,,no,none,none,"The target entity is a beer hall. The visual evidence shows a social setting where people are dining and drinking, but the primary focus is on human activity rather than natural elements. The environment includes stone walls and wooden barrels, which are abiotic elements, but the main purpose of the space is for human interaction and consumption, not as a natural or nature-based setting. Since the primary function is human-centric and not explicitly engaging with more-than-human natural entities, it does not count as nature under the provided definition. Not applicable since the entity is not classified as nature.",False
/home/pmonserrat/datasets/places/val_formatted/54/Places365_val_00000930.jpg,beer hall,False,,,no,none,none,"The target entity is a beer hall. The visual evidence shows a social setting with people and various alcoholic beverages. However, a beer hall itself is a human-made structure and environment, not a more-than-human living entity, ecosystem, or natural process. It does not fall under the categories of flora, fauna, fungi, hydrological components, atmospheric phenomena, geological formations, or astrophysical events. Additionally, it is not a nature-based artifact or activity, nor a representation of nature. Not applicable since the entity is not classified as nature.",False
/home/pmonserrat/datasets/places/val_formatted/54/Places365_val_00001055.jpg,beer hall,False,,,no,none,none,"The target entity is a beer hall. The visual evidence shows an interior setting with a glass of beer on a wooden table. The beer itself is a processed food item, specifically a drink, which falls under the category of 'Processed Food & Drinks (The Ingestion Criterion)' in the Nature definition. However, the beer hall as a place is a constructed environment and does not directly count as nature. The primary focus is on the glass of beer, which is a processed liquid. Not applicable since the entity is not classified as nature.",False
/home/pmonserrat/datasets/places/val_formatted/54/Places365_val_00001079.jpg,beer hall,False,,,no,none,none,"The target entity is a beer hall. The visual evidence shows a social setting with people, but the beer hall itself is a constructed environment. Under the provided taxonomy, beer halls are not explicitly classified as nature. They are human-made structures and do not fall under the categories of flora, fauna, fungi, ecosystems, or non-living natural elements and processes. Not applicable since the entity is not classified as nature.",False
/home/pmonserrat/datasets/places/val_formatted/55/Places365_val_00000458.jpg,berth,False,,,no,none,none,"The target entity is a berth. The visual evidence shows a cushioned seating area made of fabric, likely used for sleeping or resting on a boat. Since it is a manufactured object and does not depict or represent any more-than-human living entities, ecosystems, or natural processes, it falls under the Homogenous Artefacts exclusion and does not count as nature. Not applicable since the entity is not classified as nature.",False
/home/pmonserrat/datasets/places/val_formatted/55/Places365_val_00000513.jpg,berth,False,,,yes,biotic,material,"The target entity is a 'berth'. The visual evidence shows a wooden structure, likely part of a ship or dock, with a polished surface and visible wood grain. Since the natural material of origin (wood) remains visually identifiable by its grain or texture, it counts as a Nature-Based Artefact, fulfilling the inclusion criteria for nature. Since nature is 'yes', I evaluate the sub-axes. The wooden structure is a processed material derived from trees, placing it under Flora & Plant Derivatives within the biotic category. Because it is a real-world physical object with mass that occupies space, it is classified as material under the Tangibility axis.",False
/home/pmonserrat/datasets/places/val_formatted/55/Places365_val_00000519.jpg,berth,False,,,no,none,none,"The target entity is a 'berth'. The visual evidence shows a bed with pillows and a headboard in a room. Beds are manufactured structural objects and do not fall under the categories of flora, fauna, fungi, or natural environments. They are considered homogenous artefacts where the original natural texture is unidentifiable and the object does not depict a natural entity. Not applicable since the entity is not classified as nature.",False
/home/pmonserrat/datasets/places/val_formatted/55/Places365_val_00001952.jpg,berth,False,,,yes,abiotic,material,"The target entity is a collection of pottery items, including vases and bowls. The visual evidence shows these items are crafted from clay, a natural material, and they are designed to represent functional objects. While the pottery itself is a manufactured item, it is made from a natural material and does not fall under the exclusion of homogenous artefacts because the natural texture of the clay is not completely unidentifiable. These items are considered nature-based artefacts because they are crafted from natural materials and retain a connection to the natural world. Since nature is 'yes', I evaluate the sub-axes. The pottery items are made from clay, which is derived from geological processes, placing them under Geological & Mineral within the abiotic category. Because these items are physical objects with mass that occupy space, they are classified as material under the Tangibility axis.",False
/home/pmonserrat/datasets/places/val_formatted/55/Places365_val_00002001.jpg,berth,False,,,no,none,none,"The target entity is a 'berth'. The visual evidence shows a bed with a headboard and a poster on the wall. A berth is a type of bed, typically found in ships or trains, but in this context, it appears to be a regular bed in a room. Beds are manufactured objects and do not fall under the categories of flora, fauna, fungi, or natural processes. They are homogenous artefacts where the original natural texture is unidentifiable and the object does not depict a natural entity. Not applicable since the entity is not classified as nature.",False
/home/pmonserrat/datasets/places/val_formatted/56/Places365_val_00000065.jpg,biology laboratory,False,,,no,none,none,"The target entity is a biology laboratory. The visual evidence shows a room equipped with scientific instruments and machinery designed for conducting biological research. This setting does not include any more-than-human living entities, ecosystems, or natural elements directly. Instead, it is a constructed environment for scientific work, which falls under the Homogenous Artefacts exclusion and does not depict a natural entity. Not applicable since the entity is not classified as nature.",False
/home/pmonserrat/datasets/places/val_formatted/56/Places365_val_00000125.jpg,biology laboratory,False,,,no,none,none,"The target entity is a biology laboratory. The visual evidence shows a room equipped with scientific instruments and personnel conducting research. A biology laboratory is a human-made environment designed for scientific study and experimentation, not a natural entity or process. It does not fall under the categories of flora, fauna, fungi, ecosystems, or any of the natural elements and processes defined in the taxonomy. Not applicable since the entity is not classified as nature.",False
/home/pmonserrat/datasets/places/val_formatted/56/Places365_val_00000687.jpg,biology laboratory,False,,,no,none,none,"The target entity is a biology laboratory. The visual evidence shows a manufactured functional space with equipment and materials used for scientific research. Since the laboratory is a constructed environment and does not directly involve more-than-human living entities, ecosystems, or natural processes, it falls under the Homogenous Artefacts exclusion and fails the criteria for nature. Not applicable since the entity is not classified as nature.",False
/home/pmonserrat/datasets/places/val_formatted/56/Places365_val_00001361.jpg,biology laboratory,False,,,no,none,none,"The target entity is a biology laboratory. The visual evidence shows a room filled with tables, various scientific equipment, and people engaged in activities. A biology laboratory is a human-made environment designed for scientific research and experimentation, primarily involving human activities and manufactured objects. It does not contain more-than-human living entities, ecosystems, or natural processes as its primary focus. Therefore, it does not meet the criteria for nature under the provided definition. Not applicable since the entity is not classified as nature.",False
/home/pmonserrat/datasets/places/val_formatted/56/Places365_val_00001418.jpg,biology laboratory,False,,,no,none,none,"The target entity is a biology laboratory. The visual evidence shows laboratory equipment, such as test tubes and a pipette, which are manufactured objects used for scientific research. These items do not depict or directly reference any more-than-human living entities, ecosystems, or natural processes. They are homogenous artefacts where the original natural texture is unidentifiable and the objects do not depict a natural entity. Not applicable since the entity is not classified as nature.",False
/home/pmonserrat/datasets/places/val_formatted/57/Places365_val_00000334.jpg,boardwalk,False,,,no,none,none,"The target entity is a boardwalk. The visual evidence shows a constructed pathway made of wooden planks, which is a human-made structure designed for walking. While the materials used (wood) are derived from Flora, the boardwalk itself is a processed material where the original natural texture is unidentifiable and altered. Since it is a manufactured structural object without visible natural grain or texture, it falls strictly under the Homogenous Artefacts exclusion and fails the criteria for nature. Not applicable since the entity is not classified as nature.",False
/home/pmonserrat/datasets/places/val_formatted/57/Places365_val_00000995.jpg,boardwalk,False,,,yes,biotic,material,"The target entity is a boardwalk. The visual evidence shows a constructed pathway made of wooden planks, integrated into a natural environment. While the boardwalk itself is a manufactured structure, it is situated within a natural setting and is a nature-based artefact because the natural material of origin (wood) remains visually identifiable by its grain and texture. Since nature is 'yes', I evaluate the sub-axes. The boardwalk is made from wood, which is a processed material derived from trees, placing it under Flora & Plant Derivatives within the biotic category. Because it is a real-world physical object with mass that occupies space, it is classified as material under the Tangibility axis.",False
/home/pmonserrat/datasets/places/val_formatted/57/Places365_val_00001112.jpg,boardwalk,False,,,yes,biotic,material,"The target entity is a boardwalk. The visual evidence shows a constructed wooden pathway. While homogenous artefacts are excluded, manufactured objects where the natural material of origin remains visually identifiable by its grain or texture explicitly count as Nature-Based Artefacts, fulfilling the inclusion criteria. Since nature is 'yes', I evaluate the sub-axes. The boardwalk is made of wood, a processed material derived from trees, placing it under Flora & Plant Derivatives within the biotic category. Because it is a real-world physical object with mass that occupies space, it is classified as material under the Tangibility axis.",False
/home/pmonserrat/datasets/places/val_formatted/57/Places365_val_00001252.jpg,boardwalk,False,,,yes,biotic,material,"The target entity is a boardwalk. The visual evidence shows a constructed pathway typically made of wood or other materials, often found in natural or semi-natural environments like beaches or parks. Boardwalks are human-made structures designed to allow people to walk through natural areas without damaging the environment. They are classified as Nature-Based Artefacts because they are crafted or manufactured objects where the natural material of origin (wood) remains visually identifiable by its structure, grain, or texture. Since nature is 'yes', I evaluate the sub-axes. A boardwalk is made primarily from wood, which is a processed material derived from trees, placing it under Flora & Plant Derivatives within the biotic category. Because it is a real-world physical object with mass that occupies space, it is classified as material under the Tangibility axis.",False
/home/pmonserrat/datasets/places/val_formatted/57/Places365_val_00001465.jpg,boardwalk,False,,,yes,biotic,material,"The target entity is a boardwalk. The visual evidence shows a constructed wooden pathway in a natural setting. While the boardwalk itself is a manufactured structure, it is situated within a natural environment and serves as a nature-based artefact where the natural material of origin (wood) remains visually identifiable by its grain and texture. This fits the inclusion criteria for Nature-Based Artefacts. Since nature is 'yes', I evaluate the sub-axes. The boardwalk is made of wood, which is a processed material derived from trees, placing it under Flora & Plant Derivatives within the biotic category. Because it is a real-world physical object with mass that occupies space, it is classified as material under the Tangibility axis.",False
/home/pmonserrat/datasets/places/val_formatted/58/Places365_val_00000681.jpg,boat deck,False,,,no,none,none,"The target entity is a boat deck. The visual evidence shows a manufactured structural object made of materials like metal and fiberglass, with no visible natural grain or texture. Since homogenous artefacts are excluded and the object does not depict a natural entity, it falls strictly under the Homogenous Artefacts exclusion and fails the criteria for nature. Not applicable since the entity is not classified as nature.",False
/home/pmonserrat/datasets/places/val_formatted/58/Places365_val_00001189.jpg,boat deck,False,,,no,none,none,"The target entity is a boat deck. The visual evidence shows a manufactured structural object made of materials like metal and fiberglass, with no visible natural grain or texture. Since homogenous artefacts are excluded and the object does not depict a natural entity, it falls strictly under the Homogenous Artefacts exclusion and fails the criteria for nature. Not applicable since the entity is not classified as nature.",False
/home/pmonserrat/datasets/places/val_formatted/58/Places365_val_00001470.jpg,boat deck,False,,,no,none,none,"The target entity is a boat deck. The visual evidence shows a manufactured structural surface made of materials like metal and possibly wood, designed for use on a boat. Since homogenous artefacts are excluded unless they depict a natural entity, and the boat deck does not fulfill the criteria for Nature-Based Artefacts or Representations of Nature, it falls strictly under the Homogenous Artefacts exclusion and fails the criteria for nature. Not applicable since the entity is not classified as nature.",False
/home/pmonserrat/datasets/places/val_formatted/58/Places365_val_00001559.jpg,boat deck,False,,,no,none,none,"The target entity is a boat deck. The visual evidence shows a manufactured structural object made of materials like metal and possibly wood, with no visible natural grain or texture. Since homogenous artefacts are excluded and the object does not depict a natural entity, it falls strictly under the Homogenous Artefacts exclusion and fails the criteria for nature. Not applicable since the entity is not classified as nature.",False
/home/pmonserrat/datasets/places/val_formatted/58/Places365_val_00002028.jpg,boat deck,False,,,no,none,none,"The target entity is a boat deck. The visual evidence shows a constructed platform made of materials such as metal and wood. Since homogenous artefacts are excluded unless they depict a natural entity, and the boat deck does not fulfill the criteria for nature-based artefacts or natural elements, it falls under the exclusion scope. Not applicable since the entity is not classified as nature.",False
/home/pmonserrat/datasets/places/val_formatted/59/Places365_val_00000326.jpg,boathouse,False,,,no,none,none,"The target entity is a boathouse. The visual evidence shows a small stone structure situated on the edge of a body of water. Boathouses are typically man-made structures designed for storing boats and related activities. Since the structure is a manufactured object and not a natural entity, it falls under the Homogenous Artefacts exclusion and fails the criteria for nature. Not applicable since the entity is not classified as nature.",False
/home/pmonserrat/datasets/places/val_formatted/59/Places365_val_00000367.jpg,boathouse,False,,,no,none,none,"The target entity is a boathouse. The visual evidence shows a man-made structure built on stilts over a body of water, surrounded by a natural forest environment. While the structure itself is a manufactured object, it is situated within a natural setting and serves a purpose related to water activities. However, under the provided taxonomy, human-made structures that do not depict or derive from natural entities are generally excluded from the 'nature' category unless they are explicitly classified as nature-based artefacts. Since the boathouse is primarily a human-made structure without a direct natural material origin that remains visually identifiable, it falls under the homogenous artefacts exclusion. Not applicable since the entity is not classified as nature.",False
/home/pmonserrat/datasets/places/val_formatted/59/Places365_val_00000782.jpg,boathouse,False,,,no,none,none,"The target entity is a boathouse. The visual evidence shows a wooden structure situated near a body of water, likely used for storing boats. While the structure itself is a manufactured object, it is situated in a natural environment and is closely associated with the water and surrounding ecosystem. However, under the provided taxonomy, the boathouse itself is a homogenous artefact where the original natural texture is unidentifiable and altered, and it does not depict a natural entity. Not applicable since the entity is not classified as nature.",False
/home/pmonserrat/datasets/places/val_formatted/59/Places365_val_00001062.jpg,boathouse,False,,,no,none,none,"The target entity is a boathouse. The visual evidence shows a wooden structure built on the edge of a body of water, likely used for storing boats. While the structure itself is a manufactured object, it is situated in a natural environment and is closely associated with a natural element (water). However, the primary focus is on the man-made structure rather than the natural environment. Since the boathouse is a manufactured object and not a natural entity or process, it does not count as nature under the provided definition. Not applicable since the entity is not classified as nature.",False
/home/pmonserrat/datasets/places/val_formatted/59/Places365_val_00001525.jpg,boathouse,False,,,no,none,none,"The target entity is a boathouse. The visual evidence shows a wooden structure built on stilts over water. While the structure itself is a manufactured object, it is situated in a natural environment and is closely associated with water, which is a natural element. However, the primary classification focuses on the structure itself, which is a human-made construction and not a natural entity or process. Not applicable since the entity is not classified as nature.",False
/home/pmonserrat/datasets/places/val_formatted/6/Places365_val_00000024.jpg,amusement arcade,False,,,no,none,none,"The target entity is an amusement arcade machine. The visual evidence shows a manufactured functional object designed for entertainment purposes. It does not depict or represent any more-than-human living entities, ecosystems, or natural processes. Instead, it is a homogenous artefact with no identifiable natural material or texture, and it does not fall under any category of nature-based representations. Not applicable since the entity is not classified as nature.",False
/home/pmonserrat/datasets/places/val_formatted/6/Places365_val_00000627.jpg,amusement arcade,False,,,no,none,none,"The target entity is an amusement arcade. The visual evidence shows a collection of arcade machines, which are manufactured functional objects. These machines are made of materials like metal, plastic, and electronic components, with no natural elements or processes involved. Since the original natural texture is completely unidentifiable and altered, and the object does not depict a natural entity, it falls strictly under the Homogenous Artefacts exclusion and fails the criteria for nature. Not applicable since the entity is not classified as nature.",False
/home/pmonserrat/datasets/places/val_formatted/6/Places365_val_00000915.jpg,amusement arcade,False,,,no,none,none,"The target entity is an amusement arcade machine. The visual evidence shows a manufactured functional object made of plastic, metal, and electronic components. Since the original natural texture of the materials is completely unidentifiable and altered, and the object does not depict a natural entity, it falls strictly under the Homogenous Artefacts exclusion and fails the criteria for nature. Not applicable since the entity is not classified as nature.",False
/home/pmonserrat/datasets/places/val_formatted/6/Places365_val_00001127.jpg,amusement arcade,False,,,no,none,none,"The target entity is an amusement arcade slot machine. The visual evidence shows a manufactured functional object made of plastic, metal, and electronic components. The original natural texture of the materials is completely unidentifiable and altered, and the object does not depict a natural entity. It falls strictly under the Homogenous Artefacts exclusion and fails the criteria for nature. Not applicable since the entity is not classified as nature.",False
/home/pmonserrat/datasets/places/val_formatted/6/Places365_val_00001175.jpg,amusement arcade,False,,,no,none,none,"The target entity is an amusement arcade. The visual evidence shows a setting with multiple arcade machines, people playing games, and a checkered tablecloth. This is a manufactured environment designed for entertainment, lacking any direct reference to more-than-human living entities, ecosystems, or natural processes. It falls under the Homogenous Artefacts exclusion as it does not depict a natural entity and is primarily a human-made structure. Not applicable since the entity is not classified as nature.",False
/home/pmonserrat/datasets/places/val_formatted/60/Places365_val_00000835.jpg,bookstore,False,,,no,none,none,"The target entity is a bookstore. The visual evidence shows a constructed environment primarily made of human-made materials such as shelves, tables, and artificial lighting. While there are some natural elements like palm trees, the primary function and structure of the space are human-made and not classified as nature under the provided definition. Not applicable since the entity is not classified as nature.",False
/home/pmonserrat/datasets/places/val_formatted/60/Places365_val_00000980.jpg,bookstore,False,,,no,none,none,"The target entity is a bookstore. The visual evidence shows a physical space filled with shelves of books and records. While books and records are human-made objects, they do not fall under the categories of more-than-human living entities, ecosystems, or non-living natural elements as defined in the taxonomy. They are manufactured items and do not meet the criteria for nature under the provided definitions. Not applicable since the entity is not classified as nature.",False
/home/pmonserrat/datasets/places/val_formatted/60/Places365_val_00001014.jpg,bookstore,False,,,no,none,none,"The target entity is a bookstore. The visual evidence shows a commercial establishment that sells books, which are processed materials derived from plants (e.g., paper, ink). However, the bookstore itself is a human-made structure and does not fall under the categories of more-than-human living entities, ecosystems, or natural processes. It is a constructed environment and does not meet the criteria for nature under the provided definition. Not applicable since the entity is not classified as nature.",False
/home/pmonserrat/datasets/places/val_formatted/60/Places365_val_00001340.jpg,bookstore,False,,,no,none,none,"The target entity is a bookstore. The visual evidence shows a physical space filled with bookshelves containing books. While books are processed materials derived from plants (Flora & Plant Derivatives), the bookstore itself is a constructed environment and not a natural entity. It does not fit into the categories of more-than-human living entities, ecosystems, or non-living natural elements as defined by the taxonomy. Not applicable since the entity is not classified as nature.",False
/home/pmonserrat/datasets/places/val_formatted/60/Places365_val_00001448.jpg,bookstore,False,,,no,none,none,"The target entity is a bookstore. The visual evidence shows a physical space with wooden furniture and various items such as books, postcards, and framed pictures. However, the primary function of a bookstore is to sell books and related items, which are manufactured objects. Since the bookstore itself is a constructed environment and not a natural entity or process, it does not fall under the categories of flora, fauna, fungi, ecosystems, or any of the non-living natural elements defined in the taxonomy. Additionally, it does not qualify as a nature-based artifact or activity because its primary purpose is commercial and not directly related to natural elements. Not applicable since the entity is not classified as nature.",False
/home/pmonserrat/datasets/places/val_formatted/62/Places365_val_00000056.jpg,botanical garden,True,True,True,yes,biotic,material,"The target entity is a botanical garden. The visual evidence shows a collection of plants, including flowers and grasses, within a fenced area. Botanical gardens are explicitly classified under Ecosystems & Environments in the Nature Axis, fulfilling the inclusion criteria for nature. Since nature is 'yes', I evaluate the sub-axes. A botanical garden is a biological ecosystem defined by living communities of plants, placing it under Flora & Plant Derivatives within the biotic category. Because this is an unfiltered documentary photograph capturing a real-world physical environment, it is classified as material under the Tangibility axis.",False
/home/pmonserrat/datasets/places/val_formatted/62/Places365_val_00000253.jpg,botanical garden,True,True,True,yes,biotic,material,"The target entity is a botanical garden. The visual evidence shows a real-world environment with plants and flowers. Botanical gardens are ecosystems defined by living communities, specifically focusing on plant life, which falls under the inclusion criteria for nature. Since nature is 'yes', I evaluate the sub-axes. A botanical garden is an environment defined by Flora & Plant Derivatives within the biotic category. Because it is a real-world physical space with plants and flowers, it is classified as material under the Tangibility axis.",False
/home/pmonserrat/datasets/places/val_formatted/62/Places365_val_00000629.jpg,botanical garden,True,True,True,yes,biotic,material,"The target entity is a botanical garden. The visual evidence shows a real-world environment with a variety of plants and trees. Botanical gardens are natural or semi-natural environments where non-human entities exist and interact, fulfilling the inclusion criteria for nature. Since nature is 'yes', I evaluate the sub-axes. A botanical garden is an ecosystem defined by living communities, placing it under Biological Ecosystems within the biotic category. Because this is an unfiltered documentary photograph capturing a real-world physical environment, it is classified as material under the Tangibility axis.",False
/home/pmonserrat/datasets/places/val_formatted/62/Places365_val_00000938.jpg,botanical garden,True,True,True,yes,biotic,material,"The target entity is a botanical garden. The visual evidence shows a real-world environment with cultivated plants. Botanical gardens are ecosystems defined by living communities of plants, fulfilling the inclusion criteria for nature. Since nature is 'yes', I evaluate the sub-axes. A botanical garden is an environment defined by Flora & Plant Derivatives within the biotic category. Because it is a real-world physical space with mass that occupies space, it is classified as material under the Tangibility axis.",False
/home/pmonserrat/datasets/places/val_formatted/62/Places365_val_00001345.jpg,botanical garden,True,True,True,yes,biotic,material,"The target entity is a botanical garden. The visual evidence shows a collection of plants, including a large piece of wood and various green plants. Botanical gardens are explicitly classified under Ecosystems & Environments within the Nature Axis, fulfilling the inclusion criteria for nature. Since nature is 'yes', I evaluate the sub-axes. A botanical garden is a biological ecosystem defined by living communities and plant life, placing it under Flora & Plant Derivatives within the biotic category. Because this is an unfiltered documentary depiction capturing a real-world physical environment, it is classified as material under the Tangibility axis.",False
/home/pmonserrat/datasets/places/val_formatted/64/Places365_val_00000176.jpg,bowling alley,False,,,no,none,none,"The target entity is a bowling alley. The visual evidence shows a manufactured environment with lanes made of polished wood and surrounding structures. Since the primary materials and design are human-made and the setting is an artificial recreational space, it does not fall under the categories of more-than-human living entities, ecosystems, or natural processes. It is a constructed space for human activity and does not meet the criteria for nature under the provided taxonomy. Not applicable since the entity is not classified as nature.",False
/home/pmonserrat/datasets/places/val_formatted/64/Places365_val_00000186.jpg,bowling alley,False,,,no,none,none,"The target entity is a bowling alley. The visual evidence shows a manufactured indoor environment designed for the sport of bowling. This includes lanes, pins, balls, and score monitors. Since bowling alleys are human-made structures and not part of the natural world, they fall under the Homogenous Artefacts exclusion and do not count as nature. Not applicable since the entity is not classified as nature.",False
/home/pmonserrat/datasets/places/val_formatted/64/Places365_val_00000226.jpg,bowling alley,False,,,no,none,none,"The target entity is a bowling alley. The visual evidence shows a recreational facility designed for playing bowling, featuring lanes, pins, and seating areas. This is a manufactured environment primarily for human leisure activities and does not fall under the categories of flora, fauna, fungi, or natural ecosystems. It is a constructed space and does not meet the criteria for nature under the provided taxonomy. Not applicable since the entity is not classified as nature.",False
/home/pmonserrat/datasets/places/val_formatted/64/Places365_val_00000506.jpg,bowling alley,False,,,no,none,none,"The target entity is a bowling alley. The visual evidence shows an indoor recreational facility with bowling lanes, pins, and balls. This setting is a human-made environment designed for entertainment and does not fall under the categories of flora, fauna, fungi, hydrological, atmospheric, geological, astrophysical, or processed food and drinks. It is a constructed space and does not meet the criteria for nature under the provided definition. Not applicable since the entity is not classified as nature.",False
/home/pmonserrat/datasets/places/val_formatted/64/Places365_val_00000541.jpg,bowling alley,False,,,no,none,none,"The target entity is a bowling alley. The visual evidence shows a recreational facility with lanes designed for bowling. This is a manufactured environment primarily used for human leisure activities and does not fall under the categories of flora, fauna, fungi, or natural ecosystems. It is a constructed space and does not meet the criteria for nature under the provided taxonomy. Not applicable since the entity is not classified as nature.",False
/home/pmonserrat/datasets/places/val_formatted/65/Places365_val_00000521.jpg,boxing ring,False,,,no,none,none,"The target entity is a boxing ring. The visual evidence shows a constructed structure made of ropes and posts, typically used for the sport of boxing. This is a manufactured object and does not fall under the categories of flora, fauna, fungi, hydrological, atmospheric, geological, astrophysical, or biophysical elements. It is also not a nature-based artifact or activity, nor a representation of nature. Therefore, it does not meet the criteria for being classified as nature. Not applicable since the entity is not classified as nature.",False
/home/pmonserrat/datasets/places/val_formatted/65/Places365_val_00001549.jpg,boxing ring,False,,,no,none,none,"The target entity is a boxing ring. The visual evidence shows a constructed physical structure used for the sport of boxing. Since it is a manufactured object and does not fall under the categories of flora, fauna, fungi, hydrological, atmospheric, geological, astrophysical, or processed food/drinks, it does not qualify as nature under the provided definition. Not applicable since the entity is not classified as nature.",False
/home/pmonserrat/datasets/places/val_formatted/65/Places365_val_00001767.jpg,boxing ring,False,,,no,none,none,"The target entity is a boxing ring. The visual evidence shows a physical structure used for boxing matches, typically made of ropes, posts, and padding. Since it is a manufactured object and not a natural entity or process, it falls under the Homogenous Artefacts exclusion and does not count as nature. Not applicable since the entity is not classified as nature.",False
/home/pmonserrat/datasets/places/val_formatted/65/Places365_val_00002587.jpg,boxing ring,False,,,no,none,none,"The target entity is a boxing ring. The visual evidence shows a constructed area with ropes and padding, designed for the sport of boxing. This is a manufactured structure and does not fall under the categories of flora, fauna, fungi, hydrological, atmospheric, geological, astrophysical, or biophysical processes. It is not a natural environment or a representation of nature, but rather a human-made object for a specific activity. Not applicable since the entity is not classified as nature.",False
/home/pmonserrat/datasets/places/val_formatted/65/Places365_val_00003267.jpg,boxing ring,False,,,no,none,none,"The target entity is a boxing ring. The visual evidence shows a physical structure used for boxing matches, typically made of ropes, canvas, and posts. Since it is a manufactured object and not a natural entity or process, it falls under the Homogenous Artefacts exclusion and does not count as nature. Not applicable since the entity is not classified as nature.",False
/home/pmonserrat/datasets/places/val_formatted/68/Places365_val_00000340.jpg,bullring,False,,,yes,biotic,material,"The target entity is a bullring with two bulls. The visual evidence shows a real-world environment where non-human living organisms (bulls) are present and interacting. The bulls are fauna, and the setting is a natural or semi-natural environment, fulfilling the inclusion criteria for nature. Since nature is 'yes', I evaluate the sub-axes. The bulls are non-human vertebrates (fauna), placing them under the biotic category. The image captures a real-world physical environment, making it classified as material under the Tangibility axis.",False
/home/pmonserrat/datasets/places/val_formatted/68/Places365_val_00001151.jpg,bullring,False,,,no,none,none,"The target entity is a bullring. The visual evidence shows a constructed arena used for bullfighting, which is a human-made structure. Since human-made structures that do not depict or derive from natural entities are classified under Homogenous Artefacts and are excluded from the nature taxonomy, this instance does not count as nature. Not applicable since the entity is not classified as nature.",False
/home/pmonserrat/datasets/places/val_formatted/68/Places365_val_00001578.jpg,bullring,False,,,no,none,none,"The target entity is a bullring. The visual evidence shows a structure designed for bullfighting, which is a human-made arena. Bullrings are constructed environments and do not fall under the categories of flora, fauna, fungi, or natural processes. They are not more-than-human living entities or natural elements and processes, and they do not qualify as nature-based artefacts because they are primarily functional and not derived from natural materials in a way that retains their original form. Not applicable since the entity is not classified as nature.",False
/home/pmonserrat/datasets/places/val_formatted/68/Places365_val_00001739.jpg,bullring,False,,,no,none,none,"The target entity is a bullring. The visual evidence shows a physical structure designed for bullfighting, which is a human activity. Bullrings are constructed environments and do not fall under the categories of flora, fauna, fungi, or natural processes. They are human-made structures and thus do not qualify as nature under the provided taxonomy. Not applicable since the entity is not classified as nature.",False
/home/pmonserrat/datasets/places/val_formatted/68/Places365_val_00002165.jpg,bullring,False,,,no,none,none,"The target entity is a bullring. The visual evidence shows a large, enclosed arena with seating and a sandy floor, typically used for bullfighting events. Bullrings are human-made structures designed for specific cultural activities and do not fall under the categories of flora, fauna, fungi, or natural processes. They are constructed environments and do not meet the criteria for nature under the provided taxonomy. Not applicable since the entity is not classified as nature.",False
/home/pmonserrat/datasets/places/val_formatted/69/Places365_val_00000108.jpg,burial chamber,False,,,no,none,none,"The target entity is a burial chamber. The visual evidence shows a constructed space made of stone with architectural features such as arches and columns. This is a human-made structure, not a natural entity or process. Since human-made structures that do not depict natural entities are classified under Homogenous Artefacts and are excluded from nature, this does not count as nature. Not applicable since the entity is not classified as nature.",False
/home/pmonserrat/datasets/places/val_formatted/69/Places365_val_00000460.jpg,burial chamber,False,,,no,none,none,"The target entity is a metallic door handle. The visual evidence shows a manufactured structural object made of metal, with no visible natural material or texture. Since homogenous artefacts are excluded and the object does not depict a natural entity, it falls strictly under the Homogenous Artefacts exclusion and fails the criteria for nature. Not applicable since the entity is not classified as nature.",False
/home/pmonserrat/datasets/places/val_formatted/69/Places365_val_00000674.jpg,burial chamber,False,,,no,none,none,"The target entity is a door with a number and graffiti on a brick wall. The visual evidence shows a manufactured structural object made of wood and brick, with no clear natural material or living organism present. The graffiti is a form of human expression and does not count as a natural element. This falls under the Homogenous Artefacts exclusion and fails the criteria for nature. Not applicable since the entity is not classified as nature.",False
/home/pmonserrat/datasets/places/val_formatted/69/Places365_val_00000732.jpg,burial chamber,False,,,no,none,none,"The target entity is a burial chamber. The visual evidence shows a man-made underground structure with stone walls and a confined space. Since burial chambers are human-made structures and not part of the natural environment, they fall under the Homogenous Artefacts exclusion and are not classified as nature. Not applicable since the entity is not classified as nature.",False
/home/pmonserrat/datasets/places/val_formatted/69/Places365_val_00001334.jpg,burial chamber,False,,,no,none,none,"The target entity is a burial chamber. The visual evidence shows a stone structure, likely part of a historical or archaeological site. Burial chambers are man-made structures, not natural entities or processes. They do not fall under the categories of flora, fauna, fungi, ecosystems, or non-living natural elements as defined in the taxonomy. Instead, they are constructed environments, which are not classified as nature under the provided definitions. Not applicable since the entity is not classified as nature.",False
/home/pmonserrat/datasets/places/val_formatted/7/Places365_val_00000381.jpg,amusement park,False,,,no,none,none,"The target entity is an amusement park. The visual evidence shows a constructed environment with a wooden roller coaster and a large wooden horse sculpture. While the park includes natural elements like trees and rocks, the primary focus is on human-made structures and attractions. Since the amusement park is primarily a human-made setting and not classified as a natural environment or entity under the provided definitions, it does not count as nature. Not applicable since the entity is not classified as nature.",False
/home/pmonserrat/datasets/places/val_formatted/7/Places365_val_00000480.jpg,amusement park,False,,,no,none,none,"The target entity is an amusement park. The visual evidence shows a man-made structure with a Ferris wheel and signage. Amusement parks are constructed environments and do not fall under the categories of flora, fauna, fungi, or natural ecosystems. They are human-made and do not meet the criteria for nature under the provided definition. Not applicable since the entity is not classified as nature.",False
/home/pmonserrat/datasets/places/val_formatted/7/Places365_val_00001659.jpg,amusement park,False,,,no,none,none,"The target entity is an amusement park ride, specifically a roller coaster. The visual evidence shows a man-made structure made of metal and plastic, designed for human entertainment. Since amusement park rides are manufactured objects and not part of the natural environment, they fall under the Homogenous Artefacts exclusion and do not count as nature. Not applicable since the entity is not classified as nature.",False
/home/pmonserrat/datasets/places/val_formatted/7/Places365_val_00001728.jpg,amusement park,False,,,no,none,none,"The target entity is an amusement park. The visual evidence shows a constructed environment with various rides and structures. Amusement parks are human-made settings and do not fall under the categories of flora, fauna, fungi, or natural ecosystems. They are not classified as nature-based artefacts or representations of nature, as they are primarily designed for human entertainment and do not inherently involve more-than-human living entities or natural processes. Not applicable since the entity is not classified as nature.",False
/home/pmonserrat/datasets/places/val_formatted/7/Places365_val_00001828.jpg,amusement park,False,,,no,none,none,"The target entity is an amusement park. The visual evidence shows a setting with a large mascot character and various people. Amusement parks are human-made environments designed for entertainment and do not fall under the categories of flora, fauna, fungi, or natural ecosystems. They are constructed and maintained by humans, and thus do not meet the criteria for nature under the provided taxonomy. Not applicable since the entity is not classified as nature.",False
/home/pmonserrat/datasets/places/val_formatted/73/Places365_val_00000114.jpg,butte,True,False,True,yes,abiotic,material,"The target entity is a butte, a type of geological formation. The visual evidence shows a large, layered rock structure characteristic of buttes, which are classified under Geological & Topographical Components within the Non-Living Natural Elements inclusion scope, fulfilling the criteria for nature. Since nature is 'yes', I evaluate the sub-axes. A butte is a large-scale landform and earth structure, placing it under Geological & Topographical Components within the abiotic category. Because this is an unfiltered documentary photograph of a real-world physical landscape, it is classified as material under the Tangibility axis.",False
/home/pmonserrat/datasets/places/val_formatted/73/Places365_val_00000300.jpg,butte,True,False,True,yes,abiotic,material,"The target entity is a butte, a type of geological formation. The visual evidence shows a real-world physical landscape with layered rock formations. Geological & Topographical Components are explicitly classified under Non-Living Natural Elements & Processes, fulfilling the inclusion criteria for nature. Since nature is 'yes', I evaluate the sub-axes. A butte is a large-scale landform and earth structure, placing it under Geological & Topographical Components within the abiotic category. Because this is an unfiltered documentary photograph of a real-world physical landscape, it is classified as material under the Tangibility axis.",False
/home/pmonserrat/datasets/places/val_formatted/73/Places365_val_00000314.jpg,butte,True,False,True,yes,abiotic,material,"The target entity is a canyon. The visual evidence shows a massive, deep valley with layered rock cliffs. Large-scale landforms and earth structures fall under Geological & Topographical Components within the Non-Living Natural Elements inclusion scope, fulfilling the criteria for nature. Since nature is 'yes', I evaluate the sub-axes. A canyon is a large-scale landform and earth structure, placing it under Geological & Topographical Components within the abiotic category. Because this is an unfiltered documentary photograph of a real-world physical landscape, it is classified as material under the Tangibility axis.",False
/home/pmonserrat/datasets/places/val_formatted/73/Places365_val_00000893.jpg,butte,True,False,True,yes,abiotic,material,"The target entity is a beach landscape. The visual evidence shows a natural environment with sand, water, and hills. This falls under the category of Ecosystems & Environments, specifically a coastal area, which is a natural setting where non-human entities exist and interact. The beach, with its natural elements, fits within the inclusion scope of Nature. Since nature is 'yes', I evaluate the sub-axes. The beach is a natural environment, placing it under Ecosystems & Environments within the abiotic category. Because this is an unfiltered documentary photograph capturing a real-world physical landscape, it is classified as material under the Tangibility axis.",False
/home/pmonserrat/datasets/places/val_formatted/73/Places365_val_00001469.jpg,butte,True,False,True,yes,abiotic,material,"The target entity is a landscape featuring a lake surrounded by mountains and vegetation. This is an unfiltered documentary photograph capturing a real-world physical environment, specifically a hydrological component (lake) and geological & topographical components (mountains, valleys). These elements fall under Non-Living Natural Elements & Processes, fulfilling the inclusion criteria for nature. Since nature is 'yes', I evaluate the sub-axes. The lake is a hydrological component, placing it under Hydrological Components within the abiotic category. The mountains and surrounding terrain are geological & topographical components, also within the abiotic category. Because this is an unfiltered documentary photograph capturing a real-world physical environment, it is classified as material under the Tangibility axis.",False
/home/pmonserrat/datasets/places/val_formatted/75/Places365_val_00000842.jpg,cafeteria,False,,,no,none,none,"The target entity is a cafeteria. The visual evidence shows a room with tables, chairs, and a television, but no direct reference to flora, fauna, fungi, or natural processes. Cafeterias are human-made environments and do not fall under the inclusion criteria for nature as defined. Not applicable since the entity is not classified as nature.",False
/home/pmonserrat/datasets/places/val_formatted/75/Places365_val_00001060.jpg,cafeteria,False,,,no,none,none,"The target entity is a cafeteria. The visual evidence shows a human-made indoor space designed for serving food. Cafeterias are human-constructed environments and do not fall under the categories of flora, fauna, fungi, or natural processes. They are not classified as nature-based artefacts or activities, nor do they represent natural elements. Not applicable since the entity is not classified as nature.",False
/home/pmonserrat/datasets/places/val_formatted/75/Places365_val_00001529.jpg,cafeteria,False,,,no,none,none,"The target entity is a cafeteria. The visual evidence shows a human-made indoor environment designed for dining, with tables, chairs, and people. Cafeterias are human-constructed spaces and do not fall under the categories of flora, fauna, fungi, or natural processes. They are not more-than-human living entities or ecosystems, nor do they represent nature-based artefacts or activities. Therefore, they do not meet the criteria for nature under the provided taxonomy. Not applicable since the entity is not classified as nature.",False
/home/pmonserrat/datasets/places/val_formatted/75/Places365_val_00001754.jpg,cafeteria,False,,,no,none,none,"The target entity is a cafeteria. The visual evidence shows a human-made indoor environment with furniture, decorations, and food service areas. Cafeterias are human-constructed spaces and do not fall under the categories of flora, fauna, fungi, or natural processes. They are not classified as nature-based artefacts or representations of nature because they are primarily functional spaces designed for human activities rather than natural elements or processes. Not applicable since the entity is not classified as nature.",False
/home/pmonserrat/datasets/places/val_formatted/75/Places365_val_00002855.jpg,cafeteria,False,,,no,none,none,"The target entity is a 'Philadelphia Bar Restaurant'. The visual evidence shows a building facade with signage indicating a dining establishment. Under the provided taxonomy, human-made structures and establishments do not fall under the categories of flora, fauna, fungi, or natural environments. The entity is a constructed space designed for human activity and does not meet the criteria for nature-based artefacts or activities. Additionally, it does not represent or depict any natural elements or processes. Not applicable since the entity is not classified as nature.",False
/home/pmonserrat/datasets/places/val_formatted/76/Places365_val_00000032.jpg,campsite,False,,,yes,biotic,material,"The target entity is a campsite. The visual evidence shows a setup in a forested area with tents and camping equipment. This environment includes natural elements such as trees and the forest floor, which are part of the ecosystems and environments inclusion scope. The campsite itself is a human-constructed structure within a natural setting, but the primary focus is on the natural environment. Since nature is 'yes', I evaluate the sub-axes. The campsite is situated within a forest, which is a biological ecosystem defined by living communities. Therefore, it falls under Biological Ecosystems within the biotic category. The image captures a real-world physical environment, making it classified as material under the Tangibility axis.",False
/home/pmonserrat/datasets/places/val_formatted/76/Places365_val_00000322.jpg,campsite,False,,,no,none,none,"The target entity is a campsite. The visual evidence shows a setup with a tent and a vintage car, which is a human-made structure. Campsites are typically human-constructed environments used for temporary stays, and they do not fall under the categories of flora, fauna, fungi, or natural processes. They are environments created and used by humans, thus they are excluded from the nature taxonomy. Not applicable since the entity is not classified as nature.",False
/home/pmonserrat/datasets/places/val_formatted/76/Places365_val_00000347.jpg,campsite,False,,,yes,biotic,material,"The target entity is a campsite. The visual evidence shows a natural environment with grass, trees, and a tent. This setting is an ecosystem where non-human entities exist and interact, fulfilling the inclusion criteria for nature. Since nature is 'yes', I evaluate the sub-axes. The campsite is a natural environment, placing it under Ecosystems & Environments within the biotic category. Because the image captures a real-world physical environment, it is classified as material under the Tangibility axis.",False
/home/pmonserrat/datasets/places/val_formatted/76/Places365_val_00000690.jpg,campsite,False,,,yes,biotic,material,"The target entity is a campsite. The visual evidence shows a tent set up in a wooded area with trees and natural surroundings. The tent and associated items (chairs, books) are human-made, but the location and environment are natural. Since the focus is on the natural setting and the tent is a temporary structure within it, the campsite as a whole is considered a nature-based environment. Since nature is 'yes', I evaluate the sub-axes. The campsite is situated in a natural environment, specifically a wooded area, which falls under Ecosystems & Environments within the biotic category. The physical presence of the tent and surrounding area means it is classified as material under the Tangibility axis.",False
/home/pmonserrat/datasets/places/val_formatted/76/Places365_val_00000857.jpg,campsite,False,,,no,none,none,"The target entity is a campsite. The visual evidence shows a large white tent set up in a grassy area with trees in the background. The tent is a human-made structure, but it is placed within a natural environment. Since the tent itself is a manufactured object, it does not count as nature. However, the surrounding environment, including the grass and trees, does count as nature. Not applicable since the entity is not classified as nature.",False
/home/pmonserrat/datasets/places/val_formatted/77/Places365_val_00000012.jpg,campus,False,,,no,none,none,"The target entity is a campus. The visual evidence shows a built environment with a brick building and manicured lawns. While the building is a human-made structure, the surrounding greenery (trees, bushes, grass) and natural elements (sky, sunset) are present. However, the primary focus is on the human-made structure, which falls under the exclusion scope for homogenous artefacts. The natural elements are part of the environment but do not define the campus as a nature entity under this taxonomy. Not applicable since the entity is not classified as nature.",False
/home/pmonserrat/datasets/places/val_formatted/77/Places365_val_00000408.jpg,campus,False,,,no,none,none,"The target entity is a campus. The visual evidence shows a modern architectural structure with buildings and landscaped areas. This is a human-made environment, primarily constructed for educational purposes. Since human-made structures and environments are not classified as nature under the provided definition, this instance does not count as nature. Not applicable since the entity is not classified as nature.",False
/home/pmonserrat/datasets/places/val_formatted/77/Places365_val_00000705.jpg,campus,False,,,no,none,none,"The target entity is a campus. The visual evidence shows a building complex surrounded by open space and natural elements like trees and hills. While the building itself is a human-made structure, the term 'campus' often refers to an area that includes natural elements and is used for educational purposes. However, under the strict definitions provided, the focus is on more-than-human living entities, ecosystems, and non-living natural elements. Since the primary focus is on human-made structures and the term 'campus' does not directly align with the inclusion criteria for nature, it is excluded. Not applicable since the entity is not classified as nature.",False
/home/pmonserrat/datasets/places/val_formatted/77/Places365_val_00001085.jpg,campus,False,,,no,none,none,"The target entity is a campus. The visual evidence shows a residential building with balconies and a sign that reads 'Creekside.' A campus typically refers to an area of land that includes buildings, facilities, and sometimes green spaces. However, under the provided taxonomy, human-made structures and their immediate surroundings do not count as nature unless they explicitly include natural elements or processes. Since the primary focus is on human-made architecture and not on natural entities or processes, it does not fulfill the criteria for nature. Not applicable since the entity is not classified as nature.",False
/home/pmonserrat/datasets/places/val_formatted/77/Places365_val_00001308.jpg,campus,False,,,no,none,none,"The target entity is a campus. The visual evidence shows a built structure surrounded by snow-covered trees and a snowy landscape. While the building itself is a human-made structure, the surrounding environment includes natural elements such as trees and snow, which are classified under nature. However, the primary focus is on the campus building, which is a human-made structure and falls under the exclusion scope for human beings and their constructions. Not applicable since the entity is not classified as nature.",False
/home/pmonserrat/datasets/places/val_formatted/80/Places365_val_00000530.jpg,candy store,False,,,no,none,none,"The target entity is a candy store. The visual evidence shows a commercial establishment with shelves stocked with various packaged goods, including candy and other sweets. The store itself is a human-made structure and does not directly represent or contain more-than-human living entities, ecosystems, or natural processes. It is primarily a place for the sale of processed food items, which are not classified as nature under the provided definition. Not applicable since the entity is not classified as nature.",False
/home/pmonserrat/datasets/places/val_formatted/80/Places365_val_00000699.jpg,candy store,False,,,yes,biotic,material,"The target entity is a candy store. The visual evidence shows an array of colorful candies, which are processed food items. Processed food and drinks, specifically edible solid or liquid elements at any processing level, are classified under the Ingestion Criterion in the Nature definition, fulfilling the inclusion criteria for nature. Since nature is 'yes', I evaluate the sub-axes. The candies are edible solid items derived from processed natural materials (e.g., sugar, cocoa, fruit), placing them under Processed Food & Drinks within the biotic category. Because the image captures a real-world physical environment with tangible objects, it is classified as material under the Tangibility axis.",False
/home/pmonserrat/datasets/places/val_formatted/80/Places365_val_00000974.jpg,candy store,False,,,yes,biotic,material,"The target entity is a candy store. The visual evidence shows a commercial establishment with shelves stocked with various candies and confectionery items. While the store itself is a human-made structure, the candies and confectionery items are processed food products derived from natural materials (e.g., sugar, cocoa, fruits). These items fall under the category of Processed Food & Drinks (The Ingestion Criterion), which is included in the nature definition as edible elements at any processing level. Since nature is 'yes', I evaluate the sub-axes. The candies and confectionery items are processed food products, placing them under the category of Processed Food & Drinks within the biotic category. Because the image captures a real-world physical store with tangible products, it is classified as material under the Tangibility axis.",False
/home/pmonserrat/datasets/places/val_formatted/80/Places365_val_00001272.jpg,candy store,False,,,no,none,none,"The target entity is a candy store. The visual evidence shows a collection of packaged goods, gift boxes, and decorative items, all of which are manufactured and not directly related to more-than-human living entities, ecosystems, or natural processes. The store itself is a commercial establishment, not a natural environment or a representation of nature. Not applicable since the entity is not classified as nature.",False
/home/pmonserrat/datasets/places/val_formatted/80/Places365_val_00001369.jpg,candy store,False,,,no,none,none,"The target entity is a candy store. The visual evidence shows a display of various packaged candies and sweets. These items are processed food products derived from natural materials like sugar, cocoa, and fruit, but they are manufactured and packaged. Since the primary focus is on edible items that are processed and not directly on natural living entities or environments, they do not count as nature under the provided definition. Not applicable since the entity is not classified as nature.",False
/home/pmonserrat/datasets/places/val_formatted/81/Places365_val_00000007.jpg,canyon,True,False,True,yes,abiotic,material,"The target entity is a canyon. The visual evidence shows a massive, deep valley with layered rock cliffs. Large-scale landforms and earth structures fall under Geological & Topographical Components within the Non-Living Natural Elements inclusion scope, fulfilling the criteria for nature. Since nature is 'yes', I evaluate the sub-axes. A canyon is a large-scale landform and earth structure, placing it under Geological & Topographical Components within the abiotic category. Because this is an unfiltered documentary photograph of a real-world physical landscape, it is classified as material under the Tangibility axis.",False
/home/pmonserrat/datasets/places/val_formatted/81/Places365_val_00000263.jpg,canyon,True,False,True,yes,abiotic,material,"The target entity is a canyon. The visual evidence shows a massive, deep valley with layered rock cliffs. Large-scale landforms and earth structures fall under Geological & Topographical Components within the Non-Living Natural Elements inclusion scope, fulfilling the criteria for nature. Since nature is 'yes', I evaluate the sub-axes. A canyon is a large-scale landform and earth structure, placing it under Geological & Topographical Components within the abiotic category. Because this is an unfiltered documentary photograph of a real-world physical landscape, it is classified as material under the Tangibility axis.",False
/home/pmonserrat/datasets/places/val_formatted/81/Places365_val_00000539.jpg,canyon,True,False,True,yes,abiotic,material,"The target entity is a canyon. The visual evidence shows a massive, deep valley with layered rock cliffs. Large-scale landforms and earth structures fall under Geological & Topographical Components within the Non-Living Natural Elements inclusion scope, fulfilling the criteria for nature. Since nature is 'yes', I evaluate the sub-axes. A canyon is a large-scale landform and earth structure, placing it under Geological & Topographical Components within the abiotic category. Because this is an unfiltered documentary photograph of a real-world physical landscape, it is classified as material under the Tangibility axis.",False
/home/pmonserrat/datasets/places/val_formatted/81/Places365_val_00000660.jpg,canyon,True,False,True,yes,abiotic,material,"The target entity is a canyon. The visual evidence shows a massive, deep valley with layered rock cliffs. Large-scale landforms and earth structures fall under Geological & Topographical Components within the Non-Living Natural Elements inclusion scope, fulfilling the criteria for nature. Since nature is 'yes', I evaluate the sub-axes. A canyon is a large-scale landform and earth structure, placing it under Geological & Topographical Components within the abiotic category. Because this is an unfiltered documentary photograph of a real-world physical landscape, it is classified as material under the Tangibility axis.",False
/home/pmonserrat/datasets/places/val_formatted/81/Places365_val_00000714.jpg,canyon,True,False,True,yes,abiotic,material,"The target entity is a canyon. The visual evidence shows a massive, deep valley with layered rock cliffs. Large-scale landforms and earth structures fall under Geological & Topographical Components within the Non-Living Natural Elements inclusion scope, fulfilling the criteria for nature. Since nature is 'yes', I evaluate the sub-axes. A canyon is a large-scale landform and earth structure, placing it under Geological & Topographical Components within the abiotic category. Because this is an unfiltered documentary photograph of a real-world physical landscape, it is classified as material under the Tangibility axis.",False
/home/pmonserrat/datasets/places/val_formatted/83/Places365_val_00000311.jpg,carrousel,False,,,no,none,none,"The target entity is a carousel. The visual evidence shows a manufactured amusement ride with decorative elements and figures. Since it is a homogenous artefact where the original natural texture is unidentifiable and the object does not depict a natural entity, it falls strictly under the Homogenous Artefacts exclusion and fails the criteria for nature. Not applicable since the entity is not classified as nature.",False
/home/pmonserrat/datasets/places/val_formatted/83/Places365_val_00001126.jpg,carrousel,False,,,yes,biotic,immaterial,"The target entity is a carousel. The visual evidence shows a manufactured amusement ride with various animal figures and decorative elements. While the carousel itself is a man-made structure, it features representations of animals and nature-themed designs. These representations fall under the category of Nature-Based Artefacts, as they depict more-than-human living entities. Since nature is 'yes', I evaluate the sub-axes. The carousel is a representation of fauna (animals) and flora (plants) through its designs and figures. As it is a physical object but primarily serves a representational purpose, it is classified as immaterial under the Tangibility axis.",False
/home/pmonserrat/datasets/places/val_formatted/83/Places365_val_00001258.jpg,carrousel,False,,,yes,biotic,immaterial,"The target entity is a carousel. The visual evidence shows a manufactured amusement ride with ornate decorations and figurines of animals. While the carousel itself is a man-made structure, the figurines of animals (such as horses and other creatures) are representations of fauna. These representations fall under the category of Nature-Based Artefacts, as they depict non-human living entities. Since nature is 'yes', I evaluate the sub-axes. The carousel is a manufactured object, but the animal figurines are representations of fauna, placing their conceptual subject under the biotic category. The carousel as a whole is a physical object with mass and occupies space, but its primary purpose is not to represent a natural entity directly. However, the figurines are artistic representations, which are classified as immaterial under the Tangibility axis.",False
/home/pmonserrat/datasets/places/val_formatted/83/Places365_val_00001785.jpg,carrousel,False,,,yes,biotic,immaterial,"The target entity is a carousel. The visual evidence shows a manufactured amusement ride with ornate decorations and a painted scene of Venice. While the carousel itself is a man-made structure, it features a painted depiction of a natural scene (Venice) and includes a figurine of a horse. The carousel is a nature-based artifact because it includes a representation of fauna (the horse) and a natural environment (Venice), fulfilling the inclusion criteria for Representations of Nature. Since nature is 'yes', I evaluate the sub-axes. The carousel includes a representation of fauna (the horse) and a natural environment (Venice), placing its conceptual subjects under the biotic category. The carousel itself is a physical three-dimensional object, but its primary purpose is representational and symbolic, therefore it is classified as immaterial under the Tangibility axis.",False
/home/pmonserrat/datasets/places/val_formatted/83/Places365_val_00002005.jpg,carrousel,False,,,yes,biotic,immaterial,"The target entity is a carousel. The visual evidence shows a mechanical amusement ride with a horse figure. The carousel itself is a manufactured structure, and the horse is a representation of fauna. Since the carousel is a physical object but primarily serves as a representation and not a natural entity, it falls under the category of Nature-Based Artefacts or Representations of Nature. Since nature is 'yes', I evaluate the sub-axes. The carousel is a representation of fauna (the horse), placing its conceptual subject under the biotic category. Although the carousel is a physical object, its primary purpose is representational and symbolic, making it classified as immaterial under the Tangibility axis.",False
/home/pmonserrat/datasets/places/val_formatted/84/Places365_val_00000107.jpg,castle,False,,,no,none,none,"The target entity is a castle. The visual evidence shows a large, constructed building with architectural features such as towers and battlements. Castles are human-made structures and do not fall under the categories of flora, fauna, fungi, or natural processes. They are manufactured artefacts and do not meet the criteria for Nature-Based Artefacts as defined in the taxonomy, which requires the natural material of origin to remain visually identifiable. Not applicable since the entity is not classified as nature.",False
/home/pmonserrat/datasets/places/val_formatted/84/Places365_val_00000538.jpg,castle,False,,,no,none,none,"The target entity is a castle. The visual evidence shows a large, stone-built structure with architectural features such as towers and battlements. Castles are human-made constructions and do not fall under the categories of flora, fauna, fungi, or natural processes. They are classified as homogenous artefacts where the original natural texture is unidentifiable and the object does not depict a natural entity. Not applicable since the entity is not classified as nature.",False
/home/pmonserrat/datasets/places/val_formatted/84/Places365_val_00000562.jpg,castle,False,,,no,none,none,"The target entity is a castle. The visual evidence shows a large, historical building with architectural features such as towers and stone walls. Castles are human-made structures and do not fall under the categories of flora, fauna, fungi, or natural processes. They are constructed by humans and do not meet the criteria for more-than-human living entities or natural environments. Not applicable since the entity is not classified as nature.",False
/home/pmonserrat/datasets/places/val_formatted/84/Places365_val_00000749.jpg,castle,False,,,no,none,none,"The target entity is a castle. The visual evidence shows a constructed building made of stone, with architectural features such as towers and battlements. While the castle is a man-made structure, it is situated in a natural environment with surrounding greenery and rocks. However, under the provided taxonomy, human-made structures that do not depict or reference natural entities are classified as homogenous artefacts and are excluded from nature. Not applicable since the entity is not classified as nature.",False
/home/pmonserrat/datasets/places/val_formatted/84/Places365_val_00000936.jpg,castle,False,,,no,none,none,"The target entity is a castle. The visual evidence shows a large, constructed building with architectural features such as towers and stone walls. Castles are human-made structures and do not fall under the categories of flora, fauna, fungi, or natural processes. They are manufactured artefacts where the original natural texture is unidentifiable and the object does not depict a natural entity, thus failing the criteria for nature. Not applicable since the entity is not classified as nature.",False
/home/pmonserrat/datasets/places/val_formatted/85/Places365_val_00001056.jpg,catacomb,True,False,True,no,none,none,"The target entity is a catacomb. The visual evidence shows a man-made structure made of stone and brick, with signs of age and moss growth. Catacombs are typically underground burial places and are constructed by humans, not formed by natural processes. They do not fall under the categories of flora, fauna, fungi, or natural environments, and are not representations of nature. Not applicable since the entity is not classified as nature.",False
/home/pmonserrat/datasets/places/val_formatted/85/Places365_val_00001090.jpg,catacomb,True,False,True,no,none,none,"The target entity is a catacomb. The visual evidence shows a man-made underground chamber with rock walls and graffiti. Catacombs are human-made structures, not more-than-human living entities or natural environments. They do not fall under the categories of flora, fauna, fungi, ecosystems, or non-living natural elements as defined in the taxonomy. Therefore, it does not count as nature. Not applicable since the entity is not classified as nature.",False
/home/pmonserrat/datasets/places/val_formatted/85/Places365_val_00001380.jpg,catacomb,True,False,True,no,none,none,"The target entity is a catacomb. The visual evidence shows a man-made underground structure with stone walls and a pathway. Catacombs are human-made architectural structures and do not fall under the categories of flora, fauna, fungi, or natural environments. They are constructed by humans and do not meet the criteria for more-than-human living entities or natural processes. Not applicable since the entity is not classified as nature.",False
/home/pmonserrat/datasets/places/val_formatted/85/Places365_val_00001462.jpg,catacomb,True,False,True,no,none,none,"The target entity is a catacomb. The visual evidence shows a man-made structure with a rectangular opening, likely carved into rock or stone. Catacombs are typically underground burial places and are human-made constructions. Since human-made structures that do not depict natural entities or materials are excluded from the nature definition, this instance does not count as nature. Not applicable since the entity is not classified as nature.",False
/home/pmonserrat/datasets/places/val_formatted/85/Places365_val_00001895.jpg,catacomb,True,False,True,no,none,none,"The target entity is a catacomb. The visual evidence shows a subterranean chamber or passageway, typically associated with burial sites. Catacombs are human-made structures, often carved into rock or earth, and do not fall under the categories of flora, fauna, fungi, or natural environments. They are constructed by humans and do not meet the criteria for more-than-human living entities or natural processes. Not applicable since the entity is not classified as nature.",False
/home/pmonserrat/datasets/places/val_formatted/86/Places365_val_00000328.jpg,cemetery,False,,,yes,biotic,material,"The target entity is a cemetery. The visual evidence shows a landscape with gravestones and flags, indicating a place where human burials occur. Cemeteries are natural environments where non-human entities (such as plants and geological formations) exist and interact, fulfilling the inclusion criteria for ecosystems and environments under the Nature definition. Since nature is 'yes', I evaluate the sub-axes. A cemetery is an environment defined by human activity but includes natural elements like soil, plants, and weather phenomena, placing it under Ecosystems & Environments within the biotic category. Because it is a real-world physical location with tangible elements, it is classified as material under the Tangibility axis.",False
/home/pmonserrat/datasets/places/val_formatted/86/Places365_val_00000374.jpg,cemetery,False,,,no,none,none,"The target entity is a cemetery. The visual evidence shows a wall with plaques and inscriptions commemorating individuals. Cemeteries are environments where non-human entities (human remains) are interred, but they are not classified as nature under the provided definition since they primarily serve as human-made spaces for memorialization and do not fall under the categories of flora, fauna, fungi, or natural processes. Not applicable since the entity is not classified as nature.",False
/home/pmonserrat/datasets/places/val_formatted/86/Places365_val_00000651.jpg,cemetery,False,,,yes,biotic,material,"The target entity is a cemetery. The visual evidence shows a collection of gravestones and a memorial cross, set within a landscaped area with trees and flowers. Cemeteries are environments where non-human entities (such as plants and the memorial structures) exist and interact, fulfilling the inclusion criteria for ecosystems and environments under the Nature definition. Since nature is 'yes', I evaluate the sub-axes. The cemetery includes elements such as gravestones (which are nature-based artefacts made from natural materials like stone) and a landscaped environment with plants and flowers (biotic components). The presence of these elements places the cemetery under the biotic category. Additionally, as the image captures a real-world physical environment, it is classified as material under the Tangibility axis.",False
/home/pmonserrat/datasets/places/val_formatted/86/Places365_val_00000873.jpg,cemetery,False,,,yes,biotic,material,"The target entity is a cemetery. The visual evidence shows a landscape with numerous white headstones arranged in rows, surrounded by grass and trees. This setting is an ecosystem defined by the presence of non-human entities (headstones) and natural elements (grass, trees), fulfilling the inclusion criteria for Nature-Based Artefacts and Ecosystems & Environments. Since nature is 'yes', I evaluate the sub-axes. The cemetery is an environment where non-human entities (headstones) and natural elements (grass, trees) coexist, placing it under Ecosystems & Environments within the biotic category. Because this is an unfiltered documentary photograph capturing a real-world physical landscape, it is classified as material under the Tangibility axis.",False
/home/pmonserrat/datasets/places/val_formatted/86/Places365_val_00002019.jpg,cemetery,False,,,yes,abiotic,material,"The target entity is a cemetery. The visual evidence shows a gravestone with intricate carvings, set in a grassy area with trees in the background. Cemeteries are environments where non-human entities (such as plants and the gravestones themselves) exist and interact, fulfilling the inclusion criteria for ecosystems and environments under the Nature definition. Since nature is 'yes', I evaluate the sub-axes. The cemetery is an ecosystem defined by the presence of living communities (plants) and non-living elements (gravestones). The gravestones are nature-based artefacts made from stone, which is a geological material, placing them under Geological & Topographical Components within the abiotic category. The living plants and grass are part of the Flora & Plant Derivatives within the biotic category. Because the image captures a real-world physical environment, it is classified as material under the Tangibility axis.",False
/home/pmonserrat/datasets/places/val_formatted/87/Places365_val_00000054.jpg,chalet,False,,,no,none,none,"The target entity is a chalet. The visual evidence shows a modern architectural structure with a dark exterior and large windows. While the chalet is situated in a natural environment, it is a manufactured structural object. Since homogenous artefacts are excluded unless they depict a natural entity, and this chalet does not fulfill that criterion, it falls strictly under the Homogenous Artefacts exclusion and fails the criteria for nature. Not applicable since the entity is not classified as nature.",False
/home/pmonserrat/datasets/places/val_formatted/87/Places365_val_00000163.jpg,chalet,False,,,no,none,none,"The target entity is a chalet. The visual evidence shows a constructed building situated in a natural environment. While the building itself is a human-made structure, it is surrounded by natural elements such as water and trees. However, the chalet itself is a manufactured object and does not fall under the categories of flora, fauna, fungi, or natural processes. It is not classified as a nature-based artifact because it does not retain the natural material of origin in a visually identifiable way. Not applicable since the entity is not classified as nature.",False
/home/pmonserrat/datasets/places/val_formatted/87/Places365_val_00000182.jpg,chalet,False,,,no,none,none,"The target entity is a chalet. The visual evidence shows a small, wooden structure with a steeply pitched roof, situated in a natural environment with trees and a fenced area. While the chalet is a manufactured structure, it is made primarily of wood, a natural material, and is integrated into a natural setting. However, it is a homogenous artefact where the original natural texture is unidentifiable and altered, and it does not depict a natural entity. Therefore, it falls under the Homogenous Artefacts exclusion and fails the criteria for nature. Not applicable since the entity is not classified as nature.",False
/home/pmonserrat/datasets/places/val_formatted/87/Places365_val_00000261.jpg,chalet,False,,,no,none,none,"The target entity is a chalet. The visual evidence shows a constructed building with architectural features such as windows, balconies, and a roof. While buildings are human-made structures, they are not classified as nature under the provided definition. The chalet is a manufactured structural object and does not fall under the categories of more-than-human living entities, ecosystems, or natural processes. Not applicable since the entity is not classified as nature.",False
/home/pmonserrat/datasets/places/val_formatted/87/Places365_val_00000264.jpg,chalet,False,,,yes,abiotic,material,"The target entity is a chalet. The visual evidence shows a manufactured structural object made primarily of wood and stone. While homogenous artefacts are excluded, manufactured objects where the natural material of origin remains visually identifiable by its grain or texture explicitly count as Nature-Based Artefacts, fulfilling the inclusion criteria. Since nature is 'yes', I evaluate the sub-axes. The chalet is made from wood (a processed material derived from trees) and stone (a geological material). As it is a real-world physical object with mass that occupies space, it is classified as material under the Tangibility axis. The chalet itself is not a biological entity but is constructed using natural materials, placing it under the abiotic category as it represents a human-made structure within a natural environment.",False
/home/pmonserrat/datasets/places/val_formatted/88/Places365_val_00000146.jpg,chemistry lab,False,,,no,none,none,"The target entity is a chemistry lab. The visual evidence shows a room equipped with laboratory apparatus and personnel in protective gear. A chemistry lab is a constructed environment used for scientific research and experimentation, primarily involving human activity and technological processes. It does not fall under the categories of more-than-human living entities, ecosystems, or natural processes as defined in the taxonomy. Instead, it is a human-made space designed for specific scientific purposes. Not applicable since the entity is not classified as nature.",False
/home/pmonserrat/datasets/places/val_formatted/88/Places365_val_00000441.jpg,chemistry lab,False,,,no,none,none,"The target entity is a chemistry lab. The visual evidence shows a room equipped with laboratory apparatus, tools, and materials. A chemistry lab is a constructed environment used for scientific experiments and does not fall under the categories of more-than-human living entities, ecosystems, or natural processes. It is a human-made space and does not meet the criteria for nature under the provided definition. Not applicable since the entity is not classified as nature.",False
/home/pmonserrat/datasets/places/val_formatted/88/Places365_val_00000614.jpg,chemistry lab,False,,,no,none,none,"The target entity is a chemistry lab. The visual evidence shows a room equipped with laboratory benches, sinks, and various scientific apparatuses. The primary purpose of this space is for conducting scientific experiments and research, which involves human activity and technological infrastructure. Since the lab is a constructed environment designed for human use and does not directly involve more-than-human living entities, ecosystems, or natural processes, it falls under the exclusion scope for nature. Not applicable since the entity is not classified as nature.",False
/home/pmonserrat/datasets/places/val_formatted/88/Places365_val_00000676.jpg,chemistry lab,False,,,no,none,none,"The target entity is a chemistry lab. The visual evidence shows a manufactured functional space designed for scientific experiments, with equipment and materials that are not natural in origin. Since it is a constructed environment and does not fall under any of the more-than-human living entities, ecosystems, or natural processes, it does not count as nature under the provided definition. Not applicable since the entity is not classified as nature.",False
/home/pmonserrat/datasets/places/val_formatted/88/Places365_val_00001255.jpg,chemistry lab,False,,,no,none,none,"The target entity is a chemistry lab. The visual evidence shows a setting with laboratory equipment and a person operating machinery. This is a manufactured environment designed for scientific work, and it does not directly involve more-than-human living entities, ecosystems, or natural processes. It is a human-made space and falls under the Homogenous Artefacts exclusion, failing the criteria for nature. Not applicable since the entity is not classified as nature.",False
/home/pmonserrat/datasets/places/val_formatted/9/Places365_val_00000752.jpg,aquarium,False,,,yes,biotic,material,"The target entity is a fish, specifically a clownfish, commonly found in aquariums. The visual evidence shows a real-world living organism, which is a non-human vertebrate (fauna). This fulfills the inclusion criteria for more-than-human living entities under the Nature definition. Since nature is 'yes', I evaluate the sub-axes. A clownfish is a non-human vertebrate (fauna), placing it under the biotic category. Because the image captures a real-world physical organism, it is classified as material under the Tangibility axis.",False
/home/pmonserrat/datasets/places/val_formatted/9/Places365_val_00000877.jpg,aquarium,False,,,yes,biotic,material,"The target entity is an aquarium. The visual evidence shows a contained environment with water and various marine organisms, such as jellyfish and possibly fish. This setup represents a controlled ecosystem where non-human living organisms (fauna) exist and interact, fulfilling the inclusion criteria for nature. Since nature is 'yes', I evaluate the sub-axes. An aquarium is a controlled environment housing marine organisms, placing it under Fauna & Animal Derivatives within the biotic category. Because the image captures a real-world physical setup with living organisms, it is classified as material under the Tangibility axis.",False
/home/pmonserrat/datasets/places/val_formatted/9/Places365_val_00001341.jpg,aquarium,False,,,yes,biotic,material,"The target entity is an aquarium with a fish inside. The visual evidence shows a real-world physical environment containing a living organism (fish) and natural elements (aquatic plants). This setup falls under the category of ecosystems & environments, specifically a semi-natural environment where non-human entities exist and interact, fulfilling the inclusion criteria for nature. Since nature is 'yes', I evaluate the sub-axes. The aquarium contains a fish (fauna) and aquatic plants (flora), placing it under the biotic category. The aquarium is a real-world physical object with mass that occupies space, making it classified as material under the Tangibility axis.",False
/home/pmonserrat/datasets/places/val_formatted/9/Places365_val_00002160.jpg,aquarium,False,,,no,none,none,"The target entity is an aquarium. The visual evidence shows a man-made structure housing a dolphin performing a jump. While the aquarium itself is a human-made environment, it contains a living organism (the dolphin) and is designed to simulate a natural aquatic environment. However, the aquarium as a whole is primarily a human-made structure and not a natural ecosystem. Not applicable since the entity is not classified as nature.",False
/home/pmonserrat/datasets/places/val_formatted/9/Places365_val_00002332.jpg,aquarium,False,,,yes,biotic,material,"The target entity is an aquarium. The visual evidence shows a large tank filled with water and marine life, such as fish and coral. This setup includes a natural environment replicated within a controlled space, fulfilling the inclusion criteria for ecosystems and environments under the Nature definition. Since nature is 'yes', I evaluate the sub-axes. The aquarium contains living organisms (fish and coral), placing it under the biotic category. The aquarium itself is a physical structure, but it houses a biological ecosystem, making it material under the Tangibility axis.",False
/home/pmonserrat/datasets/places/val_formatted/93/Places365_val_00000003.jpg,clean room,False,,,no,none,none,"The target entity is a clean room. The visual evidence shows a sterile environment typically used in medical or laboratory settings. This space is characterized by its cleanliness and controlled conditions, but it does not contain any more-than-human living entities, ecosystems, or natural elements as defined in the taxonomy. It is a constructed environment designed for specific functional purposes, and does not fall under the categories of flora, fauna, fungi, hydrological components, atmospheric phenomena, geological formations, or any other natural elements or processes. Not applicable since the entity is not classified as nature.",False
/home/pmonserrat/datasets/places/val_formatted/93/Places365_val_00000275.jpg,clean room,False,,,no,none,none,"The target entity is a clean room. The visual evidence shows a room designed for sterile conditions, typically used in medical or laboratory settings. This is a manufactured environment, not a natural one, and does not fall under any of the categories of flora, fauna, fungi, or natural processes. It is a human-made space intended for specific functional purposes, not a representation or depiction of nature. Not applicable since the entity is not classified as nature.",False
/home/pmonserrat/datasets/places/val_formatted/93/Places365_val_00000976.jpg,clean room,False,,,no,none,none,"The target entity is a clean room. The visual evidence shows a controlled environment with industrial equipment and personnel. Clean rooms are human-made spaces designed for specific purposes, such as manufacturing or research, and do not fall under the categories of flora, fauna, fungi, or natural environments. They are not classified as nature under the provided definition. Not applicable since the entity is not classified as nature.",False
/home/pmonserrat/datasets/places/val_formatted/93/Places365_val_00001557.jpg,clean room,False,,,no,none,none,"The target entity is a clean room. The visual evidence shows a controlled environment typically used in laboratories or manufacturing settings to prevent contamination. This setting is characterized by sterile conditions and advanced equipment, but it does not inherently include more-than-human living entities, ecosystems, or natural processes as defined in the taxonomy. It is a human-made environment focused on maintaining cleanliness and precision, not on natural elements or processes. Not applicable since the entity is not classified as nature.",False
/home/pmonserrat/datasets/places/val_formatted/93/Places365_val_00002256.jpg,clean room,False,,,no,none,none,"The target entity is a clean room, which is a controlled environment typically used in scientific research or manufacturing. The visual evidence shows a highly technical and manufactured setting with equipment and machinery. Since clean rooms are human-made environments and do not contain more-than-human living entities, ecosystems, or natural processes, they do not fall under the inclusion criteria for nature. Not applicable since the entity is not classified as nature.",False
/home/pmonserrat/datasets/places/val_formatted/94/Places365_val_00000117.jpg,cliff,True,False,True,yes,abiotic,material,"The target entity is a cliff. The visual evidence shows a large, natural rock formation covered with vegetation. Geological & Topographical Components are explicitly classified under Non-Living Natural Elements & Processes, fulfilling the inclusion criteria for nature. Since nature is 'yes', I evaluate the sub-axes. A cliff is a geological formation, placing it under Geological & Topographical Components within the abiotic category. Because this is an unfiltered documentary photograph capturing a real-world physical landscape, it is classified as material under the Tangibility axis.",False
/home/pmonserrat/datasets/places/val_formatted/94/Places365_val_00000376.jpg,cliff,True,False,True,yes,abiotic,material,"The target entity is a cliff. The visual evidence shows a large, natural rock formation. Geological & Topographical Components are explicitly classified under Non-Living Natural Elements & Processes, fulfilling the inclusion criteria for nature. Since nature is 'yes', I evaluate the sub-axes. A cliff is a geological formation, placing it under Geological & Topographical Components within the abiotic category. Because this is an unfiltered documentary photograph capturing a real-world physical landscape, it is classified as material under the Tangibility axis.",False
/home/pmonserrat/datasets/places/val_formatted/94/Places365_val_00000810.jpg,cliff,True,False,True,yes,abiotic,material,"The target entity is a cliff. The visual evidence shows a large, natural rock formation with distinct geological layers. Geological & Topographical Components are explicitly classified under Non-Living Natural Elements & Processes, fulfilling the inclusion criteria for nature. Since nature is 'yes', I evaluate the sub-axes. A cliff is a large-scale landform and earth structure, placing it under Geological & Topographical Components within the abiotic category. Because this is an unfiltered documentary photograph of a real-world physical landscape, it is classified as material under the Tangibility axis.",False
/home/pmonserrat/datasets/places/val_formatted/94/Places365_val_00000889.jpg,cliff,True,False,True,yes,abiotic,material,"The target entity is a cliff. The visual evidence shows a natural geological formation composed of rock layers. Geological & Topographical Components are explicitly classified under Non-Living Natural Elements & Processes, fulfilling the inclusion criteria for nature. Since nature is 'yes', I evaluate the sub-axes. A cliff is a large-scale landform and earth structure, placing it under Geological & Topographical Components within the abiotic category. Because this is an unfiltered documentary photograph of a real-world physical landscape, it is classified as material under the Tangibility axis.",False
/home/pmonserrat/datasets/places/val_formatted/94/Places365_val_00001142.jpg,cliff,True,False,True,yes,abiotic,material,"The target entity is a cliff. The visual evidence shows a large, natural rock formation with vegetation growing on it. Geological & Topographical Components, such as cliffs, are explicitly classified under Non-Living Natural Elements & Processes, fulfilling the inclusion criteria for nature. Since nature is 'yes', I evaluate the sub-axes. A cliff is a geological formation, placing it under Geological & Topographical Components within the abiotic category. Because this is an unfiltered documentary photograph capturing a real-world physical landscape, it is classified as material under the Tangibility axis.",False
/home/pmonserrat/datasets/places/val_formatted/95/Places365_val_00000546.jpg,closet,False,,,no,none,none,"The target entity is a closet. The visual evidence shows a manufactured structural object made of fabric and possibly other materials. Since homogenous artefacts are excluded and the object does not depict a natural entity, it falls strictly under the Homogenous Artefacts exclusion and fails the criteria for nature. Not applicable since the entity is not classified as nature.",False
/home/pmonserrat/datasets/places/val_formatted/95/Places365_val_00000646.jpg,closet,False,,,no,none,none,"The target entity is a closet. The visual evidence shows a manufactured structural object made of wood and metal. While the wood may have a natural origin, the closet itself is a homogenous artefact where the original natural texture is unidentifiable and altered. It does not depict a natural entity, and therefore falls strictly under the Homogenous Artefacts exclusion and fails the criteria for nature. Not applicable since the entity is not classified as nature.",False
/home/pmonserrat/datasets/places/val_formatted/95/Places365_val_00001219.jpg,closet,False,,,yes,biotic,material,"The target entity is a closet. The visual evidence shows a manufactured structural object made of wood with clearly visible natural grain. While homogenous artefacts are excluded, manufactured objects where the natural material of origin remains visually identifiable by its grain or texture explicitly count as Nature-Based Artefacts, fulfilling the inclusion criteria. Since nature is 'yes', I evaluate the sub-axes. Wood is a processed material derived from trees, placing it under Flora & Plant Derivatives within the biotic category. Because it is a real-world physical object with mass that occupies space, it is classified as material under the Tangibility axis.",False
/home/pmonserrat/datasets/places/val_formatted/95/Places365_val_00001505.jpg,closet,False,,,no,none,none,"The target entity is a closet. The visual evidence shows a manufactured structural object made of materials like wood or metal, designed for storage. Since homogenous artefacts are excluded if the natural material's texture is unidentifiable and the object does not depict a natural entity, this closet does not count as nature. Not applicable since the entity is not classified as nature.",False
/home/pmonserrat/datasets/places/val_formatted/95/Places365_val_00001627.jpg,closet,False,,,yes,biotic,material,"The target entity is a closet. The visual evidence shows a manufactured structural object made of wood with clearly visible natural grain. While homogenous artefacts are excluded, manufactured objects where the natural material of origin remains visually identifiable by its grain or texture explicitly count as Nature-Based Artefacts, fulfilling the inclusion criteria. Since nature is 'yes', I evaluate the sub-axes. Wood is a processed material derived from trees, placing it under Flora & Plant Derivatives within the biotic category. Because it is a real-world physical object with mass that occupies space, it is classified as material under the Tangibility axis.",False
/home/pmonserrat/datasets/places/val_formatted/96/Places365_val_00000985.jpg,clothing store,False,,,no,none,none,"The target entity is a pair of boots. The visual evidence shows a manufactured object made of leather with a brand label. Since the original natural texture of the materials is completely unidentifiable and altered, and the object does not depict a natural entity, it falls strictly under the Homogenous Artefacts exclusion and fails the criteria for nature. Not applicable since the entity is not classified as nature.",False
/home/pmonserrat/datasets/places/val_formatted/96/Places365_val_00001233.jpg,clothing store,False,,,no,none,none,"The target entity is a clothing store. The visual evidence shows mannequins dressed in garments, including a plaid coat and a suit. Clothing items are manufactured objects made from natural materials like wool, cotton, or synthetic fibers derived from plants or animals. However, the store itself is a commercial establishment, not a natural entity or environment. The focus is on human-made products rather than natural processes or living organisms. Not applicable since the entity is not classified as nature.",False
/home/pmonserrat/datasets/places/val_formatted/96/Places365_val_00001235.jpg,clothing store,False,,,no,none,none,"The target entity is a clothing store. The visual evidence shows a retail environment with various clothing items on display. Clothing items are manufactured objects made from materials like cotton, polyester, or other synthetic fibers. These materials are derived from plants or processed chemicals and do not retain the natural texture or characteristics of their biological origins. Since clothing items are homogenous artefacts where the original natural texture is unidentifiable and the object does not depict a natural entity, they fall strictly under the Homogenous Artefacts exclusion and fail the criteria for nature. Not applicable since the entity is not classified as nature.",False
/home/pmonserrat/datasets/places/val_formatted/96/Places365_val_00001269.jpg,clothing store,False,,,no,none,none,"The target entity is a clothing store. The visual evidence shows a person wearing a leather jacket, which is a manufactured item. Clothing stores sell human-made garments and are not classified as nature under the provided definition, as they do not fall into any of the categories of more-than-human living entities, ecosystems, or natural processes. Not applicable since the entity is not classified as nature.",False
/home/pmonserrat/datasets/places/val_formatted/96/Places365_val_00001996.jpg,clothing store,False,,,no,none,none,"The target entity is a clothing store. The visual evidence shows a retail environment with racks of clothing and shelves of accessories. Clothing and accessories are manufactured items made from various materials, such as cotton, polyester, and synthetic fabrics. These items do not fall under the categories of flora, fauna, fungi, or natural processes, and they are not nature-based artefacts or representations of nature. Therefore, they do not meet the criteria for nature under the provided definition. Not applicable since the entity is not classified as nature.",False
/home/pmonserrat/datasets/places/val_formatted/97/Places365_val_00000336.jpg,coast,True,False,True,yes,abiotic,material,"The target entity is a coast. The visual evidence shows a natural landscape featuring a coastline with cliffs, ocean, and surrounding hills. This falls under the category of Ecosystems & Environments, specifically within the Non-Living Natural Elements & Processes, fulfilling the inclusion criteria for nature. Since nature is 'yes', I evaluate the sub-axes. A coast is a geographical feature where land meets the ocean, placing it under Hydrological Components within the abiotic category. Because the image is an unfiltered documentary photograph capturing a real-world physical environment, it is classified as material under the Tangibility axis.",False
/home/pmonserrat/datasets/places/val_formatted/97/Places365_val_00000706.jpg,coast,True,False,True,yes,abiotic,material,"The target entity is a coastal scene with a fishing boat on the water. The visual evidence shows a real-world physical environment, including water bodies and a shoreline. Hydrological components (rivers, ponds, lakes, streams) and coastal areas are explicitly classified under Non-Living Natural Elements & Processes, fulfilling the inclusion criteria for nature. Since nature is 'yes', I evaluate the sub-axes. The scene includes a body of water and a shoreline, placing it under Hydrological Components within the abiotic category. Because this is an unfiltered documentary photograph capturing a real-world physical environment, it is classified as material under the Tangibility axis.",False
/home/pmonserrat/datasets/places/val_formatted/97/Places365_val_00000754.jpg,coast,True,False,True,yes,abiotic,material,"The target entity is a coastal landscape. The visual evidence shows a natural environment with water bodies, floating debris, and forested areas. This falls under the Non-Living Natural Elements & Processes, specifically Hydrological Components, fulfilling the inclusion criteria for nature. Since nature is 'yes', I evaluate the sub-axes. A coastal landscape is a hydrological component, placing it under Hydrological Components within the abiotic category. Because the image is an unfiltered documentary photograph capturing a real-world physical environment, it is classified as material under the Tangibility axis.",False
/home/pmonserrat/datasets/places/val_formatted/97/Places365_val_00001214.jpg,coast,True,False,True,yes,abiotic,material,"The target entity is a coastal area. The visual evidence shows a natural shoreline with sand, water, and a hillside. This environment is a natural or semi-natural ecosystem where non-human entities exist and interact, fulfilling the inclusion criteria for nature. Since nature is 'yes', I evaluate the sub-axes. A coastal area is a natural environment characterized by its geological and hydrological components, placing it under the abiotic category. Because this is an unfiltered documentary photograph capturing a real-world physical landscape, it is classified as material under the Tangibility axis.",False
/home/pmonserrat/datasets/places/val_formatted/97/Places365_val_00001924.jpg,coast,True,False,True,yes,abiotic,material,"The target entity is a coast. The visual evidence shows a natural shoreline where land meets the sea. This falls under the category of Ecosystems & Environments, specifically coastal ecosystems, which are explicitly included in the nature definition. Since nature is 'yes', I evaluate the sub-axes. A coast is a geographical feature that includes both land and water, placing it under Hydrological Components within the abiotic category. Because the image is an unfiltered documentary photograph capturing a real-world physical environment, it is classified as material under the Tangibility axis.",False
/home/pmonserrat/datasets/places/val_formatted/98/Places365_val_00000088.jpg,cockpit,False,,,no,none,none,"The target entity is a cockpit. The visual evidence shows a complex array of instruments, controls, and gauges made of metal and plastic. These materials are manufactured and do not retain any natural texture or origin. The cockpit is a functional object designed for human operation and does not fall under any category of more-than-human living entities, ecosystems, or natural processes. It is a homogenous artefact where the original natural texture is unidentifiable and altered, and it does not depict a natural entity. Not applicable since the entity is not classified as nature.",False
/home/pmonserrat/datasets/places/val_formatted/98/Places365_val_00000879.jpg,cockpit,False,,,no,none,none,"The target entity is a cockpit. The visual evidence shows a complex array of instruments, controls, and panels made of metal and plastic. These materials are manufactured and do not retain any natural texture or origin. The cockpit is a functional object designed for human use and does not fall under any category of more-than-human living entities, ecosystems, or natural processes. It is a homogenous artefact where the original natural texture is unidentifiable and the object does not depict a natural entity. Not applicable since the entity is not classified as nature.",False
/home/pmonserrat/datasets/places/val_formatted/98/Places365_val_00001195.jpg,cockpit,False,,,no,none,none,"The target entity is a cockpit. The visual evidence shows a highly manufactured environment filled with complex control panels, instruments, and seating. This is a human-made structure designed for operation and does not fall under the categories of flora, fauna, fungi, or natural processes. It is a functional space created by humans and does not meet the criteria for nature under the provided definition. Not applicable since the entity is not classified as nature.",False
/home/pmonserrat/datasets/places/val_formatted/98/Places365_val_00001449.jpg,cockpit,False,,,no,none,none,"The target entity is a cockpit. The visual evidence shows a complex array of instruments, controls, and screens designed for operating an aircraft. This is a manufactured functional object made of materials like metal, plastic, and glass, with no visible natural grain or texture that would classify it as a nature-based artefact. It does not depict a natural entity and falls under the Homogenous Artefacts exclusion, failing the criteria for nature. Not applicable since the entity is not classified as nature.",False
/home/pmonserrat/datasets/places/val_formatted/98/Places365_val_00001547.jpg,cockpit,False,,,no,none,none,"The target entity is a cockpit. The visual evidence shows a man-made structure with various instruments and controls, designed for operating an aircraft. Since the cockpit is a manufactured object and does not fall under any of the categories of more-than-human living entities, ecosystems, or natural processes, it is excluded from the nature definition. Not applicable since the entity is not classified as nature.",False
/home/pmonserrat/datasets/places/val_formatted/99/Places365_val_00000044.jpg,coffee shop,False,,,no,none,none,"The target entity is a coffee shop. The visual evidence shows an interior space with furniture, lighting, and wall decorations. While the shop may serve coffee, which is a processed food item derived from plants (Flora & Plant Derivatives), the coffee shop itself is a constructed environment and does not directly count as nature under the provided definition. The primary focus is on the man-made structure and its contents rather than on natural elements or processes. Not applicable since the entity is not classified as nature.",False
/home/pmonserrat/datasets/places/val_formatted/99/Places365_val_00000525.jpg,coffee shop,False,,,no,none,none,"The target entity is a coffee shop. The visual evidence shows a commercial establishment where coffee is served. Coffee is a processed food item derived from the beans of the Coffea plant, which is a more-than-human living organism. However, the coffee shop itself is a human-made environment and does not directly count as nature under the provided definition. Not applicable since the entity is not classified as nature.",False
/home/pmonserrat/datasets/places/val_formatted/99/Places365_val_00000596.jpg,coffee shop,False,,,no,none,none,"The target entity is a coffee shop. The visual evidence shows an indoor setting where people are seated at tables, likely engaging in activities such as reading or conversing. The primary focus is on human interaction and the built environment, which is a man-made structure. Coffee shops are not classified as nature under the provided definition because they are human-made spaces designed for social and commercial activities, not natural environments or living entities. Not applicable since the entity is not classified as nature.",False
/home/pmonserrat/datasets/places/val_formatted/99/Places365_val_00000956.jpg,coffee shop,False,,,no,none,none,"The target entity is a coffee shop. The visual evidence shows a setting where food and drinks are prepared and served. Coffee, a processed food item derived from the beans of the Coffea plant, is included under the Ingestion Criterion as an edible solid or liquid element. However, the coffee shop itself is a human-made establishment and not a natural entity or environment. Not applicable since the entity is not classified as nature.",False
/home/pmonserrat/datasets/places/val_formatted/99/Places365_val_00001283.jpg,coffee shop,False,,,no,none,none,"The target entity is a coffee shop. The visual evidence shows an interior space with furniture, lighting, and decorative elements. While the shop may serve coffee (a processed food item), the primary focus is on the built environment and human activity. The space itself does not directly represent a more-than-human living entity, ecosystem, or natural process as defined in the taxonomy. Therefore, it does not fulfill the inclusion criteria for nature. Not applicable since the entity is not classified as nature.",False
