image_path,class_name,gt_nature,gt_biotic,gt_material,pred_nature,pred_biotic,pred_material,reasoning,parse_failed
/home/pmonserrat/datasets/places/val_formatted/10/Places365_val_00000668.jpg,aqueduct,False,,,no,none,none,"The target entity is an aqueduct. The visual evidence shows a large, multi-tiered stone structure with arches spanning a river. This is a manufactured structural object. While it is made of stone (a natural material), the original natural texture is unidentifiable and the object does not depict a natural entity; it is a functional engineering structure. Therefore, it falls under the Homogenous Artefacts exclusion and fails the criteria for nature. Not applicable since the entity is not classified as nature.",False
/home/pmonserrat/datasets/places/val_formatted/10/Places365_val_00000795.jpg,aqueduct,False,,,no,none,none,"The target entity is an aqueduct. The visual evidence shows a constructed bridge-like structure with arches spanning a stream. While the structure is man-made, it is explicitly designed to channel water, a hydrological element. However, the definition of 'Nature-Based Artefacts' requires the natural material of origin to remain visually identifiable by its structure, grain, or texture (e.g., wooden tables with visible wood grain). This aqueduct appears to be made of concrete or stone, but the surface is smooth and uniform, lacking the distinct natural grain or texture of the raw material. More importantly, it is a functional infrastructure object rather than a representation of a natural entity or a material where the natural origin is the primary visual feature. It falls under the exclusion of 'Homogenous Artefacts' or general manufactured objects where the natural texture is unidentifiable. Therefore, it does not count as nature under this specific taxonomy. Not applicable since the entity is not classified as nature.",False
/home/pmonserrat/datasets/places/val_formatted/10/Places365_val_00000909.jpg,aqueduct,False,,,yes,abiotic,material,"The target entity is an aqueduct. The visual evidence shows a large, ancient stone structure composed of multiple arches and columns. While it is a manufactured object, it is constructed from stone blocks where the natural texture and grain of the rock are clearly visible and identifiable. According to the inclusion scope for Nature-Based Artefacts, crafted or manufactured objects where the natural material of origin remains visually identifiable by its structure, grain, or texture (e.g., stone surfaces with distinct natural texture) count as nature. Since nature is 'yes', I evaluate the sub-axes. The aqueduct is constructed from stone, which falls under Geological & Mineral components within the abiotic category. Because the image is an unfiltered documentary photograph capturing a real-world physical structure with mass occupying space, it is classified as material under the Tangibility axis.",False
/home/pmonserrat/datasets/places/val_formatted/10/Places365_val_00001091.jpg,aqueduct,False,,,no,none,none,"The target entity is an aqueduct. The visual evidence shows a man-made structure constructed from stone blocks arranged in arches. While the material (stone) is natural, the object itself is a manufactured structural entity where the original natural texture is unidentifiable and the object does not depict a natural entity. It falls strictly under the Homogenous Artefacts exclusion and fails the criteria for nature. Not applicable since the entity is not classified as nature.",False
/home/pmonserrat/datasets/places/val_formatted/10/Places365_val_00001516.jpg,aqueduct,False,,,,,,,True
/home/pmonserrat/datasets/places/val_formatted/101/Places365_val_00000248.jpg,conference center,False,,,no,none,none,"The target entity is a conference center. The visual evidence shows an interior room with tables, chairs, and walls. While the room contains natural elements like wood paneling on the walls and potentially natural light from windows, the entity 'conference center' itself refers to the functional, manufactured space and its furniture. The primary structure is a homogenous artefact (a room/building) where the natural material of origin is not the defining visual characteristic of the entity itself, and it does not depict a natural entity. It falls under the exclusion scope for homogenous artefacts and administrative/political units (as a functional space). Not applicable since the entity is not classified as nature.",False
/home/pmonserrat/datasets/places/val_formatted/101/Places365_val_00001563.jpg,conference center,False,,,no,none,none,"The target entity is a conference center. The visual evidence shows a man standing on a stage in front of a large projection screen and a flip chart, which are typical features of a conference or presentation setting. However, the term 'conference center' refers to a specific administrative or functional location (a building or venue designed for meetings). Under the provided taxonomy, administrative and political units, as well as functional labels for buildings, fall under the Exclusion Scope. The visual evidence depicts a human being and manufactured objects (screen, chart, stand), but the entity 'conference center' itself is a functional designation for a built environment, not a natural element, ecosystem, or representation of nature. Not applicable since the entity is not classified as nature.",False
/home/pmonserrat/datasets/places/val_formatted/101/Places365_val_00002450.jpg,conference center,False,,,no,none,none,"The target entity is a conference center. The visual evidence shows a group of people sitting at a table in an indoor setting, likely a meeting room or hall. While the setting might be a conference center, the entity itself is a human-made administrative or political unit (a specific type of building or venue). Under the provided taxonomy, administrative and political units (e.g., countries, counties, districts, cities) are explicitly excluded from the nature definition. Furthermore, the building itself is a homogenous artefact where the natural material is not the primary focus or identifiable in a way that classifies it as a nature-based artefact in this context. Therefore, it does not count as nature. Not applicable since the entity is not classified as nature.",False
/home/pmonserrat/datasets/places/val_formatted/101/Places365_val_00002646.jpg,conference center,False,,,no,none,none,"The target entity is a conference center. The visual evidence shows an indoor room with a projector, a screen, a table, and a person giving a presentation. This is a built, functional environment designed for human administrative and professional activities. Under the provided taxonomy, administrative and political units (including functional spaces like conference centers) are explicitly excluded from the nature definition. Furthermore, the room itself is a homogenous artefact where the natural texture of the materials (like the wood floor or the wall panels) is either unidentifiable or the object does not depict a natural entity. Therefore, it fails the criteria for nature. Not applicable since the entity is not classified as nature.",False
/home/pmonserrat/datasets/places/val_formatted/101/Places365_val_00002872.jpg,conference center,False,,,no,none,none,"The target entity is a conference center. The visual evidence shows an indoor room with tables, chairs, and presentation screens where people are gathered. This is a built, man-made environment designed for human meetings and administrative functions. Under the provided taxonomy, this falls under the Exclusion Scope for 'Homogenous Artefacts' (manufactured structural objects where the original natural texture is unidentifiable) and 'Administrative & Political Units' (functional spaces). It does not depict a natural entity, nor does it contain visible natural materials as its primary defining feature in a way that qualifies it as a Nature-Based Artefact. Therefore, it is not classified as nature. Not applicable since the entity is not classified as nature.",False
/home/pmonserrat/datasets/places/val_formatted/102/Places365_val_00000339.jpg,conference room,False,,,no,none,none,"The target entity is a conference room. The visual evidence shows an interior space containing a large wooden table and chairs. While the table is a Nature-Based Artefact due to the visible wood grain, the entity 'conference room' itself is an administrative or functional designation for a room used for meetings. The Exclusion Scope explicitly states that 'Administrative & Political Units' and functional labels are not classified as nature. The room is a constructed environment, not a natural ecosystem or element, and the term refers to its function rather than a natural characteristic. Not applicable since the entity is not classified as nature.",False
/home/pmonserrat/datasets/places/val_formatted/102/Places365_val_00002870.jpg,conference room,False,,,no,none,none,"The target entity is a conference room. The visual evidence shows an interior space of a building containing furniture, electronics, and walls. While there is a small potted plant visible in the background, the entity 'conference room' itself refers to the functional, man-made architectural space and its contents. The primary components (walls, floor, furniture, electronics) are homogenous artefacts or manufactured structures where the original natural texture is unidentifiable. The room as a functional unit does not depict a natural entity and falls under the Exclusion Scope for administrative or functional units and homogenous artefacts. Not applicable since the entity is not classified as nature.",False
/home/pmonserrat/datasets/places/val_formatted/102/Places365_val_00002914.jpg,conference room,False,,,no,none,none,"The target entity is a conference room. The visual evidence shows an interior space of a building containing furniture, electronics, and carpeting. While there is a view of the outdoors through the windows, the room itself is a constructed, artificial environment. It does not depict a natural entity, nor is it a natural ecosystem or element. Therefore, it falls under the exclusion scope for administrative or constructed units and is not classified as nature. Not applicable since the entity is not classified as nature.",False
/home/pmonserrat/datasets/places/val_formatted/102/Places365_val_00002934.jpg,conference room,False,,,no,none,none,"The target entity is a conference room. The visual evidence shows an interior space containing manufactured furniture (tables, chairs), electronic equipment (whiteboards, air conditioning), and artificial flooring. While the room has windows looking out onto a natural harbor, the room itself is a constructed, artificial environment. It does not depict a natural entity, nor is it a natural ecosystem or element. Therefore, it falls under the exclusion scope for homogenous artefacts and administrative units, failing the criteria for nature. Not applicable since the entity is not classified as nature.",False
/home/pmonserrat/datasets/places/val_formatted/102/Places365_val_00003510.jpg,conference room,False,,,no,none,none,"The target entity is a conference room. The visual evidence shows an indoor space containing furniture, people, and artificial lighting. While the room contains elements like curtains and carpet that may have natural origins, the 'conference room' itself is a functional, man-made architectural space. It does not depict a natural entity, nor is it a natural environment or process. It falls under the exclusion scope for homogenous artefacts and administrative units (as a designated space for human activity), failing the criteria for nature. Not applicable since the entity is not classified as nature.",False
/home/pmonserrat/datasets/places/val_formatted/104/Places365_val_00000281.jpg,corn field,True,True,True,yes,biotic,material,"The target entity is a corn field. The visual evidence shows a real-world agricultural landscape dominated by rows of green crops. Flora & Plant Derivatives (wild or cultivated plants) are explicitly included under the Inclusion Scope of the Nature Axis. Furthermore, the environment is defined by the living communities within it, fitting the definition of Biological Ecosystems. This is a real-world physical environment, not a fictional or homogenous artefact, thus fulfilling the criteria for nature. Since nature is 'yes', I evaluate the sub-axes. A corn field is an environment defined by the living communities (corn plants) and biological interactions within it, placing it under Biological Ecosystems within the biotic category. Because the image is an unfiltered documentary photograph capturing a real-world physical landscape with mass and physical presence, it is classified as material under the Tangibility axis.",False
/home/pmonserrat/datasets/places/val_formatted/104/Places365_val_00000329.jpg,corn field,True,True,True,yes,biotic,material,"The target entity is a corn field. The visual evidence shows a dense collection of green corn plants growing in an agricultural setting. Flora (plants) are explicitly included under the Inclusion Scope of the Nature Definition, and biological ecosystems (like vegetable gardens or cultivated fields) are also included. Therefore, this instance counts as nature. Since nature is 'yes', I evaluate the sub-axes. Corn is a plant, placing it under Flora & Plant Derivatives within the biotic category. Because the image is an unfiltered documentary photograph capturing a real-world physical environment with mass and physical presence, it is classified as material under the Tangibility axis.",False
/home/pmonserrat/datasets/places/val_formatted/104/Places365_val_00000719.jpg,corn field,True,True,True,yes,biotic,material,"The target entity is a corn field. The visual evidence shows a vast expanse of cultivated plants growing in rows within a natural environment. Flora (corn plants) and biological ecosystems (vegetable gardens, cultivated fields) are explicitly classified under the Inclusion Scope of Nature. This is a real-world physical environment defined by living communities, fulfilling the criteria for nature. Since nature is 'yes', I evaluate the sub-axes. A corn field is an environment defined by living communities (flora), placing it under Biological Ecosystems within the biotic category. Because the image is an unfiltered documentary photograph capturing a real-world physical landscape with mass and physical presence, it is classified as material under the Tangibility axis.",False
/home/pmonserrat/datasets/places/val_formatted/104/Places365_val_00000845.jpg,corn field,True,True,True,yes,biotic,material,"The target entity is a corn field. The visual evidence shows a dense area of tall, green plants growing in rows, which are clearly identifiable as cultivated crops. Flora & Plant Derivatives (wild or cultivated plants) are explicitly included under the Inclusion Scope of the Nature Axis. Furthermore, the environment is a cultivated agricultural setting, which falls under Ecosystems & Environments. This fulfills the criteria for nature. Since nature is 'yes', I evaluate the sub-axes. Corn is a cultivated plant, placing it under Flora & Plant Derivatives within the biotic category. Because the image is an unfiltered documentary photograph capturing a real-world physical environment with mass and physical presence, it is classified as material under the Tangibility axis.",False
/home/pmonserrat/datasets/places/val_formatted/104/Places365_val_00001013.jpg,corn field,True,True,True,yes,biotic,material,"The target entity is a corn field. The visual evidence shows a dense collection of tall, dried plants growing in rows, which are clearly identifiable as corn (maize). Under the Nature Definition, cultivated plants (Flora) and their derivatives are explicitly included in the Inclusion Scope. A field of corn represents a biological ecosystem defined by living communities, fulfilling the criteria for nature. Since nature is 'yes', I evaluate the sub-axes. Corn is a plant, placing it under Flora & Plant Derivatives within the biotic category. Because the image is an unfiltered documentary photograph capturing a real-world physical environment with mass and physical presence, it is classified as material under the Tangibility axis.",False
/home/pmonserrat/datasets/places/val_formatted/105/Places365_val_00000254.jpg,corral,True,False,False,,,,,True
/home/pmonserrat/datasets/places/val_formatted/105/Places365_val_00000306.jpg,corral,True,False,False,,,,,True
/home/pmonserrat/datasets/places/val_formatted/105/Places365_val_00002388.jpg,corral,True,False,False,no,none,none,"The target entity is a corral. The visual evidence shows a wooden structure, likely a fence or enclosure, constructed from logs. While the wood itself is a natural material, the structure is a manufactured object. However, the term 'corral' refers to the enclosure itself, which is a functional, man-made structure. Under the exclusion scope, homogenous artefacts (manufactured structural objects where the original natural texture is unidentifiable) are excluded. While the wood grain is visible, the primary function of a corral is a structural enclosure, not a representation of nature or a natural ecosystem. It is a man-made facility. Therefore, it falls under the exclusion scope for homogenous artefacts/functional objects. Not applicable since the entity is not classified as nature.",False
/home/pmonserrat/datasets/places/val_formatted/105/Places365_val_00002868.jpg,corral,True,False,False,no,none,none,"The target entity is a corral. The visual evidence shows a fenced enclosure constructed of metal posts and wire, situated within a grassy field. While the corral is a man-made structure, the definition of Nature-Based Artefacts includes manufactured objects where the natural material of origin remains visually identifiable by its structure, grain, or texture. However, a standard wire fence or metal post structure is typically considered a homogenous artefact where the natural texture is unidentifiable and the object does not depict a natural entity. It is a functional object for containing animals, not a representation of nature or a natural material artefact. Therefore, it falls under the Homogenous Artefacts exclusion and fails the criteria for nature. Not applicable since the entity is not classified as nature.",False
/home/pmonserrat/datasets/places/val_formatted/105/Places365_val_00003051.jpg,corral,True,False,False,no,none,none,"The target entity is a corral. The visual evidence shows a fenced enclosure made of wire mesh and posts, situated in a grassy field with hay bales. While the surrounding environment (grass, trees, hay) is nature, the corral itself is a manufactured structure designed for containing animals. It is a functional object where the original natural texture of the materials (wire, metal posts) is unidentifiable and the object does not depict a natural entity. Therefore, it falls under the Homogenous Artefacts exclusion and fails the criteria for nature. Not applicable since the entity is not classified as nature.",False
/home/pmonserrat/datasets/places/val_formatted/106/Places365_val_00000006.jpg,corridor,False,,,no,none,none,"The target entity is a corridor. The visual evidence shows an indoor architectural space defined by walls, a ceiling, and a floor, containing doors and windows. This is a constructed, man-made environment. While it may contain natural materials (like the green ceiling tiles or the floor), the entity itself is a functional architectural structure. Under the provided taxonomy, homogenous artefacts (manufactured structural objects where the original natural texture is unidentifiable) are excluded. A corridor is a functional architectural unit, not a natural entity, ecosystem, or representation of nature. Therefore, it falls under the exclusion scope for homogenous artefacts and administrative/functional units. Not applicable since the entity is not classified as nature.",False
/home/pmonserrat/datasets/places/val_formatted/106/Places365_val_00001078.jpg,corridor,False,,,no,none,none,"The target entity is a corridor. The visual evidence shows an interior architectural space defined by walls, doors, and a floor. While the walls and doors are made of natural materials (wood, paint), the corridor itself is a constructed, functional architectural element. It does not depict a natural entity, nor does it retain the visually identifiable natural texture of its constituent materials in a way that classifies it as a Nature-Based Artefact (it is a homogenous artefact in the sense of being a manufactured structural object). It is not a natural environment or ecosystem. Therefore, it falls under the Exclusion Scope for Homogenous Artefacts and Administrative/Political Units (as a defined space). Not applicable since the entity is not classified as nature.",False
/home/pmonserrat/datasets/places/val_formatted/106/Places365_val_00001510.jpg,corridor,False,,,no,none,none,"The target entity is a corridor. The visual evidence shows an indoor architectural space defined by walls, a ceiling, and a floor, lined with lockers. This is a constructed, man-made environment. While the floor and walls may be made of materials like tile or concrete, the entity itself is a functional architectural structure, not a natural ecosystem, geological formation, or natural element. It falls under the exclusion scope for homogenous artefacts and administrative units (as a defined space), failing the criteria for nature. Not applicable since the entity is not classified as nature.",False
/home/pmonserrat/datasets/places/val_formatted/106/Places365_val_00001709.jpg,corridor,False,,,no,none,none,"The target entity is a corridor. The visual evidence shows an interior architectural space defined by brick walls, arches, and a floor. This is a constructed, man-made environment. While it contains natural materials like brick and stone, the entity itself is a functional architectural structure (a homogenous artefact) rather than a natural ecosystem, a natural element, or a representation of nature. It does not fit the inclusion criteria for nature. Not applicable since the entity is not classified as nature.",False
/home/pmonserrat/datasets/places/val_formatted/106/Places365_val_00002244.jpg,corridor,False,,,no,none,none,"The target entity is a corridor. The visual evidence shows an indoor architectural space defined by walls, a ceiling, and a floor. This is a constructed, man-made environment designed for human passage. It does not depict a natural ecosystem, nor does it consist of natural elements like water, rock, or vegetation in a way that retains their natural identity (e.g., the floor is a processed wooden surface, but the corridor itself is a structural construct). It falls under the exclusion scope for homogenous artefacts and administrative/political units (as a defined space), failing the criteria for nature. Not applicable since the entity is not classified as nature.",False
/home/pmonserrat/datasets/places/val_formatted/107/Places365_val_00000083.jpg,cottage,False,,,no,none,none,"The target entity is a cottage. The visual evidence shows a two-story brick building with a pitched roof, windows, and a front porch. This is a manufactured structural object designed for human habitation. While it is constructed from natural materials like brick and wood, the original natural texture is unidentifiable and the object does not depict a natural entity. It falls strictly under the Homogenous Artefacts exclusion and fails the criteria for nature. Not applicable since the entity is not classified as nature.",False
/home/pmonserrat/datasets/places/val_formatted/107/Places365_val_00000180.jpg,cottage,False,,,no,none,none,"The target entity is a cottage. The visual evidence shows a manufactured structural object, likely made of wood or similar materials, situated in a natural landscape. However, the cottage itself is a homogenous artefact—a functional building where the original natural texture of the materials is unidentifiable and the object does not depict a natural entity. It falls strictly under the Homogenous Artefacts exclusion and fails the criteria for nature. Not applicable since the entity is not classified as nature.",False
/home/pmonserrat/datasets/places/val_formatted/107/Places365_val_00000439.jpg,cottage,False,,,,,,,True
/home/pmonserrat/datasets/places/val_formatted/107/Places365_val_00001367.jpg,cottage,False,,,yes,abiotic,material,"The target entity is a cottage. The visual evidence shows a stone building with a tiled roof, situated in a natural setting. While the building itself is a manufactured structure, the definition of 'Nature-Based Artefacts' includes crafted or manufactured objects where the natural material of origin remains visually identifiable by its structure, grain, or texture. The cottage is constructed from stone, and the visual evidence clearly shows the natural texture and structure of the stone blocks and the roof tiles. Therefore, it fulfills the inclusion criteria for Nature-Based Artefacts. Since nature is 'yes', I evaluate the sub-axes. The cottage is constructed from stone, which is a geological and mineral resource. This places it under Geological & Mineral components within the abiotic category. Because the image is an unfiltered documentary photograph capturing a real-world physical structure, it is classified as material under the Tangibility axis.",False
/home/pmonserrat/datasets/places/val_formatted/107/Places365_val_00001951.jpg,cottage,False,,,no,none,none,"The target entity is a cottage. The visual evidence shows a stone-built structure with a chimney, windows, and a door. While the cottage is heavily overgrown with ivy and moss, and sits within a natural environment, the structure itself is a manufactured architectural object. The stone walls are constructed from quarried and shaped materials, and the windows and door are functional architectural elements. Under the provided taxonomy, homogenous artefacts (manufactured structural or functional objects where the original natural texture is unidentifiable and the object does not depict a natural entity) are excluded. Although the cottage is made of stone, it is a built structure, not a natural geological formation like a rock or cliff. Therefore, it falls under the exclusion scope for homogenous artefacts and is not classified as nature. Not applicable since the entity is not classified as nature.",False
/home/pmonserrat/datasets/places/val_formatted/108/Places365_val_00000486.jpg,courthouse,False,,,no,none,none,"The target entity is a courthouse. The visual evidence shows a large, man-made building with a dome and clock tower, situated in an urban environment. While the building is constructed from natural materials like brick and stone, it is a functional, manufactured structure where the original natural texture is unidentifiable and the object does not depict a natural entity. It falls strictly under the Homogenous Artefacts exclusion and fails the criteria for nature. Not applicable since the entity is not classified as nature.",False
/home/pmonserrat/datasets/places/val_formatted/108/Places365_val_00000920.jpg,courthouse,False,,,no,none,none,"The target entity is a courthouse. The visual evidence shows a large, multi-story building constructed of stone or masonry with a clock tower. While the building is made of natural materials like stone, it is a manufactured structural object where the original natural texture is unidentifiable and the object does not depict a natural entity. It falls strictly under the Homogenous Artefacts exclusion and fails the criteria for nature. Not applicable since the entity is not classified as nature.",False
/home/pmonserrat/datasets/places/val_formatted/108/Places365_val_00001543.jpg,courthouse,False,,,no,none,none,"The target entity is a courthouse. The visual evidence shows a large, man-made building constructed from stone and brick. While the building is made of natural materials (stone, brick), it is a manufactured structural object where the original natural texture is unidentifiable and the object does not depict a natural entity. It falls strictly under the Homogenous Artefacts exclusion and fails the criteria for nature. Not applicable since the entity is not classified as nature.",False
/home/pmonserrat/datasets/places/val_formatted/108/Places365_val_00001597.jpg,courthouse,False,,,no,none,none,"The target entity is a courthouse. The visual evidence shows a large, man-made building constructed of stone or brick with columns and a pediment. While the building is situated within a natural environment (grass, trees), the structure itself is a manufactured functional object. The materials (stone/brick) are processed to the point where their original natural texture is unidentifiable as a specific natural entity, and the object does not depict a natural entity. Therefore, it falls under the Homogenous Artefacts exclusion and fails the criteria for nature. Not applicable since the entity is not classified as nature.",False
/home/pmonserrat/datasets/places/val_formatted/108/Places365_val_00001757.jpg,courthouse,False,,,no,none,none,"The target entity is a courthouse. The visual evidence shows a large, man-made building constructed from brick and stone. While the materials (brick, stone) are derived from geological processes, the object itself is a manufactured structure where the original natural texture is unidentifiable and the object does not depict a natural entity. It falls strictly under the Homogenous Artefacts exclusion and fails the criteria for nature. Not applicable since the entity is not classified as nature.",False
/home/pmonserrat/datasets/places/val_formatted/110/Places365_val_00000155.jpg,creek,True,False,True,yes,abiotic,material,"The target entity is a creek. The visual evidence shows a flowing body of water moving through a forest environment, surrounded by moss-covered rocks and trees. Hydrological components (rivers, ponds, lakes, streams, creeks) are explicitly classified under Non-Living Natural Elements & Processes, fulfilling the inclusion criteria for nature. Since nature is 'yes', I evaluate the sub-axes. A creek is a flowing body of water, placing it under Hydrological Components within the abiotic category. Because the image is an unfiltered documentary photograph capturing a real-world physical environment, it is classified as material under the Tangibility axis.",False
/home/pmonserrat/datasets/places/val_formatted/110/Places365_val_00000271.jpg,creek,True,False,True,yes,abiotic,material,"The target entity is a creek. The visual evidence shows a real-world flowing body of water situated within a forested environment. Hydrological components (rivers, ponds, lakes, streams) are explicitly classified under Non-Living Natural Elements & Processes, fulfilling the inclusion criteria for nature. Since nature is 'yes', I evaluate the sub-axes. A creek is a fluid flow, placing it under Hydrological Components within the abiotic category. Because the image is an unfiltered documentary depiction capturing a real-world physical environment, it is classified as material under the Tangibility axis.",False
/home/pmonserrat/datasets/places/val_formatted/110/Places365_val_00000555.jpg,creek,True,False,True,yes,abiotic,material,"The target entity is a creek. The visual evidence shows a flowing body of water moving through a forest environment, characterized by smooth, blurred water indicating motion over rocks. Hydrological components (rivers, ponds, lakes, streams) are explicitly classified under Non-Living Natural Elements & Processes, fulfilling the inclusion criteria for nature. Since nature is 'yes', I evaluate the sub-axes. A creek is a flowing body of water, placing it under Hydrological Components within the abiotic category. Because the image is an unfiltered documentary depiction capturing a real-world physical environment, it is classified as material under the Tangibility axis.",False
/home/pmonserrat/datasets/places/val_formatted/110/Places365_val_00001096.jpg,creek,True,False,True,yes,abiotic,material,"The target entity is a creek. The visual evidence shows a real-world flowing body of water with visible rocks and ripples. Hydrological components (rivers, ponds, lakes, streams) are explicitly classified under Non-Living Natural Elements & Processes, fulfilling the inclusion criteria for nature. Since nature is 'yes', I evaluate the sub-axes. A creek is a fluid flow, placing it under Hydrological Components within the abiotic category. Because the image is an unfiltered documentary depiction capturing a real-world physical environment, it is classified as material under the Tangibility axis.",False
/home/pmonserrat/datasets/places/val_formatted/110/Places365_val_00002243.jpg,creek,True,False,True,yes,abiotic,material,"The target entity is a creek. The visual evidence shows a real-world flowing body of water situated in a natural environment with trees and rocks. Hydrological components (rivers, ponds, lakes, streams) are explicitly classified under Non-Living Natural Elements & Processes, fulfilling the inclusion criteria for nature. Since nature is 'yes', I evaluate the sub-axes. A creek is a fluid flow, placing it under Hydrological Components within the abiotic category. Because the image is an unfiltered documentary depiction capturing a real-world physical environment, it is classified as material under the Tangibility axis.",False
/home/pmonserrat/datasets/places/val_formatted/111/Places365_val_00000575.jpg,crevasse,True,False,True,yes,abiotic,material,"The target entity is a crevasse. The visual evidence shows a deep fissure or crack in a large ice formation, likely a glacier or ice sheet. This is a geological and topographical feature formed by the physical processes of ice movement and stress. Under the provided taxonomy, geological and topographical components (large-scale landforms, earth structures, natural mineral resources) are explicitly classified under Non-Living Natural Elements & Processes, fulfilling the inclusion criteria for nature. Since nature is 'yes', I evaluate the sub-axes. A crevasse is a geological and topographical feature, placing it under Geological & Topographical Components within the abiotic category. Because the image is an unfiltered documentary photograph capturing a real-world physical landscape and formation, it is classified as material under the Tangibility axis.",False
/home/pmonserrat/datasets/places/val_formatted/111/Places365_val_00000708.jpg,crevasse,True,False,True,yes,abiotic,material,"The target entity is a crevasse. The visual evidence shows a deep fissure or crack in a glacier, characterized by jagged ice walls and snow. This is a geological and topographical feature formed by the movement and stress of the ice. Under the provided taxonomy, geological and topographical components (large-scale landforms, earth structures, natural mineral resources) are explicitly classified under Non-Living Natural Elements & Processes, fulfilling the inclusion criteria for nature. Since nature is 'yes', I evaluate the sub-axes. A crevasse is a geological feature and a topographical component of a glacier, placing it under Geological & Topographical Components within the abiotic category. Because the image is an unfiltered documentary photograph capturing a real-world physical landscape, it is classified as material under the Tangibility axis.",False
/home/pmonserrat/datasets/places/val_formatted/111/Places365_val_00001579.jpg,crevasse,True,False,True,yes,abiotic,material,"The target entity is a crevasse. The visual evidence shows a deep fissure or crack in a glacier, characterized by the separation of ice masses. This is a geological and topographical feature formed by the movement and stress of the ice. Under the provided taxonomy, geological and topographical components (including large-scale landforms and earth structures) are explicitly classified under Non-Living Natural Elements & Processes, fulfilling the inclusion criteria for nature. Since nature is 'yes', I evaluate the sub-axes. A crevasse is a geological feature and a topographical component of a glacier, placing it under Geological & Topographical Components within the abiotic category. Because the image is an unfiltered documentary photograph capturing a real-world physical landscape, it is classified as material under the Tangibility axis.",False
/home/pmonserrat/datasets/places/val_formatted/111/Places365_val_00001599.jpg,crevasse,True,False,True,yes,abiotic,material,"The target entity is a crevasse. The visual evidence shows a deep fissure or crack in a large body of ice, likely within a glacier or ice cave. This is a geological and topographical feature formed by physical processes. Geological components and earth structures are explicitly classified under Non-Living Natural Elements & Processes, fulfilling the inclusion criteria for nature. Since nature is 'yes', I evaluate the sub-axes. A crevasse is a geological landform and earth structure, placing it under Geological & Topographical Components within the abiotic category. Because the image is an unfiltered documentary photograph capturing a real-world physical environment, it is classified as material under the Tangibility axis.",False
/home/pmonserrat/datasets/places/val_formatted/111/Places365_val_00001735.jpg,crevasse,True,False,True,yes,abiotic,material,"The target entity is a crevasse. The visual evidence shows a deep fissure or crack in a glacier or ice sheet, surrounded by snow and ice. This is a geological and topographical feature formed by the movement of ice. Under the provided taxonomy, geological and topographical components (large-scale landforms, earth structures, natural mineral resources) are explicitly classified under Non-Living Natural Elements & Processes, fulfilling the inclusion criteria for nature. Since nature is 'yes', I evaluate the sub-axes. A crevasse is a geological landform and earth structure, placing it under Geological & Topographical Components within the abiotic category. Because the image is an unfiltered documentary photograph capturing a real-world physical landscape, it is classified as material under the Tangibility axis.",False
/home/pmonserrat/datasets/places/val_formatted/112/Places365_val_00000098.jpg,crosswalk,False,,,no,none,none,The target entity is a crosswalk. The visual evidence shows a painted white stripe on a paved road surface. This is a painted marking on a homogenous artefact (the road surface). The original natural texture of the road material is unidentifiable and the object does not depict a natural entity. It falls strictly under the Homogenous Artefacts exclusion and fails the criteria for nature. Not applicable since the entity is not classified as nature.,False
/home/pmonserrat/datasets/places/val_formatted/112/Places365_val_00001080.jpg,crosswalk,False,,,no,none,none,"The target entity is a crosswalk. The visual evidence shows painted yellow stripes on a paved asphalt surface. This is a manufactured, functional object designed for traffic control. The original natural texture of the asphalt and paint is unidentifiable in the context of the object's function, and it does not depict a natural entity. It falls strictly under the Homogenous Artefacts exclusion and fails the criteria for nature. Not applicable since the entity is not classified as nature.",False
/home/pmonserrat/datasets/places/val_formatted/112/Places365_val_00001398.jpg,crosswalk,False,,,no,none,none,"The target entity is a crosswalk. The visual evidence shows painted white stripes on a paved street surface. A crosswalk is a designated area for pedestrians to cross a road, defined by its painted markings. While the pavement itself is a geological material (stone/asphalt), the crosswalk as a functional entity is a human-made administrative or infrastructural designation. It does not depict a natural entity, nor is it a natural element or process. It falls under the exclusion scope for administrative or contingent meanings (a designated path for humans), and is not a nature-based artefact because the natural texture of the pavement is not the defining feature of the crosswalk itself, but rather the painted lines which are purely human-made symbols. Not applicable since the entity is not classified as nature.",False
/home/pmonserrat/datasets/places/val_formatted/112/Places365_val_00001457.jpg,crosswalk,False,,,no,none,none,"The target entity is a crosswalk. The visual evidence shows painted white lines on an asphalt road surface. A crosswalk is a designated area for pedestrians, defined by its painted markings and location on a street. It is a man-made, functional infrastructure element designed for human use. It does not depict a natural entity, nor is it made of a natural material where the original texture is visually identifiable (it is painted asphalt). It falls strictly under the Homogenous Artefacts exclusion and fails the criteria for nature. Not applicable since the entity is not classified as nature.",False
/home/pmonserrat/datasets/places/val_formatted/112/Places365_val_00002796.jpg,crosswalk,False,,,no,none,none,"The target entity is a crosswalk. The visual evidence shows a painted section of a street, specifically a red-painted area on the asphalt. This is a painted marking on a road surface, which is a manufactured, functional object. The original natural texture of the asphalt is covered by paint, and the object does not depict a natural entity. It falls strictly under the Homogenous Artefacts exclusion and fails the criteria for nature. Not applicable since the entity is not classified as nature.",False
/home/pmonserrat/datasets/places/val_formatted/113/Places365_val_00000061.jpg,dam,False,,,no,none,none,"The target entity is a dam. The visual evidence shows a large, engineered concrete and stone structure built across a valley. While it is situated within a natural landscape (green hills, trees), the dam itself is a manufactured structural object. Under the provided taxonomy, homogenous artefacts—manufactured structural or functional objects where the original natural texture is unidentifiable and the object does not depict a natural entity—are explicitly excluded from the nature classification. The dam is a functional infrastructure, not a natural element, nor does it depict a natural entity. Not applicable since the entity is not classified as nature.",False
/home/pmonserrat/datasets/places/val_formatted/113/Places365_val_00000413.jpg,dam,False,,,no,none,none,"The target entity is a dam. The visual evidence shows a large, man-made structure built across a body of water, likely to control the flow or create a reservoir. While dams interact with hydrological elements, the structure itself is a manufactured, engineered object. It does not depict a natural entity, nor does it retain the visual texture or structure of a natural material in a way that qualifies it as a Nature-Based Artefact (it is a functional, homogenous artefact). Therefore, it falls under the Exclusion Scope for Homogenous Artefacts and is not classified as nature. Not applicable since the entity is not classified as nature.",False
/home/pmonserrat/datasets/places/val_formatted/113/Places365_val_00000776.jpg,dam,False,,,no,none,none,"The target entity is a dam. The visual evidence shows a massive concrete structure built across a canyon to hold back water. While the dam is a human-made structure, the taxonomy explicitly excludes 'Homogenous Artefacts' where the original natural texture is unidentifiable and the object does not depict a natural entity. A dam is a functional, manufactured object (concrete, steel) that does not retain the visual identity of a natural material (like wood grain) nor does it depict a natural entity (like a statue of a tree). It is an administrative or engineering construct, not a natural element, ecosystem, or representation of nature. Therefore, it falls under the exclusion scope for homogenous artefacts and administrative units. Not applicable since the entity is not classified as nature.",False
/home/pmonserrat/datasets/places/val_formatted/113/Places365_val_00002024.jpg,dam,False,,,no,none,none,"The target entity is a dam. The visual evidence shows a large, engineered concrete structure with arched openings and a sloped embankment. While the dam is situated within a natural environment (indicated by the trees on the right), the dam itself is a manufactured structural object. Under the provided taxonomy, homogenous artefacts—manufactured structural or functional objects where the original natural texture is unidentifiable and the object does not depict a natural entity—are explicitly excluded from the nature classification. The dam is a functional infrastructure, not a natural element, nor does it depict a natural entity. Not applicable since the entity is not classified as nature.",False
/home/pmonserrat/datasets/places/val_formatted/113/Places365_val_00002038.jpg,dam,False,,,no,none,none,"The target entity is a dam. The visual evidence shows a man-made structure, specifically a wooden railing and walkway, built over a body of water. While the structure is located in a natural environment (near water and hills), the dam itself is a manufactured functional object. The materials (wood, metal) have been processed to the point where their original natural texture is unidentifiable in the context of the object's function, and the object does not depict a natural entity. It falls under the Homogenous Artefacts exclusion, as it is a structural object where the natural material of origin is not visually identifiable as the primary feature, nor does it represent nature. Not applicable since the entity is not classified as nature.",False
/home/pmonserrat/datasets/places/val_formatted/114/Places365_val_00000345.jpg,delicatessen,True,True,True,yes,biotic,material,"The target entity is a dish of food, specifically a cooked meal containing shrimp, peas, and other ingredients in a sauce. The visual evidence shows a prepared edible solid item. Processed food and drinks at any processing level are explicitly included under the Inclusion Scope of Nature (The Ingestion Criterion). Therefore, this instance counts as nature. Since nature is 'yes', I evaluate the sub-axes. The dish contains shrimp (fauna) and peas (flora), which are biological organisms. This places the entity under the Biotic category. Because the image is a standard, literal, realistic digital photograph capturing a real-world physical substance with mass, it is classified as material under the Tangibility axis.",False
/home/pmonserrat/datasets/places/val_formatted/114/Places365_val_00000532.jpg,delicatessen,True,True,True,,,,,True
/home/pmonserrat/datasets/places/val_formatted/114/Places365_val_00000587.jpg,delicatessen,True,True,True,,,,,True
/home/pmonserrat/datasets/places/val_formatted/114/Places365_val_00001069.jpg,delicatessen,True,True,True,,,,,True
/home/pmonserrat/datasets/places/val_formatted/114/Places365_val_00001256.jpg,delicatessen,True,True,True,,,,,True
/home/pmonserrat/datasets/places/val_formatted/115/Places365_val_00000058.jpg,department store,False,,,no,none,none,"The target entity is a department store. The visual evidence shows a commercial retail space with mannequins, signage, and merchandise. While there are small potted plants visible near the entrance, the primary entity identified as the 'department store' is a built, manufactured structure. Under the provided taxonomy, administrative and political units (which include commercial establishments and their boundaries) are explicitly excluded. Furthermore, the building itself is a homogenous artefact where the natural texture is unidentifiable and it does not depict a natural entity. Therefore, it fails the criteria for nature. Not applicable since the entity is not classified as nature.",False
/home/pmonserrat/datasets/places/val_formatted/115/Places365_val_00000642.jpg,department store,False,,,no,none,none,"The target entity is a department store. The visual evidence shows a commercial retail space with signage, display counters, and customers. This is a man-made, functional structure designed for commerce. It does not depict a natural entity, nor is it made of natural materials where the texture remains visually identifiable (it is a homogenous artefact in terms of its function and construction). Therefore, it falls under the Exclusion Scope for Homogenous Artefacts and Administrative/Political Units (as a commercial zone), failing the criteria for nature. Not applicable since the entity is not classified as nature.",False
/home/pmonserrat/datasets/places/val_formatted/115/Places365_val_00000894.jpg,department store,False,,,no,none,none,"The target entity is a department store. The visual evidence shows a large, multi-level commercial building with glass windows, tiled floors, metal railings, and artificial lighting. This is a constructed, man-made environment designed for retail and human activity. While it contains some natural elements (like the glass roof allowing light in, or perhaps some plants in the background), the entity itself—the department store as a commercial structure—is a homogenous artefact. The original natural texture of the building materials (glass, metal, tile) is unidentifiable as a natural entity, and the object does not depict a natural entity. It falls strictly under the Homogenous Artefacts exclusion and fails the criteria for nature. Not applicable since the entity is not classified as nature.",False
/home/pmonserrat/datasets/places/val_formatted/115/Places365_val_00001648.jpg,department store,False,,,no,none,none,"The target entity is a department store. The visual evidence shows a commercial retail space with merchandise displays, shelving, and interior architecture. While the store contains natural elements (wooden floorboards, paper products, plants), the entity 'department store' itself refers to the administrative and commercial function of the building. Administrative and political units, including commercial establishments and their functional labels, fall under the Exclusion Scope. The building structure itself is a homogenous artefact where the natural material is not the primary focus of the entity's definition. Not applicable since the entity is not classified as nature.",False
/home/pmonserrat/datasets/places/val_formatted/115/Places365_val_00002280.jpg,department store,False,,,no,none,none,"The target entity is a department store. The visual evidence shows a commercial retail environment with shelves, signage, and products. While the store contains natural elements (e.g., paper products, food items), the entity 'department store' itself refers to the administrative and commercial unit or the built structure. Under the Exclusion Scope, administrative and political units (including commercial establishments as functional units) are not classified as nature. Furthermore, the building structure itself is a homogenous artefact where the natural texture is unidentifiable and it does not depict a natural entity. Therefore, it fails the criteria for nature. Not applicable since the entity is not classified as nature.",False
/home/pmonserrat/datasets/places/val_formatted/121/Places365_val_00000008.jpg,dining room,False,,,no,none,none,"The target entity is a dining room. The visual evidence shows an interior space of a house containing furniture, a painting, and a window view. While the room contains elements that are nature (such as the wooden furniture with visible grain, the flowers in the vase, and the view of trees outside), the term 'dining room' itself refers to a functional, man-made architectural space or room. This falls under the exclusion scope for 'Homogenous Artefacts' or general administrative/functional units, as the room is a constructed environment defined by human design and usage rather than a natural entity or ecosystem. The room as a whole is a human-made construct, not a natural element. Not applicable since the entity is not classified as nature.",False
/home/pmonserrat/datasets/places/val_formatted/121/Places365_val_00000440.jpg,dining room,False,,,no,none,none,"The target entity is a dining room. The visual evidence shows an interior space of a building containing furniture, a chandelier, and a carpet. While there are windows visible in the background showing trees and a landscape outside, the primary subject 'dining room' refers to the constructed architectural space and its contents. The definition of nature includes 'Nature-Based Activities' and 'Ecosystems', but a dining room itself is a human-made administrative or functional unit (a room within a building). It does not fit the criteria for 'Nature-Based Artefacts' (where natural material remains visually identifiable as the primary structure) nor 'Nature-Based Activities' (as it is a static space). The windows show nature, but the room itself is a human construct. Therefore, it falls under the exclusion scope for administrative or functional units and does not count as nature. Not applicable since the entity is not classified as nature.",False
/home/pmonserrat/datasets/places/val_formatted/121/Places365_val_00000611.jpg,dining room,False,,,no,none,none,"The target entity is a dining room. The visual evidence shows an interior space of a house containing furniture, walls, and a window. While the room contains elements that could be classified as nature (such as the wooden furniture with visible grain, the window view of trees, and the carpet), the term 'dining room' refers to the functional, architectural space itself. This space is a constructed, man-made environment defined by its purpose and boundaries, not by the natural elements within it. It does not fit the definition of a natural ecosystem, a non-living natural element, or a representation of nature. Therefore, it falls under the exclusion scope for administrative or functional units and is not classified as nature. Not applicable since the entity is not classified as nature.",False
/home/pmonserrat/datasets/places/val_formatted/121/Places365_val_00000639.jpg,dining room,False,,,no,none,none,"The target entity is a dining room. The visual evidence shows an interior space of a house containing furniture, a painting, and a potted plant. While the room contains elements of nature (the plant, the wooden floor, the painting of a figure), the term 'dining room' itself refers to a functional, man-made architectural space or room within a building. Administrative and political units (like cities or counties) are excluded, and by extension, functional human-made rooms are not classified as nature under this taxonomy, which focuses on more-than-human entities, ecosystems, and natural elements. The room is a container for human activity, not a natural entity itself. Not applicable since the entity is not classified as nature.",False
/home/pmonserrat/datasets/places/val_formatted/121/Places365_val_00000876.jpg,dining room,False,,,no,none,none,"The target entity is a dining room. The visual evidence shows a furnished interior space containing a wooden table, upholstered chairs, a rug, and a teapot. While the room contains natural elements (wood, fabric, plants in the background), the term 'dining room' refers to a functional, man-made architectural space or a room within a building. Under the provided taxonomy, administrative and political units (like cities or districts) are excluded, and by extension, functional human-made rooms defined by their purpose rather than their natural material composition are not classified as nature. The room itself is a constructed environment, not a natural ecosystem or element. Not applicable since the entity is not classified as nature.",False
/home/pmonserrat/datasets/places/val_formatted/122/Places365_val_00000330.jpg,discotheque,False,,,no,none,none,"The target entity is a discotheque. The visual evidence shows an interior space of a venue, likely a pub or bar, with musical equipment and performers. A discotheque is a human-made administrative or functional unit (a place for entertainment), not a natural entity, ecosystem, or natural process. It falls under the Exclusion Scope for Administrative & Political Units or Homogenous Artefacts (as a built environment), and does not depict a natural entity. Therefore, it fails the criteria for nature. Not applicable since the entity is not classified as nature.",False
/home/pmonserrat/datasets/places/val_formatted/122/Places365_val_00000630.jpg,discotheque,False,,,no,none,none,"The target entity is a discotheque. The visual evidence shows an indoor venue with artificial lighting, a dance floor, and a crowd of people. A discotheque is a human-made social and entertainment space, not a natural environment, organism, or process. It does not fit the inclusion criteria for nature (e.g., it is not a forest, river, or animal, nor is it a representation of one). Therefore, it falls under the exclusion scope for human-made environments and administrative units. Not applicable since the entity is not classified as nature.",False
/home/pmonserrat/datasets/places/val_formatted/122/Places365_val_00000722.jpg,discotheque,False,,,no,none,none,"The target entity is a discotheque. The visual evidence shows an indoor venue with artificial lighting, people, and a stage. A discotheque is a human-made social and entertainment space. While it may contain natural elements (like plants or wood), the entity itself is a constructed environment and does not fit the definition of nature, which focuses on more-than-human living entities, natural environments, or natural elements. It is a human administrative and social construct, not a natural one. Not applicable since the entity is not classified as nature.",False
/home/pmonserrat/datasets/places/val_formatted/122/Places365_val_00001856.jpg,discotheque,False,,,no,none,none,"The target entity is a discotheque. The visual evidence shows an indoor setting with people, dim lighting, and what appears to be a bar or club environment. While the setting might be associated with nightlife, the term 'discotheque' refers to a type of establishment or venue, which is a human-made administrative or functional unit. Under the provided taxonomy, administrative and political units (including venues, clubs, or establishments) are explicitly excluded from the nature definition. Furthermore, the visual evidence primarily depicts human beings and their activities, which are also excluded. There are no visible natural elements, organisms, or nature-based artefacts that would qualify the entity as nature. Not applicable since the entity is not classified as nature.",False
/home/pmonserrat/datasets/places/val_formatted/122/Places365_val_00001860.jpg,discotheque,False,,,no,none,none,"The target entity is a discotheque. The visual evidence shows a stage performance with a performer, lighting, and a background screen. A discotheque is a venue or a type of event, not a natural entity, ecosystem, or natural process. It is a human-made cultural and social construct. Under the provided taxonomy, administrative and political units, as well as human activities and venues, fall under the Exclusion Scope. Therefore, it does not count as nature. Not applicable since the entity is not classified as nature.",False
/home/pmonserrat/datasets/places/val_formatted/124/Places365_val_00000166.jpg,dorm room,False,,,no,none,none,"The target entity is a 'dorm room'. The visual evidence shows an interior space containing furniture, windows, and people. While the room contains natural elements like light coming through the window and potentially a view outside, the entity 'dorm room' itself refers to a constructed, human-made interior space. Under the provided taxonomy, administrative and political units (like cities or districts) are excluded, and while a room is not explicitly listed, it is a human-constructed environment. More importantly, the primary focus of the image is on the human subjects within the room. The 'dorm room' as a concept is a human-made structure, not a natural ecosystem or element. It does not fit the inclusion criteria for Nature-Based Artefacts (which require visible natural texture) or Nature-Based Activities. Therefore, it falls under the exclusion scope for human-constructed environments that are not explicitly defined as nature. Not applicable since the entity is not classified as nature.",False
/home/pmonserrat/datasets/places/val_formatted/124/Places365_val_00000409.jpg,dorm room,False,,,no,none,none,"The target entity is a dorm room. The visual evidence shows an interior space containing furniture, electronics, and personal items. While the room contains natural elements (wooden furniture, paper, plastic bottles), the entity 'dorm room' itself is an administrative and political unit (a specific type of living space or housing unit) rather than a natural ecosystem or environment. Under the Exclusion Scope, administrative and political units, including specific housing or room designations, are not classified as nature. The room is a constructed human environment, not a natural one. Not applicable since the entity is not classified as nature.",False
/home/pmonserrat/datasets/places/val_formatted/124/Places365_val_00000591.jpg,dorm room,False,,,,,,,True
/home/pmonserrat/datasets/places/val_formatted/124/Places365_val_00000912.jpg,dorm room,False,,,no,none,none,"The target entity is a dorm room. The visual evidence shows an interior space containing furniture, walls, and flooring. While the room contains natural materials (wooden desk, carpet, walls), the entity 'dorm room' itself is a functional, man-made architectural space. It is not a natural ecosystem, nor does it depict a natural entity. It is a constructed environment, which falls under the exclusion scope for homogenous artefacts or functional objects where the natural origin is not the primary defining feature of the entity itself. Therefore, it does not count as nature under this taxonomy. Not applicable since the entity is not classified as nature.",False
/home/pmonserrat/datasets/places/val_formatted/124/Places365_val_00001205.jpg,dorm room,False,,,,,,,True
/home/pmonserrat/datasets/places/val_formatted/125/Places365_val_00000601.jpg,downtown,False,,,no,none,none,"The target entity is 'downtown'. The visual evidence shows a city street scene with buildings, cars, and a person. While the scene contains natural elements like snow and the sky, the term 'downtown' refers to a specific administrative and political unit—a central business district or urban area. Under the Exclusion Scope, administrative and political units (e.g., countries, counties, districts, cities) are explicitly excluded from the nature taxonomy, even if they are named after natural features or contain natural elements within their boundaries. Not applicable since the entity is not classified as nature.",False
/home/pmonserrat/datasets/places/val_formatted/125/Places365_val_00000770.jpg,downtown,False,,,no,none,none,"The target entity is 'downtown'. The visual evidence shows a commercial street scene with buildings, paved walkways, and outdoor seating. While the scene contains natural elements like potted plants and palm trees in the background, the term 'downtown' refers to a specific administrative and political unit—a central business district or urban area. Under the Exclusion Scope, administrative and political units (e.g., countries, counties, districts, cities) are explicitly excluded from the nature taxonomy, even if they are named after natural features or contain natural elements within their boundaries. Not applicable since the entity is not classified as nature.",False
/home/pmonserrat/datasets/places/val_formatted/125/Places365_val_00000917.jpg,downtown,False,,,no,none,none,"The target entity is 'downtown'. The visual evidence shows a dense urban environment characterized by skyscrapers, paved streets, billboards, and crowds of people. While the scene contains elements of nature (such as the sky, sunlight, and potentially some distant greenery), the term 'downtown' itself refers to a specific administrative and political unit—a central business district or urban area. Under the provided taxonomy, administrative and political units (e.g., countries, counties, districts, cities) are explicitly excluded from the nature classification, even if they are named after natural features or contain natural elements within their boundaries. Not applicable since the entity is not classified as nature.",False
/home/pmonserrat/datasets/places/val_formatted/125/Places365_val_00001208.jpg,downtown,False,,,no,none,none,"The target entity is 'downtown'. The visual evidence shows a cityscape with buildings, roads, and vehicles. While there are trees and green spaces present, the term 'downtown' refers to a specific administrative and political unit (a central business district or urban area). Under the Exclusion Scope, administrative and political units, boundaries, or labels (e.g., countries, counties, districts, cities) are explicitly excluded from the nature taxonomy, even if they are named after natural features or contain natural elements. Not applicable since the entity is not classified as nature.",False
/home/pmonserrat/datasets/places/val_formatted/125/Places365_val_00001253.jpg,downtown,False,,,no,none,none,"The target entity is 'downtown'. The visual evidence shows a dense urban area characterized by high-rise buildings, paved roads, and heavy vehicular traffic. While there are some trees and green spaces visible, the term 'downtown' refers to a specific administrative and political unit—a central business district or city center. Under the provided taxonomy, administrative and political units (e.g., countries, counties, districts, cities) are explicitly excluded from the nature classification, even if they are named after natural features or contain natural elements. Not applicable since the entity is not classified as nature.",False
/home/pmonserrat/datasets/places/val_formatted/126/Places365_val_00000037.jpg,dressing room,False,,,no,none,none,"The target entity is a dressing room. The visual evidence shows an interior space containing furniture, a mirror, and various personal items. While the room contains elements that might be associated with nature (such as the red curtains which could be fabric, or the patterned floor), the entity 'dressing room' itself refers to a functional, man-made architectural space designed for human use. It is a constructed environment, not a natural ecosystem or a depiction of a natural entity. Therefore, it falls under the exclusion scope for administrative and political units (as a defined space) and homogenous artefacts (as a constructed room), failing the criteria for nature. Not applicable since the entity is not classified as nature.",False
/home/pmonserrat/datasets/places/val_formatted/126/Places365_val_00000998.jpg,dressing room,False,,,no,none,none,"The target entity is a dressing room. The visual evidence shows an interior space containing sinks, mirrors, and toiletries. While the sinks and toiletries are physical objects, the term 'dressing room' refers to the functional room or space itself. Administrative and political units (like cities or counties) are excluded, and while a room is a physical space, the taxonomy's 'Nature' definition focuses on More-Than-Human Living Entities, Ecosystems, Non-Living Natural Elements (hydrological, atmospheric, geological, astrophysical), Processed Food, Nature-Based Artefacts, Nature-Based Activities, and Representations of Nature. A 'dressing room' is a man-made architectural space designed for human use, not a natural environment or element. It does not fit the inclusion criteria for nature. Not applicable since the entity is not classified as nature.",False
/home/pmonserrat/datasets/places/val_formatted/126/Places365_val_00001888.jpg,dressing room,False,,,no,none,none,"The target entity is a dressing room. The visual evidence shows an interior space of a room containing clothes, a mirror, and storage. While the room contains natural elements like the wooden frame of the mirror or the fabric of the curtains, the entity 'dressing room' itself refers to a functional, man-made architectural space. It is a homogenous artefact (a room) where the original natural texture is unidentifiable and the object does not depict a natural entity. It falls strictly under the Homogenous Artefacts exclusion and fails the criteria for nature. Not applicable since the entity is not classified as nature.",False
/home/pmonserrat/datasets/places/val_formatted/126/Places365_val_00001925.jpg,dressing room,False,,,no,none,none,"The target entity is a 'dressing room'. The visual evidence shows an interior space containing people, a door, and various items. While the room itself is a built environment, the specific term 'dressing room' in this context refers to a functional space for changing clothes, which is a human-centric administrative or functional unit. The inclusion scope for nature explicitly excludes 'Administrative & Political Units' and 'Homogenous Artefacts' where natural texture is unidentifiable. A room is a constructed space, not a natural ecosystem or element. Therefore, it does not fulfill the criteria for nature. Not applicable since the entity is not classified as nature.",False
/home/pmonserrat/datasets/places/val_formatted/126/Places365_val_00002233.jpg,dressing room,False,,,no,none,none,"The target entity is a dressing room. The visual evidence shows a room interior containing furniture (a screen) and decor (a vase with dried grass). While the room contains natural elements like the dried grass and the wooden/rattan screen, the term 'dressing room' refers to the functional space or the room itself. Administrative and political units (or functional spaces defined by human use) are excluded from the nature taxonomy. The room is a human-made environment, not a natural ecosystem or element. Therefore, it does not count as nature. Not applicable since the entity is not classified as nature.",False
/home/pmonserrat/datasets/places/val_formatted/127/Places365_val_00000145.jpg,driveway,False,,,no,none,none,"The target entity is a driveway. The visual evidence shows a paved surface, likely concrete or asphalt, located in front of a garage. This is a constructed, homogenous artefact where the original natural texture of the materials is unidentifiable and the object does not depict a natural entity. It falls strictly under the Homogenous Artefacts exclusion and fails the criteria for nature. Not applicable since the entity is not classified as nature.",False
/home/pmonserrat/datasets/places/val_formatted/127/Places365_val_00001105.jpg,driveway,False,,,no,none,none,"The target entity is a driveway. The visual evidence shows a paved surface made of asphalt or concrete, which is a manufactured structural object. While the driveway is located within a natural environment (outdoors, near trees and sky), the surface itself is a homogenous artefact where the original natural texture is unidentifiable and the object does not depict a natural entity. It falls strictly under the Homogenous Artefacts exclusion and fails the criteria for nature. Not applicable since the entity is not classified as nature.",False
/home/pmonserrat/datasets/places/val_formatted/127/Places365_val_00002034.jpg,driveway,False,,,no,none,none,"The target entity is a driveway. The visual evidence shows a paved surface, likely concrete or asphalt, leading between hedges. While the driveway is a man-made structure, the definition of Nature-Based Artefacts includes manufactured objects where the natural material of origin remains visually identifiable by its structure, grain, or texture. However, a standard concrete or asphalt driveway is typically a homogenous artefact where the original natural texture is unidentifiable and the object does not depict a natural entity. It is a functional object for vehicles, not a representation of nature or a material where the natural grain is the primary visual feature. Therefore, it falls under the Homogenous Artefacts exclusion. Not applicable since the entity is not classified as nature.",False
/home/pmonserrat/datasets/places/val_formatted/127/Places365_val_00002300.jpg,driveway,False,,,no,none,none,"The target entity is a driveway. The visual evidence shows a cleared path of ground leading to a garage, surrounded by snow. A driveway is a constructed surface, typically paved or gravel, designed for vehicles. It is a homogenous artefact where the original natural texture is unidentifiable and the object does not depict a natural entity. It falls strictly under the Homogenous Artefacts exclusion and fails the criteria for nature. Not applicable since the entity is not classified as nature.",False
/home/pmonserrat/datasets/places/val_formatted/127/Places365_val_00002773.jpg,driveway,False,,,no,none,none,"The target entity is a driveway. The visual evidence shows a paved surface leading to a gate, likely made of asphalt or concrete. This is a manufactured structural object where the original natural texture of the materials is unidentifiable and the object does not depict a natural entity. It falls strictly under the Homogenous Artefacts exclusion and fails the criteria for nature. Not applicable since the entity is not classified as nature.",False
/home/pmonserrat/datasets/places/val_formatted/128/Places365_val_00000169.jpg,drugstore,False,,,no,none,none,"The target entity is a drugstore. The visual evidence shows a commercial retail space containing shelves stocked with packaged goods, a counter, and a person. While the store contains various items, the entity 'drugstore' itself refers to the administrative and political unit of a commercial establishment or the building structure. Under the provided taxonomy, administrative and political units (e.g., countries, counties, districts, cities) and homogenous artefacts (manufactured structural objects where natural texture is unidentifiable) are explicitly excluded from the nature definition. The store is a man-made commercial environment, not a natural ecosystem or element. Not applicable since the entity is not classified as nature.",False
/home/pmonserrat/datasets/places/val_formatted/128/Places365_val_00000420.jpg,drugstore,False,,,no,none,none,"The target entity is a drugstore. The visual evidence shows a commercial retail space with aisles of shelves stocked with products, a checkout counter, and signage. While the store contains items that may be derived from nature (like food or medicine), the entity 'drugstore' itself refers to the administrative and commercial unit—the building and its function as a place of business. Under the provided taxonomy, administrative and political units (including commercial establishments) fall under the Exclusion Scope. The store is a man-made structure designed for commerce, not a natural ecosystem or element. Not applicable since the entity is not classified as nature.",False
/home/pmonserrat/datasets/places/val_formatted/128/Places365_val_00000423.jpg,drugstore,False,,,no,none,none,"The target entity is a drugstore. The visual evidence shows a commercial retail space with shelves of products, a checkout counter, and artificial lighting. This is a man-made administrative and political unit (a commercial establishment) rather than a natural environment, organism, or element. It does not fit the inclusion criteria for nature, which requires more-than-human living entities, natural environments, or specific natural elements/processes. Therefore, it falls under the exclusion scope. Not applicable since the entity is not classified as nature.",False
/home/pmonserrat/datasets/places/val_formatted/128/Places365_val_00000595.jpg,drugstore,False,,,no,none,none,"The target entity is a drugstore. The visual evidence shows a commercial retail establishment with signage, awnings, and a storefront. This is a man-made, functional structure designed for human commerce and activity. It does not depict a natural entity, nor is it made of natural materials where the original texture is visually identifiable (it is painted and constructed). Therefore, it falls strictly under the Homogenous Artefacts exclusion and fails the criteria for nature. Not applicable since the entity is not classified as nature.",False
/home/pmonserrat/datasets/places/val_formatted/128/Places365_val_00000739.jpg,drugstore,False,,,no,none,none,"The target entity is a drugstore. The visual evidence shows a commercial retail space containing shelves, refrigerators, computers, and counters. These are all manufactured functional objects. While the store contains products that may be derived from nature (like medicines or food), the entity 'drugstore' itself refers to the building or the commercial establishment, which is a human-made administrative and functional unit. Under the provided taxonomy, administrative and political units are excluded, and homogenous artefacts (manufactured objects where natural texture is unidentifiable) are also excluded. Therefore, the drugstore as a commercial entity does not count as nature. Not applicable since the entity is not classified as nature.",False
/home/pmonserrat/datasets/places/val_formatted/131/Places365_val_00000078.jpg,elevator shaft,False,,,no,none,none,"The target entity is an elevator shaft. The visual evidence shows a dark, vertical structural void within a building, defined by metal beams and glass panels. This is a manufactured architectural feature designed for human transit. It does not depict a natural entity, nor is it made of natural material with identifiable texture (it is a homogenous artefact in terms of function and form). It falls strictly under the Homogenous Artefacts exclusion and fails the criteria for nature. Not applicable since the entity is not classified as nature.",False
/home/pmonserrat/datasets/places/val_formatted/131/Places365_val_00000121.jpg,elevator shaft,False,,,no,none,none,"The target entity is an elevator shaft. The visual evidence shows a constructed architectural space, likely within a building, characterized by concrete walls, metal rails, and mechanical components. While the materials (concrete, metal) have natural origins, the structure itself is a manufactured functional object where the original natural texture is unidentifiable and the object does not depict a natural entity. It falls strictly under the Homogenous Artefacts exclusion and fails the criteria for nature. Not applicable since the entity is not classified as nature.",False
/home/pmonserrat/datasets/places/val_formatted/131/Places365_val_00000553.jpg,elevator shaft,False,,,no,none,none,"The target entity is an elevator shaft. The visual evidence shows a manufactured structural object, specifically a metal framework and machinery housing, designed for vertical transport. While the surrounding environment includes natural elements like stone steps and decorative ironwork, the elevator shaft itself is a functional, man-made structure. Under the provided taxonomy, homogenous artefacts—manufactured structural or functional objects where the original natural texture is unidentifiable and the object does not depict a natural entity—are explicitly excluded from the nature classification. Therefore, the elevator shaft does not meet the inclusion criteria. Not applicable since the entity is not classified as nature.",False
/home/pmonserrat/datasets/places/val_formatted/131/Places365_val_00000554.jpg,elevator shaft,False,,,no,none,none,"The target entity is an elevator shaft. The visual evidence shows a constructed vertical space within a building, characterized by concrete walls, debris, and a mechanical component (the elevator car or counterweight). While the shaft contains natural materials like concrete and stone, it is a manufactured structural object designed for human use. The original natural texture of the materials is unidentifiable as a primary feature, and the object does not depict a natural entity. It falls strictly under the Homogenous Artefacts exclusion and fails the criteria for nature. Not applicable since the entity is not classified as nature.",False
/home/pmonserrat/datasets/places/val_formatted/131/Places365_val_00000694.jpg,elevator shaft,False,,,no,none,none,"The target entity is an elevator shaft. The visual evidence shows a manufactured structural object consisting of metal beams, chains, and a metal grate walkway. The materials are industrial steel and metal, which are processed homogenous artefacts where the original natural texture is unidentifiable and the object does not depict a natural entity. It falls strictly under the Homogenous Artefacts exclusion and fails the criteria for nature. Not applicable since the entity is not classified as nature.",False
/home/pmonserrat/datasets/places/val_formatted/132/Places365_val_00000177.jpg,embassy,False,,,no,none,none,"The target entity is an embassy. The visual evidence shows a large, multi-story building with classical architectural features, situated in an urban environment. Embassies are administrative and political units, representing a country or government in a foreign land. Under the provided taxonomy, administrative and political units (e.g., countries, counties, districts, cities) fall strictly under the Exclusion Scope and are never classified as nature, regardless of their physical construction or setting. Not applicable since the entity is not classified as nature.",False
/home/pmonserrat/datasets/places/val_formatted/132/Places365_val_00001009.jpg,embassy,False,,,no,none,none,"The target entity is an embassy. The visual evidence shows a large brick building with arched windows, situated in an urban setting. While the building is constructed from natural materials like brick and stone, it is a manufactured structural object where the original natural texture is unidentifiable and the object does not depict a natural entity. Furthermore, administrative and political units (such as embassies, which are diplomatic missions) fall under the explicit Exclusion Scope of the taxonomy. Therefore, it fails the criteria for nature. Not applicable since the entity is not classified as nature.",False
/home/pmonserrat/datasets/places/val_formatted/132/Places365_val_00001109.jpg,embassy,False,,,no,none,none,"The target entity is an embassy. The visual evidence shows a building with a sign that reads 'Embassy' on the facade. However, under the provided taxonomy, Administrative & Political Units (e.g., countries, counties, districts, cities) are explicitly excluded from the nature classification. An embassy is a diplomatic mission representing a country, which falls under the category of an administrative or political unit. Therefore, it does not fulfill the inclusion criteria for nature. Not applicable since the entity is not classified as nature.",False
/home/pmonserrat/datasets/places/val_formatted/132/Places365_val_00001932.jpg,embassy,False,,,no,none,none,"The target entity is an embassy. The visual evidence shows a large stone building, which is a man-made structure. While the building is constructed from natural materials like stone, it is a functional, manufactured object where the original natural texture is unidentifiable and the object does not depict a natural entity. It falls strictly under the Homogenous Artefacts exclusion and fails the criteria for nature. Not applicable since the entity is not classified as nature.",False
/home/pmonserrat/datasets/places/val_formatted/132/Places365_val_00002041.jpg,embassy,False,,,no,none,none,"The target entity is an embassy. The visual evidence shows a large, formal building with classical architectural features, situated in an urban environment. While the building is constructed from natural materials like stone and brick, it is a homogenous artefact where the original natural texture is unidentifiable and the object does not depict a natural entity. Furthermore, administrative and political units (such as embassies, which are diplomatic missions) fall under the explicit Exclusion Scope of the taxonomy. Therefore, it fails the criteria for nature. Not applicable since the entity is not classified as nature.",False
/home/pmonserrat/datasets/places/val_formatted/133/Places365_val_00000824.jpg,engine room,False,,,no,none,none,"The target entity is an engine room. The visual evidence shows an interior space of a ship or industrial facility containing control panels, machinery, and seating. This is a man-made, constructed environment designed for human operation and maintenance. It does not depict a natural ecosystem, nor does it consist of natural elements like flora, fauna, or geological formations in their natural state. While it may contain some natural materials (like the wood grain on the chair or the metal of the panels), the entity itself is a functional, manufactured space, not a natural environment or a representation of one. Therefore, it falls under the exclusion scope for homogenous artefacts and administrative/functional units, failing the criteria for nature. Not applicable since the entity is not classified as nature.",False
/home/pmonserrat/datasets/places/val_formatted/133/Places365_val_00000869.jpg,engine room,False,,,no,none,none,"The target entity is an engine room. The visual evidence shows a manufactured interior space containing heavy machinery, pipes, and metal structures. While the room may be located on a vessel or in a facility that interacts with the natural world, the room itself is a constructed, artificial environment. It does not depict a natural entity, nor is it a natural ecosystem or element. It falls under the exclusion scope for homogenous artefacts and administrative/functional units, failing the criteria for nature. Not applicable since the entity is not classified as nature.",False
/home/pmonserrat/datasets/places/val_formatted/133/Places365_val_00001086.jpg,engine room,False,,,no,none,none,"The target entity is an engine room. The visual evidence shows a confined space containing mechanical machinery, pipes, gauges, and metal components. This environment is a man-made, industrial setting designed for the operation of engines. It does not depict any more-than-human living entities, natural ecosystems, or unprocessed natural elements. While it may contain materials derived from nature (like metal or rubber), the entity itself is a functional, manufactured space and falls strictly under the Homogenous Artefacts exclusion and Administrative/Political Units exclusion (as a functional space), failing the criteria for nature. Not applicable since the entity is not classified as nature.",False
/home/pmonserrat/datasets/places/val_formatted/133/Places365_val_00001094.jpg,engine room,False,,,no,none,none,"The target entity is an engine room. The visual evidence shows an interior space of a building containing large industrial pipes, ducts, and structural supports. This is a man-made, functional environment designed for housing machinery. It does not depict a natural ecosystem, a living organism, a geological formation, or a meteorological phenomenon. It is a purely anthropogenic structure, falling under the exclusion scope for homogenous artefacts and administrative units, and failing the criteria for nature. Not applicable since the entity is not classified as nature.",False
/home/pmonserrat/datasets/places/val_formatted/133/Places365_val_00002000.jpg,engine room,False,,,no,none,none,"The target entity is an engine room. The visual evidence shows a close-up of mechanical components, specifically metal pipes, threaded fittings, and cooling fins. These are manufactured structural and functional objects made of metal. The original natural texture of the materials is completely unidentifiable and altered by industrial processing, and the object does not depict a natural entity. Therefore, it falls strictly under the Homogenous Artefacts exclusion and fails the criteria for nature. Not applicable since the entity is not classified as nature.",False
/home/pmonserrat/datasets/places/val_formatted/134/Places365_val_00000075.jpg,entrance hall,False,,,no,none,none,"The target entity is an entrance hall. The visual evidence shows an interior architectural space defined by walls, a ceiling, and a floor. This is a constructed, man-made environment. While it contains natural materials (like stone or wood) and natural light, the entity itself is a functional, homogenous artefact designed for human use. It does not depict a natural entity, nor does it function as a natural ecosystem or process. Therefore, it falls under the exclusion scope for homogenous artefacts and administrative/political units (as a named space), failing the criteria for nature. Not applicable since the entity is not classified as nature.",False
/home/pmonserrat/datasets/places/val_formatted/134/Places365_val_00000422.jpg,entrance hall,False,,,no,none,none,"The target entity is an entrance hall. The visual evidence shows an interior architectural space defined by walls, a tiled floor, a staircase, and an elevator. While there are plants present within the space, the 'entrance hall' itself is a constructed, man-made environment. It does not fit the definition of a natural or semi-natural ecosystem, nor does it represent a natural element, process, or living entity. It is a functional, homogenous artefact of human construction, falling under the exclusion scope for administrative or built environments. Not applicable since the entity is not classified as nature.",False
/home/pmonserrat/datasets/places/val_formatted/134/Places365_val_00001024.jpg,entrance hall,False,,,no,none,none,"The target entity is an entrance hall. The visual evidence shows a large, ornate interior space of a building, characterized by gilded columns, mirrors, and decorative wall panels. This is a constructed architectural environment. While it contains natural materials (wood, stone, paint) and potentially natural light, the space itself is a human-made structure designed for human use. It does not depict a natural entity, nor is it a natural ecosystem or element. It falls under the exclusion scope for homogenous artefacts and administrative/political units (as a room within a building), and is not a representation of nature. Therefore, it is not classified as nature. Not applicable since the entity is not classified as nature.",False
/home/pmonserrat/datasets/places/val_formatted/134/Places365_val_00001111.jpg,entrance hall,False,,,no,none,none,"The target entity is an entrance hall. The visual evidence shows an interior architectural space of a museum, characterized by stone walls, arches, and columns. While the materials (stone) are natural, the structure itself is a homogenous artefact where the original natural texture is unidentifiable and the object does not depict a natural entity. It is a built environment, not a natural ecosystem or element. Therefore, it falls under the exclusion scope for homogenous artefacts and administrative units (as it is a specific named space within a building), failing the criteria for nature. Not applicable since the entity is not classified as nature.",False
/home/pmonserrat/datasets/places/val_formatted/134/Places365_val_00001192.jpg,entrance hall,False,,,no,none,none,"The target entity is an entrance hall. The visual evidence shows a large, architecturally designed interior space with stone walls, glass windows, and decorative elements. While the materials used (stone, glass) are natural in origin, the structure itself is a manufactured, functional building designed for human use. It does not depict a natural entity, nor does it retain the visually identifiable natural texture of the raw materials in a way that classifies it as a 'Nature-Based Artefact' (which requires the natural material's structure to be the primary visual feature, like a wooden table with visible grain). Instead, it is a homogenous artefact or a built environment, which falls under the exclusion scope for administrative/political units or general built structures that are not explicitly nature-based artefacts. Therefore, it fails the criteria for nature. Not applicable since the entity is not classified as nature.",False
/home/pmonserrat/datasets/places/val_formatted/14/Places365_val_00000161.jpg,archive,False,,,no,none,none,"The target entity is 'archive'. The visual evidence shows a background of bookshelves filled with books. While books are made of paper (derived from trees), the term 'archive' in this context refers to the collection of records or the function of the space, not the natural material itself. The books are homogenous artefacts where the natural texture is unidentifiable, and the term 'archive' is an administrative or functional label, not a reference to a natural element or process. Therefore, it falls under the Exclusion Scope for Administrative & Political Units and Homogenous Artefacts. Not applicable since the entity is not classified as nature.",False
/home/pmonserrat/datasets/places/val_formatted/14/Places365_val_00000572.jpg,archive,False,,,,,,,True
/home/pmonserrat/datasets/places/val_formatted/14/Places365_val_00000725.jpg,archive,False,,,no,none,none,"The target entity is an archive. The visual evidence shows a room containing rows of metal shelving units and a table where a person is working with documents. An archive is an administrative or political unit (a collection of records or a facility for storing them) and a functional space. While the room contains natural elements like the carpet, walls, and ceiling, the entity 'archive' itself refers to the administrative function or the collection of records, which falls under the Exclusion Scope for Administrative & Political Units. Furthermore, the furniture (shelves, table) are homogenous artefacts where the natural texture is unidentifiable. Therefore, the entity 'archive' does not count as nature under this taxonomy. Not applicable since the entity is not classified as nature.",False
/home/pmonserrat/datasets/places/val_formatted/14/Places365_val_00001798.jpg,archive,False,,,no,none,none,"The target entity is an archive. The visual evidence shows a collection of CD cases and books arranged on shelves. While the shelves themselves are made of wood (a Nature-Based Artefact), the term 'archive' refers to the collection of records, documents, or media stored there. The primary subject is the stored information and the act of storage, which are abstract concepts and cultural artifacts rather than natural entities. The CD cases and books are homogenous artefacts where the natural texture is unidentifiable or the object does not depict a natural entity. Therefore, the concept of an 'archive' does not fulfill the inclusion criteria for nature. Not applicable since the entity is not classified as nature.",False
/home/pmonserrat/datasets/places/val_formatted/14/Places365_val_00002018.jpg,archive,False,,,no,none,none,"The target entity is an archive. The visual evidence shows a collection of books or documents on shelves in the background. While books are made of paper (derived from trees), the term 'archive' refers to the collection or the concept of storage rather than the physical material itself. Furthermore, the visual evidence primarily features a human face in the foreground, and the background elements are functional storage units (shelves) containing items. The term 'archive' does not explicitly refer to a natural entity, ecosystem, or process in this context; it refers to a human-made collection or administrative unit. Therefore, it falls under the Exclusion Scope for Administrative & Political Units or Homogenous Artefacts (as the shelves are functional objects where the natural texture is unidentifiable). Not applicable since the entity is not classified as nature.",False
/home/pmonserrat/datasets/places/val_formatted/143/Places365_val_00000072.jpg,fire escape,False,,,no,none,none,"The target entity is a fire escape. The visual evidence shows a metal structure attached to the exterior of a brick building. It is a manufactured functional object made of metal. Because the original natural texture of the materials is completely unidentifiable and altered, and the object does not depict a natural entity, it falls strictly under the Homogenous Artefacts exclusion and fails the criteria for nature. Not applicable since the entity is not classified as nature.",False
/home/pmonserrat/datasets/places/val_formatted/143/Places365_val_00001693.jpg,fire escape,False,,,no,none,none,"The target entity is a fire escape. The visual evidence shows a manufactured metal structure attached to the side of a brick building. It is a functional object designed for emergency egress. The materials (metal, paint) are processed industrial materials where the original natural texture is unidentifiable, and the object does not depict a natural entity. It falls strictly under the Homogenous Artefacts exclusion and fails the criteria for nature. Not applicable since the entity is not classified as nature.",False
/home/pmonserrat/datasets/places/val_formatted/143/Places365_val_00001724.jpg,fire escape,False,,,no,none,none,"The target entity is a fire escape. The visual evidence shows a metal structure attached to the side of a building. This is a manufactured functional object designed for safety and egress. The materials (metal) are processed to the point where their original natural texture is unidentifiable, and the object does not depict a natural entity. It falls strictly under the Homogenous Artefacts exclusion and fails the criteria for nature. Not applicable since the entity is not classified as nature.",False
/home/pmonserrat/datasets/places/val_formatted/143/Places365_val_00001803.jpg,fire escape,False,,,no,none,none,"The target entity is a fire escape. The visual evidence shows a metal structure attached to the exterior of a building, designed for emergency egress. It is a manufactured functional object made of metal and glass. Because the original natural texture of the materials is completely unidentifiable and altered, and the object does not depict a natural entity, it falls strictly under the Homogenous Artefacts exclusion and fails the criteria for nature. Not applicable since the entity is not classified as nature.",False
/home/pmonserrat/datasets/places/val_formatted/143/Places365_val_00001839.jpg,fire escape,False,,,no,none,none,"The target entity is a fire escape. The visual evidence shows a manufactured metal structure attached to the exterior of a building. It is a functional object made of steel or iron, where the original natural texture of the materials is completely unidentifiable and altered by industrial processing. It does not depict a natural entity. Therefore, it falls strictly under the Homogenous Artefacts exclusion and fails the criteria for nature. Not applicable since the entity is not classified as nature.",False
/home/pmonserrat/datasets/places/val_formatted/144/Places365_val_00000388.jpg,fire station,False,,,no,none,none,"The target entity is a fire station. The visual evidence shows a large, man-made building constructed from brick and concrete. While the building is surrounded by natural elements like palm trees and a clear sky, the fire station itself is a manufactured structural object. Under the provided taxonomy, homogenous artefacts—manufactured objects where the original natural texture is unidentifiable and the object does not depict a natural entity—are explicitly excluded from the nature classification. A fire station is a functional administrative building, not a natural entity, ecosystem, or representation of nature. Not applicable since the entity is not classified as nature.",False
/home/pmonserrat/datasets/places/val_formatted/144/Places365_val_00000467.jpg,fire station,False,,,no,none,none,"The target entity is a fire station. The visual evidence shows a man-made building constructed from brick and other manufactured materials. While the surrounding environment includes grass and trees, the fire station itself is a functional, manufactured structure. Under the provided taxonomy, homogenous artefacts (manufactured structural objects where the original natural texture is unidentifiable) are explicitly excluded from the nature classification. Therefore, the fire station does not count as nature. Not applicable since the entity is not classified as nature.",False
/home/pmonserrat/datasets/places/val_formatted/144/Places365_val_00000724.jpg,fire station,False,,,no,none,none,"The target entity is a fire station. The visual evidence shows a brick building with a sign reading 'BASTROP FIRE DEPARTMENT'. While the building is constructed from natural materials like brick and stone, it is a manufactured structural object where the original natural texture is unidentifiable and the object does not depict a natural entity. It falls strictly under the Homogenous Artefacts exclusion and fails the criteria for nature. Not applicable since the entity is not classified as nature.",False
/home/pmonserrat/datasets/places/val_formatted/144/Places365_val_00000916.jpg,fire station,False,,,no,none,none,"The target entity is a fire station. The visual evidence shows a large, multi-story building constructed primarily of red brick and white stone. While the building is a manufactured structure, the materials used—brick and stone—are natural geological and mineral resources. However, the definition of 'Nature-Based Artefacts' requires that the natural material of origin remains visually identifiable by its structure, grain, or texture. In this case, the brick and stone are processed into a homogenous architectural form where the original natural texture is not the primary visual feature of the object itself, but rather the building functions as a homogenous artefact. Furthermore, the building is a functional object (a fire station) rather than a depiction of a natural entity. Therefore, it falls under the exclusion scope for homogenous artefacts and does not count as nature. Not applicable since the entity is not classified as nature.",False
/home/pmonserrat/datasets/places/val_formatted/144/Places365_val_00001511.jpg,fire station,False,,,no,none,none,"The target entity is a fire station. The visual evidence shows a building structure, specifically the rear of a fire engine or a fire station facility, characterized by painted metal surfaces, glass windows, and artificial lighting fixtures. The materials are manufactured (metal, glass, paint) and the original natural texture is unidentifiable. Furthermore, the object does not depict a natural entity. It falls strictly under the Homogenous Artefacts exclusion and fails the criteria for nature. Not applicable since the entity is not classified as nature.",False
/home/pmonserrat/datasets/places/val_formatted/145/Places365_val_00000363.jpg,fishpond,True,False,True,yes,abiotic,material,"The target entity is a fishpond. The visual evidence shows a body of water containing a swimming animal (a nutria or coypu) and floating leaves. A fishpond is a type of pond, which falls under Hydrological Components (Non-Living Natural Elements & Processes) in the Abiotic category. Additionally, the presence of the animal and leaves confirms the biological context. Since the entity is a real-world water body and ecosystem, it fulfills the inclusion criteria for nature. Since nature is 'yes', I evaluate the sub-axes. A fishpond is primarily a hydrological component (water body), placing it under the abiotic category. Because the image is an unfiltered documentary photograph capturing a real-world physical environment with water and an animal, it is classified as material under the Tangibility axis.",False
/home/pmonserrat/datasets/places/val_formatted/145/Places365_val_00001095.jpg,fishpond,True,False,True,,,,,True
/home/pmonserrat/datasets/places/val_formatted/145/Places365_val_00001567.jpg,fishpond,True,False,True,yes,abiotic,material,"The target entity is a fishpond. The visual evidence shows a body of water covered with lily pads and surrounded by vegetation. Hydrological components (rivers, ponds, lakes, streams) are explicitly classified under Non-Living Natural Elements & Processes, fulfilling the inclusion criteria for nature. Since nature is 'yes', I evaluate the sub-axes. A fishpond is a body of water, placing it under Hydrological Components within the abiotic category. Because the image is an unfiltered documentary depiction capturing a real-world physical environment, it is classified as material under the Tangibility axis.",False
/home/pmonserrat/datasets/places/val_formatted/145/Places365_val_00002290.jpg,fishpond,True,False,True,,,,,True
/home/pmonserrat/datasets/places/val_formatted/145/Places365_val_00002293.jpg,fishpond,True,False,True,yes,abiotic,material,"The target entity is a fishpond. The visual evidence shows a small, contained body of water situated within a garden setting, surrounded by plants and a brick path. Hydrological components, specifically ponds, are explicitly classified under Non-Living Natural Elements & Processes within the Inclusion Scope of the Nature Definition. This entity is a physical water body, fulfilling the criteria for nature. Since nature is 'yes', I evaluate the sub-axes. A fishpond is a contained body of water, placing it under Hydrological Components within the abiotic category. Because the image is an unfiltered documentary photograph capturing a real-world physical environment, it is classified as material under the Tangibility axis.",False
/home/pmonserrat/datasets/places/val_formatted/148/Places365_val_00000560.jpg,food court,False,,,no,none,none,"The target entity is a food court. The visual evidence shows a large indoor commercial space with tables, chairs, and people eating. While there are some potted plants visible in the background, the primary entity 'food court' refers to the administrative and commercial unit itself. Administrative and political units, as well as commercial establishments, fall under the Exclusion Scope. The presence of people (human beings) and furniture (homogenous artefacts) further confirms that the entity as a whole does not meet the inclusion criteria for nature. Not applicable since the entity is not classified as nature.",False
/home/pmonserrat/datasets/places/val_formatted/148/Places365_val_00000700.jpg,food court,False,,,no,none,none,"The target entity is a food court. The visual evidence shows a sign labeled 'International Food Court' situated within a commercial indoor corridor. While food courts contain food and drink, the entity itself is a commercial space or administrative label for a dining area. Under the provided taxonomy, administrative and political units (including commercial zones or named areas) are explicitly excluded. Furthermore, the sign itself is a homogenous artefact (a manufactured object) where the natural texture is unidentifiable and it does not depict a natural entity. Therefore, it fails the criteria for nature. Not applicable since the entity is not classified as nature.",False
/home/pmonserrat/datasets/places/val_formatted/148/Places365_val_00001395.jpg,food court,False,,,no,none,none,"The target entity is a food court. The visual evidence shows a large indoor space filled with people sitting at tables, eating. While the activity of eating involves processed food (which is nature), the 'food court' itself is a commercial venue or administrative unit. The definition explicitly excludes 'Administrative & Political Units' and 'Homogenous Artefacts' (like the tables and chairs) where the natural texture is unidentifiable. The space is a man-made environment for commerce, not a natural ecosystem or element. Therefore, it does not count as nature under this taxonomy. Not applicable since the entity is not classified as nature.",False
/home/pmonserrat/datasets/places/val_formatted/148/Places365_val_00001619.jpg,food court,False,,,no,none,none,"The target entity is a food court. The visual evidence shows an indoor commercial space with a bar counter, stools, and people. While the space contains natural elements like the wooden bar counter (which has visible grain) and the corrugated metal roof, the term 'food court' refers to the administrative and functional unit of the establishment itself. Under the Exclusion Scope, administrative and political units, as well as functional objects where the natural texture is unidentifiable or the object does not depict a natural entity, are not classified as nature. The 'food court' is a human-made functional space, not a natural entity, ecosystem, or representation of nature. Not applicable since the entity is not classified as nature.",False
/home/pmonserrat/datasets/places/val_formatted/148/Places365_val_00001842.jpg,food court,False,,,no,none,none,"The target entity is a food court. The visual evidence shows an outdoor seating area with picnic tables and umbrellas, situated in an urban environment. While the tables are made of wood (a nature-based artefact) and the setting is outdoors, the term 'food court' refers to the commercial function and the collection of people and structures. The primary focus is the human activity of eating and socializing in a commercial setting. The inclusion scope for 'Nature-Based Activities' requires activities explicitly taking place within or directly engaging with natural environments or elements. This is an urban, built environment. The wooden tables are homogenous artefacts in the context of the overall 'food court' entity, which is a commercial space. The entity itself is a human-made commercial zone, not a natural entity, ecosystem, or representation of nature. Not applicable since the entity is not classified as nature.",False
/home/pmonserrat/datasets/places/val_formatted/149/Places365_val_00000378.jpg,football field,True,True,True,,,,,True
/home/pmonserrat/datasets/places/val_formatted/149/Places365_val_00000449.jpg,football field,True,True,True,yes,biotic,material,"The target entity is a football field. The visual evidence shows a large, manicured green surface with white painted lines, situated within a stadium. This surface is a cultivated, artificial turf or grass field, which falls under the inclusion scope of 'Ecosystems & Environments' (specifically, semi-natural or cultivated environments like vegetable gardens or parks) and 'Flora & Plant Derivatives' (cultivated grass). While it is a constructed space, the primary material is a biological entity (grass/turf) that is explicitly cultivated and maintained, fulfilling the criteria for nature as a 'Nature-Based Artefact' or 'Ecosystem'. Since nature is 'yes', I evaluate the sub-axes. The field is composed of cultivated grass (flora), placing it under the biotic category. Because the image is a standard, literal, realistic digital photograph capturing a real-world physical landscape, it is classified as material under the Tangibility axis.",False
/home/pmonserrat/datasets/places/val_formatted/149/Places365_val_00000641.jpg,football field,True,True,True,yes,biotic,material,"The target entity is a football field. The visual evidence shows a large expanse of grass with painted white lines, where players are actively engaged in a game. The grass is a cultivated plant (Flora), and the field is a semi-natural environment (Ecosystems & Environments) where non-human entities exist and interact. The activity taking place is a nature-based activity (Nature-Based Activities). Therefore, the field itself, as a grassy environment, counts as nature under the inclusion criteria. Since nature is 'yes', I evaluate the sub-axes. The primary material of the field is grass, which is a cultivated plant, placing it under Flora & Plant Derivatives within the biotic category. Because the image is an unfiltered documentary photograph capturing a real-world physical environment, it is classified as material under the Tangibility axis.",False
/home/pmonserrat/datasets/places/val_formatted/149/Places365_val_00000760.jpg,football field,True,True,True,yes,biotic,material,"The target entity is a football field. The visual evidence shows a large expanse of green grass with white painted lines, where a game is actively taking place. This environment is explicitly defined as a Nature-Based Activity (physical activities explicitly taking place within or directly engaging with natural environments or elements) and the grass itself is Flora. The field serves as the natural environment for the activity, fulfilling the inclusion criteria for nature. Since nature is 'yes', I evaluate the sub-axes. The field is primarily composed of grass (Flora) and soil (Geological), placing it under the biotic category due to the living plant community. Because the image is an unfiltered documentary photograph capturing a real-world physical environment, it is classified as material under the Tangibility axis.",False
/home/pmonserrat/datasets/places/val_formatted/149/Places365_val_00001377.jpg,football field,True,True,True,,,,,True
/home/pmonserrat/datasets/places/val_formatted/153/Places365_val_00000216.jpg,formal garden,True,True,True,yes,biotic,material,"The target entity is a formal garden. The visual evidence shows a landscaped outdoor space featuring manicured lawns, large sculpted hedges, and topiary trees. This environment is explicitly defined as a 'Biological Ecosystem' or 'Nature-Based Activity' environment under the Inclusion Scope of the Nature Definition. It is a physical, real-world environment where non-human entities exist and interact, fulfilling the criteria for nature. Since nature is 'yes', I evaluate the sub-axes. A formal garden is an environment defined by living communities (plants, trees, hedges) and biological interactions, placing it under Biological Ecosystems within the biotic category. Because the image is an unfiltered documentary photograph capturing a real-world physical environment with mass and physical presence, it is classified as material under the Tangibility axis.",False
/home/pmonserrat/datasets/places/val_formatted/153/Places365_val_00000459.jpg,formal garden,True,True,True,yes,biotic,material,"The target entity is a formal garden. The visual evidence shows a landscaped area containing manicured hedges, flower beds, and surrounding trees. This environment is explicitly defined as a 'Biological Ecosystem' (e.g., urban parks, vegetable gardens) under the Biotic inclusion scope. Furthermore, the hedges and flowers are Flora & Plant Derivatives. The presence of these living organisms and the defined ecosystem structure fulfills the inclusion criteria for nature. Since nature is 'yes', I evaluate the sub-axes. The garden is defined by the living communities of plants (hedges, flowers, trees) and their interactions, placing it under Biological Ecosystems and Flora within the biotic category. Because the image is an unfiltered documentary photograph capturing a real-world physical environment with mass and space, it is classified as material under the Tangibility axis.",False
/home/pmonserrat/datasets/places/val_formatted/153/Places365_val_00000549.jpg,formal garden,True,True,True,yes,biotic,material,"The target entity is a formal garden. The visual evidence shows a manicured outdoor space containing lawns, hedges, and flower beds. This environment is explicitly defined as a 'Biological Ecosystem' under the Inclusion Scope of the Nature Axis, as it is an environment defined by living communities and biological interactions. Furthermore, the specific elements within the garden, such as the manicured hedges and flower beds, are direct representations of Flora & Plant Derivatives, which are included under the Biotic category. Since nature is 'yes', I evaluate the sub-axes. A formal garden is an environment defined by living communities (plants, hedges, flowers), placing it under Biological Ecosystems within the biotic category. Because the image is an unfiltered documentary photograph capturing a real-world physical environment with mass and physical presence, it is classified as material under the Tangibility axis.",False
/home/pmonserrat/datasets/places/val_formatted/153/Places365_val_00000552.jpg,formal garden,True,True,True,yes,biotic,material,"The target entity is a formal garden. The visual evidence shows a landscaped outdoor area featuring manicured flower beds, shrubs, trees, and a swimming pool. This environment is explicitly defined as a 'Biological Ecosystem' (specifically an urban park or garden) under the Inclusion Scope of the Nature Axis. Furthermore, the presence of flora (plants, flowers, trees) and the hydrological element (the pool) confirms it falls under the inclusion criteria for nature. Since nature is 'yes', I evaluate the sub-axes. The garden is defined by the living communities of plants, flowers, and trees, which places it under the Biotic category (Flora & Plant Derivatives and Biological Ecosystems). Although it contains abiotic elements like the pool and stone walls, the primary definition of a garden as a cultivated space relies on the biotic community. Because the image is an unfiltered documentary photograph capturing a real-world physical environment, it is classified as material under the Tangibility axis.",False
/home/pmonserrat/datasets/places/val_formatted/153/Places365_val_00001437.jpg,formal garden,True,True,True,,,,,True
/home/pmonserrat/datasets/places/val_formatted/154/Places365_val_00000352.jpg,fountain,False,,,,,,,True
/home/pmonserrat/datasets/places/val_formatted/154/Places365_val_00000393.jpg,fountain,False,,,yes,abiotic,material,"The target entity is a fountain. The visual evidence shows a real-world water feature with water actively spraying upwards from a central basin. While the fountain structure itself is a manufactured artefact, the active element is the water. Hydrological components (rivers, ponds, lakes, streams) and fluid flows are explicitly classified under Non-Living Natural Elements & Processes. The water in motion constitutes a physical natural process (hydrological flow) occurring in the real world, fulfilling the inclusion criteria for nature. Since nature is 'yes', I evaluate the sub-axes. The active element is the water spray, which is a fluid flow, placing it under Hydrological Components within the abiotic category. Because the image is an unfiltered documentary photograph capturing a real-world physical phenomenon (water in motion), it is classified as material under the Tangibility axis.",False
/home/pmonserrat/datasets/places/val_formatted/154/Places365_val_00000485.jpg,fountain,False,,,yes,abiotic,material,"The target entity is a fountain. The visual evidence shows a large-scale water feature in an urban setting, with jets of water shooting upwards from a basin. While fountains are man-made structures, the active element being depicted is the water itself in motion. Water bodies and fluid flows (hydrological components) are explicitly classified under Non-Living Natural Elements & Processes. The water jets represent a physical hydrological process occurring in the real world, fulfilling the inclusion criteria for nature. Since nature is 'yes', I evaluate the sub-axes. The active element is water in motion, placing it under Hydrological Components within the abiotic category. Because the image is an unfiltered documentary photograph capturing a real-world physical phenomenon (water jets), it is classified as material under the Tangibility axis.",False
/home/pmonserrat/datasets/places/val_formatted/154/Places365_val_00000808.jpg,fountain,False,,,,,,,True
/home/pmonserrat/datasets/places/val_formatted/154/Places365_val_00001206.jpg,fountain,False,,,yes,abiotic,material,"The target entity is a fountain. The visual evidence shows a large, ornate water feature with flowing water, sculpted rock formations, and statues. While the fountain is a constructed object, the primary functional element is the water itself, which is a hydrological component. The inclusion scope for nature explicitly lists 'Hydrological: Rivers, ponds, lakes, oceans, streams' and 'Nature-Based Activities' or 'Nature-Based Artefacts' where natural material remains identifiable. The flowing water is the defining natural element here, making it a representation of a hydrological process in a constructed setting, or simply the water feature itself which falls under the hydrological inclusion criteria. Since nature is 'yes', I evaluate the sub-axes. The core element of a fountain is the water, which is a hydrological component. Hydrological components are explicitly classified under the abiotic category. The image captures a real-world physical scene with flowing water and stone structures, representing a material existence in the physical environment.",False
/home/pmonserrat/datasets/places/val_formatted/155/Places365_val_00000057.jpg,galley,False,,,no,none,none,"The target entity is a galley. The visual evidence shows a kitchen area on a boat, characterized by wooden cabinetry, countertops, and appliances. While the galley contains natural elements (wooden surfaces with visible grain, food items like fruit and watermelon), the term 'galley' itself refers to the functional room or space designed for cooking and food preparation. This is a manufactured structural object where the primary function is utilitarian (cooking) rather than a direct depiction of a natural entity. The wooden surfaces are Nature-Based Artefacts, but the 'galley' as a whole is a homogenous artefact (a room/kitchen) where the natural material is a component of a larger manufactured structure, not the defining natural entity itself. Therefore, it falls under the exclusion scope for homogenous artefacts and administrative/functional units, failing the criteria for nature. Not applicable since the entity is not classified as nature.",False
/home/pmonserrat/datasets/places/val_formatted/155/Places365_val_00001459.jpg,galley,False,,,yes,biotic,material,"The target entity is a galley. The visual evidence shows a wooden cabinet structure with visible wood grain and natural texture. While homogenous artefacts are excluded, manufactured objects where the natural material of origin remains visually identifiable by its grain or texture explicitly count as Nature-Based Artefacts, fulfilling the inclusion criteria. Since nature is 'yes', I evaluate the sub-axes. The galley is constructed from wood, a processed material derived from trees, placing it under Flora & Plant Derivatives within the biotic category. Because it is a real-world physical object with mass that occupies space, it is classified as material under the Tangibility axis.",False
/home/pmonserrat/datasets/places/val_formatted/155/Places365_val_00001657.jpg,galley,False,,,no,none,none,"The target entity is a galley. The visual evidence shows a compact kitchen area within a boat, featuring wooden cabinetry, a sink, and countertops. While the cabinetry is made of wood (a natural material), the galley itself is a functional, manufactured structural object. The wood grain is visible on the cabinets, but the object as a whole is a homogenous artefact designed for a specific function (cooking) rather than being a representation of nature or a natural element itself. Under the exclusion scope, homogenous artefacts where the original natural texture is unidentifiable in the context of the object's primary function (a kitchen unit) are not classified as nature. The wood is a material component, but the 'galley' as a functional unit is a manufactured object. Not applicable since the entity is not classified as nature.",False
/home/pmonserrat/datasets/places/val_formatted/155/Places365_val_00001887.jpg,galley,False,,,no,none,none,"The target entity is a galley, which in this context refers to the kitchen or cooking area of a ship or a modern apartment. The visual evidence shows a manufactured functional space containing cabinets, countertops, and appliances. While the space may contain natural materials (like wood or stone), the 'galley' itself is a structural and functional designation for a room or area, not a natural entity, ecosystem, or process. It falls under the exclusion scope for administrative or functional units and does not depict a natural entity. Therefore, it is not classified as nature. Not applicable since the entity is not classified as nature.",False
/home/pmonserrat/datasets/places/val_formatted/155/Places365_val_00002827.jpg,galley,False,,,,,,,True
/home/pmonserrat/datasets/places/val_formatted/158/Places365_val_00000063.jpg,gas station,False,,,no,none,none,"The target entity is a gas station. The visual evidence shows a commercial facility consisting of a canopy, fuel pumps, and paved surfaces. These are manufactured structural and functional objects. While the station is located in an environment that includes trees and a sky (which are nature), the specific target 'gas station' itself is a homogenous artefact where the original natural texture is unidentifiable and the object does not depict a natural entity. Therefore, it falls under the Exclusion Scope for homogenous artefacts and is not classified as nature. Not applicable since the entity is not classified as nature.",False
/home/pmonserrat/datasets/places/val_formatted/158/Places365_val_00000373.jpg,gas station,False,,,no,none,none,"The target entity is a gas station. The visual evidence shows a man-made structure consisting of a large canopy, pillars, a building, and fuel pumps. These are manufactured functional objects. While the surrounding environment contains natural elements like the sky, clouds, and dry grass, the specific target 'gas station' itself is a homogenous artefact where the original natural texture is unidentifiable and the object does not depict a natural entity. Therefore, it falls under the Exclusion Scope for homogenous artefacts and is not classified as nature. Not applicable since the entity is not classified as nature.",False
/home/pmonserrat/datasets/places/val_formatted/158/Places365_val_00000551.jpg,gas station,False,,,no,none,none,"The target entity is a gas station. The visual evidence shows a commercial facility with a canopy, pumps, and a convenience store. This is a manufactured, functional structure designed for human use. While it is situated in an environment that may contain natural elements (like the sky, ground, or distant trees), the gas station itself is a homogenous artefact where the original natural texture of the materials (concrete, metal, plastic, glass) is unidentifiable and the object does not depict a natural entity. Therefore, it falls strictly under the Homogenous Artefacts exclusion and fails the criteria for nature. Not applicable since the entity is not classified as nature.",False
/home/pmonserrat/datasets/places/val_formatted/158/Places365_val_00000728.jpg,gas station,False,,,no,none,none,"The target entity is a gas station. The visual evidence shows a commercial facility consisting of a canopy, fuel pumps, signage, and paved surfaces. These are manufactured functional objects designed for human use. While the station is situated within a natural environment (indicated by the trees and sky in the background), the entity itself is a homogenous artefact where the original natural texture of the materials is unidentifiable and the object does not depict a natural entity. Therefore, it falls under the Homogenous Artefacts exclusion and fails the criteria for nature. Not applicable since the entity is not classified as nature.",False
/home/pmonserrat/datasets/places/val_formatted/158/Places365_val_00001568.jpg,gas station,False,,,no,none,none,"The target entity is a gas station. The visual evidence shows a yellow, box-like machine with a digital display, a solar panel on top, and a sign that reads 'SolarPump'. This is a manufactured functional object designed for human use (likely a water or energy dispenser). The materials (plastic, metal, glass) are processed and their original natural texture is unidentifiable. Furthermore, the object does not depict a natural entity. It falls strictly under the Homogenous Artefacts exclusion and fails the criteria for nature. Not applicable since the entity is not classified as nature.",False
/home/pmonserrat/datasets/places/val_formatted/162/Places365_val_00000615.jpg,gift shop,False,,,no,none,none,"The target entity is a gift shop. The visual evidence shows a collection of decorative items, including fabric hearts, a glass vase, and artificial greenery. While the greenery is plant-based, it is clearly artificial or processed (likely silk or plastic), and the hearts are manufactured objects. The term 'gift shop' refers to a commercial establishment or a collection of commercial goods. Commercial establishments and functional objects where the natural material is unidentifiable or the object serves a purely functional/commercial purpose (like a shop) fall under the Exclusion Scope for Homogenous Artefacts and Administrative/Political Units (as a commercial entity). The items themselves are representations or processed goods, but the entity 'gift shop' as a concept or location is not classified as nature under this taxonomy. Not applicable since the entity is not classified as nature.",False
/home/pmonserrat/datasets/places/val_formatted/162/Places365_val_00000789.jpg,gift shop,False,,,no,none,none,"The target entity is a gift shop. The visual evidence shows a retail display area containing various packaged goods, including boxes and bags. While the packaging may feature nature-themed designs (such as the panda logo or fruit illustrations), the entity itself is a commercial space or a collection of manufactured goods. The definition of nature explicitly excludes 'Food & Drink Packaging' unless the text name or an image of the natural element inside is explicitly printed on the package exterior. Furthermore, the shop itself is a human-made administrative or commercial unit, not a natural environment or entity. Therefore, it falls under the exclusion scope for administrative units and homogenous artefacts (packaging), failing the criteria for nature. Not applicable since the entity is not classified as nature.",False
/home/pmonserrat/datasets/places/val_formatted/162/Places365_val_00000829.jpg,gift shop,False,,,no,none,none,"The target entity is a 'gift shop'. The visual evidence shows a retail display of scarves and textiles. While the scarves feature printed patterns of flowers and other motifs, the entity itself is a commercial establishment or a collection of manufactured goods. The inclusion scope for nature-based artefacts requires the natural material of origin to remain visually identifiable by its structure, grain, or texture (e.g., a wooden table with visible grain). These scarves are homogenous artefacts where the original natural texture is unidentifiable and the object does not depict a natural entity in its physical form (the patterns are printed graphics, not the natural entity itself). Furthermore, 'gift shop' as a concept or location is an administrative or commercial unit, which falls under the exclusion scope for administrative and political units. Therefore, it fails the criteria for nature. Not applicable since the entity is not classified as nature.",False
/home/pmonserrat/datasets/places/val_formatted/162/Places365_val_00000924.jpg,gift shop,False,,,no,none,none,"The target entity is a ceramic jar with a lid. The visual evidence shows a manufactured object made of clay and glazed with green and blue patterns. While the object is made from natural materials (clay), the original natural texture of the material is completely unidentifiable and altered by the firing and glazing process. Furthermore, the object does not depict a natural entity (it is not shaped like a plant or animal, nor does it have a visible natural grain or texture like wood). Therefore, it falls strictly under the Homogenous Artefacts exclusion and fails the criteria for nature. Not applicable since the entity is not classified as nature.",False
/home/pmonserrat/datasets/places/val_formatted/162/Places365_val_00001300.jpg,gift shop,False,,,no,none,none,"The target entity is a gift shop. The visual evidence shows a retail space with shelves of products, a mannequin, and a camera. While the shop may sell items that could be considered nature-based (like the camera, which is a manufactured object, or potentially other goods), the entity 'gift shop' itself is an administrative or commercial unit. Under the Exclusion Scope, administrative and political units, including commercial establishments and their boundaries, are not classified as nature. The shop is a human-made structure for commerce, not a natural entity, ecosystem, or representation of nature. Not applicable since the entity is not classified as nature.",False
/home/pmonserrat/datasets/places/val_formatted/163/Places365_val_00000017.jpg,glacier,True,False,True,yes,abiotic,material,"The target entity is a glacier. The visual evidence shows a massive, slow-moving body of ice and snow in a mountainous environment. Glaciers are explicitly classified under Non-Living Natural Elements & Processes (specifically Hydrological Components and Geological/Topographical Components) within the Inclusion Scope, fulfilling the criteria for nature. Since nature is 'yes', I evaluate the sub-axes. A glacier is a large-scale landform and earth structure composed of ice, placing it under Geological & Topographical Components within the abiotic category. Because this is an unfiltered documentary photograph capturing a real-world physical landscape, it is classified as material under the Tangibility axis.",False
/home/pmonserrat/datasets/places/val_formatted/163/Places365_val_00000716.jpg,glacier,True,False,True,yes,abiotic,material,"The target entity is a glacier. The visual evidence shows a large mass of ice and snow covering the upper slopes of the mountains in the background. Glaciers are explicitly classified under Non-Living Natural Elements & Processes (specifically Hydrological Components) within the Inclusion Scope of the Nature definition, fulfilling the criteria for nature. Since nature is 'yes', I evaluate the sub-axes. A glacier is a large body of ice, placing it under Hydrological Components within the abiotic category. Because the image is an unfiltered documentary photograph capturing a real-world physical landscape, it is classified as material under the Tangibility axis.",False
/home/pmonserrat/datasets/places/val_formatted/163/Places365_val_00000897.jpg,glacier,True,False,True,yes,abiotic,material,"The target entity is a glacier. The visual evidence shows a massive, frozen body of ice extending from the land into the water, with icebergs floating in the foreground. Glaciers are large-scale landforms and earth structures composed of ice, which falls under Geological & Topographical Components within the Non-Living Natural Elements & Processes inclusion scope. This explicitly fulfills the criteria for nature. Since nature is 'yes', I evaluate the sub-axes. A glacier is a large-scale landform and earth structure, placing it under Geological & Topographical Components within the abiotic category. Because this is an unfiltered documentary photograph capturing a real-world physical landscape, it is classified as material under the Tangibility axis.",False
/home/pmonserrat/datasets/places/val_formatted/163/Places365_val_00001180.jpg,glacier,True,False,True,yes,abiotic,material,"The target entity is a glacier. The visual evidence shows a massive accumulation of ice and snow on a mountain peak, with visible crevasses and flowing ice structures. Glaciers are explicitly classified under Non-Living Natural Elements & Processes (specifically Hydrological Components and Geological/Topographical Components) within the Inclusion Scope, fulfilling the criteria for nature. Since nature is 'yes', I evaluate the sub-axes. A glacier is a large-scale landform and earth structure composed of ice, placing it under Geological & Topographical Components within the abiotic category. Because the image is an unfiltered documentary photograph capturing a real-world physical landscape, it is classified as material under the Tangibility axis.",False
/home/pmonserrat/datasets/places/val_formatted/163/Places365_val_00002155.jpg,glacier,True,False,True,yes,abiotic,material,"The target entity is a glacier. The visual evidence shows a massive, real-world formation of ice and snow with visible crevasses and striations. Glaciers are large, persistent bodies of ice that form from the accumulation of snow. Under the provided taxonomy, glaciers fall under the 'Non-Living Natural Elements & Processes' category, specifically within the 'Geological & Mineral' or 'Atmospheric & Meteorological' (as ice is frozen water) inclusion scope. They are explicitly classified as nature. Since nature is 'yes', I evaluate the sub-axes. A glacier is a large-scale landform and earth structure composed of ice, placing it under Geological & Topographical Components within the abiotic category. Because the image is an unfiltered documentary photograph capturing a real-world physical landscape, it is classified as material under the Tangibility axis.",False
/home/pmonserrat/datasets/places/val_formatted/164/Places365_val_00000004.jpg,golf course,True,True,True,yes,biotic,material,"The target entity is a golf course. The visual evidence shows a large, manicured expanse of green grass with trees in the background. This environment is explicitly defined as a 'Nature-Based Activity' setting (golfing) and a 'Biological Ecosystem' (urban park/green space) under the Inclusion Scope. The grass and trees are physical flora, and the setting is a semi-natural environment where non-human entities exist and interact, fulfilling the criteria for nature. Since nature is 'yes', I evaluate the sub-axes. The primary visual component is the grass and the surrounding trees, which are flora and plant derivatives, placing it under the biotic category. Because the image is an unfiltered documentary photograph capturing a real-world physical environment with mass and space, it is classified as material under the Tangibility axis.",False
/home/pmonserrat/datasets/places/val_formatted/164/Places365_val_00000391.jpg,golf course,True,True,True,yes,biotic,material,"The target entity is a golf course. The visual evidence shows a large, manicured grassy area with trees, sand traps, and a flagstick. This environment is explicitly defined as a 'Biological Ecosystem' (e.g., urban parks, vegetable gardens, forests) under the Biotic inclusion scope. Furthermore, the grass and trees are Flora & Plant Derivatives. The presence of these living organisms and the managed natural environment fulfills the inclusion criteria for nature. Since nature is 'yes', I evaluate the sub-axes. The primary components of a golf course are the grass (flora) and the trees (flora), which are living organisms. This places the entity under the Biotic category. Because the image is an unfiltered documentary photograph capturing a real-world physical environment with mass and space, it is classified as material under the Tangibility axis.",False
/home/pmonserrat/datasets/places/val_formatted/164/Places365_val_00000417.jpg,golf course,True,True,True,,,,,True
/home/pmonserrat/datasets/places/val_formatted/164/Places365_val_00000833.jpg,golf course,True,True,True,,,,,True
/home/pmonserrat/datasets/places/val_formatted/164/Places365_val_00001390.jpg,golf course,True,True,True,,,,,True
/home/pmonserrat/datasets/places/val_formatted/167/Places365_val_00001153.jpg,grotto,True,False,True,yes,abiotic,material,"The target entity is a grotto. The visual evidence shows a natural rock formation at the base of a waterfall, characterized by a dark, enclosed cave-like space. This falls under the inclusion scope of 'Ecosystems & Environments' (specifically natural environments where non-human entities exist) and 'Geological & Mineral' components (rocks, caves). It is a real-world physical feature, fulfilling the criteria for nature. Since nature is 'yes', I evaluate the sub-axes. A grotto is a natural cave or rock formation, placing it under Geological & Topographical Components within the abiotic category. Because the image is an unfiltered documentary photograph capturing a real-world physical landscape, it is classified as material under the Tangibility axis.",False
/home/pmonserrat/datasets/places/val_formatted/167/Places365_val_00001634.jpg,grotto,True,False,True,yes,abiotic,material,"The target entity is a grotto. The visual evidence shows a natural rock formation, specifically a cave or cavern with rough, unpolished stone walls and a natural ceiling. This falls under the inclusion scope for Geological & Mineral elements (rocks, caves) and Geological & Topographical Components (caves, valleys, cliffs) within the Non-Living Natural Elements & Processes category. The presence of trash on the floor does not negate the natural geological structure of the grotto itself. Since nature is 'yes', I evaluate the sub-axes. A grotto is a natural cave or cavern, which is a geological landform and earth structure. This places it under Geological & Topographical Components within the abiotic category. The image appears to be a standard, literal, realistic digital photograph capturing a real-world physical environment, which classifies it as material under the Tangibility axis.",False
/home/pmonserrat/datasets/places/val_formatted/167/Places365_val_00001672.jpg,grotto,True,False,True,yes,abiotic,material,"The target entity is a grotto. The visual evidence shows a natural rock formation, specifically a cave-like opening or recess within a cliff face, illuminated by sunlight. This falls under the inclusion scope of Geological & Mineral elements (rocks, cliffs) and Geological & Topographical Components (caves, cliffs, valleys). As a real-world physical feature, it fulfills the criteria for nature. Since nature is 'yes', I evaluate the sub-axes. A grotto is a natural cave or rock formation, placing it under Geological & Topographical Components within the abiotic category. Because the image is an unfiltered documentary photograph capturing a real-world physical landscape, it is classified as material under the Tangibility axis.",False
/home/pmonserrat/datasets/places/val_formatted/167/Places365_val_00002159.jpg,grotto,True,False,True,yes,abiotic,material,"The target entity is a grotto. The visual evidence shows an underwater cave or cavern formed by natural geological processes. Grottos are defined as natural rock formations or caves, which fall under Geological & Topographical Components within the Non-Living Natural Elements & Processes inclusion scope. This fulfills the criteria for nature. Since nature is 'yes', I evaluate the sub-axes. A grotto is a natural rock formation and cave, placing it under Geological & Topographical Components within the abiotic category. Because the image is an unfiltered documentary photograph capturing a real-world physical environment, it is classified as material under the Tangibility axis.",False
/home/pmonserrat/datasets/places/val_formatted/167/Places365_val_00003530.jpg,grotto,True,False,True,,,,,True
/home/pmonserrat/datasets/places/val_formatted/171/Places365_val_00000299.jpg,harbor,False,,,yes,abiotic,material,"The target entity is a harbor. The visual evidence shows a real-world body of water where boats are moored, surrounded by land and vegetation. Hydrological components (water bodies) and biological ecosystems (the surrounding environment with trees and water) are explicitly classified under Non-Living Natural Elements & Processes and Biological Ecosystems within the inclusion criteria for nature. Since nature is 'yes', I evaluate the sub-axes. A harbor is primarily a hydrological component (water body) and a biological ecosystem, placing it under the abiotic category (Hydrological Components) and biotic category (Biological Ecosystems). However, the dominant physical feature is the water body itself, which is abiotic. Because this is an unfiltered documentary photograph capturing a real-world physical environment, it is classified as material under the Tangibility axis.",False
/home/pmonserrat/datasets/places/val_formatted/171/Places365_val_00000967.jpg,harbor,False,,,yes,abiotic,material,"The target entity is a harbor. The visual evidence shows a body of water enclosed by land and structures, containing boats and fishing gear. While the harbor itself is a man-made or semi-natural structure, the primary visual element defining the 'harbor' in this context is the water body and the immediate natural environment (the sea/estuary) where the boats are moored. The water is a hydrological component, and the surrounding land and sky are natural elements. The inclusion of 'Ecosystems & Environments' and 'Hydrological' components under the Nature definition means the water body and the immediate natural setting of the harbor count as nature. Since nature is 'yes', I evaluate the sub-axes. The harbor is defined by the water body (hydrological) and the surrounding land (geological/topographical), placing it under the abiotic category. Because the image is an unfiltered documentary photograph capturing a real-world physical environment, it is classified as material under the Tangibility axis.",False
/home/pmonserrat/datasets/places/val_formatted/171/Places365_val_00001743.jpg,harbor,False,,,yes,abiotic,material,"The target entity is a harbor. The visual evidence shows a body of water where boats are moored, surrounded by urban infrastructure. While the harbor itself is a man-made structure, the term 'harbor' in this context refers to the body of water and the immediate natural environment where the vessels are situated. The water is a hydrological component, and the surrounding area includes natural elements like the distant hills and the sky. However, the primary focus of the term 'harbor' here is the functional water body and the docking area. The water is explicitly classified under Non-Living Natural Elements & Processes (Hydrological), fulfilling the inclusion criteria for nature. Since nature is 'yes', I evaluate the sub-axes. A harbor is primarily defined by the body of water it occupies, which is a hydrological component. This places it under the abiotic category. Because the image is an unfiltered documentary photograph capturing a real-world physical environment, it is classified as material under the Tangibility axis.",False
/home/pmonserrat/datasets/places/val_formatted/171/Places365_val_00001776.jpg,harbor,False,,,yes,abiotic,material,"The target entity is a harbor. The visual evidence shows a collection of boats docked in water, with visible water surfaces and the hulls of the vessels. While the boats themselves are manufactured homogenous artefacts (excluded), the water and the immediate aquatic environment where the boats are moored constitute a hydrological component (water bodies, fluid flows). The presence of the water and the natural setting of the docked vessels fulfills the inclusion criteria for nature under the Non-Living Natural Elements & Processes category. Since nature is 'yes', I evaluate the sub-axes. The primary natural element visible is the water surrounding the boats, which falls under Hydrological Components within the abiotic category. Because the image is an unfiltered documentary photograph capturing a real-world physical environment (water and boats), it is classified as material under the Tangibility axis.",False
/home/pmonserrat/datasets/places/val_formatted/171/Places365_val_00001783.jpg,harbor,False,,,,,,,True
/home/pmonserrat/datasets/places/val_formatted/172/Places365_val_00001250.jpg,hardware store,False,,,no,none,none,"The target entity is a hardware store. The visual evidence shows a retail establishment with aisles of merchandise, refrigerated sections, and signage. While the store contains natural elements (like the food items being held or the refrigerated drinks), the entity 'hardware store' itself is an administrative and commercial unit, a type of building or business location. Under the provided taxonomy, administrative and political units (including commercial establishments and their boundaries) fall under the Exclusion Scope and are not classified as nature. Not applicable since the entity is not classified as nature.",False
/home/pmonserrat/datasets/places/val_formatted/172/Places365_val_00001318.jpg,hardware store,False,,,no,none,none,"The target entity is a hardware store. The visual evidence shows a commercial retail space with a display of countertop materials. While the store sells natural materials like stone and wood, the entity 'hardware store' itself is an administrative and commercial unit, not a natural entity. Under the Exclusion Scope, administrative and political units (including commercial establishments) are explicitly excluded from the nature taxonomy, even if they contain natural elements. Not applicable since the entity is not classified as nature.",False
/home/pmonserrat/datasets/places/val_formatted/172/Places365_val_00001362.jpg,hardware store,False,,,no,none,none,"The target entity is a hardware store. The visual evidence shows an indoor retail environment with shelves stocked with packaged goods, artificial lighting, and a shopping cart. While the name 'hardware store' might imply a connection to construction materials or tools, the specific instance depicted is a commercial retail space. Under the provided taxonomy, administrative and political units (including commercial establishments and their labels) are explicitly excluded from the nature definition. Furthermore, the environment is a constructed, artificial setting rather than a natural ecosystem or environment. Therefore, it does not fulfill the inclusion criteria for nature. Not applicable since the entity is not classified as nature.",False
/home/pmonserrat/datasets/places/val_formatted/172/Places365_val_00001628.jpg,hardware store,False,,,no,none,none,"The target entity is a hardware store. The visual evidence shows a retail environment with metal shelving units, price tags, and signage. While the store contains products that may be derived from nature (e.g., wood, metal, food), the entity 'hardware store' itself is an administrative and commercial unit, a type of building or business establishment. Under the provided taxonomy, administrative and political units (including commercial establishments) are explicitly excluded from the nature classification, even if they are named after natural features or contain natural elements. The shelves themselves are homogenous artefacts (metal/plastic) where the natural texture is unidentifiable, and the store as a concept is a human-made administrative unit. Not applicable since the entity is not classified as nature.",False
/home/pmonserrat/datasets/places/val_formatted/172/Places365_val_00002180.jpg,hardware store,False,,,no,none,none,"The target entity is a hardware store. The visual evidence shows a retail space filled with shelves of manufactured goods, boxes, and packaging. While the store contains items made from natural materials (like wood shelves or cardboard boxes), the entity itself is a commercial establishment and a homogenous artefact where the natural texture is unidentifiable and the object does not depict a natural entity. It falls under the Exclusion Scope for homogenous artefacts and administrative units, failing the criteria for nature. Not applicable since the entity is not classified as nature.",False
/home/pmonserrat/datasets/places/val_formatted/173/Places365_val_00000122.jpg,hayfield,True,True,True,yes,biotic,material,"The target entity is a hayfield. The visual evidence shows a real-world agricultural landscape characterized by grassy vegetation and grazing livestock. This environment falls under the inclusion scope of Ecosystems & Environments (specifically, a semi-natural or agricultural environment where non-human entities exist and interact) and Flora & Plant Derivatives (the grasses and crops). It explicitly counts as nature under the provided definition. Since nature is 'yes', I evaluate the sub-axes. A hayfield is an ecosystem defined by living communities (grasses, plants) and biological interactions (grazing), placing it under Biological Ecosystems within the biotic category. Because the image is an unfiltered documentary photograph capturing a real-world physical environment, it is classified as material under the Tangibility axis.",False
/home/pmonserrat/datasets/places/val_formatted/173/Places365_val_00000637.jpg,hayfield,True,True,True,yes,biotic,material,"The target entity is a hayfield. The visual evidence shows a wide, open expanse of land covered in dry grass, with scattered trees and distant mountains under a blue sky. This environment is explicitly classified under Ecosystems & Environments (specifically, a semi-natural or agricultural environment where non-human entities exist and interact) and includes Flora & Plant Derivatives (the grass/hay itself). This fulfills the inclusion criteria for nature. Since nature is 'yes', I evaluate the sub-axes. A hayfield is an environment defined by the living communities (grass, plants) and biological interactions within it, placing it under Biological Ecosystems within the biotic category. Because the image is an unfiltered documentary photograph capturing a real-world physical landscape, it is classified as material under the Tangibility axis.",False
/home/pmonserrat/datasets/places/val_formatted/173/Places365_val_00000803.jpg,hayfield,True,True,True,yes,biotic,material,"The target entity is a hayfield. The visual evidence shows a real-world landscape dominated by grassy vegetation, trees, and rolling hills. This environment is explicitly classified under Biological Ecosystems within the Biotic category of the Nature Axis, fulfilling the inclusion criteria for nature. Since nature is 'yes', I evaluate the sub-axes. A hayfield is an environment defined by living communities (grass, trees), placing it under Biological Ecosystems within the biotic category. Because the image is an unfiltered documentary photograph capturing a real-world physical environment, it is classified as material under the Tangibility axis.",False
/home/pmonserrat/datasets/places/val_formatted/173/Places365_val_00000823.jpg,hayfield,True,True,True,yes,biotic,material,"The target entity is a hayfield. The visual evidence shows a vast expanse of green vegetation covering rolling hills, which is a cultivated agricultural environment. This falls under the inclusion scope of Ecosystems & Environments (specifically 'vegetable gardens' or cultivated fields) and Flora & Plant Derivatives (the grass/hay itself). It is a real-world physical environment defined by living communities, fulfilling the criteria for nature. Since nature is 'yes', I evaluate the sub-axes. A hayfield is an ecosystem defined by the living plant communities (grasses/hay) within it, placing it under Biological Ecosystems and Flora & Plant Derivatives within the biotic category. Because the image is an unfiltered documentary photograph capturing a real-world physical landscape and environment, it is classified as material under the Tangibility axis.",False
/home/pmonserrat/datasets/places/val_formatted/173/Places365_val_00001611.jpg,hayfield,True,True,True,yes,biotic,material,"The target entity is a hayfield. The visual evidence shows a real-world open area of land covered in dry grass and scattered wooden posts, bordered by a dense forest of trees. This environment is explicitly classified under Ecosystems & Environments (specifically, a semi-natural environment like a meadow or pasture) and includes Flora (grass, trees) and Biophysical processes (photosynthesis, evapotranspiration). This fulfills the inclusion criteria for nature. Since nature is 'yes', I evaluate the sub-axes. A hayfield is an ecosystem defined by living communities (grass, trees) and biological interactions, placing it under Biological Ecosystems within the biotic category. Because the image is an unfiltered documentary photograph capturing a real-world physical landscape, it is classified as material under the Tangibility axis.",False
/home/pmonserrat/datasets/places/val_formatted/174/Places365_val_00000239.jpg,heliport,False,,,no,none,none,"The target entity is a heliport. The visual evidence shows a military helicopter in flight over a body of water, with a rocky cliff and forested background. A heliport is a designated area for helicopter takeoff and landing, typically a paved surface or a specific zone. In this image, the helicopter is airborne, and while it is flying over water and near a cliff, there is no visible heliport structure (such as a pad, markings, or designated landing zone) present in the frame. The helicopter itself is a manufactured machine, and the surrounding environment (water, cliff, forest) contains natural elements, but the specific entity 'heliport' is not visually identifiable as a distinct object or location within the image. Since the target entity is not present or identifiable, it cannot be classified as nature. Not applicable since the entity is not classified as nature.",False
/home/pmonserrat/datasets/places/val_formatted/174/Places365_val_00001408.jpg,heliport,False,,,,,,,True
/home/pmonserrat/datasets/places/val_formatted/174/Places365_val_00001472.jpg,heliport,False,,,no,none,none,"The target entity is a heliport. The visual evidence shows a paved surface with painted markings and a yellow rope barrier, which are man-made infrastructure elements. While the heliport is located within an outdoor environment that includes natural elements like the sky and ground, the heliport itself is a functional, manufactured structure. It does not depict a natural entity, nor does it retain the visually identifiable natural texture of its materials (it is painted and constructed). Therefore, it falls under the exclusion scope for homogenous artefacts and administrative/functional units, failing the criteria for nature. Not applicable since the entity is not classified as nature.",False
/home/pmonserrat/datasets/places/val_formatted/174/Places365_val_00001623.jpg,heliport,False,,,no,none,none,"The target entity is a heliport. The visual evidence shows a helicopter in flight, but the term 'heliport' refers to the designated area or facility for helicopter takeoff and landing. In this image, the helicopter is hovering in the air, and while it is near buildings and potentially a helipad on a roof, the primary subject is the aircraft itself. A heliport is a man-made infrastructure, a functional object designed for aviation. It is a manufactured structural object where the original natural texture is unidentifiable and it does not depict a natural entity. Therefore, it falls under the Homogenous Artefacts exclusion and fails the criteria for nature. Not applicable since the entity is not classified as nature.",False
/home/pmonserrat/datasets/places/val_formatted/174/Places365_val_00001710.jpg,heliport,False,,,no,none,none,"The target entity is a heliport. The visual evidence shows a paved surface with painted markings, likely located at an airfield. A heliport is a man-made infrastructure designed for the takeoff and landing of helicopters. It is a constructed facility, not a natural formation, ecosystem, or biological entity. It does not fit the inclusion criteria for Nature-Based Artefacts (as the natural material is not visually identifiable as the primary feature) nor does it depict a natural entity. Therefore, it falls under the exclusion scope for homogenous artefacts and administrative/functional units. Not applicable since the entity is not classified as nature.",False
/home/pmonserrat/datasets/places/val_formatted/175/Places365_val_00000247.jpg,highway,False,,,no,none,none,"The target entity is a highway. The visual evidence shows a paved road with painted lines, a guardrail, and asphalt surface. This is a manufactured infrastructure object designed for human transport. While it is situated within a natural environment (surrounded by trees and vegetation), the highway itself is a homogenous artefact where the original natural texture of the materials (asphalt, concrete, paint) is unidentifiable and the object does not depict a natural entity. It falls strictly under the Homogenous Artefacts exclusion and fails the criteria for nature. Not applicable since the entity is not classified as nature.",False
/home/pmonserrat/datasets/places/val_formatted/175/Places365_val_00001324.jpg,highway,False,,,no,none,none,"The target entity is a highway. The visual evidence shows a paved road surface with concrete barriers and railings. While the surrounding environment contains natural elements like trees and grass, the highway itself is a manufactured infrastructure object. Under the provided taxonomy, homogenous artefacts—manufactured structural or functional objects where the original natural texture is unidentifiable and the object does not depict a natural entity—are explicitly excluded from the nature classification. A highway is a functional structure, not a natural entity, process, or representation of nature. Not applicable since the entity is not classified as nature.",False
/home/pmonserrat/datasets/places/val_formatted/175/Places365_val_00002992.jpg,highway,False,,,no,none,none,"The target entity is a highway. The visual evidence shows a paved road with lane markings, vehicles, and overhead signs. A highway is a man-made infrastructure designed for transportation. It is a homogenous artefact where the original natural texture of the materials (asphalt, concrete) is unidentifiable and the object does not depict a natural entity. It falls strictly under the Homogenous Artefacts exclusion and fails the criteria for nature. Not applicable since the entity is not classified as nature.",False
/home/pmonserrat/datasets/places/val_formatted/175/Places365_val_00003452.jpg,highway,False,,,no,none,none,The target entity is a highway (specifically a paved path or road). The visual evidence shows a constructed surface made of asphalt or tarmac. This is a manufactured structural object where the original natural texture of the materials is unidentifiable and the object does not depict a natural entity. It falls strictly under the Homogenous Artefacts exclusion and fails the criteria for nature. Not applicable since the entity is not classified as nature.,False
/home/pmonserrat/datasets/places/val_formatted/175/Places365_val_00003673.jpg,highway,False,,,no,none,none,"The target entity is a highway. The visual evidence shows a paved road with painted lane markings, constructed from asphalt and concrete. This is a manufactured infrastructure object designed for transportation. While it is situated within a natural environment (grass, sky), the highway itself is a homogenous artefact where the original natural texture of the materials is unidentifiable and the object does not depict a natural entity. It falls strictly under the Homogenous Artefacts exclusion and fails the criteria for nature. Not applicable since the entity is not classified as nature.",False
/home/pmonserrat/datasets/places/val_formatted/177/Places365_val_00000286.jpg,home theater,False,,,no,none,none,"The target entity is a home theater. The visual evidence shows a room equipped with a large projection screen, speakers, a media console, and seating. This is a functional, manufactured interior space designed for entertainment. While the room contains materials like wood or fabric that may have natural origins, the entity itself is a constructed environment and not a natural ecosystem, organism, or unprocessed natural element. It does not depict a natural entity in an artistic or representational sense; rather, it is a functional human-made space. Therefore, it falls under the exclusion scope for homogenous artefacts and functional objects where the natural material is not the primary defining feature or where the object does not depict a natural entity. Not applicable since the entity is not classified as nature.",False
/home/pmonserrat/datasets/places/val_formatted/177/Places365_val_00000843.jpg,home theater,False,,,no,none,none,"The target entity is a home theater. The visual evidence shows a room setup containing a television, shelves, and various electronic devices. While the room contains wooden furniture (which could be nature-based artefacts) and a flag (which contains cotton), the term 'home theater' refers to the functional entertainment system or the room itself as a designated space for viewing media. The primary function of this entity is to display digital content (video games, movies) rather than to represent or interact with natural elements. The wooden furniture is a homogenous artefact in this context as it serves a structural function for the electronics, and the flag is a manufactured object. The entity does not depict a natural entity, nor is it a natural process or ecosystem. Therefore, it falls under the exclusion scope for homogenous artefacts and functional objects where the natural material is not the primary defining feature or representation. Not applicable since the entity is not classified as nature.",False
/home/pmonserrat/datasets/places/val_formatted/177/Places365_val_00001539.jpg,home theater,False,,,no,none,none,"The target entity is a home theater, specifically referring to the television set displaying a sports broadcast. The visual evidence shows a manufactured electronic device (a TV) with a screen showing a video feed of human athletes. While the screen content depicts humans, the taxonomy explicitly excludes human beings, human body parts, and groups of people from the nature classification. The physical object itself is a homogenous artefact (a manufactured electronic device) where the original natural texture is unidentifiable and it does not depict a natural entity (it depicts humans). Therefore, it falls under the exclusion scope for homogenous artefacts and human beings. Not applicable since the entity is not classified as nature.",False
/home/pmonserrat/datasets/places/val_formatted/177/Places365_val_00001575.jpg,home theater,False,,,no,none,none,"The target entity is a home theater. The visual evidence shows a darkened room with a large screen and people watching, which is a functional space designed for entertainment. However, the provided taxonomy defines nature as more-than-human living entities, ecosystems, non-living natural elements, processed food, nature-based artefacts, nature-based activities, or representations of nature. A 'home theater' is a human-made room or setup for viewing media. It is not a natural entity, ecosystem, or a representation of nature. It falls under the exclusion scope of homogenous artefacts or functional human spaces that do not explicitly reference natural characteristics or entities. Therefore, it does not count as nature under this definition. Not applicable since the entity is not classified as nature.",False
/home/pmonserrat/datasets/places/val_formatted/177/Places365_val_00001809.jpg,home theater,False,,,no,none,none,"The target entity is a home theater. The visual evidence shows a car interior with a rearview mirror and overhead console. A home theater is a functional entertainment system, typically consisting of audio-visual equipment. This is a manufactured functional object where the original natural texture is unidentifiable and the object does not depict a natural entity. It falls strictly under the Homogenous Artefacts exclusion and fails the criteria for nature. Not applicable since the entity is not classified as nature.",False
/home/pmonserrat/datasets/places/val_formatted/178/Places365_val_00000671.jpg,hospital,False,,,no,none,none,"The target entity is a hospital. The visual evidence shows a room with a bed, a table, and a window, which is a typical setting for a medical facility or a guest room. However, the term 'hospital' refers to an administrative and political unit or a functional building complex. Under the provided taxonomy, administrative and political units (e.g., countries, counties, districts, cities) and functional objects where the original natural texture is unidentifiable are excluded. A hospital is a man-made structure designed for human use, not a natural entity, ecosystem, or representation of nature. Therefore, it falls under the Exclusion Scope. Not applicable since the entity is not classified as nature.",False
/home/pmonserrat/datasets/places/val_formatted/178/Places365_val_00001034.jpg,hospital,False,,,no,none,none,"The target entity is a hospital. The visual evidence shows a large, multi-story building constructed from concrete, glass, and steel, situated within an urban environment. This is a manufactured structural object where the original natural texture of the materials is unidentifiable and the object does not depict a natural entity. It falls strictly under the Homogenous Artefacts exclusion and fails the criteria for nature. Not applicable since the entity is not classified as nature.",False
/home/pmonserrat/datasets/places/val_formatted/178/Places365_val_00001309.jpg,hospital,False,,,no,none,none,"The target entity is a hospital. The visual evidence shows a large, multi-story building constructed from brick and glass, featuring windows, doors, and architectural elements typical of institutional structures. While the building is situated within a landscaped environment containing trees and plants, the entity 'hospital' itself refers to the built structure and its function. Under the provided taxonomy, administrative and political units, as well as homogenous artefacts where the original natural texture is unidentifiable, are excluded. A hospital is a manufactured functional object where the natural material of origin (brick, glass, steel) is processed to the point where the natural texture is unidentifiable and the object does not depict a natural entity. Therefore, it falls under the Exclusion Scope for homogenous artefacts and is not classified as nature. Not applicable since the entity is not classified as nature.",False
/home/pmonserrat/datasets/places/val_formatted/178/Places365_val_00001592.jpg,hospital,False,,,no,none,none,"The target entity is a hospital. The visual evidence shows a large, multi-story building complex with glass facades and concrete structures. This is a manufactured functional object designed for human use. While there are some natural elements present in the immediate vicinity (such as the green bushes and trees in the foreground and background), the primary subject identified as the 'hospital' is the building itself. Under the provided taxonomy, homogenous artefacts (manufactured structural objects where the original natural texture is unidentifiable) are explicitly excluded from the nature classification. The building does not depict a natural entity, nor is it a natural ecosystem or element. Therefore, it falls under the exclusion scope for homogenous artefacts and is not classified as nature. Not applicable since the entity is not classified as nature.",False
/home/pmonserrat/datasets/places/val_formatted/178/Places365_val_00001614.jpg,hospital,False,,,no,none,none,"The target entity is a hospital. The visual evidence shows a large, modern building with a distinctive glass dome structure, located in an urban setting. This is a manufactured architectural structure designed for human use. Under the provided taxonomy, homogenous artefacts—manufactured structural or functional objects where the original natural texture is unidentifiable and the object does not depict a natural entity—are explicitly excluded from the nature classification. A hospital building, being a functional man-made structure, falls strictly under this exclusion. Not applicable since the entity is not classified as nature.",False
/home/pmonserrat/datasets/places/val_formatted/18/Places365_val_00000062.jpg,army base,False,,,no,none,none,"The target entity is an army base. The visual evidence shows a military installation with vehicles and personnel. While the setting is outdoors and the vehicles are made of materials like metal and rubber, the term 'army base' refers to a geopolitical or administrative unit—a specific location designated for military use. Under the Exclusion Scope, administrative and political units, including boundaries or labels for specific locations, are explicitly excluded from the nature taxonomy. The presence of natural elements like the ground or sky does not make the 'army base' itself nature, as the entity is defined by its human administrative function. Not applicable since the entity is not classified as nature.",False
/home/pmonserrat/datasets/places/val_formatted/18/Places365_val_00000313.jpg,army base,False,,,no,none,none,"The target entity is an army base. The visual evidence shows a military installation with personnel, tents, and equipment situated in an outdoor setting. While the surrounding environment includes grass and trees, the specific entity 'army base' refers to a geopolitical or administrative unit—a military facility or installation. Administrative and political units, including military bases, fall under the explicit Exclusion Scope of the taxonomy. Therefore, the entity itself is not classified as nature. Not applicable since the entity is not classified as nature.",False
/home/pmonserrat/datasets/places/val_formatted/18/Places365_val_00000337.jpg,army base,False,,,no,none,none,"The target entity is an army base. The visual evidence shows a military installation with vehicles, personnel, and structures. While the setting includes natural elements like trees and gravel, the specific entity 'army base' refers to a geopolitical or administrative unit—a human-constructed facility and its associated infrastructure. Under the provided taxonomy, administrative and political units (e.g., countries, districts, cities) and homogenous artefacts (manufactured objects where natural texture is unidentifiable) are explicitly excluded from the nature classification. Therefore, the concept of an 'army base' does not count as nature. Not applicable since the entity is not classified as nature.",False
/home/pmonserrat/datasets/places/val_formatted/18/Places365_val_00000853.jpg,army base,False,,,no,none,none,"The target entity is an army base. The visual evidence shows a group of soldiers in uniform standing in front of a military vehicle inside a hangar-like structure. While the setting implies a military installation, the specific visual focus is on the human subjects and their equipment. Under the provided taxonomy, human beings are explicitly excluded from the nature classification. Furthermore, the term 'army base' refers to an administrative or political unit (a military installation), which falls under the Exclusion Scope for Administrative & Political Units. The physical structures visible (hangar, vehicle) are homogenous artefacts or manufactured objects where the natural material is not the primary focus or is unidentifiable, and they do not depict natural entities. Therefore, the entity does not fulfill the inclusion criteria for nature. Not applicable since the entity is not classified as nature.",False
/home/pmonserrat/datasets/places/val_formatted/18/Places365_val_00001103.jpg,army base,False,,,no,none,none,"The target entity is an army base. The visual evidence shows a collection of tents, buildings, and a basketball hoop in an outdoor setting. While the tents are made of fabric and the ground is concrete, these are manufactured functional objects. The buildings are homogenous artefacts. The basketball hoop is a manufactured object. None of these elements depict natural entities, nor do they retain identifiable natural textures as primary features (e.g., a wooden table with visible grain). The setting is a constructed environment, not a natural ecosystem. Therefore, it falls under the exclusion scope for homogenous artefacts and administrative/political units (as a base is a functional/military unit), failing the criteria for nature. Not applicable since the entity is not classified as nature.",False
/home/pmonserrat/datasets/places/val_formatted/180/Places365_val_00000179.jpg,hot spring,True,False,True,yes,abiotic,material,"The target entity is a hot spring. The visual evidence shows a flowing body of water, likely a natural stream or river, flowing beneath a concrete structure. While the concrete structure is a homogenous artefact, the water itself is a hydrological component. Hydrological elements (rivers, streams, flowing water) are explicitly classified under Non-Living Natural Elements & Processes, fulfilling the inclusion criteria for nature. Since nature is 'yes', I evaluate the sub-axes. A hot spring is a body of water, placing it under Hydrological Components within the abiotic category. Because the image is an unfiltered documentary photograph capturing a real-world physical environment, it is classified as material under the Tangibility axis.",False
/home/pmonserrat/datasets/places/val_formatted/180/Places365_val_00000255.jpg,hot spring,True,False,True,yes,abiotic,material,"The target entity is a hot spring. The visual evidence shows a real-world body of water with steam rising from it, situated within a natural landscape of cliffs and vegetation. Hydrological components (rivers, ponds, lakes, oceans, streams) are explicitly classified under Non-Living Natural Elements & Processes, and hot springs are a specific type of hydrological feature. This fulfills the inclusion criteria for nature. Since nature is 'yes', I evaluate the sub-axes. A hot spring is a body of water, placing it under Hydrological Components within the abiotic category. Because the image is an unfiltered documentary photograph capturing a real-world physical environment, it is classified as material under the Tangibility axis.",False
/home/pmonserrat/datasets/places/val_formatted/180/Places365_val_00001508.jpg,hot spring,True,False,True,yes,abiotic,material,"The target entity is a hot spring. The visual evidence shows a real-world geothermal feature characterized by steaming water pools and mineral-rich earth. This falls under the inclusion scope of Non-Living Natural Elements & Processes, specifically Hydrological Components (water bodies) and Geological & Topographical Components (earth structures), fulfilling the criteria for nature. Since nature is 'yes', I evaluate the sub-axes. A hot spring is a geothermal water feature, placing it under Hydrological Components within the abiotic category. Because the image is an unfiltered documentary photograph capturing a real-world physical environment, it is classified as material under the Tangibility axis.",False
/home/pmonserrat/datasets/places/val_formatted/180/Places365_val_00002283.jpg,hot spring,True,False,True,yes,abiotic,material,"The target entity is a hot spring. The visual evidence shows a real-world geothermal feature where water is actively steaming and venting from the ground. Hydrological components (water bodies and fluid flows) and geological/topographical components (earth structures) are explicitly classified under Non-Living Natural Elements & Processes. A hot spring is a natural manifestation of these elements, fulfilling the inclusion criteria for nature. Since nature is 'yes', I evaluate the sub-axes. A hot spring is primarily a hydrological component (water) emerging from a geological structure, placing it under Hydrological Components within the abiotic category. Because the image is an unfiltered documentary photograph capturing a real-world physical phenomenon, it is classified as material under the Tangibility axis.",False
/home/pmonserrat/datasets/places/val_formatted/180/Places365_val_00002285.jpg,hot spring,True,False,True,yes,abiotic,material,"The target entity is a hot spring. The visual evidence shows a real-world body of water with steam rising from it, surrounded by mineral deposits and geological formations. Hydrological components (rivers, ponds, lakes, oceans, streams) are explicitly classified under Non-Living Natural Elements & Processes, and the steam represents atmospheric/meteorological phenomena. This fulfills the inclusion criteria for nature. Since nature is 'yes', I evaluate the sub-axes. A hot spring is a hydrological component (water body) and involves atmospheric phenomena (steam), placing it under Hydrological Components within the abiotic category. Because the image is an unfiltered documentary photograph capturing a real-world physical environment, it is classified as material under the Tangibility axis.",False
/home/pmonserrat/datasets/places/val_formatted/182/Places365_val_00000454.jpg,hotel room,False,,,no,none,none,"The target entity is a hotel room. The visual evidence shows an interior space containing furniture, luggage, and a person. While the room contains elements that might be considered nature (such as the wooden headboard with visible grain, the fabric of the bedspread, or the window view), the entity 'hotel room' itself is a constructed, artificial environment. It is a man-made structure designed for human habitation, not a natural ecosystem or a direct representation of a natural entity. Therefore, it falls under the exclusion scope for administrative and political units (as a defined space) and homogenous artefacts (as a constructed environment), failing the criteria for nature. Not applicable since the entity is not classified as nature.",False
/home/pmonserrat/datasets/places/val_formatted/182/Places365_val_00000682.jpg,hotel room,False,,,no,none,none,"The target entity is a hotel room. The visual evidence shows an interior space containing furniture, a television, and a door leading to a balcony. While the room contains natural elements like the wooden door and floor, the entity 'hotel room' itself is a constructed, functional space defined by its human-made infrastructure and purpose. It does not depict a natural entity, nor is it a natural ecosystem or element. Therefore, it falls under the exclusion scope for homogenous artefacts and administrative units, failing the criteria for nature. Not applicable since the entity is not classified as nature.",False
/home/pmonserrat/datasets/places/val_formatted/182/Places365_val_00000957.jpg,hotel room,False,,,,,,,True
/home/pmonserrat/datasets/places/val_formatted/182/Places365_val_00000979.jpg,hotel room,False,,,no,none,none,"The target entity is a hotel room. The visual evidence shows an interior space containing furniture, lighting, and decor. While the room contains natural materials (wood, fabric, paper) and potentially food items (on the tray), the entity 'hotel room' itself is a constructed, functional environment defined by human design and administrative use. It does not depict a natural entity, nor is it a natural ecosystem or element. It falls under the exclusion scope for administrative and political units (as a designated space) and homogenous artefacts (as a constructed environment), failing the criteria for nature. Not applicable since the entity is not classified as nature.",False
/home/pmonserrat/datasets/places/val_formatted/182/Places365_val_00001843.jpg,hotel room,False,,,no,none,none,"The target entity is a hotel room. The visual evidence shows an interior space containing furniture, walls, and decor. While the room contains natural elements (wooden furniture with visible grain, textiles, plants), the entity 'hotel room' itself is a constructed, functional environment defined by human habitation and administrative designation. It falls under the Exclusion Scope for Administrative & Political Units (as a designated space) and Homogenous Artefacts (as a constructed environment where the natural material is not the primary defining feature of the whole entity). Therefore, it does not count as nature under this taxonomy. Not applicable since the entity is not classified as nature.",False
/home/pmonserrat/datasets/places/val_formatted/186/Places365_val_00000104.jpg,ice floe,True,False,True,yes,abiotic,material,"The target entity is an ice floe. The visual evidence shows a large, fragmented mass of ice floating on a body of water, likely a glacier tongue or sea ice. Ice is a solid form of water, which falls under Hydrological Components (water bodies and fluid flows) within the Non-Living Natural Elements & Processes inclusion scope. This explicitly fulfills the criteria for nature. Since nature is 'yes', I evaluate the sub-axes. Ice is a frozen state of water, placing it under Hydrological Components within the abiotic category. Because the image is an unfiltered documentary photograph capturing a real-world physical landscape and phenomenon, it is classified as material under the Tangibility axis.",False
/home/pmonserrat/datasets/places/val_formatted/186/Places365_val_00000193.jpg,ice floe,True,False,True,yes,abiotic,material,"The target entity is an ice floe. The visual evidence shows a large, flat piece of ice floating on a body of water. Ice is a solid form of water, which is a hydrological component. Under the Nature Definition, hydrological elements (rivers, ponds, lakes, oceans, streams) and their physical states (including frozen water) are explicitly classified under Non-Living Natural Elements & Processes, fulfilling the inclusion criteria for nature. Since nature is 'yes', I evaluate the sub-axes. Ice is a solid form of water, placing it under Hydrological Components within the abiotic category. Because the image is an unfiltered documentary photograph capturing a real-world physical environment, it is classified as material under the Tangibility axis.",False
/home/pmonserrat/datasets/places/val_formatted/186/Places365_val_00000905.jpg,ice floe,True,False,True,yes,abiotic,material,"The target entity is an ice floe. The visual evidence shows a large, irregular mass of frozen water floating on the surface of a body of water (likely a lake or sea). This falls under the inclusion scope of Non-Living Natural Elements & Processes, specifically Hydrological Components (water bodies and fluid flows) and Atmospheric & Weather Components (meteorological phenomena and seasonal climatic conditions, such as snow and ice). As a physical manifestation of frozen water in a natural environment, it fulfills the criteria for nature. Since nature is 'yes', I evaluate the sub-axes. An ice floe is a frozen body of water, placing it under Hydrological Components within the abiotic category. Because the image is an unfiltered documentary photograph capturing a real-world physical phenomenon, it is classified as material under the Tangibility axis.",False
/home/pmonserrat/datasets/places/val_formatted/186/Places365_val_00000933.jpg,ice floe,True,False,True,yes,abiotic,material,"The target entity is an ice floe. The visual evidence shows a large, floating mass of ice in the ocean, characterized by its white, crystalline texture and interaction with the water. Ice is a frozen form of water, which falls under Hydrological Components (water bodies and fluid flows) within the Non-Living Natural Elements & Processes inclusion scope. This explicitly fulfills the criteria for nature. Since nature is 'yes', I evaluate the sub-axes. Ice is a frozen state of water, placing it under Hydrological Components within the abiotic category. Because the image is an unfiltered documentary photograph capturing a real-world physical phenomenon, it is classified as material under the Tangibility axis.",False
/home/pmonserrat/datasets/places/val_formatted/186/Places365_val_00001354.jpg,ice floe,True,False,True,yes,abiotic,material,"The target entity is an ice floe. The visual evidence shows a large, solid mass of frozen water floating on a body of water. This falls under the inclusion scope of Non-Living Natural Elements & Processes, specifically Hydrological Components (water bodies and fluid flows) and Geological & Topographical Components (natural mineral resources, ice/snow). It is a real-world physical phenomenon, fulfilling the criteria for nature. Since nature is 'yes', I evaluate the sub-axes. Ice is a frozen state of water, which is a hydrological component, placing it under the abiotic category. Because the image is an unfiltered documentary photograph capturing a real-world physical environment, it is classified as material under the Tangibility axis.",False
/home/pmonserrat/datasets/places/val_formatted/187/Places365_val_00000134.jpg,ice shelf,True,False,True,yes,abiotic,material,"The target entity is an ice shelf. The visual evidence shows a vast, flat expanse of frozen water covering the ground in the foreground and extending towards the hills. This is a real-world physical manifestation of a hydrological component (frozen water body). Hydrological components, including water bodies and fluid flows in various states (including frozen), are explicitly classified under Non-Living Natural Elements & Processes, fulfilling the inclusion criteria for nature. Since nature is 'yes', I evaluate the sub-axes. An ice shelf is a large, flat expanse of ice, which is a form of frozen water. This places it under Hydrological Components within the abiotic category. Because the image is an unfiltered documentary photograph capturing a real-world physical landscape and phenomenon, it is classified as material under the Tangibility axis.",False
/home/pmonserrat/datasets/places/val_formatted/187/Places365_val_00000158.jpg,ice shelf,True,False,True,yes,abiotic,material,"The target entity is an ice shelf. The visual evidence shows a large, flat expanse of ice and snow in the background, which is a distinct geological and topographical feature. Under the provided taxonomy, geological and mineral elements (rocks, soil, sand, salt, mineral oil) and large-scale landforms (mountains, canyons, cliffs, valleys, caves, dunes) are explicitly classified under Non-Living Natural Elements & Processes. Ice shelves, being massive formations of frozen water and ice, fall squarely within the Geological & Topographical Components of the Abiotic category, fulfilling the inclusion criteria for nature. Since nature is 'yes', I evaluate the sub-axes. An ice shelf is a large-scale landform and earth structure composed of frozen water, placing it under Geological & Topographical Components within the abiotic category. Because the image is an unfiltered documentary photograph capturing a real-world physical landscape, it is classified as material under the Tangibility axis.",False
/home/pmonserrat/datasets/places/val_formatted/187/Places365_val_00000319.jpg,ice shelf,True,False,True,yes,abiotic,material,"The target entity is an ice shelf. The visual evidence shows a large, solid mass of ice extending from a glacier into a body of water. This falls under the inclusion scope of Non-Living Natural Elements & Processes, specifically Hydrological Components (water bodies and fluid flows, including frozen states) and Geological & Topographical Components (large-scale landforms and earth structures). It is a real-world physical phenomenon, fulfilling the criteria for nature. Since nature is 'yes', I evaluate the sub-axes. An ice shelf is a frozen body of water and a large-scale landform, placing it under Hydrological Components and Geological & Topographical Components within the abiotic category. Because the image is an unfiltered documentary photograph capturing a real-world physical environment, it is classified as material under the Tangibility axis.",False
/home/pmonserrat/datasets/places/val_formatted/187/Places365_val_00001712.jpg,ice shelf,True,False,True,yes,abiotic,material,"The target entity is an ice shelf. The visual evidence shows a large, continuous sheet of ice extending from a landmass into the ocean, surrounded by water and clouds. This is a real-world physical formation of frozen water. Hydrological components and geological/topographical elements (including ice formations) are explicitly classified under Non-Living Natural Elements & Processes, fulfilling the inclusion criteria for nature. Since nature is 'yes', I evaluate the sub-axes. An ice shelf is a large-scale landform and earth structure composed of frozen water, placing it under Geological & Topographical Components within the abiotic category. Because the image is an unfiltered documentary depiction (satellite imagery) capturing a real-world physical environment, it is classified as material under the Tangibility axis.",False
/home/pmonserrat/datasets/places/val_formatted/187/Places365_val_00001731.jpg,ice shelf,True,False,True,yes,abiotic,material,"The target entity is an ice shelf. The visual evidence shows a vast, flat expanse of ice and snow covering the ground, with penguins standing upon it. This environment is explicitly classified under Ecosystems & Environments (specifically, natural environments where non-human entities exist and interact) and Non-Living Natural Elements & Processes (Hydrological components like ice and snow). It fulfills the inclusion criteria for nature. Since nature is 'yes', I evaluate the sub-axes. An ice shelf is a large-scale landform and earth structure composed of frozen water, placing it under Geological & Topographical Components within the abiotic category. Because the image is an unfiltered documentary photograph capturing a real-world physical landscape, it is classified as material under the Tangibility axis.",False
/home/pmonserrat/datasets/places/val_formatted/19/Places365_val_00000014.jpg,art gallery,False,,,no,none,none,"The target entity is an art gallery. The visual evidence shows a building facade with large windows and signage. While the building itself is a homogenous artefact (a manufactured structure where the natural texture is unidentifiable), the specific target 'art gallery' refers to the administrative and political unit or functional space defined by its purpose. Administrative units, boundaries, or labels (e.g., countries, districts, cities, or functional spaces like 'art gallery') fall under the explicit Exclusion Scope. Furthermore, the building materials (concrete, glass, steel) are homogenous artefacts. Therefore, it fails the criteria for nature. Not applicable since the entity is not classified as nature.",False
/home/pmonserrat/datasets/places/val_formatted/19/Places365_val_00000911.jpg,art gallery,False,,,no,none,none,"The target entity is an art gallery. The visual evidence shows a painting on a canvas depicting a human figure. While the painting itself is a representation of a human, the taxonomy explicitly excludes human beings, human body parts, or groups of people from the nature classification. The painting depicts a person, not a more-than-human entity (flora, fauna, fungi, ecosystems, or non-living natural elements). Therefore, the subject matter of the artwork falls under the exclusion scope for human beings, and the object itself (a painting of a person) does not qualify as nature under this specific taxonomy. Not applicable since the entity is not classified as nature.",False
/home/pmonserrat/datasets/places/val_formatted/19/Places365_val_00001278.jpg,art gallery,False,,,no,none,none,"The target entity is an art gallery. The visual evidence shows a room with white walls, a wooden floor, and a large abstract painting. While the wooden floor is a Nature-Based Artefact (processed material with visible grain), the term 'art gallery' refers to the administrative and functional space itself. Administrative and political units, including functional spaces defined by their human purpose, fall under the Exclusion Scope. The entity is not a natural ecosystem, nor is it a representation of nature; it is a human-made environment for human activity. Not applicable since the entity is not classified as nature.",False
/home/pmonserrat/datasets/places/val_formatted/19/Places365_val_00001338.jpg,art gallery,False,,,no,none,none,"The target entity is an art gallery. The visual evidence shows an indoor space with white walls, artificial lighting, and people viewing paintings. While the paintings depict human faces, the gallery itself is a built environment designed for human use. It does not depict a natural entity, nor is it a natural ecosystem or element. It is a homogenous artefact (a building) where the natural material of origin is unidentifiable and it does not depict a natural entity. Therefore, it falls under the Exclusion Scope for homogenous artefacts and administrative units (as a place of business), failing the criteria for nature. Not applicable since the entity is not classified as nature.",False
/home/pmonserrat/datasets/places/val_formatted/19/Places365_val_00001834.jpg,art gallery,False,,,no,none,none,"The target entity is an art gallery. The visual evidence shows a room filled with artworks, specifically a light painting installation and various framed pieces on the walls. While the artworks themselves are representations of nature (e.g., the light painting mimics organic forms, the framed items may depict natural scenes), the entity 'art gallery' refers to the physical space or the institution itself. The walls, floor, and furniture are homogenous artefacts (painted walls, wooden tables) where the natural texture is unidentifiable. The gallery as a whole is a human-made administrative or cultural space, not a natural ecosystem or element. Therefore, it falls under the exclusion scope for administrative/cultural units and homogenous artefacts, failing the criteria for nature. Not applicable since the entity is not classified as nature.",False
/home/pmonserrat/datasets/places/val_formatted/190/Places365_val_00000348.jpg,iceberg,True,False,True,yes,abiotic,material,"The target entity is an iceberg. The visual evidence shows a large mass of ice floating in a body of water, with smaller ice chunks in the foreground and a glacier face in the background. Ice is a geological and mineral element (frozen water), and glaciers/icebergs are explicitly classified under Geological & Mineral resources and Hydrological components within the Non-Living Natural Elements & Processes inclusion scope, fulfilling the criteria for nature. Since nature is 'yes', I evaluate the sub-axes. An iceberg is a large mass of ice, which is a frozen water body, placing it under Hydrological Components within the abiotic category. Because the image is an unfiltered documentary photograph capturing a real-world physical landscape and phenomenon, it is classified as material under the Tangibility axis.",False
/home/pmonserrat/datasets/places/val_formatted/190/Places365_val_00001429.jpg,iceberg,True,False,True,yes,abiotic,material,"The target entity is an iceberg. The visual evidence shows a large mass of ice floating in the water, with snow-capped mountains in the background. Icebergs are formed from frozen freshwater and are classified under Non-Living Natural Elements & Processes (specifically Hydrological Components or Geological/Mineral resources like ice/snow). This fulfills the inclusion criteria for nature. Since nature is 'yes', I evaluate the sub-axes. An iceberg is a frozen body of water, placing it under Hydrological Components within the abiotic category. Because the image is an unfiltered documentary photograph capturing a real-world physical environment, it is classified as material under the Tangibility axis.",False
/home/pmonserrat/datasets/places/val_formatted/190/Places365_val_00002220.jpg,iceberg,True,False,True,yes,abiotic,material,"The target entity is an iceberg. The visual evidence shows a large mass of ice floating in a body of water. Ice is a geological and mineral element (frozen water) and falls under Non-Living Natural Elements & Processes, specifically Hydrological Components. This fulfills the inclusion criteria for nature. Since nature is 'yes', I evaluate the sub-axes. An iceberg is a frozen body of water, placing it under Hydrological Components within the abiotic category. Because the image is an unfiltered documentary photograph capturing a real-world physical environment, it is classified as material under the Tangibility axis.",False
/home/pmonserrat/datasets/places/val_formatted/190/Places365_val_00002237.jpg,iceberg,True,False,True,yes,abiotic,material,"The target entity is an iceberg. The visual evidence shows a large mass of ice floating in the ocean, situated behind a rocky breakwater. Icebergs are formed from frozen freshwater and are classified under Non-Living Natural Elements & Processes (specifically Hydrological Components) within the Inclusion Scope. They are not homogenous artefacts but rather natural geological and topographical features formed by physical processes, fulfilling the criteria for nature. Since nature is 'yes', I evaluate the sub-axes. An iceberg is a large mass of ice, which falls under Hydrological Components within the abiotic category. Because the image is an unfiltered documentary photograph capturing a real-world physical landscape and phenomenon, it is classified as material under the Tangibility axis.",False
/home/pmonserrat/datasets/places/val_formatted/190/Places365_val_00002656.jpg,iceberg,True,False,True,yes,abiotic,material,"The target entity is an iceberg. The visual evidence shows a massive, floating mass of ice and snow in a body of water. Icebergs are formed from glaciers and are composed of frozen water. Under the provided taxonomy, hydrological components (rivers, ponds, lakes, oceans, streams) and geological/mineral resources (rocks, sand, salt, mineral oil) are explicitly classified under Non-Living Natural Elements & Processes. While ice is a state of water, it is a physical substance derived from the hydrological cycle and is considered a non-living natural element. Therefore, it fulfills the inclusion criteria for nature. Since nature is 'yes', I evaluate the sub-axes. An iceberg is a large mass of frozen water, which falls under Hydrological Components within the abiotic category. Because the image is an unfiltered documentary photograph capturing a real-world physical landscape and phenomenon, it is classified as material under the Tangibility axis.",False
/home/pmonserrat/datasets/places/val_formatted/191/Places365_val_00000488.jpg,igloo,True,False,True,,,,,True
/home/pmonserrat/datasets/places/val_formatted/191/Places365_val_00000550.jpg,igloo,True,False,True,yes,abiotic,material,"The target entity is an igloo. The visual evidence shows a structure built from snow blocks in a snowy environment. Snow is a meteorological phenomenon and a geological material (ice/snow) that falls under Atmospheric & Weather Components and Geological & Topographical Components within the Non-Living Natural Elements & Processes inclusion scope. The igloo is a nature-based artefact crafted from natural material where the original texture (snow/ice) remains visually identifiable, fulfilling the criteria for nature. Since nature is 'yes', I evaluate the sub-axes. The igloo is constructed from snow, which is a meteorological phenomenon and a geological material, placing it under Atmospheric & Weather Components and Geological & Topographical Components within the abiotic category. Because the image is an unfiltered documentary photograph capturing a real-world physical structure made of natural material, it is classified as material under the Tangibility axis.",False
/home/pmonserrat/datasets/places/val_formatted/191/Places365_val_00000664.jpg,igloo,True,False,True,,,,,True
/home/pmonserrat/datasets/places/val_formatted/191/Places365_val_00002132.jpg,igloo,True,False,True,yes,abiotic,material,"The target entity is an igloo. The visual evidence shows a structure built from blocks of snow or ice, forming an arched doorway. Snow and ice are geological and hydrological components (frozen water) that fall under Non-Living Natural Elements & Processes. Although it is a constructed shelter, the material of origin (snow/ice) remains visually identifiable and is a natural element, fulfilling the criteria for Nature-Based Artefacts or Natural Elements. Since nature is 'yes', I evaluate the sub-axes. An igloo is constructed from snow and ice, which are frozen water bodies, placing it under Hydrological Components within the abiotic category. Because the image captures a real-world physical structure made of natural materials, it is classified as material under the Tangibility axis.",False
/home/pmonserrat/datasets/places/val_formatted/191/Places365_val_00002969.jpg,igloo,True,False,True,yes,abiotic,material,"The target entity is an igloo. The visual evidence shows a structure built from blocks of snow and ice, situated within a snowy environment. Snow and ice are geological and mineral components (specifically water in solid form) and are explicitly classified under Non-Living Natural Elements & Processes. The structure is a physical manifestation of these natural elements, fulfilling the inclusion criteria for nature. Since nature is 'yes', I evaluate the sub-axes. An igloo is constructed from snow and ice, which are hydrological and geological components, placing it under the abiotic category. Because the image is an unfiltered documentary photograph capturing a real-world physical structure made of natural materials, it is classified as material under the Tangibility axis.",False
/home/pmonserrat/datasets/places/val_formatted/196/Places365_val_00000558.jpg,jail cell,False,,,no,none,none,"The target entity is a jail cell. The visual evidence shows a constructed architectural space made of stone, concrete, and metal, designed for human confinement. While the materials (stone, concrete) are derived from geological sources, the object itself is a manufactured functional structure where the original natural texture is unidentifiable and the object does not depict a natural entity. It falls strictly under the Homogenous Artefacts exclusion and fails the criteria for nature. Not applicable since the entity is not classified as nature.",False
/home/pmonserrat/datasets/places/val_formatted/196/Places365_val_00000711.jpg,jail cell,False,,,no,none,none,"The target entity is a jail cell. The visual evidence shows a constructed architectural space made of concrete, stone, and metal bars. While the materials (concrete, stone) are derived from geological sources, the entity itself is a functional, manufactured structure designed for human confinement. It does not depict a natural entity, nor does it function as a natural ecosystem or process. It falls strictly under the exclusion of 'Homogenous Artefacts' or functional man-made structures where the natural origin is not the defining visual characteristic of the object itself, but rather a utilitarian construction. Therefore, it fails the criteria for nature. Not applicable since the entity is not classified as nature.",False
/home/pmonserrat/datasets/places/val_formatted/196/Places365_val_00000817.jpg,jail cell,False,,,no,none,none,"The target entity is a jail cell. The visual evidence shows a close-up of a metal bar structure, which is a manufactured functional object. The materials (metal) have been processed to the point where their original natural texture is unidentifiable, and the object does not depict a natural entity. It falls strictly under the Homogenous Artefacts exclusion and fails the criteria for nature. Not applicable since the entity is not classified as nature.",False
/home/pmonserrat/datasets/places/val_formatted/196/Places365_val_00001294.jpg,jail cell,False,,,no,none,none,"The target entity is a jail cell. The visual evidence shows a constructed interior space defined by walls made of grey concrete blocks and a concrete floor. While concrete is a processed material derived from natural minerals (sand, gravel, cement), the resulting object is a manufactured structural unit where the original natural texture of the raw materials is unidentifiable and the object does not depict a natural entity. It falls strictly under the Homogenous Artefacts exclusion and fails the criteria for nature. Not applicable since the entity is not classified as nature.",False
/home/pmonserrat/datasets/places/val_formatted/196/Places365_val_00002421.jpg,jail cell,False,,,no,none,none,"The target entity is a jail cell. The visual evidence shows a room containing rows of metal bunk beds, a floor, and walls. This is a constructed, man-made interior space designed for human habitation or confinement. While the room contains physical materials like metal and possibly wood or laminate flooring, the entity itself is a functional, manufactured structure. It does not depict a natural entity, nor does it consist of natural materials where the original texture is visually identifiable (the metal bars and painted surfaces are homogenous artefacts). It is an administrative or political unit (a place of detention) rather than a natural environment. Therefore, it falls under the Exclusion Scope for Homogenous Artefacts and Administrative Units. Not applicable since the entity is not classified as nature.",False
/home/pmonserrat/datasets/places/val_formatted/199/Places365_val_00000252.jpg,junkyard,False,,,no,none,none,"The target entity is a junkyard. The visual evidence shows a collection of old cars and vehicles stored under a shelter. While the term 'junkyard' implies a place for discarded items, the visual content depicts a specific location containing manufactured objects (cars). The definition of nature explicitly excludes 'Homogenous Artefacts' where the original natural texture is unidentifiable and the object does not depict a natural entity. The cars are manufactured structural objects. Furthermore, the location itself is a man-made structure (a sheltered storage area) rather than a natural environment like a forest or river. There are no natural elements (flora, fauna, geological formations, water bodies, etc.) that are the primary focus or defining feature of this specific instance. Therefore, it falls under the exclusion scope for administrative or man-made units and homogenous artefacts. Not applicable since the entity is not classified as nature.",False
/home/pmonserrat/datasets/places/val_formatted/199/Places365_val_00000604.jpg,junkyard,False,,,,,,,True
/home/pmonserrat/datasets/places/val_formatted/199/Places365_val_00000640.jpg,junkyard,False,,,,,,,True
/home/pmonserrat/datasets/places/val_formatted/199/Places365_val_00001959.jpg,junkyard,False,,,,,,,True
/home/pmonserrat/datasets/places/val_formatted/199/Places365_val_00002118.jpg,junkyard,False,,,,,,,True
/home/pmonserrat/datasets/places/val_formatted/2/Places365_val_00001039.jpg,airport terminal,False,,,no,none,none,"The target entity is an airport terminal. The visual evidence shows a long, enclosed corridor with tiled walls, a metal ceiling, and blue handrails. This is a manufactured structural object designed for human transit. While it may be located within a larger natural or semi-natural environment, the terminal itself is a homogenous artefact where the original natural texture of the materials (tiles, metal, concrete) is unidentifiable and the object does not depict a natural entity. It falls strictly under the Homogenous Artefacts exclusion and fails the criteria for nature. Not applicable since the entity is not classified as nature.",False
/home/pmonserrat/datasets/places/val_formatted/2/Places365_val_00001065.jpg,airport terminal,False,,,no,none,none,"The target entity is an airport terminal. The visual evidence shows a large, man-made indoor space with a high ceiling, structural beams, signage, and people. While the space contains natural elements like light and potentially plants, the entity itself is a constructed administrative and functional unit. Administrative and political units, as well as homogenous artefacts where natural texture is unidentifiable, are explicitly excluded from the nature taxonomy. Therefore, the airport terminal as a whole does not count as nature. Not applicable since the entity is not classified as nature.",False
/home/pmonserrat/datasets/places/val_formatted/2/Places365_val_00001110.jpg,airport terminal,False,,,no,none,none,"The target entity is an airport terminal. The visual evidence shows a large, man-made indoor space with structural columns, a ceiling, signage, and artificial lighting. While there is a potted palm tree visible within the space, the 'airport terminal' itself is a geopolitical and administrative unit (a building complex designated for travel). Under the Exclusion Scope, administrative and political units (including buildings designated for specific human functions like airports) are not classified as nature. Furthermore, the terminal is a homogenous artefact where the natural texture of the materials (concrete, metal, glass) is unidentifiable and the object does not depict a natural entity. Therefore, it falls under the exclusion criteria. Not applicable since the entity is not classified as nature.",False
/home/pmonserrat/datasets/places/val_formatted/2/Places365_val_00001373.jpg,airport terminal,False,,,no,none,none,"The target entity is an airport terminal. The visual evidence shows a large, multi-level indoor structure with glass walls, metal railings, and tiled floors. This is a manufactured functional object designed for human transit and commerce. Under the provided taxonomy, homogenous artefacts (manufactured structural or functional objects where the original natural texture is unidentifiable) are explicitly excluded from the nature classification. While the terminal contains natural elements (like the palm tree sculpture), the terminal itself is a human-made administrative and political unit of infrastructure, not a natural entity, ecosystem, or representation of nature. Not applicable since the entity is not classified as nature.",False
/home/pmonserrat/datasets/places/val_formatted/2/Places365_val_00003113.jpg,airport terminal,False,,,no,none,none,"The target entity is an airport terminal. The visual evidence shows a large indoor facility with workers at a production line. An airport terminal is a man-made structure designed for human transit and commerce. It is a homogenous artefact where the original natural texture of the materials (concrete, steel, glass) is unidentifiable and the object does not depict a natural entity. Therefore, it falls strictly under the Homogenous Artefacts exclusion and fails the criteria for nature. Not applicable since the entity is not classified as nature.",False
/home/pmonserrat/datasets/places/val_formatted/20/Places365_val_00000215.jpg,art school,False,,,no,none,none,"The target entity is an art school. The visual evidence shows a classroom setting with children, artwork on the walls, and a table with cupcakes. While the setting is an educational institution, the term 'art school' refers to an administrative or political unit (a specific type of educational institution or organization). Under the provided taxonomy, administrative and political units, including educational institutions, fall under the Exclusion Scope and are not classified as nature, regardless of the artistic content within the space. Not applicable since the entity is not classified as nature.",False
/home/pmonserrat/datasets/places/val_formatted/20/Places365_val_00001677.jpg,art school,False,,,no,none,none,"The target entity is an art school. The visual evidence shows a quilt with a patchwork design. The term 'art school' is not visually present in the image; the image depicts a textile craft object. Even if the term were present, 'art school' refers to an educational institution or administrative unit. Under the Exclusion Scope, Administrative & Political Units (e.g., countries, counties, districts, cities) are explicitly excluded from the nature taxonomy. Furthermore, the object itself is a manufactured textile (cotton/fabric) where the natural texture is not the primary focus of the object's identity in the same way a wooden table is, and it does not depict a natural entity. It is a functional object (a quilt) rather than a nature-based artefact or representation of nature. Not applicable since the entity is not classified as nature.",False
/home/pmonserrat/datasets/places/val_formatted/20/Places365_val_00001827.jpg,art school,False,,,no,none,none,"The target entity is an art school. The visual evidence shows a room with a man painting a sculpture and paintings on the wall. While the setting is an educational or creative space, the term 'art school' refers to an administrative or political unit (an educational institution). Under the provided taxonomy, administrative and political units, including educational institutions, fall under the Exclusion Scope and are not classified as nature, regardless of the artistic activities taking place within them. Not applicable since the entity is not classified as nature.",False
/home/pmonserrat/datasets/places/val_formatted/20/Places365_val_00003124.jpg,art school,False,,,no,none,none,"The target entity is an art school. The visual evidence shows a group of people standing in front of a display of paintings. While the paintings depict natural elements (trees, foxes, landscapes), the entity 'art school' itself refers to an educational institution or administrative unit. Administrative and political units, including educational institutions, fall under the explicit Exclusion Scope of the taxonomy. Therefore, the entity 'art school' is not classified as nature. Not applicable since the entity is not classified as nature.",False
/home/pmonserrat/datasets/places/val_formatted/20/Places365_val_00003305.jpg,art school,False,,,no,none,none,"The target entity is an art school. The visual evidence shows a room with people working on pottery, with a sign in the background reading 'CERAMICS GUILD'. While the activity involves clay (a natural material) and the setting is a workshop, the entity 'art school' itself refers to an educational institution or administrative unit. Under the Exclusion Scope, Administrative & Political Units (e.g., countries, counties, districts, cities) are explicitly excluded from the nature taxonomy. Furthermore, the room itself is a constructed indoor environment, not a natural ecosystem or environment defined by living communities. Therefore, the entity does not fulfill the inclusion criteria for nature. Not applicable since the entity is not classified as nature.",False
/home/pmonserrat/datasets/places/val_formatted/200/Places365_val_00000068.jpg,kasbah,False,,,no,none,none,"The target entity is a 'kasbah'. The visual evidence shows a row of white, ornate architectural structures with columns and decorative moldings. A kasbah is a type of fortified building or palace, which is a manufactured structural object. While it is made of materials like stone or plaster, the object itself is a human-made architectural construct, not a natural formation. It does not depict a natural entity, nor does it retain the visually identifiable natural texture of its raw materials in a way that classifies it as a 'Nature-Based Artefact' (which requires the natural material's structure/grain to be the primary visual feature, like a wooden table with visible grain). Therefore, it falls under the exclusion scope for homogenous artefacts and administrative/political units (as kasbahs are often associated with specific regions or cultures), failing the criteria for nature. Not applicable since the entity is not classified as nature.",False
/home/pmonserrat/datasets/places/val_formatted/200/Places365_val_00000988.jpg,kasbah,False,,,,,,,True
/home/pmonserrat/datasets/places/val_formatted/200/Places365_val_00001141.jpg,kasbah,False,,,no,none,none,"The target entity is a kasbah. The visual evidence shows a large, fortified stone structure with arches and walls. While the building is constructed from natural materials like stone, it is a manufactured architectural object. Under the provided taxonomy, homogenous artefacts (manufactured structural objects where the original natural texture is unidentifiable or the object does not depict a natural entity) are explicitly excluded from the nature classification. A kasbah is a functional building, not a representation of a natural entity, and thus falls under the exclusion scope for homogenous artefacts. Not applicable since the entity is not classified as nature.",False
/home/pmonserrat/datasets/places/val_formatted/200/Places365_val_00001306.jpg,kasbah,False,,,no,none,none,"The target entity is a kasbah. The visual evidence shows ancient ruins constructed from brick and stone, featuring architectural elements like arches and walls. While the materials (stone, brick) are natural in origin, the structure itself is a manufactured, homogenous artefact where the original natural texture is unidentifiable and the object does not depict a natural entity. It falls strictly under the Homogenous Artefacts exclusion and fails the criteria for nature. Not applicable since the entity is not classified as nature.",False
/home/pmonserrat/datasets/places/val_formatted/200/Places365_val_00001401.jpg,kasbah,False,,,no,none,none,"The target entity is a 'kasbah' (a fortified building or citadel). The visual evidence shows ancient stone ruins, including walls, columns, and paved ground. While the materials (stone, brick) are natural in origin, the structure itself is a manufactured, architectural object. Under the Exclusion Scope, 'Homogenous Artefacts' are defined as manufactured structural or functional objects where the original natural texture is unidentifiable and the object does not depict a natural entity. A kasbah is a built structure, not a natural formation, and does not depict a natural entity. Therefore, it falls under the exclusion criteria for manufactured objects and is not classified as nature. Not applicable since the entity is not classified as nature.",False
/home/pmonserrat/datasets/places/val_formatted/204/Places365_val_00000151.jpg,lagoon,True,False,True,yes,abiotic,material,"The target entity is a lagoon. The visual evidence shows a body of water separated from the sea by a barrier, which is a distinct hydrological feature. Hydrological components (rivers, ponds, lakes, oceans, streams) are explicitly classified under Non-Living Natural Elements & Processes, fulfilling the inclusion criteria for nature. Since nature is 'yes', I evaluate the sub-axes. A lagoon is a body of water, placing it under Hydrological Components within the abiotic category. Because the image is an unfiltered documentary photograph capturing a real-world physical environment, it is classified as material under the Tangibility axis.",False
/home/pmonserrat/datasets/places/val_formatted/204/Places365_val_00000806.jpg,lagoon,True,False,True,yes,abiotic,material,"The target entity is a lagoon. The visual evidence shows a real-world body of water surrounded by land and vegetation. Hydrological components (rivers, ponds, lakes, oceans, streams) are explicitly classified under Non-Living Natural Elements & Processes, fulfilling the inclusion criteria for nature. Since nature is 'yes', I evaluate the sub-axes. A lagoon is a body of water, placing it under Hydrological Components within the abiotic category. Because the image is an unfiltered documentary depiction capturing a real-world physical environment, it is classified as material under the Tangibility axis.",False
/home/pmonserrat/datasets/places/val_formatted/204/Places365_val_00001417.jpg,lagoon,True,False,True,yes,abiotic,material,"The target entity is a lagoon. The visual evidence shows a body of water enclosed by land, specifically a rocky inlet or cove where people are swimming. Hydrological components (rivers, ponds, lakes, oceans, streams) are explicitly classified under Non-Living Natural Elements & Processes, fulfilling the inclusion criteria for nature. Since nature is 'yes', I evaluate the sub-axes. A lagoon is a body of water, placing it under Hydrological Components within the abiotic category. Because the image is an unfiltered documentary photograph capturing a real-world physical environment, it is classified as material under the Tangibility axis.",False
/home/pmonserrat/datasets/places/val_formatted/204/Places365_val_00001478.jpg,lagoon,True,False,True,yes,abiotic,material,"The target entity is a lagoon. The visual evidence shows a large, calm body of water surrounded by land, with a small boat and vegetation visible. Hydrological components (rivers, ponds, lakes, oceans, streams) are explicitly classified under Non-Living Natural Elements & Processes, fulfilling the inclusion criteria for nature. Since nature is 'yes', I evaluate the sub-axes. A lagoon is a body of water, placing it under Hydrological Components within the abiotic category. Because the image is an unfiltered documentary depiction capturing a real-world physical environment, it is classified as material under the Tangibility axis.",False
/home/pmonserrat/datasets/places/val_formatted/204/Places365_val_00001722.jpg,lagoon,True,False,True,yes,abiotic,material,"The target entity is a lagoon. The visual evidence shows a body of water surrounded by land, specifically appearing as a coastal or tidal pool environment. Hydrological components (rivers, ponds, lakes, oceans, streams) are explicitly classified under Non-Living Natural Elements & Processes, fulfilling the inclusion criteria for nature. Since nature is 'yes', I evaluate the sub-axes. A lagoon is a body of water, placing it under Hydrological Components within the abiotic category. Because the image is an unfiltered documentary depiction capturing a real-world physical environment, it is classified as material under the Tangibility axis.",False
/home/pmonserrat/datasets/places/val_formatted/206/Places365_val_00000128.jpg,landfill,False,,,,,,,True
/home/pmonserrat/datasets/places/val_formatted/206/Places365_val_00000250.jpg,landfill,False,,,,,,,True
/home/pmonserrat/datasets/places/val_formatted/206/Places365_val_00000548.jpg,landfill,False,,,no,none,none,"The target entity is a landfill. The visual evidence shows a large accumulation of debris, waste, and rubble, likely resulting from a disaster or urban development. While the surrounding environment includes hills with trees (biotic) and mountains (abiotic), the specific entity 'landfill' refers to the man-made accumulation of waste. This falls under the Exclusion Scope for 'Homogenous Artefacts' or general manufactured/processed objects where the natural texture is unidentifiable and the object does not depict a natural entity. It is a human-made structure or accumulation, not a natural ecosystem or element. Therefore, it does not count as nature under this taxonomy. Not applicable since the entity is not classified as nature.",False
/home/pmonserrat/datasets/places/val_formatted/206/Places365_val_00000701.jpg,landfill,False,,,no,none,none,"The target entity is a landfill. The visual evidence shows a large pile of discarded waste materials (appliances, construction debris) being processed by heavy machinery. While the surrounding environment includes grass and trees (biotic nature), the specific entity 'landfill' refers to the accumulation of waste. Waste is a byproduct of human activity and is not a natural element, organism, or ecosystem. It falls under the exclusion scope for homogenous artefacts or processed materials that do not retain identifiable natural texture or depict a natural entity. Therefore, it does not count as nature under this taxonomy. Not applicable since the entity is not classified as nature.",False
/home/pmonserrat/datasets/places/val_formatted/206/Places365_val_00000703.jpg,landfill,False,,,no,none,none,"The target entity is a landfill. The visual evidence shows a pile of discarded debris, including wood, metal, and other refuse, situated in an outdoor environment. While the landfill itself is a human-made accumulation of waste, the context is an outdoor, semi-natural environment (a grassy hillside). However, the core definition of 'landfill' as a specific waste management site or pile of refuse does not fit the inclusion criteria for 'Nature-Based Artefacts' (which require natural material origin to remain visually identifiable) or 'Nature-Based Activities'. It is a homogenous artefact in the sense that it is a manufactured/processed accumulation of waste, not a natural ecosystem or element. The exclusion scope for 'Homogenous Artefacts' includes manufactured structural or functional objects where the original natural texture is unidentifiable. A landfill is a collection of processed waste, not a natural entity. Therefore, it falls under the exclusion scope. Not applicable since the entity is not classified as nature.",False
/home/pmonserrat/datasets/places/val_formatted/207/Places365_val_00000492.jpg,landing deck,False,,,no,none,none,"The target entity is a landing deck. The visual evidence shows a large, flat, horizontal surface on the upper part of a ship, which is a manufactured structural object. While the surface is made of metal, the original natural texture is unidentifiable and the object does not depict a natural entity. It falls strictly under the Homogenous Artefacts exclusion and fails the criteria for nature. Not applicable since the entity is not classified as nature.",False
/home/pmonserrat/datasets/places/val_formatted/207/Places365_val_00000886.jpg,landing deck,False,,,no,none,none,"The target entity is a landing deck. The visual evidence shows a flat, grey surface, which is the flight deck of an aircraft carrier. This is a manufactured structural object made of steel and concrete. The original natural texture of the materials is completely unidentifiable and altered by the manufacturing process, and the object does not depict a natural entity. It falls strictly under the Homogenous Artefacts exclusion and fails the criteria for nature. Not applicable since the entity is not classified as nature.",False
/home/pmonserrat/datasets/places/val_formatted/207/Places365_val_00001464.jpg,landing deck,False,,,no,none,none,"The target entity is a landing deck. The visual evidence shows a large, flat, grey surface with painted white and red lines, situated on a ship. This is a manufactured structural object designed for aircraft operations. The surface appears to be made of metal or composite materials, and the original natural texture is unidentifiable. It does not depict a natural entity. Therefore, it falls under the Homogenous Artefacts exclusion and fails the criteria for nature. Not applicable since the entity is not classified as nature.",False
/home/pmonserrat/datasets/places/val_formatted/207/Places365_val_00001523.jpg,landing deck,False,,,no,none,none,"The target entity is a landing deck. The visual evidence shows a flat, paved surface on a ship, likely an aircraft carrier, where a helicopter is landing. This is a manufactured structural object designed for human and mechanical use. While it is located in a natural environment (the ocean), the deck itself is a homogenous artefact made of metal and concrete where the original natural texture is unidentifiable and it does not depict a natural entity. Therefore, it falls under the Homogenous Artefacts exclusion and fails the criteria for nature. Not applicable since the entity is not classified as nature.",False
/home/pmonserrat/datasets/places/val_formatted/207/Places365_val_00002099.jpg,landing deck,False,,,no,none,none,"The target entity is a landing deck. The visual evidence shows a large, flat, paved surface on a ship, marked with white lines and circular hatches. This is a manufactured structural object designed for aircraft operations. The surface is made of metal or composite materials where the original natural texture is unidentifiable and the object does not depict a natural entity. It falls strictly under the Homogenous Artefacts exclusion and fails the criteria for nature. Not applicable since the entity is not classified as nature.",False
/home/pmonserrat/datasets/places/val_formatted/208/Places365_val_00000118.jpg,laundromat,False,,,no,none,none,"The target entity is a laundromat. The visual evidence shows a room containing washing machines, a sink, and cabinetry. This is a functional, manufactured space designed for human use. It does not depict a natural entity, nor is it a natural environment or element. It falls strictly under the exclusion scope for homogenous artefacts and functional objects where the natural texture is unidentifiable and the object does not depict a natural entity. Not applicable since the entity is not classified as nature.",False
/home/pmonserrat/datasets/places/val_formatted/208/Places365_val_00000442.jpg,laundromat,False,,,no,none,none,"The target entity is a laundromat. The visual evidence shows a commercial facility containing industrial washing machines and dryers. These are manufactured functional objects made of metal, plastic, and glass. The original natural texture of the materials is completely unidentifiable and altered, and the object does not depict a natural entity. Therefore, it falls strictly under the Homogenous Artefacts exclusion and fails the criteria for nature. Not applicable since the entity is not classified as nature.",False
/home/pmonserrat/datasets/places/val_formatted/208/Places365_val_00000865.jpg,laundromat,False,,,no,none,none,"The target entity is a laundromat. The visual evidence shows an indoor commercial space containing washing machines, dryers, shelves, and laundry baskets. This is a man-made functional environment designed for cleaning clothes. It does not depict a natural ecosystem, nor does it consist of natural elements like water bodies, geological formations, or flora/fauna in a way that qualifies as nature under the provided taxonomy. It is a homogenous artefact/structure (a building interior) where the natural texture is unidentifiable and it does not depict a natural entity. Not applicable since the entity is not classified as nature.",False
/home/pmonserrat/datasets/places/val_formatted/208/Places365_val_00001473.jpg,laundromat,False,,,no,none,none,"The target entity is a laundromat. The visual evidence shows a commercial laundry facility containing large white washing machines and dryers. These are manufactured functional objects made of smooth plastic and metal. Because the original natural texture of the materials is completely unidentifiable and altered, and the object does not depict a natural entity, it falls strictly under the Homogenous Artefacts exclusion and fails the criteria for nature. Not applicable since the entity is not classified as nature.",False
/home/pmonserrat/datasets/places/val_formatted/208/Places365_val_00001483.jpg,laundromat,False,,,no,none,none,"The target entity is a laundromat. The visual evidence shows a row of industrial washing machines, which are manufactured functional objects. While the machines contain clothes (which are processed food/derivative materials), the primary target identified as 'laundromat' refers to the facility or the machines themselves. The machines are made of metal and plastic with no visible natural grain or texture, and they do not depict natural entities. Therefore, they fall under the Homogenous Artefacts exclusion and fail the criteria for nature. Not applicable since the entity is not classified as nature.",False
/home/pmonserrat/datasets/places/val_formatted/209/Places365_val_00000269.jpg,lawn,True,True,True,yes,biotic,material,"The target entity is a lawn. The visual evidence shows a real-world expanse of green grass in front of a cabin. Grass is a type of plant (flora), and ecosystems defined by living communities (such as a vegetable garden or a naturalized area like a lawn) fall under the inclusion scope of Nature-Based Activities and Biological Ecosystems. Furthermore, the grass itself is a Flora & Plant Derivative. Therefore, it fulfills the inclusion criteria for nature. Since nature is 'yes', I evaluate the sub-axes. A lawn is composed of grass, which is a plant, placing it under Flora & Plant Derivatives within the biotic category. Because the image is an unfiltered documentary photograph capturing a real-world physical environment, it is classified as material under the Tangibility axis.",False
/home/pmonserrat/datasets/places/val_formatted/209/Places365_val_00000520.jpg,lawn,True,True,True,yes,biotic,material,"The target entity is a lawn. The visual evidence shows a real-world expanse of green grass situated behind the uniformed personnel. This area is a cultivated, semi-natural environment where non-human organisms (grass) exist and interact, explicitly fulfilling the inclusion criteria for Ecosystems & Environments and Flora & Plant Derivatives under the Nature definition. Since nature is 'yes', I evaluate the sub-axes. A lawn is a cultivated environment defined by the living community of grass (flora), placing it under the Biotic category. Because the image is an unfiltered documentary photograph capturing a real-world physical environment with mass and space, it is classified as material under the Tangibility axis.",False
/home/pmonserrat/datasets/places/val_formatted/209/Places365_val_00000693.jpg,lawn,True,True,True,yes,biotic,material,"The target entity is a lawn. The visual evidence shows a real-world expanse of grass covering the ground in a backyard setting. Grass is a type of flora (plants), and the lawn represents a biological ecosystem or environment defined by living communities. This falls under the inclusion scope of Flora & Plant Derivatives and Biological Ecosystems within the Nature definition. Since nature is 'yes', I evaluate the sub-axes. A lawn is composed of grass, which is a plant, placing it under Flora & Plant Derivatives within the biotic category. Because the image is an unfiltered documentary photograph capturing a real-world physical environment with mass and physical presence, it is classified as material under the Tangibility axis.",False
/home/pmonserrat/datasets/places/val_formatted/209/Places365_val_00000871.jpg,lawn,True,True,True,yes,biotic,material,"The target entity is a lawn. The visual evidence shows a large expanse of green grass in the background, which is a cultivated area of grass. Under the Nature Definition, cultivated plants (Flora) and environments where non-human entities exist (Ecosystems & Environments, e.g., urban parks, vegetable gardens) are explicitly included. A lawn is a managed ecosystem of grass, fulfilling the inclusion criteria for nature. Since nature is 'yes', I evaluate the sub-axes. A lawn is composed of grass, which is a plant (Flora), placing it under the Biotic category. Because the image is an unfiltered documentary photograph capturing a real-world physical environment, it is classified as material under the Tangibility axis.",False
/home/pmonserrat/datasets/places/val_formatted/209/Places365_val_00001241.jpg,lawn,True,True,True,yes,biotic,material,"The target entity is a lawn. The visual evidence shows a real-world expanse of green grass, likely part of a park or golf course. Grass is a type of flora (plants), and environments defined by living communities, such as parks or green spaces, fall under the inclusion scope of Nature-Based Artefacts and Biological Ecosystems. Therefore, this instance counts as nature. Since nature is 'yes', I evaluate the sub-axes. A lawn is composed of grass, which is a plant, placing it under Flora & Plant Derivatives within the biotic category. Because the image is an unfiltered documentary photograph capturing a real-world physical environment, it is classified as material under the Tangibility axis.",False
/home/pmonserrat/datasets/places/val_formatted/210/Places365_val_00000028.jpg,lecture room,False,,,no,none,none,"The target entity is a lecture room. The visual evidence shows an indoor setting filled with people seated in rows, likely attending a presentation or event. The environment is a constructed, artificial space designed for human gathering and activity. While the room contains natural elements like the air and potentially the building materials (wood, stone), the entity 'lecture room' itself refers to a functional, man-made administrative or social space. It does not depict a natural ecosystem, a non-living natural element (like a river or rock), or a representation of nature. It falls under the exclusion scope for administrative and political units or functional human-made environments that do not explicitly reference natural characteristics or entities. Not applicable since the entity is not classified as nature.",False
/home/pmonserrat/datasets/places/val_formatted/210/Places365_val_00000211.jpg,lecture room,False,,,no,none,none,"The target entity is a lecture room. The visual evidence shows an indoor space containing rows of chairs, tables, and people. While the room contains natural elements like the water bottle and the people, the 'lecture room' itself is an administrative or functional space defined by its human use and furniture arrangement. It does not depict a natural entity, nor is it a natural environment or process. It falls under the exclusion scope for administrative units and functional human spaces. Not applicable since the entity is not classified as nature.",False
/home/pmonserrat/datasets/places/val_formatted/210/Places365_val_00000317.jpg,lecture room,False,,,no,none,none,"The target entity is a lecture room. The visual evidence shows an indoor space characterized by artificial lighting, carpeted floors, and manufactured furniture. While the room contains natural elements like the carpet (derived from plants) and wood in the furniture, the 'lecture room' itself is an administrative or functional space defined by human activity and construction. It does not fit the definition of a natural environment, ecosystem, or a representation of nature. It is a built environment, not a natural one. Not applicable since the entity is not classified as nature.",False
/home/pmonserrat/datasets/places/val_formatted/210/Places365_val_00000744.jpg,lecture room,False,,,no,none,none,"The target entity is a lecture room. The visual evidence shows an indoor space containing desks, chairs, telephones, and whiteboards. This is a constructed, functional environment designed for human administrative or educational activities. It does not depict a natural ecosystem, nor does it contain natural elements as the primary subject (e.g., a forest, a river, or a specific plant). While it contains materials like wood or metal, the room itself is a homogenous artefact/structure where the natural origin is unidentifiable and it does not represent a natural entity. Therefore, it falls under the exclusion scope for administrative units and homogenous artefacts. Not applicable since the entity is not classified as nature.",False
/home/pmonserrat/datasets/places/val_formatted/210/Places365_val_00001784.jpg,lecture room,False,,,no,none,none,"The target entity is a lecture room. The visual evidence shows an indoor space containing rows of chairs, a projection screen, and people sitting. While the room contains elements that might be considered nature (such as the wooden column or the carpet), the 'lecture room' itself is an administrative or functional space defined by its human use and layout. It does not fit the inclusion criteria for nature, which focuses on more-than-human entities, ecosystems, or specific natural elements. The room is a constructed environment for human activity, not a natural environment or a representation of nature. Not applicable since the entity is not classified as nature.",False
/home/pmonserrat/datasets/places/val_formatted/214/Places365_val_00000570.jpg,lighthouse,False,,,no,none,none,"The target entity is a lighthouse. The visual evidence shows a manufactured structure built on a rocky coastline. While the lighthouse is constructed from natural materials like stone and brick, it is a functional, man-made object where the original natural texture is unidentifiable and the object does not depict a natural entity. It falls strictly under the Homogenous Artefacts exclusion and fails the criteria for nature. Not applicable since the entity is not classified as nature.",False
/home/pmonserrat/datasets/places/val_formatted/214/Places365_val_00002880.jpg,lighthouse,False,,,no,none,none,"The target entity is a lighthouse. The visual evidence shows a manufactured structure made of concrete and metal, painted red and white. While it is situated within a natural environment (water), the lighthouse itself is a homogenous artefact. The original natural texture of the materials is unidentifiable, and the object does not depict a natural entity. Therefore, it falls under the Homogenous Artefacts exclusion and fails the criteria for nature. Not applicable since the entity is not classified as nature.",False
/home/pmonserrat/datasets/places/val_formatted/214/Places365_val_00002891.jpg,lighthouse,False,,,no,none,none,"The target entity is a lighthouse. The visual evidence shows a tall, white, cylindrical tower structure situated on a coastal point. This is a manufactured architectural structure designed for human use (navigation aid). It is a homogenous artefact where the original natural texture of the materials (likely concrete or painted stone) is unidentifiable and the object does not depict a natural entity. Therefore, it falls strictly under the Homogenous Artefacts exclusion and fails the criteria for nature. Not applicable since the entity is not classified as nature.",False
/home/pmonserrat/datasets/places/val_formatted/214/Places365_val_00003292.jpg,lighthouse,False,,,no,none,none,"The target entity is a lighthouse. The visual evidence shows a man-made structure, specifically a tower with a lantern room, situated on a coastal landscape. While the lighthouse is located within a natural environment (coastal area with vegetation and sky), the structure itself is a manufactured object. It does not depict a natural entity, nor is it made of natural materials where the original texture is visually identifiable (it is painted and constructed). Therefore, it falls under the exclusion scope for homogenous artefacts and does not count as nature. Not applicable since the entity is not classified as nature.",False
/home/pmonserrat/datasets/places/val_formatted/214/Places365_val_00003302.jpg,lighthouse,False,,,no,none,none,"The target entity is a lighthouse. The visual evidence shows a tall, man-made tower structure situated on a rocky outcrop in the sea. While the lighthouse is constructed from natural materials like stone or concrete, it is a manufactured functional object where the original natural texture is unidentifiable and the object does not depict a natural entity. It falls strictly under the Homogenous Artefacts exclusion and fails the criteria for nature. Not applicable since the entity is not classified as nature.",False
/home/pmonserrat/datasets/places/val_formatted/215/Places365_val_00000785.jpg,living room,False,,,no,none,none,"The target entity is a living room. The visual evidence shows an interior architectural space containing furniture, lighting, and structural elements. While the space contains natural materials (wooden furniture, stone-like columns) and potentially plants, the entity 'living room' itself is a functional, man-made architectural unit. It is a constructed environment defined by its human utility and design, not a natural ecosystem or a direct depiction of a natural entity. Therefore, it falls under the exclusion scope for administrative and political units (extended to functional human spaces) and homogenous artefacts (the building structure itself), failing the criteria for nature. Not applicable since the entity is not classified as nature.",False
/home/pmonserrat/datasets/places/val_formatted/215/Places365_val_00001876.jpg,living room,False,,,no,none,none,"The target entity is a living room. The visual evidence shows an interior space of a house containing furniture, electronics, and people. While the room contains elements that might be considered nature (such as the brown sofa which could be leather or fabric, or the painting on the wall), the 'living room' itself is a functional, man-made architectural space. It is a homogenous artefact or a constructed environment where the original natural texture is unidentifiable and the space does not depict a natural entity. It falls under the exclusion scope for administrative or functional units and homogenous artefacts, failing the criteria for nature. Not applicable since the entity is not classified as nature.",False
/home/pmonserrat/datasets/places/val_formatted/215/Places365_val_00003477.jpg,living room,False,,,no,none,none,"The target entity is a 'living room' (also labeled 'Grand Parlor'). The visual evidence shows an interior space of a house containing furniture, decorations, and windows. While the room contains elements that are nature (e.g., trees visible through the window, wood furniture), the term 'living room' itself refers to a functional, man-made architectural space or room within a building. This falls under the exclusion scope for 'Administrative & Political Units' (extended to functional spaces/rooms) and 'Homogenous Artefacts' (as a constructed environment). It is not a natural ecosystem, nor is it a direct depiction of a natural entity. Therefore, it does not count as nature under this taxonomy. Not applicable since the entity is not classified as nature.",False
/home/pmonserrat/datasets/places/val_formatted/215/Places365_val_00004801.jpg,living room,False,,,no,none,none,"The target entity is a living room. The visual evidence shows an interior space containing furniture, a television, and a rug. While the room contains elements that are nature (such as the wooden floorboards, the plant in the corner, and the rug with floral patterns), the term 'living room' refers to the functional, architectural space itself. This space is defined by human construction and organization. The walls, the layout, and the function of the room are human-made constructs. The inclusion scope for nature includes 'Nature-Based Activities' and 'Nature-Based Artefacts', but a 'living room' as a functional unit is a human administrative or spatial unit, similar to a 'kitchen' or 'office'. It is not a natural environment, nor is it a representation of nature. Therefore, it falls under the exclusion scope for Administrative & Political Units (broadly interpreted as human-defined spatial units) and Homogenous Artefacts (the room as a whole is a human construct). Not applicable since the entity is not classified as nature.",False
/home/pmonserrat/datasets/places/val_formatted/215/Places365_val_00005205.jpg,living room,False,,,no,none,none,"The target entity is a living room. The visual evidence shows an interior space of a house containing furniture, decorations, and architectural elements. While the room contains natural elements like flowers, a rug, and potentially wood furniture, the term 'living room' refers to the functional, human-constructed space itself. This falls under the Exclusion Scope for Administrative & Political Units (as a defined space) and Homogenous Artefacts (as a constructed environment), failing the criteria for nature. Not applicable since the entity is not classified as nature.",False
/home/pmonserrat/datasets/places/val_formatted/216/Places365_val_00000204.jpg,loading dock,False,,,no,none,none,"The target entity is a loading dock. The visual evidence shows a concrete and metal structure attached to a brick building, used for loading and unloading goods. This is a manufactured functional object where the original natural texture of the materials (concrete, metal) is unidentifiable and the object does not depict a natural entity. It falls strictly under the Homogenous Artefacts exclusion and fails the criteria for nature. Not applicable since the entity is not classified as nature.",False
/home/pmonserrat/datasets/places/val_formatted/216/Places365_val_00000429.jpg,loading dock,False,,,no,none,none,"The target entity is a loading dock. The visual evidence shows a large, industrial structure constructed from concrete, steel beams, and metal roofing. This is a manufactured functional object designed for logistics and storage. The materials (concrete, steel) are processed industrial materials where the original natural texture is unidentifiable and the object does not depict a natural entity. It falls strictly under the Homogenous Artefacts exclusion and fails the criteria for nature. Not applicable since the entity is not classified as nature.",False
/home/pmonserrat/datasets/places/val_formatted/216/Places365_val_00000512.jpg,loading dock,False,,,no,none,none,"The target entity is a loading dock. The visual evidence shows a concrete platform adjacent to a freight train car. While concrete is a processed material derived from geological components (rocks, sand, etc.), the loading dock itself is a manufactured structural object. The original natural texture of the concrete is largely obscured by paint, wear, and graffiti, and the object functions as a piece of industrial infrastructure rather than a natural entity or a representation of one. It falls under the exclusion scope for homogenous artefacts and manufactured functional objects where the natural material is unidentifiable and the object does not depict a natural entity. Not applicable since the entity is not classified as nature.",False
/home/pmonserrat/datasets/places/val_formatted/216/Places365_val_00000680.jpg,loading dock,False,,,no,none,none,"The target entity is a loading dock. The visual evidence shows a paved concrete surface and a metal structure, likely part of a building's exterior infrastructure. This is a manufactured functional object where the original natural texture of the materials (concrete, metal) is unidentifiable and the object does not depict a natural entity. It falls strictly under the Homogenous Artefacts exclusion and fails the criteria for nature. Not applicable since the entity is not classified as nature.",False
/home/pmonserrat/datasets/places/val_formatted/216/Places365_val_00001021.jpg,loading dock,False,,,no,none,none,"The target entity is a loading dock. The visual evidence shows a concrete or paved structure with metal railings and a building entrance, which is a manufactured functional object. The original natural texture of the materials is unidentifiable and the object does not depict a natural entity. It falls strictly under the Homogenous Artefacts exclusion and fails the criteria for nature. Not applicable since the entity is not classified as nature.",False
/home/pmonserrat/datasets/places/val_formatted/217/Places365_val_00000619.jpg,lobby,False,,,no,none,none,"The target entity is a lobby. The visual evidence shows an interior architectural space of a building, characterized by marble floors, columns, and a reception desk. While the lobby contains natural materials like stone and marble, the entity itself is a constructed, functional architectural space. Under the provided taxonomy, administrative and political units (like districts or cities) are excluded, and while the definition of 'Nature-Based Artefacts' includes objects where natural material remains identifiable, a 'lobby' is a functional room or area, not a crafted object like a wooden table or stone surface. It is a human-made environment, not a natural ecosystem or element. Therefore, it falls under the exclusion scope for homogenous artefacts or functional spaces that do not explicitly depict or consist primarily of identifiable natural elements in the way defined (e.g., a wooden table vs. a room). Not applicable since the entity is not classified as nature.",False
/home/pmonserrat/datasets/places/val_formatted/217/Places365_val_00000750.jpg,lobby,False,,,no,none,none,"The target entity is a lobby. The visual evidence shows an indoor architectural space containing a long wooden counter, shelves with various items, and people. While the space contains natural elements like the wooden counter (which has visible grain) and potentially plants, the term 'lobby' refers to the functional architectural space itself. Under the provided taxonomy, administrative and political units or functional spaces are not classified as nature unless they are explicitly defined as 'Nature-Based Activities' or 'Ecosystems'. A standard indoor lobby is a built environment, not a natural ecosystem or a representation of nature. Therefore, it falls under the exclusion scope for functional objects and spaces that do not explicitly depict or engage with natural elements in the required manner. Not applicable since the entity is not classified as nature.",False
/home/pmonserrat/datasets/places/val_formatted/217/Places365_val_00000914.jpg,lobby,False,,,no,none,none,"The target entity is a lobby. The visual evidence shows an indoor architectural space with tiled floors, artificial lighting, and walls. While the space contains people and potentially some plants, the term 'lobby' itself refers to a human-made administrative or political unit (a specific area within a building) and a functional architectural space. It does not refer to a natural ecosystem, a non-living natural element like a river or rock, or a representation of nature. It falls under the exclusion scope for Administrative & Political Units and Homogenous Artefacts (as a built environment), failing the criteria for nature. Not applicable since the entity is not classified as nature.",False
/home/pmonserrat/datasets/places/val_formatted/217/Places365_val_00001081.jpg,lobby,False,,,no,none,none,"The target entity is a 'lobby'. The visual evidence shows an interior architectural space, likely a hotel or office entrance, characterized by furniture, carpeting, and structural columns. While the carpet features a floral pattern, the 'lobby' itself is an administrative and political unit (a specific functional area of a building) and a homogenous artefact (a constructed interior space). The inclusion scope for nature explicitly excludes 'Administrative & Political Units' (e.g., districts, cities) and 'Homogenous Artefacts' (manufactured objects where natural texture is unidentifiable). The floral pattern on the carpet is a representation, but the target 'lobby' is the physical space itself, which does not meet the criteria for nature. Not applicable since the entity is not classified as nature.",False
/home/pmonserrat/datasets/places/val_formatted/217/Places365_val_00001706.jpg,lobby,False,,,no,none,none,"The target entity is a lobby. The visual evidence shows an interior architectural space of a building, characterized by furniture, carpeting, and structural columns. While the space contains natural elements like potted plants and potentially natural stone or wood finishes, the 'lobby' itself is a functional, man-made architectural environment. It is not a natural ecosystem, nor is it a representation of nature. It falls under the exclusion scope for administrative or functional human-made spaces that do not explicitly depict or consist primarily of natural elements in a way that qualifies them as nature-based artefacts or environments. Not applicable since the entity is not classified as nature.",False
/home/pmonserrat/datasets/places/val_formatted/218/Places365_val_00000258.jpg,lock chamber,False,,,no,none,none,"The target entity is a lock chamber. The visual evidence shows a man-made structure built into the riverbank, designed to control water levels and allow boats to pass between different water levels. While it is situated within a natural environment (a river), the lock chamber itself is a constructed, functional object made of concrete, stone, and metal. It does not depict a natural entity, nor does it retain the visually identifiable natural texture of a raw material in a way that qualifies it as a Nature-Based Artefact (it is a functional engineering structure). Therefore, it falls under the exclusion scope for homogenous artefacts and administrative/functional units, failing the criteria for nature. Not applicable since the entity is not classified as nature.",False
/home/pmonserrat/datasets/places/val_formatted/218/Places365_val_00000426.jpg,lock chamber,False,,,no,none,none,"The target entity is a lock chamber. The visual evidence shows a man-made structure, specifically a waterway lock, which is a type of artificial waterway used for raising and lowering boats between stretches of water of different levels. While it contains water (a hydrological component), the structure itself is a manufactured engineering feat, not a natural formation. It does not fit the definition of a natural ecosystem, nor is it a natural element like a river or lake. It is a functional, artificial object. Therefore, it falls under the exclusion scope for homogenous artefacts or administrative/functional units, and is not classified as nature. Not applicable since the entity is not classified as nature.",False
/home/pmonserrat/datasets/places/val_formatted/218/Places365_val_00000742.jpg,lock chamber,False,,,no,none,none,"The target entity is a lock chamber. The visual evidence shows a concrete and stone structure built to control water levels in a canal. While the structure is surrounded by water and vegetation, the lock chamber itself is a manufactured, engineered infrastructure object. It is a homogenous artefact where the original natural texture of the materials (concrete, stone blocks) is unidentifiable as a natural entity, and it does not depict a natural entity. Therefore, it falls under the Homogenous Artefacts exclusion and fails the criteria for nature. Not applicable since the entity is not classified as nature.",False
/home/pmonserrat/datasets/places/val_formatted/218/Places365_val_00001662.jpg,lock chamber,False,,,,,,,True
/home/pmonserrat/datasets/places/val_formatted/218/Places365_val_00002337.jpg,lock chamber,False,,,no,none,none,"The target entity is a lock chamber. The visual evidence shows a man-made structure, likely a concrete or metal enclosure, designed to control water levels in a canal or waterway. While it is situated within a hydrological environment (water), the structure itself is a manufactured functional object. The original natural texture of the materials (concrete, metal) is unidentifiable and the object does not depict a natural entity. Therefore, it falls under the Homogenous Artefacts exclusion and fails the criteria for nature. Not applicable since the entity is not classified as nature.",False
/home/pmonserrat/datasets/places/val_formatted/219/Places365_val_00000446.jpg,locker room,False,,,no,none,none,"The target entity is a locker room. The visual evidence shows an interior space of a building, characterized by tiled floors, wooden paneling, sinks, mirrors, and shower stalls. This is a constructed, man-made environment designed for human use. While it contains natural materials (wood, stone) and potentially natural light, the entity itself is a functional architectural space, not a natural ecosystem, geological formation, or living organism. It falls under the exclusion scope for administrative or functional units and does not meet the criteria for nature. Not applicable since the entity is not classified as nature.",False
/home/pmonserrat/datasets/places/val_formatted/219/Places365_val_00000859.jpg,locker room,False,,,no,none,none,"The target entity is a locker room. The visual evidence shows an indoor facility containing wooden lockers, chairs, and sports jerseys. While the lockers are made of wood (a nature-based material) and the jerseys are made of cotton (a plant derivative), the 'locker room' itself is a functional, manufactured architectural space designed for human use. It is not a natural ecosystem, nor is it a representation of nature. It falls under the exclusion scope for homogenous artefacts and administrative/political units (as a designated room), failing the criteria for nature. Not applicable since the entity is not classified as nature.",False
/home/pmonserrat/datasets/places/val_formatted/219/Places365_val_00001025.jpg,locker room,False,,,no,none,none,"The target entity is a locker room. The visual evidence shows a row of metal lockers with mesh doors, containing clothes and sports equipment. This is a manufactured functional object and a built environment. While it is a space where people change clothes, the structure itself is made of metal and wood (likely painted over), and the contents are human artifacts. It does not depict a natural entity, nor is it a natural ecosystem or element. It falls under the exclusion scope for homogenous artefacts and administrative/political units (as a room designation). Not applicable since the entity is not classified as nature.",False
/home/pmonserrat/datasets/places/val_formatted/219/Places365_val_00001174.jpg,locker room,False,,,no,none,none,"The target entity is a locker room. The visual evidence shows an indoor space containing sports equipment, jerseys, and a table hockey game. This is a man-made, functional environment designed for human use. It does not depict a natural ecosystem, nor does it consist of natural elements like flora, fauna, or geological formations. It is a built structure, not a natural environment. Not applicable since the entity is not classified as nature.",False
/home/pmonserrat/datasets/places/val_formatted/219/Places365_val_00001793.jpg,locker room,False,,,no,none,none,"The target entity is a locker room. The visual evidence shows an indoor space containing lockers, a door, and tiled flooring. While the setting is a place where humans engage in physical activities, the locker room itself is a constructed, man-made environment. It does not depict a natural ecosystem, nor does it consist of natural elements like wood with visible grain, stone, or water. It is a functional, manufactured space, which falls under the exclusion scope for homogenous artefacts and administrative units (as a designated area). Not applicable since the entity is not classified as nature.",False
/home/pmonserrat/datasets/places/val_formatted/220/Places365_val_00000400.jpg,mansion,False,,,no,none,none,"The target entity is a mansion. The visual evidence shows a large, multi-story building constructed from stone blocks with a conical turret. While the building is made of natural materials (stone), it is a manufactured structural object where the original natural texture of the stone is not the primary visual feature in the same way a wooden table with visible grain is. More importantly, a 'mansion' is a functional, homogenous artefact designed for human habitation. Under the Exclusion Scope, 'Homogenous Artefacts' are defined as 'Manufactured structural or functional objects where the original natural texture is unidentifiable and the object does not depict a natural entity'. A building, even one made of stone, is classified as a homogenous artefact in this taxonomy because its primary function is structural/human-made, not a representation of a natural entity or a material where the natural grain/texture is the defining visual characteristic (like a wooden table). Therefore, it falls under the exclusion criteria. Not applicable since the entity is not classified as nature.",False
/home/pmonserrat/datasets/places/val_formatted/220/Places365_val_00000489.jpg,mansion,False,,,,,,,True
/home/pmonserrat/datasets/places/val_formatted/220/Places365_val_00000586.jpg,mansion,False,,,no,none,none,"The target entity is a mansion. The visual evidence shows a large, multi-story building in the background, constructed of brick and concrete. This is a manufactured structural object where the original natural texture of the materials is unidentifiable and the object does not depict a natural entity. It falls strictly under the Homogenous Artefacts exclusion and fails the criteria for nature. Not applicable since the entity is not classified as nature.",False
/home/pmonserrat/datasets/places/val_formatted/220/Places365_val_00000715.jpg,mansion,False,,,no,none,none,"The target entity is a mansion. The visual evidence shows a large, multi-story residential building constructed from brick and stone with architectural features like columns and balconies. This is a manufactured structural object where the original natural texture of the materials (brick, stone) is unidentifiable as a natural entity, and the object does not depict a natural entity. It falls strictly under the Homogenous Artefacts exclusion and fails the criteria for nature. Not applicable since the entity is not classified as nature.",False
/home/pmonserrat/datasets/places/val_formatted/220/Places365_val_00001242.jpg,mansion,False,,,no,none,none,"The target entity is a mansion. The visual evidence shows a large, multi-story building constructed from brick and stone with a tiled roof. While the building is surrounded by natural elements like trees and a garden, the mansion itself is a manufactured structural object. The materials (brick, stone, tile) are processed and their original natural texture is unidentifiable in the context of the building's function as a homogenous artefact. It does not depict a natural entity. Therefore, it falls under the Homogenous Artefacts exclusion and fails the criteria for nature. Not applicable since the entity is not classified as nature.",False
/home/pmonserrat/datasets/places/val_formatted/221/Places365_val_00000217.jpg,manufactured home,False,,,no,none,none,"The target entity is a manufactured home. The visual evidence shows a residential building in the background, which is a constructed structure. Under the provided taxonomy, homogenous artefacts are defined as manufactured structural or functional objects where the original natural texture is unidentifiable and the object does not depict a natural entity. A manufactured home is a functional object where the natural material of origin (wood, brick, etc.) is processed and covered, rendering the natural texture unidentifiable. Therefore, it falls strictly under the Homogenous Artefacts exclusion and fails the criteria for nature. Not applicable since the entity is not classified as nature.",False
/home/pmonserrat/datasets/places/val_formatted/221/Places365_val_00001010.jpg,manufactured home,False,,,no,none,none,"The target entity is a manufactured home. The visual evidence shows a residential structure with siding, windows, and a roof, situated on a foundation. While the home is constructed using natural materials like wood (visible in the framing and siding), the object itself is a homogenous artefact where the original natural texture is unidentifiable and the object does not depict a natural entity. It falls strictly under the Homogenous Artefacts exclusion and fails the criteria for nature. Not applicable since the entity is not classified as nature.",False
/home/pmonserrat/datasets/places/val_formatted/221/Places365_val_00001045.jpg,manufactured home,False,,,no,none,none,"The target entity is a manufactured home (specifically, the building labeled 'The Morty Rich Hostel'). The visual evidence shows a constructed structure made of stucco, brick, and wood. While the building is surrounded by nature (trees, grass), the structure itself is a homogenous artefact. The original natural texture of the materials (like the stucco or painted brick) is unidentifiable and altered by the manufacturing process, and the object does not depict a natural entity. Therefore, it falls strictly under the Homogenous Artefacts exclusion and fails the criteria for nature. Not applicable since the entity is not classified as nature.",False
/home/pmonserrat/datasets/places/val_formatted/221/Places365_val_00001964.jpg,manufactured home,False,,,no,none,none,"The target entity is a manufactured home. The visual evidence shows a residential building constructed with siding, a roof, and a garage. This is a homogenous artefact where the original natural texture of the materials (wood, vinyl, etc.) is unidentifiable and the object does not depict a natural entity. It falls strictly under the Homogenous Artefacts exclusion and fails the criteria for nature. Not applicable since the entity is not classified as nature.",False
/home/pmonserrat/datasets/places/val_formatted/221/Places365_val_00002105.jpg,manufactured home,False,,,no,none,none,"The target entity is a manufactured home. The visual evidence shows a prefabricated building with white siding and windows. While the siding may be made of wood, the object is a homogenous artefact where the original natural texture is unidentifiable and the object does not depict a natural entity. It falls strictly under the Homogenous Artefacts exclusion and fails the criteria for nature. Not applicable since the entity is not classified as nature.",False
/home/pmonserrat/datasets/places/val_formatted/224/Places365_val_00000293.jpg,marsh,True,False,True,yes,biotic,material,"The target entity is a marsh. The visual evidence shows a wetland area characterized by standing water, grasses, and other vegetation. Wetlands and marshes are explicitly classified under Ecosystems & Environments in the Inclusion Scope, fulfilling the criteria for nature. Since nature is 'yes', I evaluate the sub-axes. A marsh is an ecosystem defined by the living communities and biological interactions within it, placing it under Biological Ecosystems within the biotic category. Because the image is an unfiltered documentary photograph capturing a real-world physical environment, it is classified as material under the Tangibility axis.",False
/home/pmonserrat/datasets/places/val_formatted/224/Places365_val_00000384.jpg,marsh,True,False,True,yes,biotic,material,"The target entity is a marsh. The visual evidence shows a wetland area characterized by standing water, muddy banks, and surrounding vegetation (trees and shrubs). Marshes are explicitly classified under Ecosystems & Environments in the Inclusion Scope, which are defined as natural or semi-natural environments where non-human entities exist and interact. This fulfills the criteria for nature. Since nature is 'yes', I evaluate the sub-axes. A marsh is a wetland ecosystem defined by its hydrological and biological components, placing it under Biological Ecosystems within the biotic category. Because the image is an unfiltered documentary photograph capturing a real-world physical environment, it is classified as material under the Tangibility axis.",False
/home/pmonserrat/datasets/places/val_formatted/224/Places365_val_00000748.jpg,marsh,True,False,True,yes,biotic,material,"The target entity is a marsh. The visual evidence shows a wetland area characterized by standing water and dense vegetation (trees and grasses) in the background. Marshes are explicitly classified under Biological Ecosystems within the Biotic category of the Nature Axis, fulfilling the inclusion criteria for nature. Since nature is 'yes', I evaluate the sub-axes. A marsh is an ecosystem defined by living communities and biological interactions, placing it under Biological Ecosystems within the biotic category. Because the image is an unfiltered documentary photograph capturing a real-world physical environment, it is classified as material under the Tangibility axis.",False
/home/pmonserrat/datasets/places/val_formatted/224/Places365_val_00001032.jpg,marsh,True,False,True,yes,biotic,material,"The target entity is a marsh. The visual evidence shows a wetland environment characterized by standing water and emergent vegetation, including cypress trees and reeds. This environment falls under the inclusion scope of Ecosystems & Environments (specifically natural or semi-natural environments where non-human entities exist and interact) and Biological Ecosystems. It also encompasses Hydrological Components (water bodies) and Flora (trees, reeds). Therefore, it fulfills the criteria for nature. Since nature is 'yes', I evaluate the sub-axes. A marsh is a wetland ecosystem defined by the interaction of water and vegetation. While it contains abiotic elements (water, soil), the ecosystem itself is defined by the living communities and biological interactions within it, placing it under Biological Ecosystems within the biotic category. Because the image is an unfiltered documentary photograph capturing a real-world physical environment, it is classified as material under the Tangibility axis.",False
/home/pmonserrat/datasets/places/val_formatted/224/Places365_val_00001289.jpg,marsh,True,False,True,yes,biotic,material,"The target entity is a marsh. The visual evidence shows a real-world wetland environment characterized by water and dense vegetation (reeds/grasses). Marshes are explicitly classified under Biological Ecosystems within the Biotic category of the Nature Axis, fulfilling the inclusion criteria for nature. Since nature is 'yes', I evaluate the sub-axes. A marsh is an ecosystem defined by living communities (flora) and their interactions with water, placing it under Biological Ecosystems within the biotic category. Because the image is an unfiltered documentary photograph capturing a real-world physical environment, it is classified as material under the Tangibility axis.",False
/home/pmonserrat/datasets/places/val_formatted/226/Places365_val_00000069.jpg,mausoleum,False,,,no,none,none,"The target entity is a mausoleum. The visual evidence shows a large, man-made architectural structure constructed from stone blocks. While the material (stone) is a natural geological resource, the object itself is a manufactured functional structure where the original natural texture is unidentifiable and the object does not depict a natural entity. It falls strictly under the Homogenous Artefacts exclusion and fails the criteria for nature. Not applicable since the entity is not classified as nature.",False
/home/pmonserrat/datasets/places/val_formatted/226/Places365_val_00000074.jpg,mausoleum,False,,,no,none,none,"The target entity is a mausoleum. The visual evidence shows a man-made structure constructed from bricks and mortar. While the materials (clay, sand, brick) are derived from geological sources, the object itself is a manufactured architectural structure where the original natural texture is unidentifiable and it does not depict a natural entity. It falls under the Homogenous Artefacts exclusion scope, as it is a functional object (a building) rather than a nature-based artefact or representation of nature. Not applicable since the entity is not classified as nature.",False
/home/pmonserrat/datasets/places/val_formatted/226/Places365_val_00000574.jpg,mausoleum,False,,,no,none,none,"The target entity is a mausoleum. The visual evidence shows a large, man-made structure constructed from stone blocks and featuring classical architectural elements like columns and a pediment. The text 'BAYVIEW CEMETERY' is visible on the facade. This is a manufactured structural object where the original natural texture of the stone is unidentifiable as a specific material (it is a processed building material) and the object does not depict a natural entity. It falls strictly under the Homogenous Artefacts exclusion and fails the criteria for nature. Not applicable since the entity is not classified as nature.",False
/home/pmonserrat/datasets/places/val_formatted/226/Places365_val_00001177.jpg,mausoleum,False,,,no,none,none,"The target entity is a mausoleum. The visual evidence shows a large, monumental structure constructed from stone and concrete. While the building is made of natural materials (stone), it is a homogenous artefact where the original natural texture is unidentifiable and the object does not depict a natural entity. It is a manufactured structural object, not a natural ecosystem, process, or representation of nature. Therefore, it falls under the Homogenous Artefacts exclusion and fails the criteria for nature. Not applicable since the entity is not classified as nature.",False
/home/pmonserrat/datasets/places/val_formatted/226/Places365_val_00001427.jpg,mausoleum,False,,,no,none,none,"The target entity is a mausoleum. The visual evidence shows a large, ornate building with architectural features like arches and a green roof. This is a man-made structure, a type of homogenous artefact where the original natural texture is unidentifiable and the object does not depict a natural entity. It falls strictly under the Homogenous Artefacts exclusion and fails the criteria for nature. Not applicable since the entity is not classified as nature.",False
/home/pmonserrat/datasets/places/val_formatted/227/Places365_val_00000225.jpg,medina,False,,,no,none,none,"The target entity is 'medina'. The visual evidence shows a stone wall and a gate structure in the background. While the materials (stone) are natural, the structure itself is a manufactured architectural element. Under the provided taxonomy, administrative and political units (like cities or districts) are explicitly excluded. Furthermore, a 'medina' refers to a specific type of urban quarter or city center, which is a human-made administrative and cultural construct, not a natural entity, ecosystem, or natural process. Therefore, it falls under the Exclusion Scope for Administrative & Political Units and does not count as nature. Not applicable since the entity is not classified as nature.",False
/home/pmonserrat/datasets/places/val_formatted/227/Places365_val_00000277.jpg,medina,False,,,no,none,none,"The target entity is 'medina'. The visual evidence shows ancient stone ruins, walls, and a tower, which are clearly man-made structures. While the materials (stone) are natural, the object itself is a constructed architectural entity, not a natural formation. Under the provided taxonomy, administrative and political units (like cities or districts) are explicitly excluded. Furthermore, a 'medina' is a functional urban area, not a natural ecosystem or element. Therefore, it falls under the exclusion scope for administrative units and homogenous artefacts (as the stone is processed into a building structure), failing the criteria for nature. Not applicable since the entity is not classified as nature.",False
/home/pmonserrat/datasets/places/val_formatted/227/Places365_val_00000633.jpg,medina,False,,,no,none,none,"The target entity is 'medina'. The visual evidence shows a street scene within a historic urban area, characterized by old stone buildings and cobblestone streets. A 'medina' is a traditional urban area in a Muslim city, which is an administrative and political unit or a specific type of urban settlement. Under the provided taxonomy, administrative and political units (e.g., countries, counties, districts, cities) are explicitly excluded from the nature classification, even if they are named after natural features or contain natural elements. While the image contains natural elements like plants and stone, the specific target 'medina' refers to the human-made urban entity itself. Not applicable since the entity is not classified as nature.",False
/home/pmonserrat/datasets/places/val_formatted/227/Places365_val_00000953.jpg,medina,False,,,no,none,none,"The target entity is 'medina'. The visual evidence shows a cobblestone street and a building with traditional tilework, which are architectural elements of a city. While the cobblestones are made of stone (a natural material), the entity 'medina' refers to a specific administrative and political unit—a historic walled city or quarter. Under the Exclusion Scope, administrative and political units (e.g., countries, counties, districts, cities) are explicitly excluded from the nature taxonomy, even if they are named after natural features or contain natural materials. Therefore, the instance 'medina' does not count as nature. Not applicable since the entity is not classified as nature.",False
/home/pmonserrat/datasets/places/val_formatted/227/Places365_val_00001167.jpg,medina,False,,,no,none,none,"The target entity is 'medina'. The visual evidence shows a narrow street or alleyway within a historic urban area, characterized by traditional architecture, whitewashed walls, and blue doors. A 'medina' is a specific administrative and political unit—a historic urban quarter or city center. Under the provided taxonomy, administrative and political units (e.g., countries, counties, districts, cities) fall strictly under the Exclusion Scope, even if they are named after natural features. Therefore, this instance does not count as nature. Not applicable since the entity is not classified as nature.",False
/home/pmonserrat/datasets/places/val_formatted/228/Places365_val_00000140.jpg,mezzanine,False,,,no,none,none,"The target entity is a mezzanine. The visual evidence shows a structural architectural element, specifically a raised floor or platform within a building, supported by white metal beams and columns. This is a manufactured structural object. The materials (metal, glass, concrete) are processed and their original natural texture is unidentifiable. Furthermore, the object does not depict a natural entity. Therefore, it falls strictly under the Homogenous Artefacts exclusion and fails the criteria for nature. Not applicable since the entity is not classified as nature.",False
/home/pmonserrat/datasets/places/val_formatted/228/Places365_val_00001411.jpg,mezzanine,False,,,yes,biotic,material,"The target entity is a mezzanine. The visual evidence shows a wooden platform or walkway within a building under construction. The structure is composed of large timber beams and planks. While the mezzanine itself is a manufactured architectural element, the material of origin (wood) remains visually identifiable by its grain and texture. According to the inclusion scope for Nature-Based Artefacts, manufactured objects where the natural material of origin remains visually identifiable by its structure, grain, or texture count as nature. Since nature is 'yes', I evaluate the sub-axes. The mezzanine is constructed from wood, which is a processed material derived from trees (Flora & Plant Derivatives), placing it under the biotic category. Because the image is an unfiltered documentary photograph capturing a real-world physical structure with mass, it is classified as material under the Tangibility axis.",False
/home/pmonserrat/datasets/places/val_formatted/228/Places365_val_00002075.jpg,mezzanine,False,,,no,none,none,"The target entity is a mezzanine. The visual evidence shows a curved, elevated walkway or platform structure, likely made of metal, situated within an urban environment. This is a manufactured architectural element designed for human use (e.g., as a balcony, viewing platform, or circulation space). It does not depict a natural entity, nor is it made of natural material where the original texture is visually identifiable (it appears to be painted metal). Therefore, it falls under the exclusion scope for homogenous artefacts and administrative/urban structures, failing the criteria for nature. Not applicable since the entity is not classified as nature.",False
/home/pmonserrat/datasets/places/val_formatted/228/Places365_val_00002174.jpg,mezzanine,False,,,no,none,none,"The target entity is a mezzanine. The visual evidence shows a structural architectural element of a building, specifically a raised floor or platform between the ground floor and the next upper floor. This is a manufactured structural object. Under the provided taxonomy, homogenous artefacts—manufactured structural or functional objects where the original natural texture is unidentifiable and the object does not depict a natural entity—are explicitly excluded from the nature classification. A mezzanine is a functional architectural component, not a natural entity, process, or representation of nature. Not applicable since the entity is not classified as nature.",False
/home/pmonserrat/datasets/places/val_formatted/228/Places365_val_00002926.jpg,mezzanine,False,,,no,none,none,"The target entity is a mezzanine. The visual evidence shows a structural architectural element, specifically a raised floor or intermediate level within a building. This is a manufactured structural object designed for human habitation or use. Under the provided taxonomy, homogenous artefacts—manufactured structural or functional objects where the original natural texture is unidentifiable and the object does not depict a natural entity—are explicitly excluded from the nature classification. While the mezzanine may contain wood (which could be a nature-based artefact if the grain were the focus), the entity itself is defined as a structural architectural component, not a natural element or a representation of one. Not applicable since the entity is not classified as nature.",False
/home/pmonserrat/datasets/places/val_formatted/23/Places365_val_00000031.jpg,assembly line,False,,,no,none,none,"The target entity is an assembly line. The visual evidence depicts a manufacturing facility with workers operating machinery and assembling products. An assembly line is a system of manufacturing, a human-organized industrial process. It does not refer to a more-than-human living entity, a natural ecosystem, a non-living natural element (like a river or rock), a processed food item, a nature-based artefact (where natural texture is visible), a nature-based activity (like hiking), or a representation of nature. It is a purely anthropogenic, industrial construct. Therefore, it falls under the Exclusion Scope for homogenous artefacts and administrative/industrial units, failing the criteria for nature. Not applicable since the entity is not classified as nature.",False
/home/pmonserrat/datasets/places/val_formatted/23/Places365_val_00000731.jpg,assembly line,False,,,no,none,none,"The target entity is an assembly line. The visual evidence shows a group of people in a factory setting, with industrial machinery and pipes in the foreground. An assembly line is a manufacturing process or system, which is a human-constructed industrial concept. It does not refer to any more-than-human living entity, ecosystem, non-living natural element, or nature-based activity. It falls strictly under the exclusion scope for administrative and political units (as a process/label) and homogenous artefacts (as a functional object), failing the criteria for nature. Not applicable since the entity is not classified as nature.",False
/home/pmonserrat/datasets/places/val_formatted/23/Places365_val_00001273.jpg,assembly line,False,,,no,none,none,"The target entity is an assembly line. The visual evidence shows a long, metallic conveyor belt system used for processing or moving items in a facility. This is a manufactured functional object made of metal and mechanical components. The original natural texture of the materials is completely unidentifiable and altered, and the object does not depict a natural entity. It falls strictly under the Homogenous Artefacts exclusion and fails the criteria for nature. Not applicable since the entity is not classified as nature.",False
/home/pmonserrat/datasets/places/val_formatted/23/Places365_val_00001533.jpg,assembly line,False,,,no,none,none,"The target entity is an assembly line. The visual evidence shows a complex industrial manufacturing setup with conveyor belts, machinery, and workers. This is a man-made functional object and process designed for production. It does not depict a natural entity, nor is it made of natural materials where the original texture is visually identifiable (it is steel, plastic, and machinery). It falls strictly under the Homogenous Artefacts exclusion and fails the criteria for nature. Not applicable since the entity is not classified as nature.",False
/home/pmonserrat/datasets/places/val_formatted/23/Places365_val_00002495.jpg,assembly line,False,,,no,none,none,"The target entity is an assembly line. The visual evidence shows a blue vehicle chassis in a workshop setting, which is a manufactured functional object. The term 'assembly line' in this context refers to the process or the specific station where the vehicle is being worked on, rather than a natural entity. Manufactured structural or functional objects where the original natural texture is unidentifiable and the object does not depict a natural entity fall under the Homogenous Artefacts exclusion. Furthermore, the term 'assembly line' is an administrative or industrial concept, not a natural element, process, or representation of nature. Not applicable since the entity is not classified as nature.",False
/home/pmonserrat/datasets/places/val_formatted/231/Places365_val_00000030.jpg,motel,False,,,no,none,none,"The target entity is a motel. The visual evidence shows a commercial building with a sign reading 'The Woodstock Inn'. This is a manufactured structural object where the original natural texture of the materials (concrete, glass, asphalt) is unidentifiable and the object does not depict a natural entity. It falls strictly under the Homogenous Artefacts exclusion and fails the criteria for nature. Not applicable since the entity is not classified as nature.",False
/home/pmonserrat/datasets/places/val_formatted/231/Places365_val_00000091.jpg,motel,False,,,no,none,none,"The target entity is a motel. The visual evidence shows a brightly lit neon sign advertising a commercial lodging establishment. A motel is a human-made administrative and political unit (a business entity) and a functional structure. Under the provided taxonomy, administrative and political units (e.g., countries, counties, districts, cities) and homogenous artefacts (manufactured objects where natural texture is unidentifiable) are explicitly excluded from the nature classification. The sign itself is a manufactured object made of metal and glass with neon tubing, lacking visible natural grain or texture, and does not depict a natural entity. Therefore, it falls under the exclusion scope. Not applicable since the entity is not classified as nature.",False
/home/pmonserrat/datasets/places/val_formatted/231/Places365_val_00000667.jpg,motel,False,,,no,none,none,"The target entity is a motel. The visual evidence shows a building structure in the background, likely part of a commercial establishment. Under the provided taxonomy, administrative and political units (like cities or districts) are excluded, and homogenous artefacts (manufactured objects where natural texture is unidentifiable) are also excluded. A motel is a man-made structure designed for human habitation, not a natural entity, ecosystem, or representation of nature. Therefore, it falls under the exclusion scope for homogenous artefacts and does not count as nature. Not applicable since the entity is not classified as nature.",False
/home/pmonserrat/datasets/places/val_formatted/231/Places365_val_00001023.jpg,motel,False,,,no,none,none,"The target entity is a motel. The visual evidence shows a neon sign with the text 'MOTEL' illuminated against a dark background. A motel is a type of lodging or accommodation facility, which is a human-made structure. Under the provided taxonomy, human beings and administrative/political units are excluded, and while the building itself is made of materials, the entity 'motel' refers to the human-made functional object. The exclusion scope for 'Homogenous Artefacts' covers manufactured structural objects where the original natural texture is unidentifiable. A motel sign or the building itself does not depict a natural entity, nor does it retain identifiable natural texture in a way that qualifies it as a Nature-Based Artefact (like a wooden table with visible grain). Therefore, it falls under the exclusion scope for manufactured functional objects. Not applicable since the entity is not classified as nature.",False
/home/pmonserrat/datasets/places/val_formatted/231/Places365_val_00001164.jpg,motel,False,,,no,none,none,"The target entity is a motel. The visual evidence shows a man-made building with artificial lighting, signage, and paved surfaces. While there are some plants (bushes, trees) visible in the background and foreground, the primary subject identified as the 'motel' is a constructed architectural structure. Under the provided taxonomy, administrative and political units are excluded, and while the definition of nature includes 'Ecosystems & Environments' and 'Nature-Based Activities', a motel itself is a functional, manufactured object (a building) where the original natural texture is unidentifiable and it does not depict a natural entity. It falls under the exclusion scope for homogenous artefacts or functional objects that are not nature-based. Not applicable since the entity is not classified as nature.",False
/home/pmonserrat/datasets/places/val_formatted/240/Places365_val_00000387.jpg,nursery,False,,,no,none,none,"The target entity is a nursery. The visual evidence shows a room containing a crib, a rocking chair, and an ottoman. While the room contains natural materials (wood in the crib, fabric in the chair), the term 'nursery' refers to the functional space or room itself, which is an administrative or political unit (a designated area within a building). Under the Exclusion Scope, administrative and political units, including designated rooms or spaces within a building, are not classified as nature. The room is a human-made environment, not a natural ecosystem or element. Not applicable since the entity is not classified as nature.",False
/home/pmonserrat/datasets/places/val_formatted/240/Places365_val_00000631.jpg,nursery,False,,,no,none,none,"The target entity is a 'nursery'. The visual evidence shows a white shelving unit containing a teddy bear, two dolls, and three children's books. The term 'nursery' in this context refers to a room or area designed for young children, often containing toys and books. While the contents (dolls, books) may depict nature (e.g., animals on book covers), the entity 'nursery' itself is a functional, human-made space or room. It is not a natural environment, organism, or process. It does not fit the definition of a biological ecosystem or a natural element. Therefore, it falls under the exclusion scope for human-made functional objects and administrative/cultural units (a room designation). Not applicable since the entity is not classified as nature.",False
/home/pmonserrat/datasets/places/val_formatted/240/Places365_val_00000653.jpg,nursery,False,,,no,none,none,"The target entity is a nursery. The visual evidence shows a room containing a changing table, a crib, and various storage baskets. While the room contains natural elements like a cat and wooden furniture, the term 'nursery' in this context refers to a functional, man-made room designed for human use (specifically for a baby). This falls under the exclusion scope for administrative or functional units and does not explicitly depict a natural entity, ecosystem, or process. It is a homogenous artefact (a room) where the natural texture is not the primary defining feature of the entity itself. Not applicable since the entity is not classified as nature.",False
/home/pmonserrat/datasets/places/val_formatted/240/Places365_val_00001699.jpg,nursery,False,,,,,,,True
/home/pmonserrat/datasets/places/val_formatted/240/Places365_val_00001841.jpg,nursery,False,,,no,none,none,"The target entity is a nursery. The visual evidence shows a room in a house containing a baby crib, bookshelves, and other furniture. While the room contains natural elements like wood furniture and plants (if any were present), the term 'nursery' in this context refers to a functional room or space designated for a specific human purpose (a child's bedroom). Administrative and political units are excluded, but more importantly, functional rooms defined by human use and layout are not classified as nature under this taxonomy. The inclusion scope for nature focuses on living entities, ecosystems, natural elements, processed food, nature-based artefacts, nature-based activities, and representations of nature. A 'nursery' as a room is a human-made functional space, not a natural entity or a representation of one. Therefore, it falls under the exclusion scope for homogenous artefacts or functional objects where the natural material is not the primary defining feature, or simply as a human-defined space. Not applicable since the entity is not classified as nature.",False
/home/pmonserrat/datasets/places/val_formatted/241/Places365_val_00000018.jpg,nursing home,False,,,no,none,none,"The target entity is a nursing home. The visual evidence shows an interior room with people, furniture, and walls. A nursing home is an administrative and political unit (a type of facility or institution) rather than a natural entity. Under the provided taxonomy, administrative and political units are explicitly excluded from the nature classification, even if they are named after natural features or contain natural elements within them. The entity itself refers to a human-made social structure, not a more-than-human living entity, ecosystem, or natural process. Not applicable since the entity is not classified as nature.",False
/home/pmonserrat/datasets/places/val_formatted/241/Places365_val_00000109.jpg,nursing home,False,,,no,none,none,"The target entity is a nursing home. The visual evidence shows an indoor room with people, furniture, and decorations. While there are some natural elements present in the background (such as a floral arrangement on the left and a painting of a landscape on the wall), the term 'nursing home' refers to a specific type of building or facility, which is an administrative or political unit (a building/structure). Under the Exclusion Scope, administrative and political units, including buildings and facilities, are not classified as nature. Furthermore, the building itself is a homogenous artefact where the natural texture is unidentifiable and it does not depict a natural entity. Therefore, the entity 'nursing home' does not count as nature. Not applicable since the entity is not classified as nature.",False
/home/pmonserrat/datasets/places/val_formatted/241/Places365_val_00000955.jpg,nursing home,False,,,no,none,none,"The target entity is a nursing home. The visual evidence shows a group of people sitting outdoors in a setting that appears to be a garden or park area, possibly associated with a university or community center. However, the term 'nursing home' refers to an administrative and political unit or a specific type of facility/building. Under the provided taxonomy, administrative and political units (e.g., countries, counties, districts, cities) are explicitly excluded from the nature classification. Furthermore, the visual evidence depicts people (who are excluded) and a built environment (which is not explicitly defined as nature unless it is a nature-based activity or a representation of nature). The term 'nursing home' itself does not refer to a natural element, process, or living entity. Therefore, it falls under the exclusion scope. Not applicable since the entity is not classified as nature.",False
/home/pmonserrat/datasets/places/val_formatted/241/Places365_val_00001093.jpg,nursing home,False,,,no,none,none,"The target entity is a nursing home. The visual evidence shows two human beings standing indoors, holding glasses. Under the provided taxonomy, human beings, human body parts, and groups of people fall under the explicit Exclusion Scope and are never classified as nature, regardless of their role or setting. A nursing home is an administrative or political unit (a building/organization) where humans reside, but the entity itself is not a natural element, process, or representation of nature. Not applicable since the entity is not classified as nature.",False
/home/pmonserrat/datasets/places/val_formatted/241/Places365_val_00001444.jpg,nursing home,False,,,no,none,none,"The target entity is a nursing home. The visual evidence shows an indoor setting with three human beings interacting. While there are elements of nature present in the background (a potted plant, a vase of flowers, a window view of greenery), the specific target entity 'nursing home' refers to the administrative and political unit or the building itself. Administrative units, buildings, and functional structures where the natural material is not the primary focus or is unidentifiable fall under the Exclusion Scope. Furthermore, the primary subjects in the image are human beings, which are explicitly excluded from the nature taxonomy. Therefore, the entity 'nursing home' in this context does not count as nature. Not applicable since the entity is not classified as nature.",False
/home/pmonserrat/datasets/places/val_formatted/242/Places365_val_00000589.jpg,oast house,False,,,yes,biotic,material,"The target entity is an oast house. The visual evidence shows a large, historic building constructed primarily of wood and thatch. The roof is covered in thatch, which is a processed material derived from dried straw or reeds (flora). The walls are timber-framed with visible wood grain and structure. According to the inclusion criteria, 'Nature-Based Artefacts' are crafted or manufactured objects where the natural material of origin remains visually identifiable by its structure, grain, or texture. Since the wood and thatch are clearly visible and identifiable as natural materials, this building qualifies as a Nature-Based Artefact. Since nature is 'yes', I evaluate the sub-axes. The primary materials are wood (from trees) and thatch (from plants), which are derived from flora. This places the entity under the Biotic category. Because the image is a standard, literal, realistic digital photograph capturing a real-world physical structure with mass, it is classified as material under the Tangibility axis.",False
/home/pmonserrat/datasets/places/val_formatted/242/Places365_val_00001046.jpg,oast house,False,,,no,none,none,"The target entity is an oast house. The visual evidence shows a small, roofed structure with a conical roof, typically used for drying hops, situated next to a church and a large tree. This structure is a manufactured building made of brick and wood. While it is a functional object, it is a homogenous artefact where the original natural texture of the materials is unidentifiable and the object does not depict a natural entity. It is a man-made structure, not a natural element, organism, or representation of nature. Therefore, it falls under the Homogenous Artefacts exclusion and fails the criteria for nature. Not applicable since the entity is not classified as nature.",False
/home/pmonserrat/datasets/places/val_formatted/242/Places365_val_00001759.jpg,oast house,False,,,no,none,none,"The target entity is an oast house. The visual evidence shows a man-made structure constructed from stacked stones, situated on a grassy hill. While the surrounding environment (grass, fog, hill) is natural, the oast house itself is a manufactured architectural object. Under the provided taxonomy, homogenous artefacts—manufactured structural objects where the original natural texture is unidentifiable and the object does not depict a natural entity—are explicitly excluded from the nature classification. The stone construction, while made of natural material, functions as a structural building rather than a nature-based artefact where the natural grain or texture is the primary visual identifier (like a wooden table with visible grain). Therefore, it falls under the exclusion scope for homogenous artefacts. Not applicable since the entity is not classified as nature.",False
/home/pmonserrat/datasets/places/val_formatted/242/Places365_val_00002470.jpg,oast house,False,,,no,none,none,"The target entity is an oast house. The visual evidence shows a large, man-made brick building with conical roofs, a clock tower, and windows. It is a constructed architectural structure designed for drying hops. While it is made of natural materials like brick and stone, the object itself is a functional building, not a natural entity, ecosystem, or a representation of nature. It falls under the exclusion scope for homogenous artefacts (manufactured structural objects where the original natural texture is unidentifiable and the object does not depict a natural entity). Not applicable since the entity is not classified as nature.",False
/home/pmonserrat/datasets/places/val_formatted/242/Places365_val_00003604.jpg,oast house,False,,,no,none,none,"The target entity is an oast house. The visual evidence shows a large, manufactured residential building with a shingled roof, surrounded by a manicured lawn and trees. While the house is situated within a natural environment (a garden and near a lake), the structure itself is a homogenous artefact. The materials (wood, shingles, concrete) are processed to the point where their original natural texture is unidentifiable, and the object does not depict a natural entity. Therefore, it falls under the Homogenous Artefacts exclusion and fails the criteria for nature. Not applicable since the entity is not classified as nature.",False
/home/pmonserrat/datasets/places/val_formatted/243/Places365_val_00000025.jpg,ocean,True,False,True,yes,abiotic,material,"The target entity is an ocean. The visual evidence captures a vast body of water extending to the horizon, meeting a rocky coastline. Hydrological components (rivers, ponds, lakes, oceans, streams) are explicitly classified under Non-Living Natural Elements & Processes, fulfilling the inclusion criteria for nature. Since nature is 'yes', I evaluate the sub-axes. An ocean is a large body of water, placing it under Hydrological Components within the abiotic category. Because the image is an unfiltered documentary photograph capturing a real-world physical environment, it is classified as material under the Tangibility axis.",False
/home/pmonserrat/datasets/places/val_formatted/243/Places365_val_00000766.jpg,ocean,True,False,True,yes,abiotic,material,"The target entity is an ocean. The visual evidence captures a vast body of water with visible waves and a horizon line, situated next to a sandy beach and grassy dunes. Hydrological components (rivers, ponds, lakes, oceans, streams) are explicitly classified under Non-Living Natural Elements & Processes, fulfilling the inclusion criteria for nature. Since nature is 'yes', I evaluate the sub-axes. An ocean is a large body of water, placing it under Hydrological Components within the abiotic category. Because the image is an unfiltered documentary photograph capturing a real-world physical environment, it is classified as material under the Tangibility axis.",False
/home/pmonserrat/datasets/places/val_formatted/243/Places365_val_00000906.jpg,ocean,True,False,True,yes,abiotic,material,"The target entity is the ocean. The visual evidence shows a vast expanse of blue water stretching to the horizon, with visible waves and a coastline. Hydrological components (rivers, ponds, lakes, oceans, streams) are explicitly classified under Non-Living Natural Elements & Processes in the Inclusion Scope, fulfilling the criteria for nature. Since nature is 'yes', I evaluate the sub-axes. An ocean is a large body of water, placing it under Hydrological Components within the abiotic category. Because the image is an unfiltered documentary photograph capturing a real-world physical environment, it is classified as material under the Tangibility axis.",False
/home/pmonserrat/datasets/places/val_formatted/243/Places365_val_00000970.jpg,ocean,True,False,True,yes,abiotic,material,"The target entity is the ocean. The visual evidence shows a real-world body of water with waves and a horizon. Hydrological components (rivers, ponds, lakes, oceans, streams) are explicitly classified under Non-Living Natural Elements & Processes, fulfilling the inclusion criteria for nature. Since nature is 'yes', I evaluate the sub-axes. An ocean is a large body of water, placing it under Hydrological Components within the abiotic category. Because the image is an unfiltered documentary photograph capturing a real-world physical environment, it is classified as material under the Tangibility axis.",False
/home/pmonserrat/datasets/places/val_formatted/243/Places365_val_00001234.jpg,ocean,True,False,True,yes,abiotic,material,"The target entity is an ocean. The visual evidence shows a vast body of water with waves and a surfer riding a wave. Hydrological components (rivers, ponds, lakes, oceans, streams) are explicitly classified under Non-Living Natural Elements & Processes, fulfilling the inclusion criteria for nature. Since nature is 'yes', I evaluate the sub-axes. An ocean is a large body of water, placing it under Hydrological Components within the abiotic category. Because the image is an unfiltered documentary photograph capturing a real-world physical environment, it is classified as material under the Tangibility axis.",False
/home/pmonserrat/datasets/places/val_formatted/245/Places365_val_00000658.jpg,office building,False,,,no,none,none,"The target entity is an office building. The visual evidence shows a multi-story structure with glass windows and concrete or steel framing, typical of urban architecture. This is a manufactured structural object where the original natural texture of the materials is unidentifiable and the object does not depict a natural entity. It falls strictly under the Homogenous Artefacts exclusion and fails the criteria for nature. Not applicable since the entity is not classified as nature.",False
/home/pmonserrat/datasets/places/val_formatted/245/Places365_val_00000763.jpg,office building,False,,,no,none,none,"The target entity is an office building. The visual evidence shows a large, man-made structure with a curved facade, windows, and a flat roof. While the building is constructed from natural materials like concrete, steel, and glass, it is a homogenous artefact where the original natural texture is unidentifiable and the object does not depict a natural entity. It falls strictly under the Homogenous Artefacts exclusion and fails the criteria for nature. Not applicable since the entity is not classified as nature.",False
/home/pmonserrat/datasets/places/val_formatted/245/Places365_val_00001231.jpg,office building,False,,,no,none,none,"The target entity is an office building. The visual evidence shows a large, man-made structure constructed from steel, glass, and concrete. While the materials (glass, steel, concrete) are derived from natural resources, the building itself is a manufactured functional object where the original natural texture is unidentifiable and the object does not depict a natural entity. It falls strictly under the Homogenous Artefacts exclusion and fails the criteria for nature. Not applicable since the entity is not classified as nature.",False
/home/pmonserrat/datasets/places/val_formatted/245/Places365_val_00002022.jpg,office building,False,,,no,none,none,"The target entity is an office building. The visual evidence shows a large, multi-story structure constructed from brick, glass, and metal. While the building is made of natural materials like brick and glass, it is a manufactured structural object where the original natural texture is unidentifiable and the object does not depict a natural entity. It falls strictly under the Homogenous Artefacts exclusion and fails the criteria for nature. Not applicable since the entity is not classified as nature.",False
/home/pmonserrat/datasets/places/val_formatted/245/Places365_val_00002126.jpg,office building,False,,,no,none,none,"The target entity is an office building. The visual evidence shows a constructed structure made of brick, stone, and glass. While the materials (stone, brick) are natural in origin, the object is a manufactured structural entity where the original natural texture is unidentifiable and the object does not depict a natural entity. It falls strictly under the Homogenous Artefacts exclusion and fails the criteria for nature. Not applicable since the entity is not classified as nature.",False
/home/pmonserrat/datasets/places/val_formatted/248/Places365_val_00000081.jpg,operating room,False,,,no,none,none,"The target entity is an operating room. The visual evidence shows a clinical environment containing medical equipment, a stainless steel table, and blue cabinetry. While the room contains natural elements like the water tap and potentially the air, the entity 'operating room' itself is a functional, man-made space designed for human medical procedures. It is a constructed environment, not a natural ecosystem or a representation of nature. Therefore, it falls under the exclusion scope for administrative or functional units and does not count as nature. Not applicable since the entity is not classified as nature.",False
/home/pmonserrat/datasets/places/val_formatted/248/Places365_val_00000236.jpg,operating room,False,,,no,none,none,"The target entity is an operating room. The visual evidence shows a clinical environment containing medical equipment, stainless steel tables, and cabinets. While the room contains elements like the floor (soil/stone) and potentially air (atmosphere), the primary focus and definition of the entity 'operating room' refers to a functional, man-made facility designed for medical procedures. It is a constructed space, not a natural ecosystem or environment. Therefore, it falls under the exclusion scope for administrative or functional units and does not count as nature under this taxonomy. Not applicable since the entity is not classified as nature.",False
/home/pmonserrat/datasets/places/val_formatted/248/Places365_val_00000365.jpg,operating room,False,,,no,none,none,"The target entity is an operating room. The visual evidence shows a clinical environment containing medical equipment, monitors, and surgical lights. While the room contains materials derived from nature (e.g., wood on the door, plastic, metal), the entity itself is a functional, manufactured space designed for human medical procedures. It does not depict a natural entity, nor does it function as a natural ecosystem or environment in the sense of the taxonomy. It is a built, artificial environment, falling under the exclusion of homogenous artefacts and administrative/political units (as a designated functional space). Not applicable since the entity is not classified as nature.",False
/home/pmonserrat/datasets/places/val_formatted/248/Places365_val_00001548.jpg,operating room,False,,,no,none,none,"The target entity is an operating room. The visual evidence shows a clinical medical environment containing medical equipment, sterile surfaces, and personnel. While the room contains natural elements like air and potentially some biological materials, the entity 'operating room' itself is defined by its function as a built, artificial space for human medical procedures. It is a man-made structure and administrative unit, not a natural ecosystem or environment. Therefore, it falls under the Exclusion Scope for Administrative & Political Units and Homogenous Artefacts (as a built structure), failing the criteria for nature. Not applicable since the entity is not classified as nature.",False
/home/pmonserrat/datasets/places/val_formatted/248/Places365_val_00001564.jpg,operating room,False,,,no,none,none,"The target entity is an operating room. The visual evidence shows a clinical environment filled with medical equipment, a person, and a baby. While the room contains elements that are part of nature (such as the baby, the person, and potentially the air or light), the term 'operating room' refers to a specific administrative and functional space designed for medical procedures. Under the provided taxonomy, administrative and political units (including functional spaces defined by human activity and boundaries) fall under the Exclusion Scope. The room itself is a constructed environment, not a natural ecosystem or element. Therefore, the instance of 'operating room' is not classified as nature. Not applicable since the entity is not classified as nature.",False
/home/pmonserrat/datasets/places/val_formatted/249/Places365_val_00000305.jpg,orchard,True,True,True,yes,biotic,material,"The target entity is an orchard. The visual evidence shows a dense area of cultivated fruit trees or bushes, characterized by green foliage and a ground covered in fallen leaves. This environment is explicitly defined as a 'Biological Ecosystem' (e.g., vegetable gardens, forests) under the Inclusion Scope of the Nature Axis. Furthermore, the presence of the trees themselves falls under Flora & Plant Derivatives within the Biotic category. The setting is clearly a natural or semi-natural environment where non-human entities exist and interact, fulfilling the criteria for nature. Since nature is 'yes', I evaluate the sub-axes. An orchard is an environment defined by living communities (trees, plants) and biological interactions, placing it under Biological Ecosystems within the biotic category. Because the image is an unfiltered documentary photograph capturing a real-world physical environment with physical mass and presence, it is classified as material under the Tangibility axis.",False
/home/pmonserrat/datasets/places/val_formatted/249/Places365_val_00000543.jpg,orchard,True,True,True,yes,biotic,material,"The target entity is an orchard. The visual evidence shows a cultivated area with rows of trees and green crops on a hillside. This falls under the inclusion scope for Ecosystems & Environments (specifically 'vegetable gardens' or cultivated land) and Flora & Plant Derivatives (the trees and crops themselves). It is a semi-natural environment where non-human entities exist and interact, fulfilling the criteria for nature. Since nature is 'yes', I evaluate the sub-axes. An orchard is defined by the presence of cultivated trees (flora) and the agricultural activity associated with them, placing it under the biotic category. Because the image is an unfiltered documentary photograph capturing a real-world physical landscape and environment, it is classified as material under the Tangibility axis.",False
/home/pmonserrat/datasets/places/val_formatted/249/Places365_val_00000661.jpg,orchard,True,True,True,yes,biotic,material,"The target entity is an orchard. The visual evidence shows a cultivated area with multiple fruit trees (specifically apple trees) bearing fruit, situated in a green, grassy environment. This falls under the inclusion scope of 'Ecosystems & Environments' (specifically 'vegetable gardens' or cultivated natural environments) and 'Flora & Plant Derivatives' (the trees and fruit themselves). The presence of living organisms and a defined biological environment fulfills the criteria for nature. Since nature is 'yes', I evaluate the sub-axes. An orchard is an environment defined by living communities (trees, plants) and biological interactions, placing it under Biological Ecosystems within the biotic category. Because the image is an unfiltered documentary photograph capturing a real-world physical environment with mass and physical presence, it is classified as material under the Tangibility axis.",False
/home/pmonserrat/datasets/places/val_formatted/249/Places365_val_00001161.jpg,orchard,True,True,True,yes,biotic,material,"The target entity is an orchard. The visual evidence shows a landscape containing rows of trees, specifically fruit trees, situated in a snowy field. This arrangement of cultivated trees constitutes a biological ecosystem or a managed environment where non-human living organisms (flora) exist and interact. This falls under the inclusion scope for Ecosystems & Environments and Flora & Plant Derivatives, fulfilling the criteria for nature. Since nature is 'yes', I evaluate the sub-axes. An orchard is defined by the presence of cultivated trees (flora), placing it under the biotic category. Because the image is an unfiltered documentary photograph capturing a real-world physical landscape with physical mass, it is classified as material under the Tangibility axis.",False
/home/pmonserrat/datasets/places/val_formatted/249/Places365_val_00001588.jpg,orchard,True,True,True,yes,biotic,material,"The target entity is an orchard. The visual evidence shows a field of blooming purple flowers (lupines) and green foliage. This environment is defined by a living community of plants, which falls under the inclusion scope of Flora & Plant Derivatives and Biological Ecosystems within the Biotic category. Therefore, it counts as nature. Since nature is 'yes', I evaluate the sub-axes. The primary visual elements are living plants (flowers and leaves), which places them under Flora & Plant Derivatives within the biotic category. Because the image is an unfiltered documentary photograph capturing a real-world physical environment with mass and physical presence, it is classified as material under the Tangibility axis.",False
/home/pmonserrat/datasets/places/val_formatted/250/Places365_val_00000196.jpg,orchestra pit,False,,,no,none,none,"The target entity is an orchestra pit. The visual evidence shows a sunken area on a stage floor, typically used for musicians. This is a constructed architectural feature of a performance venue. It is a homogenous artefact (a structural element of a building) where the original natural texture is unidentifiable and it does not depict a natural entity. Therefore, it falls under the Homogenous Artefacts exclusion and fails the criteria for nature. Not applicable since the entity is not classified as nature.",False
/home/pmonserrat/datasets/places/val_formatted/250/Places365_val_00000882.jpg,orchestra pit,False,,,no,none,none,"The target entity is an orchestra pit. The visual evidence shows a stage setting with musicians, music stands, and microphones. An orchestra pit is a structural architectural feature or a designated area on a stage floor, typically covered by a curtain or hidden from the audience's view. It is a man-made, functional space designed for housing instruments and musicians. It does not depict a natural entity, nor is it a natural element like a river or forest. It is a homogenous artefact or architectural space where the original natural texture is unidentifiable and it does not reference a natural entity. Therefore, it falls under the Exclusion Scope for homogenous artefacts and administrative/functional units, failing the criteria for nature. Not applicable since the entity is not classified as nature.",False
/home/pmonserrat/datasets/places/val_formatted/250/Places365_val_00001084.jpg,orchestra pit,False,,,no,none,none,"The target entity is an orchestra pit. The visual evidence shows a sunken area on a stage floor, typically used by musicians. This is a constructed architectural feature within a concert hall. It is a manufactured structural object where the original natural texture of the materials (wood, concrete, steel) is unidentifiable and the object does not depict a natural entity. It falls strictly under the Homogenous Artefacts exclusion and fails the criteria for nature. Not applicable since the entity is not classified as nature.",False
/home/pmonserrat/datasets/places/val_formatted/250/Places365_val_00001136.jpg,orchestra pit,False,,,no,none,none,"The target entity is an orchestra pit. The visual evidence shows a sunken area on a stage where musicians are seated, surrounded by stage equipment and performers. This is a constructed architectural feature of a performance venue. It is a manufactured structural object where the original natural texture is unidentifiable and it does not depict a natural entity. Therefore, it falls under the Homogenous Artefacts exclusion and fails the criteria for nature. Not applicable since the entity is not classified as nature.",False
/home/pmonserrat/datasets/places/val_formatted/250/Places365_val_00001147.jpg,orchestra pit,False,,,no,none,none,"The target entity is an orchestra pit. The visual evidence shows a sunken area on a stage, typically used for musicians, which is a constructed architectural feature. It is a functional, manufactured space defined by its purpose in a performance setting rather than by natural characteristics. It does not depict a natural entity, nor is it a natural ecosystem or element. Therefore, it falls under the exclusion scope for homogenous artefacts and administrative/functional units, failing the criteria for nature. Not applicable since the entity is not classified as nature.",False
/home/pmonserrat/datasets/places/val_formatted/251/Places365_val_00000235.jpg,pagoda,False,,,no,none,none,"The target entity is a pagoda. The visual evidence shows a multi-tiered, open-air pavilion structure with a traditional East Asian architectural style, featuring wooden pillars, tiled roofs, and intricate joinery. This is a manufactured structural object. While it is situated within a natural environment (surrounded by pine trees and shrubbery), the pagoda itself is a human-made construction. The materials (wood, tiles, plaster) have been processed to the point where their original natural texture is unidentifiable as a raw material, and the object does not depict a natural entity. Therefore, it falls strictly under the Homogenous Artefacts exclusion and fails the criteria for nature. Not applicable since the entity is not classified as nature.",False
/home/pmonserrat/datasets/places/val_formatted/251/Places365_val_00000891.jpg,pagoda,False,,,no,none,none,"The target entity is a pagoda. The visual evidence shows a multi-tiered, man-made tower structure, likely constructed from brick or stone. While the structure is built from natural materials (earth, stone, wood), it is a manufactured architectural object where the original natural texture is unidentifiable and the object does not depict a natural entity. It falls strictly under the Homogenous Artefacts exclusion and fails the criteria for nature. Not applicable since the entity is not classified as nature.",False
/home/pmonserrat/datasets/places/val_formatted/251/Places365_val_00001146.jpg,pagoda,False,,,no,none,none,"The target entity is a pagoda. The visual evidence shows a multi-tiered architectural structure, likely made of wood and brick, situated within a park-like setting. While the surrounding environment contains nature (trees, grass, sky), the pagoda itself is a manufactured structural object. Under the provided taxonomy, homogenous artefacts—manufactured objects where the original natural texture is unidentifiable and the object does not depict a natural entity—are explicitly excluded from the nature classification. The pagoda is a functional architectural structure, not a representation of a natural entity, nor does it consist of natural materials in a way that preserves their identifiable texture (e.g., a wooden table with visible grain). Therefore, it falls under the exclusion scope for homogenous artefacts. Not applicable since the entity is not classified as nature.",False
/home/pmonserrat/datasets/places/val_formatted/251/Places365_val_00001667.jpg,pagoda,False,,,no,none,none,"The target entity is a pagoda. The visual evidence shows a traditional multi-tiered building with a tiled roof, situated within a courtyard. This is a manufactured architectural structure. While it is constructed from natural materials like wood and stone, the object itself is a functional building where the original natural texture is unidentifiable and the structure does not depict a natural entity. It falls strictly under the Homogenous Artefacts exclusion and fails the criteria for nature. Not applicable since the entity is not classified as nature.",False
/home/pmonserrat/datasets/places/val_formatted/251/Places365_val_00001685.jpg,pagoda,False,,,no,none,none,"The target entity is a pagoda. The visual evidence shows a traditional East Asian multi-tiered tower structure, which is a man-made architectural building. While it is situated within a natural environment (a garden or temple grounds) and is constructed from natural materials like wood and stone, the structure itself is a homogenous artefact. The original natural texture of the materials is largely obscured by paint, tiles, and construction, and the object does not depict a natural entity. Therefore, it falls under the Homogenous Artefacts exclusion and fails the criteria for nature. Not applicable since the entity is not classified as nature.",False
/home/pmonserrat/datasets/places/val_formatted/252/Places365_val_00000111.jpg,palace,False,,,no,none,none,"The target entity is a palace. The visual evidence shows a large, illuminated architectural structure with turrets and towers, characteristic of a castle or palace. This is a manufactured structural object. Under the provided taxonomy, homogenous artefacts—manufactured structural or functional objects where the original natural texture is unidentifiable and the object does not depict a natural entity—are explicitly excluded from the nature classification. While the palace is made of stone and brick, the object itself is a functional architectural construct, not a natural element, ecosystem, or representation of nature. Not applicable since the entity is not classified as nature.",False
/home/pmonserrat/datasets/places/val_formatted/252/Places365_val_00000321.jpg,palace,False,,,no,none,none,"The target entity is a palace. The visual evidence shows a large, man-made architectural structure with columns, a dome, and statues. While the palace is situated within a natural environment (a park with trees and a fountain), the palace itself is a manufactured structural object. Under the provided taxonomy, homogenous artefacts—manufactured structural or functional objects where the original natural texture is unidentifiable and the object does not depict a natural entity—are explicitly excluded from the nature classification. A palace is a building, not a natural entity, process, or representation of nature. Not applicable since the entity is not classified as nature.",False
/home/pmonserrat/datasets/places/val_formatted/252/Places365_val_00000453.jpg,palace,False,,,no,none,none,"The target entity is a palace. The visual evidence shows a large, ornate building constructed from stone and brick. While the materials (stone, brick) are natural in origin, the object is a manufactured structural entity where the original natural texture is unidentifiable and the object does not depict a natural entity. It falls strictly under the Homogenous Artefacts exclusion and fails the criteria for nature. Not applicable since the entity is not classified as nature.",False
/home/pmonserrat/datasets/places/val_formatted/252/Places365_val_00000607.jpg,palace,False,,,no,none,none,"The target entity is a palace. The visual evidence shows a large, multi-tiered building with white walls and dark tiled roofs, surrounded by trees and a stone foundation. This is a manufactured structural object. Under the provided taxonomy, homogenous artefacts (manufactured structural or functional objects where the original natural texture is unidentifiable and the object does not depict a natural entity) are explicitly excluded from the nature classification. While the palace is situated within a natural environment (surrounded by trees and grass), the entity itself—the building—is a human-made structure that does not fit the criteria for Nature-Based Artefacts (which require visible natural grain/texture) or Representations of Nature (which require a depiction of a natural entity). Therefore, it falls under the exclusion scope for homogenous artefacts. Not applicable since the entity is not classified as nature.",False
/home/pmonserrat/datasets/places/val_formatted/252/Places365_val_00000772.jpg,palace,False,,,no,none,none,"The target entity is a palace. The visual evidence shows a building complex on the right side of the image, characterized by architectural features such as a tower and distinct rooflines. While the building is situated within a natural environment (a beach and water), the structure itself is a manufactured object. Under the provided taxonomy, homogenous artefacts (manufactured structural objects where the original natural texture is unidentifiable) are explicitly excluded from the nature classification. The building does not depict a natural entity, nor does it retain the visual identity of a natural material like wood grain or stone texture in a way that qualifies it as a Nature-Based Artefact. Therefore, it falls under the exclusion scope for homogenous artefacts. Not applicable since the entity is not classified as nature.",False
/home/pmonserrat/datasets/places/val_formatted/253/Places365_val_00000066.jpg,pantry,False,,,,,,,True
/home/pmonserrat/datasets/places/val_formatted/253/Places365_val_00000542.jpg,pantry,False,,,no,none,none,"The target entity is a pantry. The visual evidence shows a storage space containing various food items, containers, and shelves. While the pantry contains food items (which are processed food and drinks, a subset of nature), the pantry itself is a constructed, functional space (a room or cabinet) designed for storage. It is not a natural environment, ecosystem, or natural element. It is a human-made structure, similar to a kitchen or a cupboard, and does not fit the inclusion criteria for nature (which focuses on living entities, natural environments, natural elements, or representations of them). Not applicable since the entity is not classified as nature.",False
/home/pmonserrat/datasets/places/val_formatted/253/Places365_val_00000652.jpg,pantry,False,,,no,none,none,"The target entity is a pantry. The visual evidence shows a room or storage area containing shelves stocked with various food items and containers. While the pantry contains many items that are classified as nature (such as processed food and drinks, which fall under the Ingestion Criterion), the term 'pantry' itself refers to the room or the storage unit (the shelves and structure). The structure is a manufactured object (metal wire shelving) where the natural texture is unidentifiable, and the room itself is an administrative or functional space, not a natural environment. Therefore, the entity 'pantry' as a whole does not count as nature under this taxonomy. Not applicable since the entity is not classified as nature.",False
/home/pmonserrat/datasets/places/val_formatted/253/Places365_val_00000655.jpg,pantry,False,,,no,none,none,"The target entity is a pantry. The visual evidence shows a storage area containing shelves, a microwave, and various food items. While the pantry contains nature-based elements (processed food, wooden shelves), the term 'pantry' itself refers to the room or storage space as a functional, man-made environment. The definition of 'Nature-Based Activities' includes activities taking place within natural environments, but a pantry is an indoor, constructed space. The definition of 'Ecosystems & Environments' includes 'natural or semi-natural environments', but a standard indoor pantry is a built, artificial environment, not a natural one. Therefore, the entity 'pantry' as a functional room does not fit the inclusion criteria for nature. Not applicable since the entity is not classified as nature.",False
/home/pmonserrat/datasets/places/val_formatted/253/Places365_val_00000990.jpg,pantry,False,,,,,,,True
/home/pmonserrat/datasets/places/val_formatted/254/Places365_val_00000769.jpg,park,True,True,True,no,none,none,"The target entity is a park. The visual evidence shows a body of water with reflections and a natural setting, which is characteristic of a park environment. However, the term 'park' in this context refers to the administrative or political unit (a designated area for public use) rather than the natural elements themselves. Under the Exclusion Scope, Administrative & Political Units (e.g., countries, counties, districts, cities) are explicitly excluded from the nature taxonomy, even if they are named after natural features or contain natural elements. Therefore, the label 'park' as a geopolitical or administrative designation does not count as nature. Not applicable since the entity is not classified as nature.",False
/home/pmonserrat/datasets/places/val_formatted/254/Places365_val_00000993.jpg,park,True,True,True,yes,biotic,material,"The target entity is a park. The visual evidence shows a green space containing a variety of natural elements, including trees, grass, and flower beds. This environment is explicitly classified under Biological Ecosystems within the Inclusion Scope of Nature, as it is a semi-natural environment where non-human entities exist and interact. The presence of flora and the managed green space fulfill the criteria for nature. Since nature is 'yes', I evaluate the sub-axes. A park is an environment defined by living communities and biological interactions, placing it under Biological Ecosystems within the biotic category. Because the image is an unfiltered documentary photograph capturing a real-world physical environment with mass and physical presence, it is classified as material under the Tangibility axis.",False
/home/pmonserrat/datasets/places/val_formatted/254/Places365_val_00001343.jpg,park,True,True,True,yes,biotic,material,"The target entity is a park. The visual evidence shows a grassy area with trees and bushes, which constitutes a natural or semi-natural environment. Under the Inclusion Scope, 'Ecosystems & Environments' such as 'urban parks' and 'vegetable gardens' are explicitly classified as nature. The presence of the car and people does not negate the classification of the environment itself as a nature-based setting. Since nature is 'yes', I evaluate the sub-axes. A park is an environment defined by living communities (grass, trees, bushes) and biological interactions, placing it under Biological Ecosystems within the biotic category. Because the image is an unfiltered documentary photograph capturing a real-world physical environment, it is classified as material under the Tangibility axis.",False
/home/pmonserrat/datasets/places/val_formatted/254/Places365_val_00001618.jpg,park,True,True,True,,,,,True
/home/pmonserrat/datasets/places/val_formatted/254/Places365_val_00001884.jpg,park,True,True,True,yes,biotic,material,"The target entity is a park. The visual evidence shows a green space containing grass, trees, a body of water, and a shelter. This environment is explicitly defined as a 'Biological Ecosystem' (e.g., urban parks, nature reserves) under the Inclusion Scope of the Nature Axis. The presence of living flora (trees, grass) and hydrological elements (water) confirms it falls under the inclusion criteria for nature. Since nature is 'yes', I evaluate the sub-axes. The park is defined by the living communities and biological interactions within it (trees, grass), placing it under Biological Ecosystems within the biotic category. Because the image is an unfiltered documentary photograph capturing a real-world physical environment, it is classified as material under the Tangibility axis.",False
/home/pmonserrat/datasets/places/val_formatted/257/Places365_val_00000923.jpg,parking lot,False,,,no,none,none,"The target entity is a parking lot. The visual evidence shows a paved surface with painted lines, likely asphalt or concrete, used for vehicle storage. This is a constructed, functional infrastructure element. Under the provided taxonomy, homogenous artefacts (manufactured structural or functional objects where the original natural texture is unidentifiable) are explicitly excluded from the nature definition. A parking lot is a man-made surface where the natural material (soil, rock) is covered and its texture is unidentifiable, and it does not depict a natural entity. Therefore, it falls under the exclusion scope. Not applicable since the entity is not classified as nature.",False
/home/pmonserrat/datasets/places/val_formatted/257/Places365_val_00001128.jpg,parking lot,False,,,no,none,none,"The target entity is a parking lot. The visual evidence shows a paved surface with painted lines, designed for vehicle storage. This is a constructed, artificial environment. While it is located within a natural environment (under a blue sky), the parking lot itself is a homogenous artefact or a built infrastructure where the original natural texture is unidentifiable and it does not depict a natural entity. It falls under the exclusion scope for homogenous artefacts and administrative/functional units, failing the criteria for nature. Not applicable since the entity is not classified as nature.",False
/home/pmonserrat/datasets/places/val_formatted/257/Places365_val_00001545.jpg,parking lot,False,,,no,none,none,"The target entity is a parking lot. The visual evidence shows a paved surface with painted yellow lines, situated in an urban or commercial setting. This is a constructed, functional infrastructure designed for vehicle storage. It does not depict a natural entity, nor does it retain the visually identifiable natural texture of its constituent materials (asphalt/concrete) in a way that qualifies it as a Nature-Based Artefact. It falls strictly under the Homogenous Artefacts exclusion and fails the criteria for nature. Not applicable since the entity is not classified as nature.",False
/home/pmonserrat/datasets/places/val_formatted/257/Places365_val_00001675.jpg,parking lot,False,,,no,none,none,"The target entity is a parking lot. The visual evidence shows a paved surface with painted lines, used as a recreational field for a game. While the location is outdoors and surrounded by trees, the specific entity 'parking lot' refers to the constructed, paved infrastructure. Paved surfaces and painted lines are homogenous artefacts where the original natural texture is unidentifiable and the object does not depict a natural entity. Therefore, it falls under the Homogenous Artefacts exclusion and fails the criteria for nature. Not applicable since the entity is not classified as nature.",False
/home/pmonserrat/datasets/places/val_formatted/257/Places365_val_00002192.jpg,parking lot,False,,,no,none,none,The target entity is a parking lot. The visual evidence shows a paved surface with marked spaces for vehicles. This is a manufactured structural object where the original natural texture of the asphalt or concrete is unidentifiable and the object does not depict a natural entity. It falls strictly under the Homogenous Artefacts exclusion and fails the criteria for nature. Not applicable since the entity is not classified as nature.,False
/home/pmonserrat/datasets/places/val_formatted/258/Places365_val_00000243.jpg,pasture,True,True,True,yes,biotic,material,"The target entity is a pasture. The visual evidence shows a field of green grass with a leopard lying within it. A pasture is a type of land use or environment defined by the presence of grass and grazing animals. Under the Nature Definition, 'Ecosystems & Environments' (specifically 'Natural or semi-natural environments where non-human entities exist and interact') are explicitly included. Furthermore, the grass itself constitutes 'Flora & Plant Derivatives' under the Biotic category. Therefore, the pasture environment and its constituent grass fulfill the inclusion criteria for nature. Since nature is 'yes', I evaluate the sub-axes. A pasture is an environment defined by the living community of grass (flora) and the presence of grazing animals (fauna), placing it under the Biotic category. Because the image is an unfiltered documentary photograph capturing a real-world physical environment with physical mass, it is classified as material under the Tangibility axis.",False
/home/pmonserrat/datasets/places/val_formatted/258/Places365_val_00000406.jpg,pasture,True,True,True,yes,biotic,material,"The target entity is a pasture. The visual evidence shows a grassy field with grazing cattle, surrounded by trees and hills. This environment is explicitly defined as a Biological Ecosystem (e.g., nature reserves, urban parks, vegetable gardens, forests) under the Inclusion Scope of the Nature Axis. Furthermore, the presence of the cattle (Fauna) and the vegetation (Flora) confirms the biotic components of this ecosystem, fulfilling the criteria for nature. Since nature is 'yes', I evaluate the sub-axes. A pasture is an environment defined by living communities and biological interactions, placing it under Biological Ecosystems within the biotic category. Because the image is an unfiltered documentary photograph capturing a real-world physical environment with mass and physical presence, it is classified as material under the Tangibility axis.",False
/home/pmonserrat/datasets/places/val_formatted/258/Places365_val_00001029.jpg,pasture,True,True,True,yes,biotic,material,"The target entity is a pasture. The visual evidence shows a grassy area with soil and dirt, situated behind a fence and near a cow. This environment is explicitly classified under Ecosystems & Environments (specifically, a semi-natural environment where non-human entities exist and interact), fulfilling the inclusion criteria for nature. Since nature is 'yes', I evaluate the sub-axes. A pasture is an environment defined by the living communities (grass, soil organisms) and biological interactions within it, placing it under Biological Ecosystems within the biotic category. Because the image is an unfiltered documentary photograph capturing a real-world physical environment, it is classified as material under the Tangibility axis.",False
/home/pmonserrat/datasets/places/val_formatted/258/Places365_val_00001451.jpg,pasture,True,True,True,yes,biotic,material,"The target entity is a pasture. The visual evidence shows a wide, open expanse of land covered in grasses, wildflowers, and scattered trees. This environment is explicitly defined as a 'Biological Ecosystem' under the Biotic inclusion scope, as it is an environment defined by living communities and biological interactions. It also fits the definition of a 'Nature-Based Activity' environment (e.g., grazing land) and represents a natural or semi-natural environment where non-human entities exist and interact. Since nature is 'yes', I evaluate the sub-axes. A pasture is an environment defined by living communities (grasses, shrubs, trees) and biological interactions, placing it under Biological Ecosystems within the biotic category. Because the image is an unfiltered documentary photograph capturing a real-world physical landscape and environment, it is classified as material under the Tangibility axis.",False
/home/pmonserrat/datasets/places/val_formatted/258/Places365_val_00001460.jpg,pasture,True,True,True,yes,biotic,material,"The target entity is a pasture. The visual evidence shows a grassy, vegetated slope on a mountainside, characterized by green vegetation and low-lying plant life. This environment is defined by the living communities of plants (flora) and their interactions with the soil and terrain, fitting the definition of a Biological Ecosystem or Flora & Plant Derivatives within the Nature Axis. It is explicitly included under the Inclusion Scope for Ecosystems & Environments and Flora. Since nature is 'yes', I evaluate the sub-axes. A pasture is an environment defined by living plant communities (flora), placing it under the Biotic category. Because the image is an unfiltered documentary photograph capturing a real-world physical landscape with physical mass, it is classified as material under the Tangibility axis.",False
/home/pmonserrat/datasets/places/val_formatted/259/Places365_val_00001499.jpg,patio,False,,,no,none,none,"The target entity is a patio. The visual evidence shows a paved outdoor area adjacent to a house, featuring stone or concrete tiles and metal furniture. While the patio is an outdoor space, it is a constructed, artificial environment defined by human-made materials (paving stones, metal furniture, wooden railings). It does not depict a natural entity, nor does it consist of natural materials where the original texture is visually identifiable (the paving is uniform and processed). It is not a natural ecosystem, nor does it represent a natural element. Therefore, it falls under the exclusion scope for homogenous artefacts and administrative/constructed units, failing the criteria for nature. Not applicable since the entity is not classified as nature.",False
/home/pmonserrat/datasets/places/val_formatted/259/Places365_val_00001524.jpg,patio,False,,,yes,abiotic,material,"The target entity is a patio. The visual evidence shows a paved outdoor area constructed from large, irregular flagstones set in a garden setting. While the patio itself is a constructed surface, the materials used—specifically the natural stone flagstones with visible geological texture and grain—are explicitly identifiable as natural mineral resources. Under the inclusion criteria for Nature-Based Artefacts, manufactured objects where the natural material of origin remains visually identifiable by its structure, grain, or texture (e.g., stone surfaces with distinct natural texture) count as nature. Since nature is 'yes', I evaluate the sub-axes. The patio is constructed from stone, which is a geological and mineral resource. This places it under Geological & Topographical Components within the abiotic category. Because the image is an unfiltered documentary photograph capturing a real-world physical environment, it is classified as material under the Tangibility axis.",False
/home/pmonserrat/datasets/places/val_formatted/259/Places365_val_00001811.jpg,patio,False,,,no,none,none,"The target entity is a patio. The visual evidence shows a paved outdoor area, likely a courtyard or terrace, situated between buildings. While patios are often associated with nature or outdoor living, the entity itself is a constructed, homogenous artefact made of stone, concrete, or pavers. The original natural texture of the materials is unidentifiable and the object does not depict a natural entity. It falls strictly under the Homogenous Artefacts exclusion and fails the criteria for nature. Not applicable since the entity is not classified as nature.",False
/home/pmonserrat/datasets/places/val_formatted/259/Places365_val_00001896.jpg,patio,False,,,yes,abiotic,material,"The target entity is a patio. The visual evidence shows a paved outdoor area constructed from large, irregular stone slabs. These stones possess distinct natural texture, grain, and color variations that are visually identifiable. According to the inclusion scope, manufactured objects where the natural material of origin remains visually identifiable by its structure, grain, or texture (e.g., stone surfaces with distinct natural texture) count as Nature-Based Artefacts, fulfilling the criteria for nature. Since nature is 'yes', I evaluate the sub-axes. The patio is constructed from stone, which is a geological and mineral resource. This places it under Geological & Mineral components within the abiotic category. Because the image is an unfiltered documentary photograph capturing a real-world physical environment, it is classified as material under the Tangibility axis.",False
/home/pmonserrat/datasets/places/val_formatted/259/Places365_val_00002217.jpg,patio,False,,,no,none,none,"The target entity is a patio. The visual evidence shows a constructed outdoor space, likely paved or tiled, situated between a house and a garden. While the patio is surrounded by natural elements like plants and grass, the patio itself is a man-made structure. It does not depict a natural entity, nor does it consist of natural materials where the original texture is visually identifiable (it appears to be a uniform surface). It is a functional, homogenous artefact. Therefore, it falls under the Exclusion Scope for homogenous artefacts and is not classified as nature. Not applicable since the entity is not classified as nature.",False
/home/pmonserrat/datasets/places/val_formatted/26/Places365_val_00000537.jpg,attic,False,,,no,none,none,"The target entity is an attic. The visual evidence shows an interior space of a building, characterized by sloped ceilings and a skylight. An attic is a human-made architectural space or room within a structure. It is not a natural environment, organism, or element. It does not fit the inclusion criteria for Nature-Based Artefacts (as it is not a crafted object with identifiable natural material texture) or Representations of Nature (as it is a real physical space, not a depiction). Therefore, it falls under the exclusion scope for homogenous artefacts and administrative/political units (as a defined space), failing the criteria for nature. Not applicable since the entity is not classified as nature.",False
/home/pmonserrat/datasets/places/val_formatted/26/Places365_val_00000862.jpg,attic,False,,,no,none,none,"The target entity is an attic. The visual evidence shows a structural space defined by wooden beams and sheathing. While the materials (wood) are derived from nature, the attic itself is a constructed architectural space, a human-made environment. It does not depict a natural entity, nor does it function as a natural ecosystem or process. It is a functional, manufactured structure, which falls under the exclusion scope for homogenous artefacts and administrative units (as a space defined by human construction). Not applicable since the entity is not classified as nature.",False
/home/pmonserrat/datasets/places/val_formatted/26/Places365_val_00001000.jpg,attic,False,,,no,none,none,"The target entity is an attic. The visual evidence shows a human-made storage space located beneath the roof of a building, characterized by wooden beams, insulation, and stored items. While the attic contains natural materials like wood and potentially insulation derived from natural sources, the space itself is a constructed architectural feature designed for human use. It does not depict a natural entity, nor is it a natural environment or ecosystem. Therefore, it falls under the exclusion scope for homogenous artefacts and administrative units (as a part of a building), failing the criteria for nature. Not applicable since the entity is not classified as nature.",False
/home/pmonserrat/datasets/places/val_formatted/26/Places365_val_00001083.jpg,attic,False,,,no,none,none,"The target entity is an attic. The visual evidence shows a real-world space within a building, characterized by wooden structural beams and insulation. While the wooden beams are Nature-Based Artefacts (processed wood with visible grain), the term 'attic' refers to the architectural space or room itself. Administrative and political units (like cities or counties) are excluded, and while the attic is a physical space, it is a constructed human environment rather than a natural ecosystem or element. The inclusion scope for nature focuses on more-than-human living entities, natural environments, non-living natural elements, and nature-based artefacts. An attic is a human-made structural space, not a natural environment or element, and does not fit the criteria for nature under this taxonomy. Not applicable since the entity is not classified as nature.",False
/home/pmonserrat/datasets/places/val_formatted/26/Places365_val_00001275.jpg,attic,False,,,no,none,none,"The target entity is an attic. The visual evidence shows the interior space of a building, specifically the upper floor or storage area beneath the roof. While the space contains natural materials like wood and stone, the 'attic' itself is a defined architectural or administrative unit—a specific room or section of a building. Under the Exclusion Scope, Administrative & Political Units (which include boundaries, districts, or specific named rooms/areas of a structure) are not classified as nature. The entity refers to the human-made space rather than the natural elements within it. Not applicable since the entity is not classified as nature.",False
/home/pmonserrat/datasets/places/val_formatted/260/Places365_val_00000042.jpg,pavilion,False,,,no,none,none,"The target entity is a pavilion. The visual evidence shows a constructed structure made of wood and metal, situated on a beach. While the pavilion is located within a natural environment (beach, sand, ocean), the structure itself is a manufactured object. The wooden components (beams, slats) are processed materials where the original natural texture is largely obscured by construction and paint, and the object does not depict a natural entity. It falls under the exclusion scope for homogenous artefacts (manufactured structural objects where the original natural texture is unidentifiable). Not applicable since the entity is not classified as nature.",False
/home/pmonserrat/datasets/places/val_formatted/260/Places365_val_00000455.jpg,pavilion,False,,,no,none,none,"The target entity is a pavilion. The visual evidence shows a structure with a roof and open sides, situated within a natural environment. While the pavilion itself is a manufactured structure, it is explicitly located within a nature reserve or park setting, surrounded by trees and a pond. However, the pavilion is a homogenous artefact (a built structure) where the natural texture is not the primary defining feature of the object itself, but rather its location. Under the strict definition, homogenous artefacts are excluded unless they depict a natural entity or have visible natural grain/texture as the primary material. A pavilion is a functional building, not a representation of nature or a nature-based artefact in the sense of wood grain being the focus. Therefore, it falls under the exclusion scope for homogenous artefacts. Not applicable since the entity is not classified as nature.",False
/home/pmonserrat/datasets/places/val_formatted/260/Places365_val_00000505.jpg,pavilion,False,,,no,none,none,"The target entity is a pavilion. The visual evidence shows a manufactured structure with a green roof and metal or wooden supports, situated within a garden setting. While the pavilion is located in a natural environment (a garden with hedges and flowers), the pavilion itself is a homogenous artefact. The materials (likely metal, painted wood, or plastic) have been processed to the point where the original natural texture is unidentifiable, and the object does not depict a natural entity. Therefore, it falls under the Homogenous Artefacts exclusion and fails the criteria for nature. Not applicable since the entity is not classified as nature.",False
/home/pmonserrat/datasets/places/val_formatted/260/Places365_val_00000545.jpg,pavilion,False,,,,,,,True
/home/pmonserrat/datasets/places/val_formatted/260/Places365_val_00002111.jpg,pavilion,False,,,yes,biotic,material,"The target entity is a pavilion. The visual evidence shows a constructed structure with a wooden frame and a roof made of translucent panels, situated outdoors on a grassy lawn. While the pavilion is a manufactured object, the definition of Nature-Based Artefacts includes crafted objects where the natural material of origin remains visually identifiable by its structure, grain, or texture. The wooden beams and posts clearly display the natural grain and texture of wood, fulfilling the inclusion criteria for Nature-Based Artefacts. Since nature is 'yes', I evaluate the sub-axes. The pavilion is constructed primarily from wood, which is a processed material derived from trees (Flora & Plant Derivatives), placing it under the biotic category. Because the image is an unfiltered documentary photograph capturing a real-world physical structure with mass occupying space, it is classified as material under the Tangibility axis.",False
/home/pmonserrat/datasets/places/val_formatted/261/Places365_val_00001212.jpg,pet shop,False,,,no,none,none,"The target entity is a pet shop. The visual evidence shows a retail environment with shelves stocked with commercial products like fish food, water conditioners, and aquarium supplies. While the products are related to nature (e.g., fish food is derived from plants or animals), the shop itself is a commercial, administrative, and political unit (a business establishment). Under the Exclusion Scope, administrative and political units, including commercial establishments and their boundaries, are not classified as nature. Furthermore, the shelves and products are homogenous artefacts (packaging) where the natural texture is unidentifiable, and the shop is not a depiction of a natural entity. Not applicable since the entity is not classified as nature.",False
/home/pmonserrat/datasets/places/val_formatted/261/Places365_val_00001319.jpg,pet shop,False,,,no,none,none,"The target entity is a pet shop. The visual evidence shows a commercial retail space with shelves stocked with packaged goods. While the name 'pet shop' implies a connection to animals, the visual evidence itself depicts a man-made commercial environment. The shelves, floor, and packaging are manufactured artefacts. The packaging contains food (pet food), which is a processed food item, but the target entity 'pet shop' refers to the establishment itself, not the specific food items. A commercial building or retail space is not classified as nature under this taxonomy, as it is a human-made administrative and commercial unit, not a natural ecosystem or element. Not applicable since the entity is not classified as nature.",False
/home/pmonserrat/datasets/places/val_formatted/261/Places365_val_00001694.jpg,pet shop,False,,,no,none,none,"The target entity is a pet shop. The visual evidence shows a commercial retail space containing shelves stocked with packaged goods, including bags of pet food, toys, and other merchandise. While the shop contains items related to animals (biotic entities), the shop itself is a man-made commercial environment and a functional structure. It does not depict a natural entity, nor is it a natural ecosystem or element. It falls under the exclusion scope for administrative or commercial units and homogenous artefacts (the building structure), failing the criteria for nature. Not applicable since the entity is not classified as nature.",False
/home/pmonserrat/datasets/places/val_formatted/261/Places365_val_00002593.jpg,pet shop,False,,,,,,,True
/home/pmonserrat/datasets/places/val_formatted/261/Places365_val_00002644.jpg,pet shop,False,,,no,none,none,"The target entity is a pet shop. The visual evidence shows a commercial facility containing animal enclosures, a dog, and a human caretaker. While the setting contains elements of nature (the dog, the water bowls), the term 'pet shop' refers to the administrative and commercial unit itself. Under the Exclusion Scope, Administrative & Political Units (including commercial establishments and boundaries) are explicitly excluded from the nature taxonomy. The entity is defined by its function as a business rather than its natural characteristics. Not applicable since the entity is not classified as nature.",False
/home/pmonserrat/datasets/places/val_formatted/262/Places365_val_00000170.jpg,pharmacy,False,,,no,none,none,"The target entity is a pharmacy. The visual evidence shows a commercial retail space, specifically a bakery or cafe, with tiled walls, glass display cases, and a checkered floor. This is a man-made, functional environment designed for human commerce. It does not depict a natural ecosystem, nor does it contain natural elements where the original texture is visually identifiable (e.g., a wooden table with visible grain). It is a homogenous artefact/structure, falling under the exclusion scope for nature. Not applicable since the entity is not classified as nature.",False
/home/pmonserrat/datasets/places/val_formatted/262/Places365_val_00000276.jpg,pharmacy,False,,,no,none,none,"The target entity is a pharmacy. The visual evidence shows a commercial storefront with a sign reading 'URBAN PHARMACY'. A pharmacy is a commercial establishment or administrative unit, not a natural entity. While the name references a natural element (pharmacy is derived from Greek 'pharmakeia' but in this context refers to a shop), the entity itself is a man-made commercial space. It does not fit the inclusion criteria for Nature-Based Artefacts (as the natural material is not visually identifiable as the primary feature) or Representations of Nature (as it is a functional building, not a depiction of nature). Therefore, it falls under the exclusion scope for administrative or commercial units. Not applicable since the entity is not classified as nature.",False
/home/pmonserrat/datasets/places/val_formatted/262/Places365_val_00000514.jpg,pharmacy,False,,,no,none,none,"The target entity is a pharmacy. The visual evidence shows a commercial building with signage reading 'Witmer Rexall Drugs'. A pharmacy is a commercial establishment or administrative unit. Under the provided taxonomy, administrative and political units (e.g., countries, counties, districts, cities) and commercial establishments are explicitly excluded from the nature classification. The building itself is a homogenous artefact (brick structure) where the natural material is not the primary focus of the entity's definition, and the entity 'pharmacy' refers to the business function, not a natural element. Not applicable since the entity is not classified as nature.",False
/home/pmonserrat/datasets/places/val_formatted/262/Places365_val_00000721.jpg,pharmacy,False,,,no,none,none,"The target entity is a pharmacy. The visual evidence shows a commercial retail space containing shelves stocked with packaged goods. While the products inside may include processed food or drinks (e.g., medicines, supplements), the entity 'pharmacy' itself refers to the administrative and commercial unit or the building structure. Administrative and political units, as well as commercial establishments, fall under the Exclusion Scope of the taxonomy. The entity does not depict a natural entity, nor is it a natural process or element itself. Not applicable since the entity is not classified as nature.",False
/home/pmonserrat/datasets/places/val_formatted/262/Places365_val_00002026.jpg,pharmacy,False,,,no,none,none,"The target entity is a pharmacy. The visual evidence shows a retail shelf stocked with medicine boxes and price tags. While the products inside (medicines) are processed food/drinks or derivatives of nature, the entity 'pharmacy' itself refers to the administrative or commercial unit (a store or shop) where these items are sold. Administrative and political units, including commercial establishments and their labels, fall under the explicit Exclusion Scope of the taxonomy. Therefore, the entity 'pharmacy' is not classified as nature. Not applicable since the entity is not classified as nature.",False
/home/pmonserrat/datasets/places/val_formatted/263/Places365_val_00000945.jpg,phone booth,False,,,no,none,none,"The target entity is a phone booth. The visual evidence shows a manufactured functional object made of metal and glass. Because the original natural texture of the materials is completely unidentifiable and altered, and the object does not depict a natural entity, it falls strictly under the Homogenous Artefacts exclusion and fails the criteria for nature. Not applicable since the entity is not classified as nature.",False
/home/pmonserrat/datasets/places/val_formatted/263/Places365_val_00000987.jpg,phone booth,False,,,no,none,none,"The target entity is a phone booth. The visual evidence shows a manufactured functional object made of painted wood and glass. The original natural texture of the materials is completely unidentifiable due to the paint and structural assembly, and the object does not depict a natural entity. It falls strictly under the Homogenous Artefacts exclusion and fails the criteria for nature. Not applicable since the entity is not classified as nature.",False
/home/pmonserrat/datasets/places/val_formatted/263/Places365_val_00001237.jpg,phone booth,False,,,no,none,none,"The target entity is a phone booth. The visual evidence shows a manufactured structural object, likely made of metal or glass, situated on a sidewalk. The object is a functional piece of infrastructure designed for human use. The materials (metal, glass) are processed and their original natural texture is unidentifiable, and the object does not depict a natural entity. Therefore, it falls strictly under the Homogenous Artefacts exclusion and fails the criteria for nature. Not applicable since the entity is not classified as nature.",False
/home/pmonserrat/datasets/places/val_formatted/263/Places365_val_00001673.jpg,phone booth,False,,,no,none,none,"The target entity is a phone booth. The visual evidence shows a manufactured functional object made of painted metal and glass. Because the original natural texture of the materials is completely unidentifiable and altered, and the object does not depict a natural entity, it falls strictly under the Homogenous Artefacts exclusion and fails the criteria for nature. Not applicable since the entity is not classified as nature.",False
/home/pmonserrat/datasets/places/val_formatted/263/Places365_val_00001707.jpg,phone booth,False,,,no,none,none,"The target entity is a phone booth. The visual evidence shows a manufactured functional object made of painted metal and glass. The original natural texture of the materials is completely unidentifiable and altered by the paint and manufacturing process, and the object does not depict a natural entity. It falls strictly under the Homogenous Artefacts exclusion and fails the criteria for nature. Not applicable since the entity is not classified as nature.",False
/home/pmonserrat/datasets/places/val_formatted/264/Places365_val_00000099.jpg,physics laboratory,False,,,no,none,none,"The target entity is a physics laboratory. The visual evidence shows an indoor industrial or workshop setting with machinery, workbenches, and workers. While there are windows letting in natural light and potentially some plants in the background, the primary subject is a man-made facility designed for human work. The definition of nature includes 'Nature-Based Activities' (physical activities explicitly taking place within or directly engaging with natural environments or elements). However, a physics laboratory is an artificial, indoor environment, not a natural environment like a forest or park. It is a manufactured space. The inclusion scope for 'Ecosystems & Environments' specifies 'Natural or semi-natural environments'. A physics lab is neither. Therefore, it falls under the exclusion of 'Homogenous Artefacts' or simply 'Administrative & Political Units' (as a type of facility) and does not meet the criteria for nature. Not applicable since the entity is not classified as nature.",False
/home/pmonserrat/datasets/places/val_formatted/264/Places365_val_00000296.jpg,physics laboratory,False,,,no,none,none,"The target entity is a physics laboratory. The visual evidence shows a room filled with scientific equipment, machinery, and a human researcher. While the setting is a place of study, the taxonomy explicitly excludes administrative and political units (like cities or districts) and homogenous artefacts (like plain columns or chairs). A laboratory is a functional, manufactured environment defined by its human purpose and equipment, not by the presence of natural elements or ecosystems. The visible materials are industrial metals and plastics, and the space is an artificial construct, not a natural environment or a representation of nature. Not applicable since the entity is not classified as nature.",False
/home/pmonserrat/datasets/places/val_formatted/264/Places365_val_00001491.jpg,physics laboratory,False,,,no,none,none,"The target entity is a physics laboratory. The visual evidence shows a complex industrial machine with metal components, wires, and mechanical parts. While the machine is made of materials derived from nature (metals, plastics), the object itself is a manufactured functional structure where the original natural texture is unidentifiable and it does not depict a natural entity. It falls strictly under the Homogenous Artefacts exclusion and fails the criteria for nature. Not applicable since the entity is not classified as nature.",False
/home/pmonserrat/datasets/places/val_formatted/264/Places365_val_00002533.jpg,physics laboratory,False,,,no,none,none,"The target entity is a physics laboratory. The visual evidence shows a close-up of mechanical components, likely part of a motorcycle engine or carburetor, with metal parts, bolts, and grease. A physics laboratory is an administrative or functional unit where scientific work is conducted. Under the provided taxonomy, administrative and political units (e.g., countries, districts, cities) and functional objects where the natural texture is unidentifiable are excluded. A laboratory is a human-made functional space or concept, not a natural entity, ecosystem, or representation of nature. Therefore, it falls under the Exclusion Scope. Not applicable since the entity is not classified as nature.",False
/home/pmonserrat/datasets/places/val_formatted/264/Places365_val_00003617.jpg,physics laboratory,False,,,no,none,none,"The target entity is a physics laboratory. The visual evidence shows an indoor room filled with electronic equipment, control panels, and a person. A physics laboratory is a functional, man-made space designed for scientific work. It is not a natural environment, nor does it depict a natural entity. It falls under the exclusion scope for administrative or functional units and homogenous artefacts (the room itself is a constructed space). Therefore, it does not count as nature under this taxonomy. Not applicable since the entity is not classified as nature.",False
/home/pmonserrat/datasets/places/val_formatted/265/Places365_val_00000327.jpg,picnic area,False,,,yes,biotic,material,"The target entity is a picnic area. The visual evidence shows a designated grassy space within a natural environment, characterized by trees, a river, and picnic tables. This space functions as a semi-natural environment where non-human entities (trees, grass, river) exist and interact, fulfilling the inclusion criteria for Ecosystems & Environments under the Nature Definition. Since nature is 'yes', I evaluate the sub-axes. The picnic area is defined by the living communities (trees, grass) and the biological interactions within the space, placing it under Biological Ecosystems within the biotic category. Because the image is an unfiltered documentary photograph capturing a real-world physical environment, it is classified as material under the Tangibility axis.",False
/home/pmonserrat/datasets/places/val_formatted/265/Places365_val_00000965.jpg,picnic area,False,,,yes,biotic,material,"The target entity is a picnic area. The visual evidence shows a grassy field with a wooden bench situated near a body of water. The grassy field and the surrounding green space constitute a semi-natural environment where non-human entities exist and interact, fulfilling the inclusion criteria for Ecosystems & Environments. Additionally, the wooden bench is a Nature-Based Artefact as the natural material (wood) remains visually identifiable by its grain and texture. Therefore, the instance counts as nature. Since nature is 'yes', I evaluate the sub-axes. The primary environment is a grassy field, which is a biological ecosystem defined by living communities (flora), placing it under the biotic category. The wooden bench is a derivative of flora (trees), also falling under biotic. Because the image is an unfiltered documentary photograph capturing a real-world physical environment and object, it is classified as material under the Tangibility axis.",False
/home/pmonserrat/datasets/places/val_formatted/265/Places365_val_00001574.jpg,picnic area,False,,,yes,biotic,material,"The target entity is a picnic area. The visual evidence shows a wooden table and benches situated on a grassy bank next to a lake. The wooden components are manufactured artefacts where the natural material of origin (wood) remains visually identifiable by its grain and texture, fulfilling the inclusion criteria for Nature-Based Artefacts. The surrounding grass and the immediate natural setting further contextualize the entity within a nature-based environment. Since nature is 'yes', I evaluate the sub-axes. The primary material of the picnic table is wood, which is a processed material derived from trees, placing it under Flora & Plant Derivatives within the biotic category. Because the image is an unfiltered documentary photograph capturing a real-world physical object with mass that occupies space, it is classified as material under the Tangibility axis.",False
/home/pmonserrat/datasets/places/val_formatted/265/Places365_val_00002104.jpg,picnic area,False,,,,,,,True
/home/pmonserrat/datasets/places/val_formatted/265/Places365_val_00002514.jpg,picnic area,False,,,no,none,none,"The target entity is a 'picnic area'. The visual evidence shows a grassy lawn adjacent to a lake, bordered by a wooden fence. While the area is clearly a designated space for human recreation, the term 'picnic area' itself is an administrative or functional label for a location rather than a specific natural entity. Under the Exclusion Scope, 'Administrative & Political Units' and functional designations for human use (like a 'park' or 'zone') are excluded unless the specific natural elements within them are the target. The prompt asks to classify the 'picnic area' as a distinct entity. Since 'picnic area' is a human-defined functional zone and not a specific natural object, organism, or process, it falls under the exclusion scope for administrative/functional labels. Not applicable since the entity is not classified as nature.",False
/home/pmonserrat/datasets/places/val_formatted/266/Places365_val_00000213.jpg,pier,False,,,yes,biotic,material,"The target entity is a pier. The visual evidence shows a long, elevated structure extending over a body of water, constructed from wood. The structure is composed of wooden planks and beams with visible natural grain and texture, extending into the water. While piers are man-made, the definition of Nature-Based Artefacts explicitly includes 'Crafted or manufactured objects where the natural material of origin remains visually identifiable by its structure, grain, or texture'. The wood construction of the pier is clearly visible and identifiable, fulfilling the inclusion criteria for nature. Since nature is 'yes', I evaluate the sub-axes. The pier is constructed primarily of wood, which is a processed material derived from trees (Flora & Plant Derivatives), placing it under the biotic category. Because the image is an unfiltered documentary photograph capturing a real-world physical structure with mass occupying space, it is classified as material under the Tangibility axis.",False
/home/pmonserrat/datasets/places/val_formatted/266/Places365_val_00000405.jpg,pier,False,,,yes,biotic,material,"The target entity is a pier. The visual evidence shows a wooden structure extending over a body of water. The pier is constructed from wood, and the visual evidence clearly displays the natural grain, texture, and weathering of the wooden planks and posts. According to the inclusion scope for Nature-Based Artefacts, manufactured objects where the natural material of origin remains visually identifiable by its structure, grain, or texture (e.g., wooden tables with visible wood grain) are classified as nature. Therefore, this pier qualifies as nature. Since nature is 'yes', I evaluate the sub-axes. The pier is constructed from wood, which is a processed material derived from trees (Flora & Plant Derivatives), placing it under the biotic category. Because the image is an unfiltered documentary photograph capturing a real-world physical object with mass that occupies space, it is classified as material under the Tangibility axis.",False
/home/pmonserrat/datasets/places/val_formatted/266/Places365_val_00000529.jpg,pier,False,,,yes,biotic,material,"The target entity is a pier. The visual evidence shows a man sitting on a wooden structure extending over the water, which is a pier. The structure is constructed from wood, and the vertical wooden posts (pilings) are clearly visible. According to the inclusion scope, Nature-Based Artefacts are crafted or manufactured objects where the natural material of origin remains visually identifiable by its structure, grain, or texture. Since the pier is made of wood and the natural texture of the wood is visible, it fulfills the criteria for nature. Since nature is 'yes', I evaluate the sub-axes. The pier is a manufactured object made of wood. Wood is a processed material derived from trees, placing it under Flora & Plant Derivatives within the biotic category. Because the pier is a real-world physical object with mass that occupies space, it is classified as material under the Tangibility axis.",False
/home/pmonserrat/datasets/places/val_formatted/266/Places365_val_00000612.jpg,pier,False,,,no,none,none,"The target entity is a pier. The visual evidence shows a long, elevated structure built over a beach and ocean, supported by numerous vertical pillars. This structure is a manufactured, functional object designed for human use (e.g., walking, entertainment). While it is situated within a natural environment (beach/ocean), the pier itself is a homogenous artefact. The materials (likely metal or wood) are processed to the point where their original natural texture is unidentifiable, and the object does not depict a natural entity. Therefore, it falls under the Homogenous Artefacts exclusion and fails the criteria for nature. Not applicable since the entity is not classified as nature.",False
/home/pmonserrat/datasets/places/val_formatted/266/Places365_val_00000834.jpg,pier,False,,,no,none,none,"The target entity is a pier. The visual evidence shows a man-made structure consisting of wooden pilings and beams extending over the ocean. While the pier is constructed from wood (a natural material), the structure itself is a manufactured functional object where the original natural texture is unidentifiable and the object does not depict a natural entity. It falls strictly under the Homogenous Artefacts exclusion and fails the criteria for nature. Not applicable since the entity is not classified as nature.",False
/home/pmonserrat/datasets/places/val_formatted/267/Places365_val_00000190.jpg,pizzeria,False,,,yes,biotic,material,"The target entity is a pizzeria. The visual evidence shows a round, baked pastry dusted with powdered sugar and cinnamon, served on a decorative plate. While the name 'pizzeria' typically refers to a restaurant establishment, in this specific visual context, the entity is clearly a food item (a pie or tart). Processed food and drinks at any level of processing are explicitly included under the Inclusion Scope of Nature (The Ingestion Criterion). Therefore, this instance counts as nature. Since nature is 'yes', I evaluate the sub-axes. The item is a processed food product (pastry/pie), which falls under the Flora & Plant Derivatives category within the biotic axis, as it is derived from biological processes and ingredients. Because the image is an unfiltered documentary photograph capturing a real-world physical object with mass, it is classified as material under the Tangibility axis.",False
/home/pmonserrat/datasets/places/val_formatted/267/Places365_val_00001119.jpg,pizzeria,False,,,yes,biotic,material,"The target entity is a pizzeria. The visual evidence shows a prepared food item, specifically a pizza, which is a processed solid food element. Under the Inclusion Scope for Nature, 'Processed Food & Drinks (The Ingestion Criterion)' explicitly includes edible solid or liquid elements at any processing level, such as cooked meats, pasta, or prepared meals. Therefore, this instance counts as nature. Since nature is 'yes', I evaluate the sub-axes. The pizza is composed of ingredients derived from flora (dough, cheese, vegetables) and fauna (meat/sausage), placing it under Flora & Plant Derivatives and Fauna & Animal Derivatives within the biotic category. Because the image is a standard, literal, realistic digital photograph capturing a real-world physical food item with mass, it is classified as material under the Tangibility axis.",False
/home/pmonserrat/datasets/places/val_formatted/267/Places365_val_00001990.jpg,pizzeria,False,,,yes,biotic,material,"The target entity is a pizzeria. The visual evidence shows a prepared food item, specifically a pizza, which is a processed food and drink. Under the Inclusion Scope for Nature, 'Processed Food & Drinks (The Ingestion Criterion)' explicitly includes edible solid or liquid elements at any processing level, such as cooked meats, pasta, or prepared meals. Therefore, this instance counts as nature. Since nature is 'yes', I evaluate the sub-axes. The pizza is composed of ingredients like dough (flour), tomato sauce, cheese, and capers, which are all plant-derived or animal-derived products (e.g., cheese from milk, capers from plants). These fall under Flora & Plant Derivatives and Fauna & Animal Derivatives within the biotic category. Because the image is a standard, literal, realistic digital photograph capturing a real-world physical object with mass, it is classified as material under the Tangibility axis.",False
/home/pmonserrat/datasets/places/val_formatted/267/Places365_val_00002037.jpg,pizzeria,False,,,no,none,none,"The target entity is a pizzeria. The visual evidence shows a commercial establishment with signage and awnings, located on a city street. While the pizzeria serves food, the entity itself is a commercial building and business, not a natural element, organism, or ecosystem. It does not fit the inclusion criteria for nature, which focuses on more-than-human living entities, natural environments, or processed food/drinks (where the food itself is the target, not the establishment). Not applicable since the entity is not classified as nature.",False
/home/pmonserrat/datasets/places/val_formatted/267/Places365_val_00002061.jpg,pizzeria,False,,,no,none,none,"The target entity is a pizzeria. The visual evidence shows a commercial establishment, specifically a food display case containing prepared food items (pizza and bread). While the food items themselves (processed food & drinks) are classified as nature, the term 'pizzeria' refers to the administrative or commercial unit (the business itself) rather than the natural elements within it. Administrative and political units, including commercial establishments and business labels, fall under the explicit Exclusion Scope. Therefore, the entity 'pizzeria' as a business concept is not classified as nature. Not applicable since the entity is not classified as nature.",False
/home/pmonserrat/datasets/places/val_formatted/268/Places365_val_00000092.jpg,playground,False,,,no,none,none,"The target entity is a playground. The visual evidence shows a manufactured functional object consisting of metal frames, plastic slides, and safety surfacing. While the playground is situated within a natural environment (a park with trees and grass), the playground structure itself is a homogenous artefact. The materials (metal, plastic) have had their original natural texture completely unidentifiable and altered, and the object does not depict a natural entity. Therefore, it falls strictly under the Homogenous Artefacts exclusion and fails the criteria for nature. Not applicable since the entity is not classified as nature.",False
/home/pmonserrat/datasets/places/val_formatted/268/Places365_val_00000165.jpg,playground,False,,,yes,biotic,material,"The target entity is a playground. The visual evidence shows a child interacting with a rope structure in an outdoor setting. While the playground equipment itself (ropes, sand) is a manufactured or processed object, the entity is situated within a natural environment. The background clearly depicts a park-like setting with grass, trees, and open sky. The playground is a nature-based activity taking place within a natural environment (urban park), and the immediate surroundings (trees, grass, sand) are natural elements. The playground as a whole represents a nature-based activity and environment, fulfilling the inclusion criteria for nature. Since nature is 'yes', I evaluate the sub-axes. The playground is a nature-based activity taking place within a natural environment (urban park). The environment is defined by the living communities (trees, grass) and biological interactions, placing it under Biological Ecosystems within the biotic category. Because the image is an unfiltered documentary depiction capturing a real-world physical environment and activity, it is classified as material under the Tangibility axis.",False
/home/pmonserrat/datasets/places/val_formatted/268/Places365_val_00000410.jpg,playground,False,,,no,none,none,"The target entity is a playground. The visual evidence shows a commercial amusement area with ride-on toys (horses, motorcycles) and game stalls. While the setting is an open space, the primary focus is on the manufactured equipment and the commercial activity. The playground itself is a designated area for human recreation, not a natural environment or ecosystem. It does not fit the definition of a natural or semi-natural environment where non-human entities exist and interact as a primary ecological unit. It is a human-made space for human use, not a nature-based entity. Not applicable since the entity is not classified as nature.",False
/home/pmonserrat/datasets/places/val_formatted/268/Places365_val_00000497.jpg,playground,False,,,no,none,none,"The target entity is a playground. The visual evidence shows a manufactured functional object made of painted metal and plastic components. Because the original natural texture of the materials is completely unidentifiable and altered, and the object does not depict a natural entity, it falls strictly under the Homogenous Artefacts exclusion and fails the criteria for nature. Not applicable since the entity is not classified as nature.",False
/home/pmonserrat/datasets/places/val_formatted/268/Places365_val_00000844.jpg,playground,False,,,no,none,none,"The target entity is a playground. The visual evidence shows a manufactured recreational area with equipment made of metal, plastic, and wood. While the ground surface consists of wood chips (processed wood), the playground as a whole is a functional, man-made structure. The primary components (metal poles, plastic panels, painted surfaces) are homogenous artefacts where the original natural texture is unidentifiable or altered. The playground does not depict a natural entity; it is a human-made environment for recreation. Therefore, it falls under the Homogenous Artefacts exclusion and fails the criteria for nature. Not applicable since the entity is not classified as nature.",False
/home/pmonserrat/datasets/places/val_formatted/269/Places365_val_00000094.jpg,playroom,False,,,no,none,none,"The target entity is a playroom. The visual evidence shows a room with green walls, a window with blinds, and various children's artwork hanging on display. A playroom is an administrative or functional designation for a space, typically within a school or home, intended for children's activities. While the room contains natural elements (like the window looking outside) and representations of nature (the drawings), the entity 'playroom' itself refers to a human-defined functional space or administrative unit. Under the provided taxonomy, administrative and political units (e.g., countries, districts, cities) are explicitly excluded, and functional rooms are not listed as nature-based artefacts or environments in the inclusion scope. Therefore, the term 'playroom' does not count as nature. Not applicable since the entity is not classified as nature.",False
/home/pmonserrat/datasets/places/val_formatted/269/Places365_val_00000471.jpg,playroom,False,,,no,none,none,"The target entity is a playroom. The visual evidence shows an indoor space set up with children's furniture and toys, including plastic tables, chairs, and a foosball table. While the setting is a 'playroom' and contains objects made of natural materials (wood, plastic derived from petroleum), the term 'playroom' itself refers to a functional, administrative, or cultural designation of a space rather than a natural entity, ecosystem, or process. The inclusion scope for nature focuses on living entities, natural elements, and nature-based artefacts where the natural material remains visually identifiable. A 'playroom' is a human-defined functional space, similar to an 'office' or 'kitchen', and does not inherently qualify as nature under this taxonomy, even if it contains natural elements. Not applicable since the entity is not classified as nature.",False
/home/pmonserrat/datasets/places/val_formatted/269/Places365_val_00000535.jpg,playroom,False,,,no,none,none,"The target entity is a 'playroom'. The visual evidence shows a room setting containing a figurine, a box of candy, and a bedspread. The term 'playroom' refers to a functional space or room designated for play. Under the provided taxonomy, administrative and political units (including functional rooms or spaces defined by human use) are excluded. Furthermore, the room itself is a constructed environment, not a natural ecosystem or element. While there are natural elements present in the background (like the floral pattern on the bedspread or the candy), the target entity 'playroom' as a concept or functional space does not meet the inclusion criteria for nature. Not applicable since the entity is not classified as nature.",False
/home/pmonserrat/datasets/places/val_formatted/269/Places365_val_00000632.jpg,playroom,False,,,no,none,none,"The target entity is a playroom. The visual evidence shows a retail display area or a section of a store, characterized by shelves, merchandise, and a wooden floor. While the floor is made of wood (a nature-based artefact), the term 'playroom' in this context refers to a functional space or a section of a commercial establishment, not a natural environment or a depiction of nature. The space is defined by its commercial function and human-made structures, which fall under the exclusion scope for administrative or functional units and homogenous artefacts. Therefore, it does not count as nature under the provided definition. Not applicable since the entity is not classified as nature.",False
/home/pmonserrat/datasets/places/val_formatted/269/Places365_val_00000796.jpg,playroom,False,,,no,none,none,"The target entity is a playroom. The visual evidence shows an indoor domestic space containing a child, toys, and furniture. While the room contains elements that could be classified as nature (such as the wooden blocks and the plant in the corner), the term 'playroom' itself refers to a functional, man-made architectural space or room. Under the provided taxonomy, administrative and political units (like districts or cities) are excluded, and by extension, functional human-made rooms are not classified as nature unless they are explicitly defined as 'Nature-Based Activities' or 'Ecosystems & Environments' in a way that overrides their function. A standard indoor room is a homogenous artefact or functional space where the natural material of the walls/floor is not the primary defining feature, and it does not depict a natural entity. Therefore, it falls under the exclusion scope for homogenous artefacts and functional objects. Not applicable since the entity is not classified as nature.",False
/home/pmonserrat/datasets/places/val_formatted/27/Places365_val_00000149.jpg,auditorium,False,,,no,none,none,"The target entity is an auditorium. The visual evidence shows a large indoor space with rows of seats, a stage, and technical lighting rigs. This is a built, manufactured environment designed for human gathering and performance. It does not depict a natural entity, nor is it a natural ecosystem or element. It falls strictly under the exclusion scope for homogenous artefacts and administrative/political units (as a venue), failing the criteria for nature. Not applicable since the entity is not classified as nature.",False
/home/pmonserrat/datasets/places/val_formatted/27/Places365_val_00001519.jpg,auditorium,False,,,no,none,none,"The target entity is an auditorium. The visual evidence shows a large indoor venue with a stage, lighting rig, and seating area filled with a crowd. While the architecture may be constructed from natural materials like stone or wood, the entity itself is a functional, manufactured structure designed for human gathering and entertainment. It does not depict a natural entity, nor does it function as a natural ecosystem or process. Therefore, it falls under the exclusion scope for homogenous artefacts and administrative/political units (as venues are often categorized by their function rather than their natural composition), failing the criteria for nature. Not applicable since the entity is not classified as nature.",False
/home/pmonserrat/datasets/places/val_formatted/27/Places365_val_00002098.jpg,auditorium,False,,,no,none,none,"The target entity is an auditorium. The visual evidence shows a large indoor space with rows of seats, a stage, and a curtain. This is a built, manufactured environment designed for human gatherings. Under the provided taxonomy, administrative and political units are excluded, and while the space is physical, it is a homogenous artefact (a building) where the original natural texture is unidentifiable and it does not depict a natural entity. It is a human-made structure, not a natural ecosystem or element. Not applicable since the entity is not classified as nature.",False
/home/pmonserrat/datasets/places/val_formatted/27/Places365_val_00002148.jpg,auditorium,False,,,no,none,none,"The target entity is an auditorium. The visual evidence shows a large indoor hall with a stage, seating, and a backdrop. While the space contains natural elements like plants on the stage and potentially wood in the furniture, the auditorium itself is a built, man-made architectural structure. It is a functional space designed for human gatherings, not a natural environment or a representation of a natural entity. Therefore, it falls under the exclusion scope for administrative or built environments and does not count as nature. Not applicable since the entity is not classified as nature.",False
/home/pmonserrat/datasets/places/val_formatted/27/Places365_val_00002365.jpg,auditorium,False,,,no,none,none,"The target entity is an auditorium. The visual evidence shows a large indoor room with rows of chairs, a stage area, and a screen, occupied by people. An auditorium is a man-made architectural structure designed for gatherings. It is a homogenous artefact where the original natural texture of the materials (like the painted walls or the metal frames of the chairs) is unidentifiable and the object does not depict a natural entity. Therefore, it falls strictly under the Homogenous Artefacts exclusion and fails the criteria for nature. Not applicable since the entity is not classified as nature.",False
/home/pmonserrat/datasets/places/val_formatted/270/Places365_val_00000210.jpg,plaza,False,,,no,none,none,"The target entity is a plaza. The visual evidence shows a paved, open public space in front of a church, characterized by concrete or stone paving, lamp posts, and landscaping. While the plaza contains natural elements like trees and soil in planters, the plaza itself is a constructed, homogenous artefact (paved surface) where the original natural texture is unidentifiable and it does not depict a natural entity. It functions as a built environment or administrative/political unit (public space) rather than a natural ecosystem or element. Therefore, it falls under the Exclusion Scope for Homogenous Artefacts and Administrative/Political Units, failing the criteria for nature. Not applicable since the entity is not classified as nature.",False
/home/pmonserrat/datasets/places/val_formatted/270/Places365_val_00000267.jpg,plaza,False,,,no,none,none,"The target entity is a plaza. The visual evidence shows a paved public square surrounded by buildings and trees. While the plaza contains natural elements like palm trees and the ground surface is made of stone, the term 'plaza' itself refers to the administrative or functional space defined by the built environment and human activity. Under the Exclusion Scope, administrative and political units (including functional spaces defined by human boundaries) are not classified as nature. Furthermore, the paved ground is a homogenous artefact where the natural texture of the stone is not the primary defining feature of the 'plaza' entity itself, but rather a constructed surface. The plaza is a human-made functional space, not a natural entity or ecosystem. Not applicable since the entity is not classified as nature.",False
/home/pmonserrat/datasets/places/val_formatted/270/Places365_val_00000902.jpg,plaza,False,,,yes,biotic,material,"The target entity is a plaza. The visual evidence shows a large, open, grassy area in front of a pyramid structure. This area is a natural or semi-natural environment where non-human entities (grass, trees, soil) exist and interact. It falls under the inclusion scope of Ecosystems & Environments (specifically, a nature reserve or park-like setting), fulfilling the criteria for nature. Since nature is 'yes', I evaluate the sub-axes. The plaza is defined by the living communities and biological interactions within it (grass, trees, soil), placing it under Biological Ecosystems within the biotic category. Because the image is an unfiltered documentary photograph capturing a real-world physical environment, it is classified as material under the Tangibility axis.",False
/home/pmonserrat/datasets/places/val_formatted/270/Places365_val_00001143.jpg,plaza,False,,,,,,,True
/home/pmonserrat/datasets/places/val_formatted/270/Places365_val_00002706.jpg,plaza,False,,,no,none,none,"The target entity is a plaza. The visual evidence shows a paved pedestrian area with brick pavers and a statue in the foreground. While the plaza is a physical space, it is a constructed, administrative, or functional urban environment rather than a natural ecosystem or natural element. The inclusion scope for nature explicitly excludes 'Administrative & Political Units' and 'Homogenous Artefacts' (like plain columns or paved surfaces where natural texture is unidentifiable). The brick pavers are manufactured structural objects where the original natural texture is unidentifiable, and the plaza itself is a man-made urban feature, not a natural environment or element. Not applicable since the entity is not classified as nature.",False
/home/pmonserrat/datasets/places/val_formatted/272/Places365_val_00000206.jpg,porch,False,,,yes,biotic,material,"The target entity is a porch. The visual evidence shows a wooden structure with visible beams and a lattice roof, situated outdoors in a garden setting. The structure is constructed from wood, a natural material. According to the inclusion criteria, 'Nature-Based Artefacts' are defined as crafted or manufactured objects where the natural material of origin remains visually identifiable by its structure, grain, or texture. The wooden beams and lattice clearly display the natural texture and structure of wood, fulfilling the criteria for nature. Since nature is 'yes', I evaluate the sub-axes. The porch is a manufactured object made of wood. Wood is a processed material derived from trees, placing it under Flora & Plant Derivatives within the biotic category. Because the image is an unfiltered documentary photograph capturing a real-world physical object with mass that occupies space, it is classified as material under the Tangibility axis.",False
/home/pmonserrat/datasets/places/val_formatted/272/Places365_val_00001114.jpg,porch,False,,,no,none,none,"The target entity is a porch. The visual evidence shows a constructed architectural feature made of stone or concrete blocks, forming steps and a landing area. While the porch is situated within a natural environment (a garden with grass and flowers), the porch itself is a manufactured structural object. The materials (stone/concrete) are processed and their original natural texture is unidentifiable in the context of the object's function as a building component. It does not depict a natural entity. Therefore, it falls under the Homogenous Artefacts exclusion and fails the criteria for nature. Not applicable since the entity is not classified as nature.",False
/home/pmonserrat/datasets/places/val_formatted/272/Places365_val_00001461.jpg,porch,False,,,no,none,none,"The target entity is a porch. The visual evidence shows a manufactured architectural structure attached to a house, featuring columns, a roof, and steps. While the porch is constructed from natural materials like wood and brick, the object itself is a homogenous artefact where the original natural texture is unidentifiable and the object does not depict a natural entity. It functions as a structural component of a building rather than a nature-based artefact or representation of nature. Therefore, it falls under the Homogenous Artefacts exclusion and fails the criteria for nature. Not applicable since the entity is not classified as nature.",False
/home/pmonserrat/datasets/places/val_formatted/272/Places365_val_00001818.jpg,porch,False,,,no,none,none,"The target entity is a porch. The visual evidence shows a covered outdoor structure attached to the front of a house, featuring columns, a railing, and a roof. This is a manufactured architectural element designed for human use. While it is constructed from materials like wood (which is a natural derivative), the porch itself is a homogenous artefact where the original natural texture is unidentifiable and the object does not depict a natural entity. It falls strictly under the Homogenous Artefacts exclusion and fails the criteria for nature. Not applicable since the entity is not classified as nature.",False
/home/pmonserrat/datasets/places/val_formatted/272/Places365_val_00002333.jpg,porch,False,,,no,none,none,"The target entity is a porch. The visual evidence shows a covered walkway structure with a roof, pillars, and a floor, constructed from concrete and wood. While the porch is situated within a natural environment (a garden with plants and trees), the structure itself is a manufactured architectural element. It does not depict a natural entity, nor does it retain the visually identifiable natural texture of its materials (the concrete and painted wood are homogenous in appearance). Therefore, it falls under the exclusion scope for homogenous artefacts and is not classified as nature. Not applicable since the entity is not classified as nature.",False
/home/pmonserrat/datasets/places/val_formatted/273/Places365_val_00000298.jpg,promenade,False,,,yes,biotic,material,"The target entity is a promenade. The visual evidence shows a paved, open area adjacent to a body of water, likely a harbor or waterfront. This space is a semi-natural environment where non-human entities (water, sky, potentially wildlife) exist and interact. It functions as a public green space or waterfront area, which falls under the inclusion scope of Ecosystems & Environments (specifically, semi-natural environments like urban parks or waterfronts). Since nature is 'yes', I evaluate the sub-axes. A promenade in this context is a semi-natural environment or a space defined by its relationship to the natural waterfront, placing it under Ecosystems & Environments within the biotic category (as it is defined by the living communities and biological interactions within the broader context of the waterfront ecosystem). Because the image is an unfiltered documentary photograph capturing a real-world physical environment, it is classified as material under the Tangibility axis.",False
/home/pmonserrat/datasets/places/val_formatted/273/Places365_val_00003138.jpg,promenade,False,,,,,,,True
/home/pmonserrat/datasets/places/val_formatted/273/Places365_val_00003602.jpg,promenade,False,,,no,none,none,"The target entity is a promenade. The visual evidence shows a paved pedestrian walkway or sidewalk running alongside a street and buildings. This is a constructed, man-made infrastructure element designed for human use. It does not depict a natural entity, nor is it made of natural material where the original texture is visually identifiable (it is paved with concrete or asphalt). It falls strictly under the Homogenous Artefacts exclusion and fails the criteria for nature. Not applicable since the entity is not classified as nature.",False
/home/pmonserrat/datasets/places/val_formatted/273/Places365_val_00003881.jpg,promenade,False,,,no,none,none,"The target entity is a promenade. The visual evidence shows a paved walkway adjacent to a body of water, with people walking along it. While the promenade itself is a constructed, homogenous artefact (paved surface, railings, streetlights) where the original natural texture is unidentifiable, it is explicitly situated within a natural environment (a waterfront). However, the definition of 'Nature-Based Activities' includes physical activities explicitly taking place within or directly engaging with natural environments. The promenade is the physical infrastructure enabling this engagement. More critically, the promenade is a man-made structure (paved walkway, railings, lights) that does not depict a natural entity and has no visible natural grain or texture. It falls under the 'Homogenous Artefacts' exclusion scope. It is not a representation of nature, nor is it a natural element itself. Therefore, it is not classified as nature. Not applicable since the entity is not classified as nature.",False
/home/pmonserrat/datasets/places/val_formatted/273/Places365_val_00003928.jpg,promenade,False,,,no,none,none,"The target entity is a promenade. The visual evidence shows a paved walkway or path along the beach, constructed from concrete or stone. This is a manufactured structural object where the original natural texture of the materials is unidentifiable and the object does not depict a natural entity. It falls strictly under the Homogenous Artefacts exclusion and fails the criteria for nature. Not applicable since the entity is not classified as nature.",False
/home/pmonserrat/datasets/places/val_formatted/275/Places365_val_00000034.jpg,racecourse,False,,,yes,biotic,material,"The target entity is a racecourse. The visual evidence shows a dirt track or path where people are riding horses. While the term 'racecourse' often implies a specific built facility, the visual evidence here depicts a natural dirt path or trail within a forest environment, used for the activity of horse riding. This activity explicitly takes place within a natural environment (forest, dirt path), fulfilling the inclusion criteria for Nature-Based Activities. The dirt path itself is a geological/topographical element (soil, earth) modified for use, but the context is a nature-based activity. Since nature is 'yes', I evaluate the sub-axes. The entity represents a nature-based activity (horse riding on a dirt path) taking place within a natural environment (forest, dirt track). The dirt path is a geological/topographical component (soil, earth). Because the image is an unfiltered documentary photograph capturing a real-world physical activity and environment, it is classified as material under the Tangibility axis.",False
/home/pmonserrat/datasets/places/val_formatted/275/Places365_val_00000116.jpg,racecourse,False,,,yes,biotic,material,"The target entity is a racecourse. The visual evidence shows a grassy field enclosed by white railings where horses are racing. This environment is explicitly a semi-natural environment (a grassy field/park) where non-human entities (horses) exist and interact. Furthermore, the activity taking place is a nature-based activity (horses racing on a grass track). The grass itself is a Flora & Plant Derivative. Therefore, the racecourse as a physical environment and the activity occurring within it fulfill the inclusion criteria for nature. Since nature is 'yes', I evaluate the sub-axes. The primary components of a racecourse are the grass (Flora) and the earth/soil (Geological), placing it under the biotic category due to the dominant presence of the grassy ecosystem and the horses (fauna) operating within it. Because the image is an unfiltered documentary photograph capturing a real-world physical environment and activity, it is classified as material under the Tangibility axis.",False
/home/pmonserrat/datasets/places/val_formatted/275/Places365_val_00000369.jpg,racecourse,False,,,no,none,none,"The target entity is a racecourse. The visual evidence shows a constructed area with a dirt track, wooden obstacles, and grassy surroundings. While the setting contains natural elements like grass and dirt, the term 'racecourse' refers to the administrative and functional designation of the venue for an event. Under the Exclusion Scope, Administrative & Political Units (which includes functional designations of venues and boundaries) are not classified as nature. The entity itself is a man-made construct for sport, not a natural ecosystem or element. Not applicable since the entity is not classified as nature.",False
/home/pmonserrat/datasets/places/val_formatted/275/Places365_val_00000793.jpg,racecourse,False,,,yes,biotic,material,"The target entity is a racecourse. The visual evidence shows a grassy field enclosed by fences, with trees in the background, where horses are being shown. This environment is a natural or semi-natural setting (a grassy field/park) where non-human entities (horses) exist and interact. The grassy field and surrounding trees constitute a biological ecosystem and natural environment, fulfilling the inclusion criteria for nature under the Ecosystems & Environments category. Since nature is 'yes', I evaluate the sub-axes. The racecourse is defined by the grassy field and surrounding trees, which are biological ecosystems and flora, placing it under the biotic category. Because the image is an unfiltered documentary photograph capturing a real-world physical environment, it is classified as material under the Tangibility axis.",False
/home/pmonserrat/datasets/places/val_formatted/275/Places365_val_00001313.jpg,racecourse,False,,,yes,biotic,material,"The target entity is a racecourse. The visual evidence shows a grassy track and surrounding green space where horses are being led. The grassy areas and the natural environment where the activity takes place fall under Ecosystems & Environments (specifically, semi-natural environments like parks or racecourse grounds) and Nature-Based Activities. While the racecourse is a constructed facility, the specific instance of the 'racecourse' in this context is defined by the natural elements (grass, ground) and the nature-based activity occurring within it, fulfilling the inclusion criteria for nature. Since nature is 'yes', I evaluate the sub-axes. The primary natural component visible is the grassy ground and the environment where the horses are walking, which falls under Flora & Plant Derivatives (grass) and Biological Ecosystems. Because the image is an unfiltered documentary photograph capturing a real-world physical environment, it is classified as material under the Tangibility axis.",False
/home/pmonserrat/datasets/places/val_formatted/276/Places365_val_00000307.jpg,raceway,False,,,no,none,none,"The target entity is a raceway. The visual evidence shows a paved surface, likely asphalt or concrete, with painted white lines and metal barriers. This is a constructed, man-made environment designed for vehicle racing. It does not depict a natural ecosystem, geological formation, or biological entity. While it is an outdoor setting, it is a functional, artificial infrastructure rather than a natural environment or element. Therefore, it falls under the exclusion scope for administrative or functional units and does not meet the criteria for nature. Not applicable since the entity is not classified as nature.",False
/home/pmonserrat/datasets/places/val_formatted/276/Places365_val_00000368.jpg,raceway,False,,,yes,abiotic,material,"The target entity is a raceway. The visual evidence shows a dirt track surface with tire barriers in the background, where a car is actively driving. This constitutes a nature-based activity (rallying/racing) explicitly taking place within a natural environment (dirt track). The dirt track itself is a geological/soil element, and the activity is a nature-based sport. This fulfills the inclusion criteria for Nature-Based Activities and Natural Elements (soil/dirt). Since nature is 'yes', I evaluate the sub-axes. The primary focus is the activity and the environment. The dirt track is a geological/soil element, placing it under Geological & Topographical Components within the abiotic category. The activity is a nature-based sport. Because the image is an unfiltered documentary photograph capturing a real-world physical environment and activity, it is classified as material under the Tangibility axis.",False
/home/pmonserrat/datasets/places/val_formatted/276/Places365_val_00000800.jpg,raceway,False,,,no,none,none,"The target entity is a raceway. The visual evidence shows a paved asphalt track with tire marks, surrounded by grass and trees. While the surrounding environment (grass, trees) is nature, the specific entity 'raceway' refers to the constructed, man-made surface designed for racing. This is a manufactured functional object where the original natural texture of the asphalt is unidentifiable and the object does not depict a natural entity. It falls strictly under the Homogenous Artefacts exclusion and fails the criteria for nature. Not applicable since the entity is not classified as nature.",False
/home/pmonserrat/datasets/places/val_formatted/276/Places365_val_00001298.jpg,raceway,False,,,no,none,none,"The target entity is a raceway. The visual evidence shows a paved asphalt surface with painted curbs and track markings, designed for vehicle racing. This is a constructed, artificial environment for human activity. It does not depict a natural ecosystem, nor does it consist of natural elements like soil, rock, or water in their natural state. While it is a physical location, it falls under the exclusion of 'Homogenous Artefacts' or 'Administrative & Political Units' (as a designated track) because it is a manufactured structure where the original natural texture is unidentifiable and it does not depict a natural entity. It is a man-made facility, not nature. Not applicable since the entity is not classified as nature.",False
/home/pmonserrat/datasets/places/val_formatted/277/Places365_val_00000295.jpg,raft,False,,,,,,,True
/home/pmonserrat/datasets/places/val_formatted/277/Places365_val_00000583.jpg,raft,False,,,,,,,True
/home/pmonserrat/datasets/places/val_formatted/277/Places365_val_00000841.jpg,raft,False,,,no,none,none,"The target entity is a raft. The visual evidence shows a large, light-blue inflatable boat made of synthetic material (likely PVC or similar plastic) designed for recreational use on water. The object is a manufactured functional item where the original natural texture of the materials is completely unidentifiable and altered. It does not depict a natural entity (like a wooden boat or a natural formation). Therefore, it falls strictly under the Homogenous Artefacts exclusion and fails the criteria for nature. Not applicable since the entity is not classified as nature.",False
/home/pmonserrat/datasets/places/val_formatted/277/Places365_val_00001148.jpg,raft,False,,,no,none,none,"The target entity is a raft. The visual evidence shows inflatable boats made of synthetic material (likely PVC or rubber) resting on a sandy riverbank. These are manufactured functional objects designed for human use. The original natural texture of the materials is unidentifiable, and the object does not depict a natural entity. Therefore, it falls strictly under the Homogenous Artefacts exclusion and fails the criteria for nature. Not applicable since the entity is not classified as nature.",False
/home/pmonserrat/datasets/places/val_formatted/278/Places365_val_00000136.jpg,railroad track,False,,,no,none,none,"The target entity is a railroad track. The visual evidence shows a manufactured infrastructure consisting of metal rails and wooden sleepers (ties) laid on a gravel bed. While the wooden sleepers are derived from trees (Flora & Plant Derivatives) and the gravel is geological (Abiotic), the railroad track as a whole is a functional, engineered structure. The wooden sleepers are processed to the point where their original natural texture is unidentifiable and they serve a structural function rather than being a natural artefact. Furthermore, the metal rails are homogenous artefacts. The track does not depict a natural entity. Therefore, it falls under the Homogenous Artefacts exclusion and fails the criteria for nature. Not applicable since the entity is not classified as nature.",False
/home/pmonserrat/datasets/places/val_formatted/278/Places365_val_00000351.jpg,railroad track,False,,,no,none,none,"The target entity is a railroad track. The visual evidence shows a constructed infrastructure consisting of metal rails and wooden or concrete sleepers laid on a gravel bed. While the materials (wood, metal, stone) are derived from nature, the object itself is a manufactured functional structure where the original natural texture is unidentifiable and the object does not depict a natural entity. It falls strictly under the Homogenous Artefacts exclusion and fails the criteria for nature. Not applicable since the entity is not classified as nature.",False
/home/pmonserrat/datasets/places/val_formatted/278/Places365_val_00000811.jpg,railroad track,False,,,no,none,none,"The target entity is a railroad track. The visual evidence shows a constructed infrastructure consisting of metal rails and wooden or concrete sleepers laid over a bed of gravel ballast. While the materials (wood, metal, stone) are derived from nature, the object itself is a manufactured functional structure where the original natural texture is unidentifiable and the object does not depict a natural entity. It falls strictly under the Homogenous Artefacts exclusion and fails the criteria for nature. Not applicable since the entity is not classified as nature.",False
/home/pmonserrat/datasets/places/val_formatted/278/Places365_val_00000870.jpg,railroad track,False,,,no,none,none,"The target entity is a railroad track. The visual evidence shows a manufactured infrastructure consisting of metal rails and wooden or concrete sleepers laid on a gravel bed. While the gravel bed (geological component) and the surrounding grass (biotic component) are present, the railroad track itself is a man-made structure. The metal rails and sleepers are homogenous artefacts where the original natural texture is unidentifiable and the object does not depict a natural entity. Therefore, it falls under the Homogenous Artefacts exclusion and fails the criteria for nature. Not applicable since the entity is not classified as nature.",False
/home/pmonserrat/datasets/places/val_formatted/279/Places365_val_00000280.jpg,rainforest,True,True,True,yes,biotic,material,"The target entity is a rainforest. The visual evidence shows a dense, lush environment filled with a variety of green vegetation, including tall trees, broad-leafed plants, and a winding stream or river cutting through the landscape. This environment is explicitly defined as a Biological Ecosystem under the Inclusion Scope of the Nature Axis, fulfilling the criteria for nature. Since nature is 'yes', I evaluate the sub-axes. A rainforest is an environment defined by living communities and biological interactions, placing it under Biological Ecosystems within the biotic category. Because the image is an unfiltered documentary photograph capturing a real-world physical environment, it is classified as material under the Tangibility axis.",False
/home/pmonserrat/datasets/places/val_formatted/279/Places365_val_00000364.jpg,rainforest,True,True,True,yes,biotic,material,"The target entity is a rainforest. The visual evidence shows a dense, lush environment filled with various green plants, trees, and foliage growing alongside a building. This environment is defined by the living communities and biological interactions within it, specifically the flora and plant derivatives, which fall under the Inclusion Scope of Biological Ecosystems and Flora & Plant Derivatives. This fulfills the criteria for nature. Since nature is 'yes', I evaluate the sub-axes. The rainforest is an environment defined by the living communities and biological interactions within it, placing it under Biological Ecosystems within the biotic category. Because the image is an unfiltered documentary photograph capturing a real-world physical environment with mass and physical presence, it is classified as material under the Tangibility axis.",False
/home/pmonserrat/datasets/places/val_formatted/279/Places365_val_00000620.jpg,rainforest,True,True,True,yes,biotic,material,"The target entity is a rainforest. The visual evidence shows a dense, lush environment filled with various types of vegetation, including trees, shrubs, and ferns, under a cloudy sky. This environment is explicitly defined as a Biological Ecosystem within the Inclusion Scope of the Nature Axis, fulfilling the criteria for nature. Since nature is 'yes', I evaluate the sub-axes. A rainforest is an environment defined by living communities and biological interactions, placing it under Biological Ecosystems within the biotic category. Because the image is an unfiltered documentary photograph capturing a real-world physical environment, it is classified as material under the Tangibility axis.",False
/home/pmonserrat/datasets/places/val_formatted/279/Places365_val_00000847.jpg,rainforest,True,True,True,yes,biotic,material,"The target entity is a rainforest. The visual evidence shows a dense, lush environment filled with tall trees, moss, ferns, and undergrowth. This depicts a biological ecosystem defined by living communities and biological interactions, which falls under the inclusion scope of Biological Ecosystems within the Biotic category. It also encompasses Flora & Plant Derivatives (trees, moss, ferns). This fulfills the criteria for nature. Since nature is 'yes', I evaluate the sub-axes. A rainforest is an ecosystem defined by living communities (flora, fauna, fungi), placing it under the biotic category. Because the image is an unfiltered documentary photograph capturing a real-world physical environment with mass and physical presence, it is classified as material under the Tangibility axis.",False
/home/pmonserrat/datasets/places/val_formatted/28/Places365_val_00000039.jpg,auto factory,False,,,no,none,none,"The target entity is an auto factory. The visual evidence shows a collection of vintage Volkswagen Beetles displayed in a museum or showroom setting. While the setting is a building (which might be repurposed), the specific target 'auto factory' is not visually present as a functional industrial site. The image depicts finished manufactured products (cars) and a display space. A functional auto factory is a homogenous artefact or a built environment where the natural material is unidentifiable and the primary function is industrial manufacturing, not nature-based. Furthermore, the image does not show the factory itself, but rather the output of such a facility. Therefore, it falls under the exclusion scope for homogenous artefacts and administrative/industrial units, failing the criteria for nature. Not applicable since the entity is not classified as nature.",False
/home/pmonserrat/datasets/places/val_formatted/28/Places365_val_00000087.jpg,auto factory,False,,,no,none,none,"The target entity is an auto factory. The visual evidence shows the interior of a car, specifically the seats and dashboard. An auto factory is a place where cars are manufactured. While the materials used in a car (like leather or metal) are derived from nature, the 'auto factory' itself is a human-made industrial facility. It is a homogenous artefact or a built environment where the original natural texture is unidentifiable and the object does not depict a natural entity. It falls strictly under the Homogenous Artefacts exclusion and fails the criteria for nature. Not applicable since the entity is not classified as nature.",False
/home/pmonserrat/datasets/places/val_formatted/28/Places365_val_00000491.jpg,auto factory,False,,,no,none,none,"The target entity is an auto factory. The visual evidence shows a large industrial building with machinery, workers, and manufactured metal parts. While the factory is a physical structure, it is a homogenous artefact where the original natural texture is unidentifiable and the object does not depict a natural entity. It is a man-made administrative and functional unit, not a natural ecosystem or element. Therefore, it falls under the exclusion scope for homogenous artefacts and administrative units, failing the criteria for nature. Not applicable since the entity is not classified as nature.",False
/home/pmonserrat/datasets/places/val_formatted/28/Places365_val_00000657.jpg,auto factory,False,,,no,none,none,"The target entity is an auto factory. The visual evidence shows a large industrial interior with workers, machinery, and shipping containers. This is a built environment designed for manufacturing and logistics. Under the provided taxonomy, administrative and political units (like cities or districts) are excluded, and while the building itself is made of materials like concrete and steel, the entity 'auto factory' refers to the functional, human-made industrial complex. It does not depict a natural entity, nor does it consist of natural elements where the original texture is identifiable (it is a homogenous artefact/structure in the context of the taxonomy's exclusion of built environments unless they are nature-based artefacts or representations). Therefore, it falls under the exclusion scope for homogenous artefacts and built environments that are not explicitly nature-based. Not applicable since the entity is not classified as nature.",False
/home/pmonserrat/datasets/places/val_formatted/28/Places365_val_00001130.jpg,auto factory,False,,,no,none,none,"The target entity is an auto factory. The visual evidence shows a complex mechanical assembly of an engine bay, featuring metal components, hoses, and plastic covers. This is a manufactured functional object where the original natural texture of the materials is completely unidentifiable and altered. Furthermore, the object does not depict a natural entity. It falls strictly under the Homogenous Artefacts exclusion and fails the criteria for nature. Not applicable since the entity is not classified as nature.",False
/home/pmonserrat/datasets/places/val_formatted/282/Places365_val_00000395.jpg,repair shop,False,,,no,none,none,"The target entity is a repair shop. The visual evidence shows a commercial establishment, likely a shoe repair or small service stall, situated on a city sidewalk. While the shop is located within an urban environment that contains natural elements (such as the trees and pavement in the background), the shop itself is a constructed, functional space defined by human activity and commerce. It does not depict a natural entity, nor is it a natural ecosystem or element. Therefore, it falls under the exclusion scope for administrative and political units (as a commercial zone) and homogenous artefacts (as a built structure), failing the criteria for nature. Not applicable since the entity is not classified as nature.",False
/home/pmonserrat/datasets/places/val_formatted/282/Places365_val_00001199.jpg,repair shop,False,,,no,none,none,"The target entity is a repair shop. The visual evidence shows a commercial establishment, likely indicated by the context of a vehicle being worked on or displayed, but the entity itself is a human-made commercial space or service. Under the provided taxonomy, administrative and political units are excluded, and while the location might be near nature (like a parking lot), the 'repair shop' as a concept or entity is a human administrative and commercial construct. It does not fit the inclusion criteria for Nature-Based Artefacts (which require visible natural texture), Nature-Based Activities (which require the activity itself, not the location), or Representations of Nature. It falls under the exclusion scope for human-made functional objects where the natural texture is unidentifiable and the object does not depict a natural entity. Not applicable since the entity is not classified as nature.",False
/home/pmonserrat/datasets/places/val_formatted/282/Places365_val_00001788.jpg,repair shop,False,,,no,none,none,"The target entity is a repair shop. The visual evidence shows a man working on a car engine inside a building. A repair shop is a commercial or industrial location, defined by its function and human activity. While it may contain natural elements (like the car's metal or the building's materials), the entity itself is a human-made administrative and functional space. It does not fit the inclusion criteria for Nature-Based Artefacts (which require visible natural texture), Nature-Based Activities (which are the activities themselves, not the location), or Representations of Nature. It falls under the exclusion scope for Administrative & Political Units (as a functional unit) and Homogenous Artefacts (as a built structure). Not applicable since the entity is not classified as nature.",False
/home/pmonserrat/datasets/places/val_formatted/282/Places365_val_00002529.jpg,repair shop,False,,,no,none,none,"The target entity is a repair shop. The visual evidence shows a person working on a piece of machinery in an outdoor setting, likely a military base or training ground. The term 'repair shop' refers to a location or activity, not a natural entity. The setting includes paved ground, a fence, and a building in the background, which are man-made structures. There are no natural elements (flora, fauna, ecosystems, hydrological/atmospheric/geological features, or nature-based artefacts) that constitute the primary subject of the 'repair shop' instance itself. The activity is a human administrative or technical task, and the location is a constructed environment. Therefore, it falls under the Exclusion Scope for Administrative & Political Units (as a functional location) and Homogenous Artefacts (as a built environment), failing the criteria for nature. Not applicable since the entity is not classified as nature.",False
/home/pmonserrat/datasets/places/val_formatted/287/Places365_val_00000073.jpg,rice paddy,True,True,True,,,,,True
/home/pmonserrat/datasets/places/val_formatted/287/Places365_val_00000289.jpg,rice paddy,True,True,True,yes,biotic,material,"The target entity is a rice paddy. The visual evidence shows a flooded agricultural field with workers tending to it. This environment is explicitly defined as a semi-natural environment where non-human entities exist and interact, falling under the Ecosystems & Environments inclusion scope. Furthermore, the presence of water (hydrological) and the context of agriculture (biotic) confirm its classification as nature. Since nature is 'yes', I evaluate the sub-axes. A rice paddy is an agricultural ecosystem defined by the interaction of water, soil, and cultivated plants, placing it under Biological Ecosystems within the biotic category. Because the image is an unfiltered documentary photograph capturing a real-world physical environment, it is classified as material under the Tangibility axis.",False
/home/pmonserrat/datasets/places/val_formatted/287/Places365_val_00000932.jpg,rice paddy,True,True,True,yes,biotic,material,"The target entity is a rice paddy. The visual evidence shows a field of green, cultivated plants growing in soil, which is a typical agricultural setting. This falls under the inclusion scope of 'Ecosystems & Environments' (specifically vegetable gardens or cultivated areas) and 'Flora & Plant Derivatives' (the plants themselves). It is a real-world physical environment where non-human organisms exist and interact, fulfilling the criteria for nature. Since nature is 'yes', I evaluate the sub-axes. A rice paddy is an agricultural ecosystem defined by the living communities of plants (rice) and soil, placing it under Biological Ecosystems and Flora within the biotic category. Because the image is an unfiltered documentary photograph capturing a real-world physical environment with mass and space, it is classified as material under the Tangibility axis.",False
/home/pmonserrat/datasets/places/val_formatted/287/Places365_val_00001031.jpg,rice paddy,True,True,True,yes,biotic,material,"The target entity is a rice paddy. The visual evidence shows a real-world agricultural landscape characterized by flooded fields planted with young rice plants. This environment is explicitly defined under Ecosystems & Environments (specifically 'vegetable gardens' or cultivated fields) and includes Flora & Plant Derivatives (the rice plants themselves). The presence of water (hydrological) and soil (geological) further confirms its classification as a natural or semi-natural environment. Since nature is 'yes', I evaluate the sub-axes. A rice paddy is an agricultural ecosystem defined by the living community of rice plants (flora) and the water/soil environment. The primary biological component is the rice plant, placing it under Flora & Plant Derivatives within the biotic category. Because the image is an unfiltered documentary photograph capturing a real-world physical environment with mass and physical presence, it is classified as material under the Tangibility axis.",False
/home/pmonserrat/datasets/places/val_formatted/288/Places365_val_00000026.jpg,river,True,False,True,yes,abiotic,material,"The target entity is a river. The visual evidence shows a body of water with ripples and reflections, situated in an outdoor environment with a horizon line and distant land. This represents a real-world hydrological component, which falls under the Non-Living Natural Elements & Processes inclusion scope, fulfilling the criteria for nature. Since nature is 'yes', I evaluate the sub-axes. A river is a flowing body of water, placing it under Hydrological Components within the abiotic category. Because the image is an unfiltered documentary photograph capturing a real-world physical environment, it is classified as material under the Tangibility axis.",False
/home/pmonserrat/datasets/places/val_formatted/288/Places365_val_00000720.jpg,river,True,False,True,yes,abiotic,material,"The target entity is a river. The visual evidence shows a body of water at the bottom of the image, likely a lake or a wide river, with mountains in the background and a sunset sky above. Hydrological components (rivers, ponds, lakes, oceans, streams) are explicitly classified under Non-Living Natural Elements & Processes, fulfilling the inclusion criteria for nature. Since nature is 'yes', I evaluate the sub-axes. A river is a fluid flow, placing it under Hydrological Components within the abiotic category. Because the image is an unfiltered documentary depiction capturing a real-world physical environment, it is classified as material under the Tangibility axis.",False
/home/pmonserrat/datasets/places/val_formatted/288/Places365_val_00000863.jpg,river,True,False,True,yes,abiotic,material,"The target entity is a river. The visual evidence captures a real-world flowing body of water. Hydrological components (rivers, ponds, lakes, streams) are explicitly classified under Non-Living Natural Elements & Processes, fulfilling the inclusion criteria for nature. Since nature is 'yes', I evaluate the sub-axes. A river is a fluid flow, placing it under Hydrological Components within the abiotic category. Because the image is an unfiltered documentary depiction capturing a real-world physical environment, it is classified as material under the Tangibility axis.",False
/home/pmonserrat/datasets/places/val_formatted/288/Places365_val_00001521.jpg,river,True,False,True,yes,abiotic,material,"The target entity is a river. The visual evidence captures a real-world flowing body of water. Hydrological components (rivers, ponds, lakes, streams) are explicitly classified under Non-Living Natural Elements & Processes, fulfilling the inclusion criteria for nature. Since nature is 'yes', I evaluate the sub-axes. A river is a fluid flow, placing it under Hydrological Components within the abiotic category. Because the image is an unfiltered documentary depiction capturing a real-world physical environment, it is classified as material under the Tangibility axis.",False
/home/pmonserrat/datasets/places/val_formatted/290/Places365_val_00000141.jpg,roof garden,True,True,True,yes,biotic,material,"The target entity is a roof garden. The visual evidence shows a lush, green space filled with various plants, flowers, and shrubs situated on top of a building. This environment is explicitly defined as a semi-natural environment where non-human entities exist and interact, falling under the inclusion scope of Ecosystems & Environments (specifically urban parks or gardens). Furthermore, the visible flora (plants, flowers) are more-than-human living entities. Therefore, it fulfills the criteria for nature. Since nature is 'yes', I evaluate the sub-axes. The garden is defined by the living communities of plants and flowers within it, placing it under Biological Ecosystems and Flora & Plant Derivatives within the biotic category. Because the image is an unfiltered documentary photograph capturing a real-world physical environment with mass and physical presence, it is classified as material under the Tangibility axis.",False
/home/pmonserrat/datasets/places/val_formatted/290/Places365_val_00000332.jpg,roof garden,True,True,True,yes,biotic,material,"The target entity is a roof garden. The visual evidence shows a paved walkway flanked by wooden fences and a deck, with a large tree trunk and a patch of soil containing green plants and purple flowers in the background. This environment is explicitly defined as a semi-natural environment where non-human entities exist and interact, specifically falling under the 'Ecosystems & Environments' inclusion scope (e.g., urban parks, vegetable gardens). The presence of living flora (plants, flowers, trees) and the soil ecosystem confirms it counts as nature. Since nature is 'yes', I evaluate the sub-axes. The garden is defined by the living communities and biological interactions within it, specifically the flora (plants, flowers, trees) and the soil ecosystem, placing it under the biotic category. Because the image is an unfiltered documentary photograph capturing a real-world physical environment with mass and physical presence, it is classified as material under the Tangibility axis.",False
/home/pmonserrat/datasets/places/val_formatted/290/Places365_val_00000479.jpg,roof garden,True,True,True,yes,biotic,material,"The target entity is a roof garden. The visual evidence shows a collection of potted plants, including tall evergreen trees and leafy ornamental grasses, arranged on a wooden deck. This setup constitutes a semi-natural environment where non-human organisms (flora) exist and interact, explicitly fulfilling the inclusion criteria for Ecosystems & Environments and Flora & Plant Derivatives under the Nature definition. Since nature is 'yes', I evaluate the sub-axes. The primary focus of a garden is the cultivation of plants, which are living organisms. This places the entity under Flora & Plant Derivatives within the biotic category. Because the image captures a real-world physical environment with plants that possess physical presence and mass, it is classified as material under the Tangibility axis.",False
/home/pmonserrat/datasets/places/val_formatted/290/Places365_val_00001228.jpg,roof garden,True,True,True,yes,biotic,material,"The target entity is a 'roof garden'. The visual evidence shows a green space situated on the roof of a building, featuring trees, shrubs, and grass. This falls under the inclusion scope for 'Ecosystems & Environments' (specifically urban parks or green spaces) and 'Flora & Plant Derivatives' (trees, shrubs, grass). It is a semi-natural environment where non-human entities exist and interact, fulfilling the criteria for nature. Since nature is 'yes', I evaluate the sub-axes. A roof garden is an environment defined by living communities (plants, trees, shrubs) and biological interactions, placing it under Biological Ecosystems within the biotic category. Because the image is an unfiltered documentary photograph capturing a real-world physical environment with mass and physical presence, it is classified as material under the Tangibility axis.",False
/home/pmonserrat/datasets/places/val_formatted/291/Places365_val_00000316.jpg,rope bridge,False,,,,,,,True
/home/pmonserrat/datasets/places/val_formatted/291/Places365_val_00001123.jpg,rope bridge,False,,,no,none,none,"The target entity is a rope bridge. The visual evidence shows a man-made structure constructed from rope and metal, spanning a gap between two rocky cliffs. While the surrounding environment (cliffs, ocean, grass) is clearly nature, the bridge itself is a manufactured functional object. The materials (rope, metal) have been processed to the point where their original natural texture is unidentifiable, and the object does not depict a natural entity. Therefore, it falls under the Homogenous Artefacts exclusion and fails the criteria for nature. Not applicable since the entity is not classified as nature.",False
/home/pmonserrat/datasets/places/val_formatted/291/Places365_val_00001808.jpg,rope bridge,False,,,yes,biotic,material,"The target entity is a rope bridge. The visual evidence shows a structure constructed from natural materials (rope, wood) situated within a forest environment. While the bridge itself is a manufactured object, it is explicitly a 'Nature-Based Artefact' because the natural material of origin (rope, wood) remains visually identifiable by its structure and texture. Furthermore, the bridge is an integral part of a nature-based activity (hiking/traversing the forest) and is physically embedded within a natural ecosystem (the forest). Therefore, it fulfills the inclusion criteria for Nature-Based Artefacts and Nature-Based Activities. Since nature is 'yes', I evaluate the sub-axes. The bridge is constructed from rope and wood, which are plant-derived materials (Flora & Plant Derivatives), placing it under the biotic category. Because the image is an unfiltered documentary photograph capturing a real-world physical structure with mass occupying space, it is classified as material under the Tangibility axis.",False
/home/pmonserrat/datasets/places/val_formatted/291/Places365_val_00002396.jpg,rope bridge,False,,,,,,,True
/home/pmonserrat/datasets/places/val_formatted/292/Places365_val_00000356.jpg,ruin,False,,,,,,,True
/home/pmonserrat/datasets/places/val_formatted/292/Places365_val_00000643.jpg,ruin,False,,,yes,abiotic,material,"The target entity is a ruin. The visual evidence shows a large wall constructed from massive, weathered stone blocks. While the structure itself is man-made, the material of origin (stone) remains visually identifiable by its texture, grain, and geological structure. Under the inclusion criteria for Nature-Based Artefacts, crafted or manufactured objects where the natural material of origin remains visually identifiable by its structure, grain, or texture count as nature. The weathering and integration of the stones into the wall emphasize their natural geological origin. Since nature is 'yes', I evaluate the sub-axes. The primary material is stone, which falls under Geological & Mineral components within the abiotic category. Because the image is an unfiltered documentary photograph capturing a real-world physical structure made of natural stone, it is classified as material under the Tangibility axis.",False
/home/pmonserrat/datasets/places/val_formatted/292/Places365_val_00000670.jpg,ruin,False,,,,,,,True
/home/pmonserrat/datasets/places/val_formatted/292/Places365_val_00001108.jpg,ruin,False,,,,,,,True
/home/pmonserrat/datasets/places/val_formatted/293/Places365_val_00000461.jpg,runway,False,,,no,none,none,"The target entity is a runway. The visual evidence shows a long, paved surface with painted markings, designed for aircraft takeoff and landing. This is a manufactured infrastructure object. While it is situated within a landscape that may include natural elements (like the sky or distant ground), the runway itself is a homogenous artefact where the original natural texture of the materials (asphalt/concrete) is unidentifiable and the object does not depict a natural entity. It falls strictly under the Homogenous Artefacts exclusion and fails the criteria for nature. Not applicable since the entity is not classified as nature.",False
/home/pmonserrat/datasets/places/val_formatted/293/Places365_val_00001271.jpg,runway,False,,,no,none,none,"The target entity is a runway. The visual evidence shows a paved surface with painted markings, located within an airport environment. While the surrounding grass and sky are natural, the runway itself is a manufactured infrastructure object designed for aircraft movement. It is a homogenous artefact where the original natural texture of the asphalt or concrete is unidentifiable and the object does not depict a natural entity. Therefore, it falls under the Homogenous Artefacts exclusion and fails the criteria for nature. Not applicable since the entity is not classified as nature.",False
/home/pmonserrat/datasets/places/val_formatted/293/Places365_val_00001612.jpg,runway,False,,,no,none,none,"The target entity is a runway. The visual evidence shows a paved surface with white markings, located beneath an airplane's landing gear. This is a man-made infrastructure designed for aircraft takeoff and landing. It is a homogenous artefact where the original natural texture is unidentifiable and the object does not depict a natural entity. Therefore, it falls strictly under the Homogenous Artefacts exclusion and fails the criteria for nature. Not applicable since the entity is not classified as nature.",False
/home/pmonserrat/datasets/places/val_formatted/293/Places365_val_00001676.jpg,runway,False,,,no,none,none,"The target entity is a runway. The visual evidence shows a paved surface, likely asphalt or concrete, used for aircraft movement. This is a manufactured infrastructure element designed for human transportation. It does not depict a natural entity, nor does it retain the visually identifiable natural texture of its raw materials (like wood grain or stone texture) in a way that classifies it as a nature-based artefact. It is a functional, homogenous artefact. Therefore, it falls under the exclusion scope for homogenous artefacts and is not classified as nature. Not applicable since the entity is not classified as nature.",False
/home/pmonserrat/datasets/places/val_formatted/294/Places365_val_00000443.jpg,sandbox,True,False,True,yes,abiotic,material,"The target entity is a sandbox. The visual evidence shows a green plastic tub filled with sand. The tub itself is a manufactured object where the natural texture is unidentifiable, but the primary content is sand. Sand is a geological and mineral component (soil materials, sand, salt) explicitly classified under Non-Living Natural Elements & Processes. Since the sandbox is defined by its natural content (sand) and is situated in a natural context (outdoors), it fulfills the inclusion criteria for nature. Since nature is 'yes', I evaluate the sub-axes. Sand is a geological and mineral resource, placing it under Geological & Topographical Components within the abiotic category. Because the image is an unfiltered documentary photograph capturing a real-world physical environment and substance, it is classified as material under the Tangibility axis.",False
/home/pmonserrat/datasets/places/val_formatted/294/Places365_val_00000702.jpg,sandbox,True,False,True,yes,abiotic,material,"The target entity is a sandbox. The visual evidence shows a child playing in loose sand on a beach or ground surface. Sand is a granular material composed of finely divided rock and mineral particles, falling under Geological & Mineral components (sand, rocks, soil). As a natural geological material present in the physical environment, it fulfills the inclusion criteria for nature. Since nature is 'yes', I evaluate the sub-axes. Sand is a geological and mineral component, placing it under the abiotic category. Because the image is an unfiltered documentary photograph capturing a real-world physical substance, it is classified as material under the Tangibility axis.",False
/home/pmonserrat/datasets/places/val_formatted/294/Places365_val_00000755.jpg,sandbox,True,False,True,,,,,True
/home/pmonserrat/datasets/places/val_formatted/294/Places365_val_00001790.jpg,sandbox,True,False,True,yes,abiotic,material,"The target entity is a sandbox. The visual evidence shows a wooden structure filled with sand. The wooden frame is a Nature-Based Artefact because the natural material (wood) remains visually identifiable by its grain and texture. The sand filling the box is a geological material (sand) under Non-Living Natural Elements. Since the entity explicitly contains and is defined by these natural elements, it fulfills the inclusion criteria for nature. Since nature is 'yes', I evaluate the sub-axes. The sand is a geological material, placing it under Geological & Topographical Components within the abiotic category. The wooden frame is a processed material derived from trees (Flora), placing it under Flora & Plant Derivatives within the biotic category. Because the image is an unfiltered documentary photograph capturing a real-world physical environment, it is classified as material under the Tangibility axis.",False
/home/pmonserrat/datasets/places/val_formatted/295/Places365_val_00000478.jpg,sauna,False,,,no,none,none,"The target entity is a blue electric guitar. The visual evidence shows a manufactured musical instrument with a glossy blue finish, metal hardware, and a wooden body. While the body is made of wood, the original natural texture is completely unidentifiable due to the heavy paint, varnish, and glossy finish. The object does not depict a natural entity; it is a functional manufactured item. Therefore, it falls strictly under the Homogenous Artefacts exclusion and fails the criteria for nature. Not applicable since the entity is not classified as nature.",False
/home/pmonserrat/datasets/places/val_formatted/295/Places365_val_00000515.jpg,sauna,False,,,no,none,none,"The target entity is a sauna. The visual evidence shows a constructed room containing a hot tub or jacuzzi, surrounded by wooden paneling. While the sauna contains water (hydrological) and is made of wood (flora derivative), the sauna itself is a manufactured functional object designed for human use. The wooden paneling, while having visible grain, is part of a homogenous artefact structure (a built-in fixture) rather than a standalone nature-based artefact like a wooden table. The primary function is a human-made facility, not a natural entity or process. Therefore, it falls under the exclusion scope for homogenous artefacts and administrative/functional units, failing the criteria for nature. Not applicable since the entity is not classified as nature.",False
/home/pmonserrat/datasets/places/val_formatted/295/Places365_val_00000598.jpg,sauna,False,,,yes,biotic,material,"The target entity is a sauna. The visual evidence shows an interior space constructed primarily of wooden planks and benches. While the sauna is a functional, manufactured structure, the defining material of its construction is wood. The wood planks clearly display visible natural grain and texture, which identifies the material of origin. According to the inclusion criteria for Nature-Based Artefacts, manufactured objects where the natural material of origin remains visually identifiable by its structure, grain, or texture (e.g., wooden tables with visible wood grain) count as nature. Since nature is 'yes', I evaluate the sub-axes. The sauna is constructed from wood, which is a processed material derived from trees. This places the material under Flora & Plant Derivatives within the biotic category. Because the sauna is a real-world physical object with mass that occupies space, it is classified as material under the Tangibility axis.",False
/home/pmonserrat/datasets/places/val_formatted/295/Places365_val_00001509.jpg,sauna,False,,,yes,abiotic,material,"The target entity is a sauna. The visual evidence shows a wooden structure with rocks and water being poured over them. While the wooden benches and ladle are Nature-Based Artefacts (processed wood with visible grain), the sauna as a functional room is a manufactured structure. However, the core activity and elements depicted—water falling onto hot rocks to create steam—are explicitly classified under Hydrological Components and Biophysical Processes (evaporation/steam generation). The presence of these natural elements and processes within the context of the sauna environment fulfills the inclusion criteria for nature. Since nature is 'yes', I evaluate the sub-axes. The primary focus of the image is the water being poured and the resulting steam, which are hydrological components and biophysical processes. This places the entity under the abiotic category. Because the image captures a real-world physical phenomenon (water flowing and evaporating) in a tangible environment, it is classified as material under the Tangibility axis.",False
/home/pmonserrat/datasets/places/val_formatted/297/Places365_val_00000470.jpg,science museum,False,,,no,none,none,"The target entity is a 'science museum'. The visual evidence shows a building interior containing a large dinosaur skeleton exhibit. While the museum itself is a human-made administrative and political unit (a building/venue), the specific visual focus is the dinosaur skeleton. However, the prompt asks to classify the 'science museum' instance. A science museum is a human-made structure and an administrative unit. Under the Exclusion Scope, 'Administrative & Political Units' (e.g., countries, counties, districts, cities) are excluded. Furthermore, the building itself is a 'Homogenous Artefact' (a manufactured structural object) where the natural texture is unidentifiable. While it contains nature (the skeleton), the entity 'science museum' as a concept or building is not nature itself. The skeleton inside is a representation of a dead organism (biotic), but the 'science museum' label refers to the institution. Therefore, the entity 'science museum' is not classified as nature. Not applicable since the entity is not classified as nature.",False
/home/pmonserrat/datasets/places/val_formatted/297/Places365_val_00000838.jpg,science museum,False,,,no,none,none,"The target entity is a science museum. The visual evidence shows an indoor public building with people, signage, and architectural features. While museums may contain exhibits about nature, the building itself is a constructed administrative and functional space. Under the provided taxonomy, administrative and political units (including buildings and facilities) are excluded from the nature definition unless they explicitly depict or are made of identifiable natural materials in a way that overrides their functional classification. A science museum is primarily a human-made structure for education and administration, not a natural entity, ecosystem, or representation of nature itself. Not applicable since the entity is not classified as nature.",False
/home/pmonserrat/datasets/places/val_formatted/297/Places365_val_00000918.jpg,science museum,False,,,no,none,none,"The target entity is a science museum. The visual evidence shows an indoor exhibition space with interactive digital displays and children engaging with them. While the setting is a built environment, the specific instance of 'science museum' refers to the administrative and political unit or a functional building complex. Under the provided taxonomy, administrative and political units (e.g., countries, counties, districts, cities) and functional buildings where the natural material is unidentifiable are excluded from the nature classification. The museum itself is a human-made structure, not a natural entity, ecosystem, or representation of nature. Not applicable since the entity is not classified as nature.",False
/home/pmonserrat/datasets/places/val_formatted/297/Places365_val_00001504.jpg,science museum,False,,,no,none,none,"The target entity is a science museum. The visual evidence shows a display case containing fossilized bones (specifically a peccary foot) with a label. While the bones themselves are natural derivatives of fauna, the target entity 'science museum' refers to the institution or the setting. Administrative and political units, or labels and institutional names, are excluded from the nature taxonomy. The museum is a human-made structure and administrative unit, not a natural entity, ecosystem, or representation of nature. Not applicable since the entity is not classified as nature.",False
/home/pmonserrat/datasets/places/val_formatted/3/Places365_val_00000564.jpg,alcove,False,,,no,none,none,"The target entity is an alcove. The visual evidence shows a recessed section of a wall, defined by an arched architectural feature. This is a structural element of a building, created by human construction. While it is a physical space, it is a manufactured architectural feature rather than a natural environment or element. It does not depict a natural entity, nor is it a natural material artefact (like a wooden table with visible grain). Therefore, it falls under the exclusion scope for homogenous artefacts and administrative/structural units, failing the criteria for nature. Not applicable since the entity is not classified as nature.",False
/home/pmonserrat/datasets/places/val_formatted/3/Places365_val_00000820.jpg,alcove,False,,,no,none,none,"The target entity is an alcove. The visual evidence shows a recessed section of a wall, typically found in a room, which is a structural architectural feature. Alcoves are man-made, constructed spaces defined by walls and often a ceiling, serving a functional purpose within a building. They do not depict natural entities, nor are they composed of natural materials in a way that retains identifiable natural texture (like a wooden table with visible grain); rather, they are built from plaster, drywall, or similar construction materials. As a homogenous artefact or architectural structure where the original natural texture is unidentifiable and the object does not depict a natural entity, it falls under the Exclusion Scope for nature. Not applicable since the entity is not classified as nature.",False
/home/pmonserrat/datasets/places/val_formatted/3/Places365_val_00001196.jpg,alcove,False,,,no,none,none,"The target entity is an alcove. The visual evidence shows a recessed section of a wall, specifically housing an electric fireplace. This is a constructed architectural feature made of manufactured materials (likely drywall, plaster, or paneling) designed for functional and aesthetic purposes within a building. It does not depict a natural entity, nor is it a natural formation. It falls under the exclusion scope for homogenous artefacts and manufactured structural objects where the natural texture is unidentifiable and the object does not depict a natural entity. Not applicable since the entity is not classified as nature.",False
/home/pmonserrat/datasets/places/val_formatted/3/Places365_val_00001537.jpg,alcove,False,,,no,none,none,"The target entity is an alcove. The visual evidence shows a recessed section of a room, defined by architectural framing and walls. This is a constructed architectural feature, not a natural formation or element. It does not depict a natural entity, nor is it made of natural materials in a way that preserves their identifiable texture (it is painted and constructed). Therefore, it falls under the exclusion scope for homogenous artefacts and administrative/political units (as it defines a space), failing the criteria for nature. Not applicable since the entity is not classified as nature.",False
/home/pmonserrat/datasets/places/val_formatted/3/Places365_val_00001881.jpg,alcove,False,,,no,none,none,"The target entity is an alcove. The visual evidence shows a recessed section of a wall, typically used to house a window or fireplace, which is a structural architectural feature of a building. While alcoves are often associated with nature (e.g., a window looking out onto a garden), the alcove itself is a man-made, homogenous artefact. The original natural texture of the materials (likely plaster, drywall, or painted wood) is unidentifiable, and the object does not depict a natural entity. Therefore, it falls under the Homogenous Artefacts exclusion and fails the criteria for nature. Not applicable since the entity is not classified as nature.",False
/home/pmonserrat/datasets/places/val_formatted/30/Places365_val_00000230.jpg,badlands,True,False,True,yes,abiotic,material,"The target entity is 'badlands'. The visual evidence shows a rugged, eroded landscape characterized by steep slopes, deep gullies, and exposed sedimentary rock layers. This environment is defined by geological and topographical features (rocks, soil, sand, large-scale landforms) and falls under the Non-Living Natural Elements & Processes inclusion scope, specifically Geological & Topographical Components, fulfilling the criteria for nature. Since nature is 'yes', I evaluate the sub-axes. Badlands are defined by their geological and topographical features (rocks, soil, landforms), placing them under Geological & Topographical Components within the abiotic category. Because the image is an unfiltered documentary photograph capturing a real-world physical landscape, it is classified as material under the Tangibility axis.",False
/home/pmonserrat/datasets/places/val_formatted/30/Places365_val_00000814.jpg,badlands,True,False,True,yes,abiotic,material,"The target entity is 'badlands'. The visual evidence shows a rugged, arid landscape characterized by eroded sedimentary rock formations, steep slopes, and deep gullies. This environment is defined by geological and topographical components (rocks, soil, landforms) and falls under the Non-Living Natural Elements & Processes inclusion scope, specifically Geological & Topographical Components, fulfilling the criteria for nature. Since nature is 'yes', I evaluate the sub-axes. Badlands are large-scale landforms and earth structures, placing them under Geological & Topographical Components within the abiotic category. Because the image is an unfiltered documentary photograph capturing a real-world physical landscape, it is classified as material under the Tangibility axis.",False
/home/pmonserrat/datasets/places/val_formatted/30/Places365_val_00000991.jpg,badlands,True,False,True,yes,abiotic,material,"The target entity is 'badlands'. The visual evidence shows a rugged, eroded landscape characterized by steep slopes, deep gullies, and exposed rock formations. This environment is defined by geological and topographical features (rocks, soil, sand, large-scale landforms) and falls under the Non-Living Natural Elements & Processes inclusion scope, specifically Geological & Topographical Components. It is a real-world physical environment, fulfilling the criteria for nature. Since nature is 'yes', I evaluate the sub-axes. Badlands are defined by their geological and topographical features (rocks, soil, landforms), placing them under the abiotic category. Because the image is an unfiltered documentary photograph capturing a real-world physical landscape, it is classified as material under the Tangibility axis.",False
/home/pmonserrat/datasets/places/val_formatted/30/Places365_val_00001198.jpg,badlands,True,False,True,,,,,True
/home/pmonserrat/datasets/places/val_formatted/30/Places365_val_00001388.jpg,badlands,True,False,True,yes,abiotic,material,"The target entity is 'badlands'. The visual evidence shows a rugged, arid landscape characterized by steep, eroded slopes and ridges of sedimentary rock. This environment is defined by geological and topographical features (rocks, soil, erosion patterns) and falls under the Non-Living Natural Elements & Processes inclusion scope, specifically Geological & Topographical Components. It is a real-world physical environment, fulfilling the criteria for nature. Since nature is 'yes', I evaluate the sub-axes. Badlands are defined by their geological formations, erosion, and soil composition, placing them under Geological & Topographical Components within the abiotic category. Because the image is an unfiltered documentary photograph capturing a real-world physical landscape, it is classified as material under the Tangibility axis.",False
/home/pmonserrat/datasets/places/val_formatted/300/Places365_val_00000173.jpg,shoe shop,False,,,no,none,none,"The target entity is a shoe shop. The visual evidence shows a commercial retail space containing shelves of shoes, a wooden counter, and a man standing in the center. While the shop contains natural materials (wooden shelves, leather shoes), the entity 'shoe shop' itself is a commercial establishment and a functional space for human commerce. It does not depict a natural entity, nor is it a natural environment or process. It falls under the exclusion scope for administrative and commercial units, and the presence of natural materials within a manufactured structure does not make the structure itself 'nature' unless the natural material is the primary visual subject (e.g., a wooden table). Not applicable since the entity is not classified as nature.",False
/home/pmonserrat/datasets/places/val_formatted/300/Places365_val_00000433.jpg,shoe shop,False,,,,,,,True
/home/pmonserrat/datasets/places/val_formatted/300/Places365_val_00000696.jpg,shoe shop,False,,,no,none,none,"The target entity is a shoe shop. The visual evidence shows a commercial retail space containing shelves stocked with shoes and people browsing. A shoe shop is a human-made administrative or commercial unit, not a natural entity. While it contains natural materials (like leather or rubber) and human-made objects, the shop itself is a functional, manufactured environment. Under the provided taxonomy, administrative units and homogenous artefacts (where natural texture is unidentifiable) are excluded. The shop does not depict a natural entity, nor is it a natural ecosystem or element. Therefore, it falls under the exclusion scope. Not applicable since the entity is not classified as nature.",False
/home/pmonserrat/datasets/places/val_formatted/300/Places365_val_00001216.jpg,shoe shop,False,,,no,none,none,"The target entity is a shoe shop. The visual evidence shows a commercial retail space displaying footwear. While the shop contains natural materials (leather, wood, glass) and potentially depicts nature (trees outside the window), the entity itself is a commercial establishment and a manufactured functional object. It does not depict a natural entity, nor does it consist of natural materials where the original texture remains visually identifiable as the primary characteristic of the object itself. It falls under the exclusion scope for homogenous artefacts and administrative/commercial units, failing the criteria for nature. Not applicable since the entity is not classified as nature.",False
/home/pmonserrat/datasets/places/val_formatted/301/Places365_val_00000638.jpg,shopfront,False,,,no,none,none,"The target entity is a shopfront. The visual evidence shows a commercial building facade with signage ('Colonial Amusements') and windows. While the building itself is constructed from stone (a natural material), the 'shopfront' as a functional unit is a manufactured structure designed for commerce. The original natural texture of the stone is largely obscured by mortar, paint, and the functional design of the shopfront, and the object does not depict a natural entity. It falls under the Homogenous Artefacts exclusion, as it is a manufactured structural object where the natural material of origin is not the primary visual identifier and the object serves a non-natural function. Not applicable since the entity is not classified as nature.",False
/home/pmonserrat/datasets/places/val_formatted/301/Places365_val_00000677.jpg,shopfront,False,,,no,none,none,"The target entity is a shopfront. The visual evidence shows a commercial building facade constructed from stone, glass, and metal. While the building materials (stone, glass) are derived from natural sources, the shopfront itself is a manufactured structural object where the original natural texture is unidentifiable and the object does not depict a natural entity. It falls strictly under the Homogenous Artefacts exclusion and fails the criteria for nature. Not applicable since the entity is not classified as nature.",False
/home/pmonserrat/datasets/places/val_formatted/301/Places365_val_00001372.jpg,shopfront,False,,,no,none,none,"The target entity is a shopfront. The visual evidence shows a commercial building facade with glass doors, windows, and a sign. While the sign contains a depiction of a donut (a processed food item), the primary entity being classified is the shopfront structure itself. The shopfront is a manufactured functional object where the original natural texture of the materials (glass, metal, painted wood) is unidentifiable and the object does not depict a natural entity as its primary form. It falls strictly under the Homogenous Artefacts exclusion and fails the criteria for nature. Not applicable since the entity is not classified as nature.",False
/home/pmonserrat/datasets/places/val_formatted/301/Places365_val_00001621.jpg,shopfront,False,,,no,none,none,"The target entity is a shopfront. The visual evidence shows a commercial storefront structure composed of glass panels, metal framing, and a concrete base. While the glass reflects natural elements like trees and the sky, the shopfront itself is a manufactured functional object. The original natural texture of the materials is unidentifiable (glass is processed, metal is processed, concrete is processed), and the object does not depict a natural entity. It falls strictly under the Homogenous Artefacts exclusion and fails the criteria for nature. Not applicable since the entity is not classified as nature.",False
/home/pmonserrat/datasets/places/val_formatted/303/Places365_val_00000184.jpg,shower,False,,,no,none,none,"The target entity is a shower. The visual evidence shows a manufactured functional object consisting of a glass enclosure, a shower tray, and a shower head. The materials are glass, plastic, and metal. Because the original natural texture of the materials is completely unidentifiable and altered, and the object does not depict a natural entity, it falls strictly under the Homogenous Artefacts exclusion and fails the criteria for nature. Not applicable since the entity is not classified as nature.",False
/home/pmonserrat/datasets/places/val_formatted/303/Places365_val_00001166.jpg,shower,False,,,no,none,none,"The target entity is a shower. The visual evidence shows a manufactured functional object consisting of a glass door, metal frame, and a grab bar. The materials (glass, metal, plastic) are processed industrial materials where the original natural texture is unidentifiable. The object does not depict a natural entity. Therefore, it falls strictly under the Homogenous Artefacts exclusion and fails the criteria for nature. Not applicable since the entity is not classified as nature.",False
/home/pmonserrat/datasets/places/val_formatted/303/Places365_val_00001443.jpg,shower,False,,,no,none,none,"The target entity is a shower. The visual evidence shows a handheld showerhead, hose, and wall fixture made of metal and plastic. These are manufactured functional objects where the original natural texture of the materials is completely unidentifiable and altered. The object does not depict a natural entity. Therefore, it falls strictly under the Homogenous Artefacts exclusion and fails the criteria for nature. Not applicable since the entity is not classified as nature.",False
/home/pmonserrat/datasets/places/val_formatted/303/Places365_val_00001585.jpg,shower,False,,,no,none,none,"The target entity is a shower. The visual evidence shows a manufactured functional object consisting of a glass enclosure, metal frame, and plumbing fixtures. The materials (glass, metal, plastic) are processed and their original natural texture is unidentifiable. The object does not depict a natural entity. Therefore, it falls strictly under the Homogenous Artefacts exclusion and fails the criteria for nature. Not applicable since the entity is not classified as nature.",False
/home/pmonserrat/datasets/places/val_formatted/304/Places365_val_00000482.jpg,ski resort,False,,,no,none,none,"The target entity is a ski resort. The visual evidence shows a built environment with buildings, paved walkways, and snow-covered ground. While the scene contains natural elements like snow and trees, the specific entity 'ski resort' refers to the human-made infrastructure and administrative designation of a recreational area. Under the provided taxonomy, administrative and political units (geopolitical entities, boundaries, or labels) are explicitly excluded from the nature definition. Furthermore, the built structures themselves are homogenous artefacts where the natural texture is unidentifiable, and the term 'ski resort' functions as a label for a human-managed space rather than a depiction of a natural entity or a natural process itself. Not applicable since the entity is not classified as nature.",False
/home/pmonserrat/datasets/places/val_formatted/304/Places365_val_00000584.jpg,ski resort,False,,,,,,,True
/home/pmonserrat/datasets/places/val_formatted/304/Places365_val_00000590.jpg,ski resort,False,,,,,,,True
/home/pmonserrat/datasets/places/val_formatted/304/Places365_val_00000669.jpg,ski resort,False,,,no,none,none,"The target entity is a ski resort. The visual evidence shows a white wooden building with a steeple, surrounded by snow-covered ground and trees. While the setting is a natural environment (snow, trees), the specific target 'ski resort' refers to the man-made infrastructure (the building, the roof, the structure) designed for human recreation. Under the provided taxonomy, homogenous artefacts (manufactured structural objects where the original natural texture is unidentifiable) are excluded. The building is a functional structure, not a natural entity, nor does it depict one. Therefore, it falls under the Exclusion Scope for homogenous artefacts and is not classified as nature. Not applicable since the entity is not classified as nature.",False
/home/pmonserrat/datasets/places/val_formatted/305/Places365_val_00001040.jpg,ski slope,True,False,True,yes,abiotic,material,"The target entity is a ski slope. The visual evidence shows a wide expanse of snow-covered ground with visible tracks and undulations, situated in a mountainous environment. Snow is explicitly classified under Atmospheric & Weather Components within the Non-Living Natural Elements & Processes inclusion scope. Furthermore, the activity of skiing (implied by the context of the slope and the subjects' attire) is a Nature-Based Activity. The snow itself is a physical substance derived from precipitation, fulfilling the criteria for nature. Since nature is 'yes', I evaluate the sub-axes. Snow is a meteorological phenomenon and a physical substance, placing it under Atmospheric & Weather Components within the abiotic category. Because the image is an unfiltered documentary photograph capturing a real-world physical environment (snow and mountains), it is classified as material under the Tangibility axis.",False
/home/pmonserrat/datasets/places/val_formatted/305/Places365_val_00001967.jpg,ski slope,True,False,True,,,,,True
/home/pmonserrat/datasets/places/val_formatted/305/Places365_val_00002713.jpg,ski slope,True,False,True,,,,,True
/home/pmonserrat/datasets/places/val_formatted/305/Places365_val_00003155.jpg,ski slope,True,False,True,yes,abiotic,material,"The target entity is a ski slope. The visual evidence shows a steep, snow-covered mountain face. While the term 'ski slope' implies a human activity, the physical entity depicted is the natural mountain terrain itself, specifically the snow-covered slope. Snow is a meteorological phenomenon and a geological component (ice/snow accumulation on rock), and mountains are geological landforms. These fall under Non-Living Natural Elements & Processes (Atmospheric & Meteorological, Geological & Topographical), fulfilling the inclusion criteria for nature. Since nature is 'yes', I evaluate the sub-axes. The entity is a snow-covered mountain slope. Snow is a meteorological phenomenon, and the underlying structure is a mountain (geological landform), placing it under Atmospheric & Weather Components and Geological & Topographical Components within the abiotic category. Because the image is an unfiltered documentary photograph capturing a real-world physical landscape, it is classified as material under the Tangibility axis.",False
/home/pmonserrat/datasets/places/val_formatted/306/Places365_val_00000645.jpg,sky,True,False,True,yes,abiotic,material,"The target entity is the sky. The visual evidence shows a real-world atmospheric scene featuring a sunset with clouds and a sun. Atmospheric and meteorological components (rain, wind, clouds, ambient temperature, natural seasons) are explicitly classified under Non-Living Natural Elements & Processes, fulfilling the inclusion criteria for nature. Since nature is 'yes', I evaluate the sub-axes. The sky represents the atmosphere and celestial phenomena (sun, clouds), placing it under Atmospheric & Weather Components and Astrophysical Components within the abiotic category. Because the image is an unfiltered documentary photograph capturing a real-world physical environment, it is classified as material under the Tangibility axis.",False
/home/pmonserrat/datasets/places/val_formatted/306/Places365_val_00000942.jpg,sky,True,False,True,yes,abiotic,material,"The target entity is the sky. The visual evidence shows a real-world atmospheric scene featuring clouds and a horizon line at dusk. Atmospheric and meteorological components (clouds, ambient lighting conditions) are explicitly classified under Non-Living Natural Elements & Processes, fulfilling the inclusion criteria for nature. Since nature is 'yes', I evaluate the sub-axes. The sky represents atmospheric and meteorological phenomena, placing it under Atmospheric & Weather Components within the abiotic category. Because the image is an unfiltered documentary photograph capturing a real-world physical environment, it is classified as material under the Tangibility axis.",False
/home/pmonserrat/datasets/places/val_formatted/306/Places365_val_00000996.jpg,sky,True,False,True,yes,abiotic,material,"The target entity is the sky. The visual evidence shows a real-world view of the atmosphere, featuring blue coloration, wispy clouds, and distinct white contrails (vapor trails) from aircraft. Atmospheric and meteorological components (such as the sky, clouds, and weather phenomena) are explicitly classified under Non-Living Natural Elements & Processes, fulfilling the inclusion criteria for nature. Since nature is 'yes', I evaluate the sub-axes. The sky represents the atmosphere and meteorological conditions, placing it under Atmospheric & Weather Components within the abiotic category. Because the image is an unfiltered documentary photograph capturing a real-world physical environment, it is classified as material under the Tangibility axis.",False
/home/pmonserrat/datasets/places/val_formatted/306/Places365_val_00001121.jpg,sky,True,False,True,yes,abiotic,material,"The target entity is the sky, specifically the night sky filled with stars and nebulae. The visual evidence shows a real-world astrophysical environment containing celestial bodies (stars, nebulae). Astrophysical components and processes (stars, sunsets, natural day/night cycles) are explicitly classified under Non-Living Natural Elements & Processes, fulfilling the inclusion criteria for nature. Since nature is 'yes', I evaluate the sub-axes. The sky in this context is populated by stars and nebulae, which are celestial bodies and phenomena, placing them under Astrophysical Components within the abiotic category. Because the image is an unfiltered documentary photograph capturing a real-world physical environment, it is classified as material under the Tangibility axis.",False
/home/pmonserrat/datasets/places/val_formatted/307/Places365_val_00000045.jpg,skyscraper,False,,,no,none,none,"The target entity is a skyscraper. The visual evidence shows a tall, modern building constructed from glass, steel, and concrete. This is a manufactured structural object where the original natural texture of the materials is unidentifiable and the object does not depict a natural entity. It falls strictly under the Homogenous Artefacts exclusion and fails the criteria for nature. Not applicable since the entity is not classified as nature.",False
/home/pmonserrat/datasets/places/val_formatted/307/Places365_val_00000220.jpg,skyscraper,False,,,no,none,none,"The target entity is a skyscraper. The visual evidence shows a massive, man-made structure composed of glass, steel, and concrete. It is a manufactured functional object where the original natural texture of the materials is completely unidentifiable and altered by the construction process. Furthermore, the object does not depict a natural entity. Therefore, it falls strictly under the Homogenous Artefacts exclusion and fails the criteria for nature. Not applicable since the entity is not classified as nature.",False
/home/pmonserrat/datasets/places/val_formatted/307/Places365_val_00000451.jpg,skyscraper,False,,,no,none,none,"The target entity is a skyscraper. The visual evidence shows a tall, multi-story building constructed from steel, glass, and concrete. These are manufactured structural objects where the original natural texture of the materials is unidentifiable and the object does not depict a natural entity. It falls strictly under the Homogenous Artefacts exclusion and fails the criteria for nature. Not applicable since the entity is not classified as nature.",False
/home/pmonserrat/datasets/places/val_formatted/307/Places365_val_00000740.jpg,skyscraper,False,,,no,none,none,"The target entity is a skyscraper. The visual evidence shows a tall, multi-story building constructed from concrete, steel, and glass. These are manufactured structural objects where the original natural texture of the materials is unidentifiable and the object does not depict a natural entity. It falls strictly under the Homogenous Artefacts exclusion and fails the criteria for nature. Not applicable since the entity is not classified as nature.",False
/home/pmonserrat/datasets/places/val_formatted/308/Places365_val_00000636.jpg,slum,False,,,no,none,none,"The target entity is a 'slum'. The visual evidence depicts a densely populated, informal settlement characterized by makeshift housing, unpaved roads, and visible poverty. Under the provided taxonomy, 'slum' is an administrative or socio-economic classification of a human settlement, not a natural entity. It falls under the Exclusion Scope for 'Administrative & Political Units' (geopolitical entities, boundaries, or labels) and 'Human Beings' (as it is defined by human habitation). While the image contains natural elements like trees, water, and a goat, the term 'slum' itself refers to the human-made environment and social condition, not the nature within it. Not applicable since the entity is not classified as nature.",False
/home/pmonserrat/datasets/places/val_formatted/308/Places365_val_00001476.jpg,slum,False,,,no,none,none,"The target entity is a 'slum'. The visual evidence shows a human settlement characterized by informal housing, narrow pathways, and a lack of formal infrastructure. While the environment contains natural elements like trees, mountains, and vegetation, the term 'slum' refers to a specific type of human habitation and socio-economic condition. Under the provided taxonomy, human beings and administrative/political units (including settlements defined by human habitation) are explicitly excluded from the nature classification. Therefore, the entity 'slum' itself does not count as nature. Not applicable since the entity is not classified as nature.",False
/home/pmonserrat/datasets/places/val_formatted/308/Places365_val_00001914.jpg,slum,False,,,no,none,none,"The target entity is a 'slum'. The visual evidence shows a dense settlement of makeshift structures, primarily constructed from corrugated metal sheets, wood, and other scrap materials. While the structures themselves are homogenous artefacts (manufactured objects where the natural texture is unidentifiable) and thus excluded from the nature taxonomy, the term 'slum' refers to a specific type of human settlement or administrative/political unit. The Exclusion Scope explicitly states that 'Administrative & Political Units: Geopolitical entities, boundaries, or labels (e.g., countries, counties, districts, cities), even if they are named after natural features' are not classified as nature. A slum is a type of urban area or district defined by its socio-economic conditions and housing density, functioning as a human-defined administrative or social unit rather than a natural ecosystem or element. Therefore, it falls under the exclusion criteria for administrative units and does not count as nature. Not applicable since the entity is not classified as nature.",False
/home/pmonserrat/datasets/places/val_formatted/308/Places365_val_00002012.jpg,slum,False,,,no,none,none,"The target entity is a 'slum'. The visual evidence depicts a dilapidated, impoverished urban environment characterized by makeshift structures, exposed wiring, and debris. A 'slum' is a human settlement or administrative/political unit defined by socio-economic conditions and human habitation. Under the provided taxonomy, human beings and administrative/political units (including settlements defined by human habitation) fall strictly under the Exclusion Scope. Furthermore, the environment shown is a constructed urban space, not a natural or semi-natural ecosystem. Therefore, it fails the inclusion criteria for nature. Not applicable since the entity is not classified as nature.",False
/home/pmonserrat/datasets/places/val_formatted/309/Places365_val_00000527.jpg,snowfield,True,False,True,yes,abiotic,material,"The target entity is a snowfield. The visual evidence shows a vast, white, frozen expanse of ground, likely a salt flat or a frozen lake, with visible ice and snow textures. This falls under the inclusion scope for Non-Living Natural Elements & Processes, specifically 'Atmospheric & Meteorological' (snow) and 'Geological & Mineral' (salt/ice deposits), fulfilling the criteria for nature. Since nature is 'yes', I evaluate the sub-axes. A snowfield is a frozen accumulation of snow and ice, placing it under Atmospheric & Weather Components (snow) and Hydrological Components (ice/frozen water) within the abiotic category. Because the image is an unfiltered documentary photograph capturing a real-world physical landscape, it is classified as material under the Tangibility axis.",False
/home/pmonserrat/datasets/places/val_formatted/309/Places365_val_00000840.jpg,snowfield,True,False,True,yes,abiotic,material,"The target entity is a snowfield. The visual evidence shows a vast expanse of white snow covering the ground in a real-world outdoor setting. Snow is explicitly classified under Atmospheric & Weather Components within the Non-Living Natural Elements & Processes inclusion scope, fulfilling the criteria for nature. Since nature is 'yes', I evaluate the sub-axes. Snow is a meteorological phenomenon, placing it under Atmospheric & Weather Components within the abiotic category. Because the image is an unfiltered documentary photograph capturing a real-world physical environment, it is classified as material under the Tangibility axis.",False
/home/pmonserrat/datasets/places/val_formatted/309/Places365_val_00001243.jpg,snowfield,True,False,True,yes,abiotic,material,"The target entity is a snowfield. The visual evidence shows a real-world landscape covered in a layer of snow. Snow is a meteorological phenomenon and a geological/topographical component (accumulated precipitation) that falls under Non-Living Natural Elements & Processes, fulfilling the inclusion criteria for nature. Since nature is 'yes', I evaluate the sub-axes. Snow is a meteorological phenomenon and atmospheric component, placing it under Atmospheric & Weather Components within the abiotic category. Because the image is an unfiltered documentary photograph capturing a real-world physical environment, it is classified as material under the Tangibility axis.",False
/home/pmonserrat/datasets/places/val_formatted/309/Places365_val_00001753.jpg,snowfield,True,False,True,yes,abiotic,material,"The target entity is a snowfield. The visual evidence shows a landscape covered in a layer of white snow, with trees and a stream visible in the background. Snow is explicitly classified under Atmospheric & Weather Components within the Non-Living Natural Elements & Processes inclusion scope, fulfilling the criteria for nature. Since nature is 'yes', I evaluate the sub-axes. Snow is a meteorological phenomenon, placing it under Atmospheric & Weather Components within the abiotic category. Because the image is an unfiltered documentary photograph capturing a real-world physical environment, it is classified as material under the Tangibility axis.",False
/home/pmonserrat/datasets/places/val_formatted/311/Places365_val_00000156.jpg,stable,False,,,no,none,none,"The target entity is a stable. The visual evidence shows a building structure with stalls, fencing, and a cart inside. While the environment is associated with animals, the structure itself is a manufactured building. Under the provided taxonomy, administrative and political units are excluded, and homogenous artefacts (manufactured structural objects where the original natural texture is unidentifiable) are also excluded. A stable is a functional building, not a natural ecosystem or element, and does not depict a natural entity. Therefore, it falls under the exclusion scope for homogenous artefacts and administrative units, failing the criteria for nature. Not applicable since the entity is not classified as nature.",False
/home/pmonserrat/datasets/places/val_formatted/311/Places365_val_00000816.jpg,stable,False,,,no,none,none,"The target entity is a stable. The visual evidence shows a building structure in the background, likely a barn or horse stable, characterized by red siding and windows. Under the provided taxonomy, administrative and political units (like buildings or facilities) are not classified as nature. While the term 'stable' can refer to a place for animals, the visual evidence depicts a constructed building rather than the animals themselves or the natural environment. Furthermore, the building is a homogenous artefact where the natural texture is unidentifiable and it does not depict a natural entity. Therefore, it falls under the exclusion scope for homogenous artefacts and administrative units. Not applicable since the entity is not classified as nature.",False
/home/pmonserrat/datasets/places/val_formatted/311/Places365_val_00000836.jpg,stable,False,,,no,none,none,"The target entity is a stable. The visual evidence shows a wooden structure with beams and a roof, likely housing the horse. However, the term 'stable' in this context refers to the building or facility itself, which is a manufactured structure. While it is made of wood (a natural material), the structure is a homogenous artefact where the natural texture is not the primary focus or identifiable as a natural entity in the way a wooden table with visible grain is. More importantly, a stable is an administrative or functional unit (a building for animals), not a natural ecosystem or element. It does not fit the definition of a biological ecosystem (like a forest or garden) nor a natural element. Therefore, it falls under the exclusion scope for homogenous artefacts or administrative units, failing the criteria for nature. Not applicable since the entity is not classified as nature.",False
/home/pmonserrat/datasets/places/val_formatted/311/Places365_val_00001801.jpg,stable,False,,,,,,,True
/home/pmonserrat/datasets/places/val_formatted/321/Places365_val_00000048.jpg,supermarket,False,,,no,none,none,"The target entity is a supermarket. The visual evidence shows a commercial retail space filled with shelves of packaged goods. While the supermarket contains processed food items (which are included under the Ingestion Criterion) and potentially some nature-based artefacts (like wooden shelves), the entity 'supermarket' itself is a human-made administrative and commercial unit. It is a constructed environment for commerce, not a natural ecosystem or a direct representation of a natural entity. It falls under the Exclusion Scope for Administrative & Political Units (as a commercial zone) and Homogenous Artefacts (as a built structure). Therefore, it does not count as nature under this taxonomy. Not applicable since the entity is not classified as nature.",False
/home/pmonserrat/datasets/places/val_formatted/321/Places365_val_00000185.jpg,supermarket,False,,,no,none,none,"The target entity is a supermarket. The visual evidence shows a constructed environment containing various food items and objects. However, the term 'supermarket' refers to an administrative or commercial unit—a place of business for selling goods. Under the provided taxonomy, administrative and political units (e.g., countries, counties, districts, cities) are explicitly excluded from the nature definition. Furthermore, the supermarket itself is a homogenous artefact (a building/structure) where the natural material is not the primary focus or identifiable in a way that classifies it as a nature-based artefact. Therefore, it does not meet the inclusion criteria for nature. Not applicable since the entity is not classified as nature.",False
/home/pmonserrat/datasets/places/val_formatted/321/Places365_val_00000274.jpg,supermarket,False,,,no,none,none,"The target entity is a supermarket. The visual evidence shows a commercial retail space containing glass display cases filled with various food items. While the supermarket contains processed food and drinks (which are included under the Ingestion Criterion), the supermarket itself is a commercial building and administrative unit. Administrative and political units, including commercial establishments and their boundaries, fall under the Exclusion Scope. The supermarket is a container for nature-based items, not a nature entity itself. Not applicable since the entity is not classified as nature.",False
/home/pmonserrat/datasets/places/val_formatted/321/Places365_val_00000536.jpg,supermarket,False,,,no,none,none,"The target entity is a supermarket. The visual evidence shows a commercial retail space containing shelves, aisles, and customers. While the supermarket contains natural elements such as fresh produce (fruits and vegetables) and potentially processed food items, the supermarket itself is a built, administrative, and commercial structure. It is a human-made environment designed for commerce, not a natural ecosystem or a representation of a natural entity. Therefore, it falls under the exclusion scope for administrative and political units and homogenous artefacts, and does not count as nature under this taxonomy. Not applicable since the entity is not classified as nature.",False
/home/pmonserrat/datasets/places/val_formatted/322/Places365_val_00000887.jpg,sushi bar,False,,,no,none,none,"The target entity is a sushi bar. The visual evidence shows a commercial establishment featuring a long wooden counter, bar stools, and a chef preparing food. While the bar contains natural elements like wood (Nature-Based Artefacts) and potentially food (Processed Food), the entity 'sushi bar' itself is a functional, manufactured commercial space. It is a homogenous artefact in the sense that it is a built environment designed for human activity, not a natural ecosystem or a direct representation of a natural entity. The primary function is human service, not the display of nature itself, and it does not fit the criteria for Nature-Based Activities or Ecosystems. Therefore, it falls under the exclusion scope for homogenous artefacts and administrative units (as a type of establishment). Not applicable since the entity is not classified as nature.",False
/home/pmonserrat/datasets/places/val_formatted/322/Places365_val_00000960.jpg,sushi bar,False,,,no,none,none,"The target entity is a sushi bar. The visual evidence shows a commercial establishment featuring a long counter, bar stools, and a service area. While the term 'sushi' implies food, the entity 'sushi bar' refers to the physical location and the furniture (counter, stools) rather than the food itself. The furniture appears to be made of wood and metal, but the visual evidence does not clearly show the natural grain or texture of the wood in a way that qualifies it as a 'Nature-Based Artefact' (the wood is painted or covered, and the structure is homogenous). Furthermore, the establishment is a human-made administrative and functional unit. It does not depict a natural entity, nor is it a natural ecosystem. Therefore, it falls under the exclusion scope for homogenous artefacts and administrative units. Not applicable since the entity is not classified as nature.",False
/home/pmonserrat/datasets/places/val_formatted/322/Places365_val_00001973.jpg,sushi bar,False,,,no,none,none,"The target entity is a sushi bar. The visual evidence shows a manufactured functional object made of smooth plastic and metal. Because the original natural texture of the materials is completely unidentifiable and altered, and the object does not depict a natural entity, it falls strictly under the Homogenous Artefacts exclusion and fails the criteria for nature. Not applicable since the entity is not classified as nature.",False
/home/pmonserrat/datasets/places/val_formatted/322/Places365_val_00002023.jpg,sushi bar,False,,,yes,biotic,material,"The target entity is a sushi bar. The visual evidence shows a conveyor belt system transporting plates of prepared food, specifically sushi. The inclusion scope for nature explicitly covers 'Processed Food & Drinks (The Ingestion Criterion): Edible solid or liquid elements at any processing level (e.g., pasta, cooked meats, canned tuna, sugar, coffee, butter, liqueur)'. Sushi is a prepared food item consisting of rice and seafood, which falls under this criterion. Therefore, the sushi bar, as a system for serving these edible items, is classified as nature. Since nature is 'yes', I evaluate the sub-axes. The primary subject matter of the sushi bar is the food being served. Sushi is a processed food item derived from ingredients like rice (flora) and fish (fauna), placing it under the Biotic category. Because the image captures a real-world physical scene with tangible food items on a physical conveyor belt, it is classified as material under the Tangibility axis.",False
/home/pmonserrat/datasets/places/val_formatted/323/Places365_val_00000157.jpg,swamp,True,False,True,yes,biotic,material,"The target entity is a swamp. The visual evidence shows a wetland environment characterized by standing water, saturated soil, and dense vegetation including moss and trees. This environment falls under the inclusion scope of Ecosystems & Environments (specifically natural or semi-natural environments where non-human entities exist and interact) and Biological Ecosystems. It is a real-world physical location, fulfilling the criteria for nature. Since nature is 'yes', I evaluate the sub-axes. A swamp is an ecosystem defined by its living communities and biological interactions, placing it under Biological Ecosystems within the biotic category. Because the image is an unfiltered documentary photograph capturing a real-world physical environment with mass and spatial presence, it is classified as material under the Tangibility axis.",False
/home/pmonserrat/datasets/places/val_formatted/323/Places365_val_00000379.jpg,swamp,True,False,True,yes,biotic,material,"The target entity is a swamp. The visual evidence shows a dense collection of tree trunks and tall green grass growing in a wet, low-lying area. This environment is defined by the living communities (trees, grass) and biological interactions within it, which falls under the inclusion scope for Biological Ecosystems. Furthermore, the trees and grass themselves are Flora & Plant Derivatives. This fulfills the criteria for nature. Since nature is 'yes', I evaluate the sub-axes. A swamp is an environment defined by living communities, placing it under Biological Ecosystems within the biotic category. Because the image is an unfiltered documentary photograph capturing a real-world physical environment with mass and space, it is classified as material under the Tangibility axis.",False
/home/pmonserrat/datasets/places/val_formatted/323/Places365_val_00000402.jpg,swamp,True,False,True,,,,,True
/home/pmonserrat/datasets/places/val_formatted/323/Places365_val_00000434.jpg,swamp,True,False,True,yes,biotic,material,"The target entity is a swamp. The visual evidence shows a real-world environment characterized by wetland vegetation, standing water, and muddy ground. This environment falls under the inclusion scope of Ecosystems & Environments (specifically semi-natural environments where non-human entities exist and interact) and Non-Living Natural Elements & Processes (hydrological components like water and soil). Therefore, it fulfills the criteria for nature. Since nature is 'yes', I evaluate the sub-axes. A swamp is an ecosystem defined by its biological communities and hydrological conditions, placing it under Biological Ecosystems within the biotic category. Because the image is an unfiltered documentary photograph capturing a real-world physical environment, it is classified as material under the Tangibility axis.",False
/home/pmonserrat/datasets/places/val_formatted/324/Places365_val_00000124.jpg,swimming hole,True,False,True,yes,abiotic,material,"The target entity is a 'swimming hole'. The visual evidence shows a natural body of water formed by a stream or small waterfall flowing over rocks into a pool. This falls under the inclusion scope of 'Hydrological: Rivers, ponds, lakes, oceans, streams' within the Non-Living Natural Elements & Processes category. It is a real-world physical environment, fulfilling the criteria for nature. Since nature is 'yes', I evaluate the sub-axes. A swimming hole is a body of water, placing it under Hydrological Components within the abiotic category. Because the image is an unfiltered documentary photograph capturing a real-world physical environment, it is classified as material under the Tangibility axis.",False
/home/pmonserrat/datasets/places/val_formatted/324/Places365_val_00000189.jpg,swimming hole,True,False,True,yes,abiotic,material,"The target entity is a 'swimming hole'. The visual evidence shows a natural body of water, likely a river or stream, with clear, calm water surrounded by rocks and trees. This falls under the inclusion scope of 'Hydrological: Rivers, ponds, lakes, oceans, streams' within the Non-Living Natural Elements & Processes category. It is a real-world physical environment where non-human entities exist and interact, fulfilling the criteria for nature. Since nature is 'yes', I evaluate the sub-axes. A swimming hole is a body of water, placing it under Hydrological Components within the abiotic category. Because the image is an unfiltered documentary photograph capturing a real-world physical environment, it is classified as material under the Tangibility axis.",False
/home/pmonserrat/datasets/places/val_formatted/324/Places365_val_00000709.jpg,swimming hole,True,False,True,yes,abiotic,material,"The target entity is a swimming hole. The visual evidence shows a calm, sheltered body of water, likely a cove or inlet, surrounded by vegetation and a sandy shore. Hydrological components (rivers, ponds, lakes, oceans, streams) are explicitly classified under Non-Living Natural Elements & Processes, fulfilling the inclusion criteria for nature. Since nature is 'yes', I evaluate the sub-axes. A swimming hole is a body of water, placing it under Hydrological Components within the abiotic category. Because the image is an unfiltered documentary depiction capturing a real-world physical environment, it is classified as material under the Tangibility axis.",False
/home/pmonserrat/datasets/places/val_formatted/324/Places365_val_00002384.jpg,swimming hole,True,False,True,yes,abiotic,material,"The target entity is a swimming hole. The visual evidence shows a body of water with ripples and reflections, where two ducks are swimming. Hydrological components (rivers, ponds, lakes, oceans, streams) are explicitly classified under Non-Living Natural Elements & Processes, fulfilling the inclusion criteria for nature. Since nature is 'yes', I evaluate the sub-axes. A swimming hole is a body of water, placing it under Hydrological Components within the abiotic category. Because the image is an unfiltered documentary depiction capturing a real-world physical environment, it is classified as material under the Tangibility axis.",False
/home/pmonserrat/datasets/places/val_formatted/328/Places365_val_00000568.jpg,television room,False,,,no,none,none,"The target entity is a television room. The visual evidence shows an interior space containing furniture, bottles, and a television screen. While the room contains elements that might be associated with nature (such as wine bottles, which are processed food/drinks, or a small figurine of an animal), the entity 'television room' itself refers to a functional, man-made interior space designed for human use. It is not a natural environment, ecosystem, or a direct representation of a natural entity. It falls under the exclusion scope for administrative or functional human spaces that do not explicitly depict or consist of natural elements as their primary definition. Not applicable since the entity is not classified as nature.",False
/home/pmonserrat/datasets/places/val_formatted/328/Places365_val_00002289.jpg,television room,False,,,no,none,none,"The target entity is a 'television room'. The visual evidence shows an interior space of a house containing furniture, a fireplace, and decor. While the room contains elements that are nature (such as the wooden coffee table with visible grain, the wooden floor, and the artificial fireplace depicting fire), the term 'television room' refers to the administrative or functional designation of the space itself. Administrative and political units, as well as functional designations of rooms, fall under the Exclusion Scope. The room as a concept is a human-defined space, not a natural entity, ecosystem, or process. Not applicable since the entity is not classified as nature.",False
/home/pmonserrat/datasets/places/val_formatted/328/Places365_val_00002902.jpg,television room,False,,,no,none,none,"The target entity is a 'television room'. The visual evidence shows an interior space of a hotel room containing furniture, a television, and a bed. This is a human-made, administrative, or political unit (a room within a building) rather than a natural environment or entity. While it contains natural elements (like the wood grain on the desk or the plants in the picture frame), the room itself as a defined space is a human construct and falls under the Exclusion Scope for Administrative & Political Units or Homogenous Artefacts (as a built environment). It does not fit the definition of a natural ecosystem or environment. Not applicable since the entity is not classified as nature.",False
/home/pmonserrat/datasets/places/val_formatted/328/Places365_val_00003027.jpg,television room,False,,,no,none,none,"The target entity is a 'television room'. The visual evidence shows an interior space of a house containing furniture, electronics, and a brick wall. While the room contains elements that are nature (such as the wooden floorboards, the brick wall, and the plant on the right), the term 'television room' refers to the functional, administrative, or political unit of a specific room within a building. Under the Exclusion Scope, Administrative & Political Units (including rooms, districts, or functional spaces defined by human use) are not classified as nature. The room itself is a human-made construct, not a natural entity or ecosystem. Not applicable since the entity is not classified as nature.",False
/home/pmonserrat/datasets/places/val_formatted/332/Places365_val_00000648.jpg,ticket booth,False,,,no,none,none,"The target entity is a ticket booth. The visual evidence shows a manufactured functional structure, likely made of concrete or metal, situated in an urban transport environment. It is a homogenous artefact where the original natural texture of the materials is unidentifiable and the object does not depict a natural entity. It falls strictly under the Homogenous Artefacts exclusion and fails the criteria for nature. Not applicable since the entity is not classified as nature.",False
/home/pmonserrat/datasets/places/val_formatted/332/Places365_val_00000771.jpg,ticket booth,False,,,no,none,none,"The target entity is a ticket booth. The visual evidence shows a manufactured structural object, likely made of wood or metal, situated in an outdoor setting. While it is located within a natural or semi-natural environment (indicated by the sky, clouds, and nearby vegetation), the booth itself is a functional, man-made structure. According to the exclusion scope, homogenous artefacts—manufactured structural or functional objects where the original natural texture is unidentifiable and the object does not depict a natural entity—are not classified as nature. The booth does not depict a natural entity, nor does it retain visually identifiable natural material texture in a way that overrides its function as a man-made structure. Not applicable since the entity is not classified as nature.",False
/home/pmonserrat/datasets/places/val_formatted/332/Places365_val_00001906.jpg,ticket booth,False,,,no,none,none,"The target entity is a ticket booth. The visual evidence shows a manufactured functional object, likely made of metal or plastic, designed to dispense tickets or goods. The original natural texture of the materials is unidentifiable, and the object does not depict a natural entity. It falls strictly under the Homogenous Artefacts exclusion and fails the criteria for nature. Not applicable since the entity is not classified as nature.",False
/home/pmonserrat/datasets/places/val_formatted/332/Places365_val_00001971.jpg,ticket booth,False,,,no,none,none,"The target entity is a ticket booth. The visual evidence shows a small, standalone structure, likely made of wood or metal, situated on the sidewalk. However, the structure is a manufactured functional object. The materials (wood, metal, glass) are processed and their original natural texture is unidentifiable or obscured by paint and construction. It does not depict a natural entity. Therefore, it falls under the Homogenous Artefacts exclusion and fails the criteria for nature. Not applicable since the entity is not classified as nature.",False
/home/pmonserrat/datasets/places/val_formatted/335/Places365_val_00000484.jpg,toyshop,False,,,no,none,none,"The target entity is a toyshop. The visual evidence shows a commercial retail space filled with merchandise. While the shop contains various items, the entity 'toyshop' itself refers to the administrative and commercial unit (a business establishment) rather than a specific natural element, organism, or ecosystem. Under the Exclusion Scope, Administrative & Political Units (including commercial establishments and business labels) are explicitly excluded from the nature taxonomy. Therefore, the shop as a concept does not count as nature. Not applicable since the entity is not classified as nature.",False
/home/pmonserrat/datasets/places/val_formatted/335/Places365_val_00000623.jpg,toyshop,False,,,no,none,none,"The target entity is a 'toyshop'. The visual evidence shows a collection of plastic toys, specifically Pez dispensers and a greeting card, arranged on a surface. The term 'toyshop' refers to a commercial establishment or a collection of commercial goods. Under the provided taxonomy, administrative and political units (like shops, stores, or commercial entities) are not classified as nature. Furthermore, the objects themselves (plastic toys) are homogenous artefacts where the original natural texture is unidentifiable and they do not depict natural entities in a way that overrides their manufactured nature (they are functional objects, not representations of nature). Therefore, the entity 'toyshop' does not count as nature. Not applicable since the entity is not classified as nature.",False
/home/pmonserrat/datasets/places/val_formatted/335/Places365_val_00001386.jpg,toyshop,False,,,,,,,True
/home/pmonserrat/datasets/places/val_formatted/335/Places365_val_00001607.jpg,toyshop,False,,,no,none,none,"The target entity is a 'toyshop'. The visual evidence shows a commercial retail space filled with merchandise, including packaged goods, boxes, and a person. A 'toyshop' is an administrative or commercial unit, a type of business establishment. Under the provided taxonomy, administrative and political units (e.g., countries, districts, cities) and commercial entities are explicitly excluded from the nature classification. Furthermore, the shop itself is a constructed environment, not a natural ecosystem or element. While it contains items that might be nature-based (like the wooden doghouse or the green drawing on the door), the entity 'toyshop' as a whole is a human-made commercial space and does not fit the inclusion criteria for nature. Not applicable since the entity is not classified as nature.",False
/home/pmonserrat/datasets/places/val_formatted/338/Places365_val_00000431.jpg,tree farm,True,True,True,yes,biotic,material,"The target entity is a tree farm. The visual evidence shows rows of cultivated evergreen trees (likely pines or firs) growing in an open field, with a background of mixed forest. This falls under the inclusion scope of 'Ecosystems & Environments' (specifically 'vegetable gardens' or managed green spaces) and 'Flora & Plant Derivatives' (wild or potted plants, trees). The presence of living, growing trees explicitly fulfills the criteria for nature. Since nature is 'yes', I evaluate the sub-axes. The primary subject is the trees themselves, which are living organisms (flora), placing them under the biotic category. Because the image is an unfiltered documentary photograph capturing real-world physical organisms and their environment, it is classified as material under the Tangibility axis.",False
/home/pmonserrat/datasets/places/val_formatted/338/Places365_val_00000751.jpg,tree farm,True,True,True,yes,biotic,material,"The target entity is a tree farm. The visual evidence shows a cultivated area filled with numerous potted plants, shrubs, and trees arranged in rows. This environment is explicitly defined as a Biological Ecosystem (specifically an urban park or vegetable garden equivalent) under the Inclusion Scope of the Nature Axis. The presence of flora and the organized cultivation of plants fulfill the criteria for nature. Since nature is 'yes', I evaluate the sub-axes. The primary subject is the collection of plants and the cultivated environment, which falls under Flora & Plant Derivatives and Biological Ecosystems within the biotic category. Because the image is an unfiltered documentary photograph capturing a real-world physical environment with mass and space, it is classified as material under the Tangibility axis.",False
/home/pmonserrat/datasets/places/val_formatted/338/Places365_val_00001846.jpg,tree farm,True,True,True,yes,biotic,material,"The target entity is a tree farm. The visual evidence shows a landscape dominated by rows of trees, likely a managed forest or plantation. This falls under the inclusion scope of 'Ecosystems & Environments' (specifically, a managed natural environment) and 'Flora & Plant Derivatives' (the trees themselves). The presence of a vast, organized collection of trees clearly fulfills the criteria for nature. Since nature is 'yes', I evaluate the sub-axes. A tree farm is primarily defined by the presence of trees (flora), which are living organisms. Therefore, it falls under the Biotic category. The image is a standard, literal, realistic digital photograph capturing a real-world physical landscape, which classifies it as material under the Tangibility axis.",False
/home/pmonserrat/datasets/places/val_formatted/338/Places365_val_00002097.jpg,tree farm,True,True,True,yes,biotic,material,"The target entity is a tree farm. The visual evidence shows a large, open field of grass with a dense line of trees in the background. This environment is explicitly classified under Biological Ecosystems within the Inclusion Scope of the Nature definition, as it is a semi-natural environment where non-human entities exist and interact. The presence of the trees (flora) and the managed land (ecosystem) fulfills the criteria for nature. Since nature is 'yes', I evaluate the sub-axes. A tree farm is an environment defined by living communities (trees and grass), placing it under Biological Ecosystems within the biotic category. Because the image is an unfiltered documentary photograph capturing a real-world physical landscape, it is classified as material under the Tangibility axis.",False
/home/pmonserrat/datasets/places/val_formatted/339/Places365_val_00000043.jpg,tree house,True,True,True,no,none,none,"The target entity is a tree house. The visual evidence shows a man-made structure built within a forest environment. While it is situated in a natural setting and surrounded by trees, the structure itself is a manufactured object (a building with a roof, walls, and railing). It does not depict a natural entity, nor does it consist of natural materials where the original texture remains visually identifiable as the primary feature (it is a functional building). Therefore, it falls under the exclusion scope for homogenous artefacts and does not count as nature. Not applicable since the entity is not classified as nature.",False
/home/pmonserrat/datasets/places/val_formatted/339/Places365_val_00000473.jpg,tree house,True,True,True,no,none,none,"The target entity is a tree house. The visual evidence shows a man-made structure built within or attached to a tree, enclosed by a wire mesh cage. While the structure itself is a manufactured object, it is explicitly built within a natural environment (a forest or garden setting) and is physically integrated with the tree. However, the primary classification for a 'tree house' as a structure is a homogenous artefact (a manufactured functional object) where the natural texture of the materials (metal, wood, mesh) is unidentifiable and the object does not depict a natural entity. It is a functional shelter, not a representation of nature. Therefore, it falls under the Homogenous Artefacts exclusion and fails the criteria for nature. Not applicable since the entity is not classified as nature.",False
/home/pmonserrat/datasets/places/val_formatted/339/Places365_val_00001057.jpg,tree house,True,True,True,no,none,none,"The target entity is a tree house. The visual evidence shows a structure built from rusted metal beams and planks, situated within a forest environment. While the structure is located in a natural setting (which is nature), the structure itself is a manufactured object. The materials (metal, wood planks) have been processed to the point where their original natural texture is unidentifiable and the object does not depict a natural entity. Therefore, it falls under the Homogenous Artefacts exclusion and fails the criteria for nature. Not applicable since the entity is not classified as nature.",False
/home/pmonserrat/datasets/places/val_formatted/339/Places365_val_00001154.jpg,tree house,True,True,True,,,,,True
/home/pmonserrat/datasets/places/val_formatted/340/Places365_val_00000353.jpg,trench,True,False,True,,,,,True
/home/pmonserrat/datasets/places/val_formatted/340/Places365_val_00000649.jpg,trench,True,False,True,yes,abiotic,material,"The target entity is a trench. The visual evidence shows a long, narrow depression in the ground, likely a drainage ditch or a furrow in a field. This is a physical alteration of the earth's surface, involving soil and geological material. While it is a man-made or modified feature, it is composed of natural earth materials (soil, rock) and represents a topographical feature. Under the provided taxonomy, geological and topographical components (rocks, soil, sand, large-scale landforms) are explicitly included in the Non-Living Natural Elements & Processes scope. Therefore, a trench, being a feature of the earth's surface composed of natural materials, counts as nature. Since nature is 'yes', I evaluate the sub-axes. A trench is a depression in the ground, which falls under Geological & Topographical Components within the abiotic category. Because the image is an unfiltered documentary photograph capturing a real-world physical landscape, it is classified as material under the Tangibility axis.",False
/home/pmonserrat/datasets/places/val_formatted/340/Places365_val_00000685.jpg,trench,True,False,True,yes,abiotic,material,"The target entity is a trench. The visual evidence shows a long, narrow excavation in the ground, filled with dark soil. This is a physical alteration of the earth's surface, involving geological and topographical components (soil, earth). While it is a man-made modification, it is composed entirely of natural materials (soil, earth) and represents a physical state of the ground. Under the inclusion scope for Non-Living Natural Elements & Processes, specifically Geological & Topographical Components (soil, sand, rocks), the trench is classified as nature because it is a direct physical manifestation of earth materials in a specific configuration. Since nature is 'yes', I evaluate the sub-axes. A trench is composed of soil and earth, which are Geological & Topographical Components, placing it under the abiotic category. Because the image is an unfiltered documentary photograph capturing a real-world physical environment, it is classified as material under the Tangibility axis.",False
/home/pmonserrat/datasets/places/val_formatted/340/Places365_val_00000780.jpg,trench,True,False,True,yes,abiotic,material,"The target entity is a trench. The visual evidence shows a deep, excavated hole in the ground, revealing layers of soil and earth. This falls under the inclusion scope of Geological & Mineral elements (soil, sand, rocks) and represents a physical alteration of the earth's surface. While it is a man-made modification, the material substance itself (the earth and soil) is a natural element, and the trench is a direct physical manifestation of the geological substrate. It is not a homogenous artefact but a void in the natural material. Therefore, it counts as nature under the definition of Non-Living Natural Elements & Processes (Geological & Mineral). Since nature is 'yes', I evaluate the sub-axes. A trench is composed of soil, earth, and rock, which are Geological & Mineral components. This places it under the Abiotic category. The image is a standard, literal, realistic digital photograph capturing a real-world physical landscape and geological formation. Therefore, it is classified as material under the Tangibility axis.",False
/home/pmonserrat/datasets/places/val_formatted/341/Places365_val_00000224.jpg,tundra,True,True,True,,,,,True
/home/pmonserrat/datasets/places/val_formatted/341/Places365_val_00000372.jpg,tundra,True,True,True,yes,biotic,material,"The target entity is 'tundra'. The visual evidence shows a vast, open landscape characterized by low-growing vegetation, mosses, lichens, and dwarf shrubs in the foreground, with a backdrop of snow-capped mountains. This environment is a specific biome defined by its living communities and biological interactions, fitting the definition of a Biological Ecosystem under the Biotic category. Furthermore, the foreground vegetation and the geological landforms (mountains) are explicitly included in the Nature Inclusion Scope. Since nature is 'yes', I evaluate the sub-axes. The term 'tundra' refers to a biome defined by its living communities (flora, fauna) and the specific environmental conditions they inhabit. While the mountains are abiotic, the ecosystem itself is primarily defined by the biological interactions and the specific vegetation (flora) that characterizes it, placing it under the Biotic category. Because the image is an unfiltered documentary photograph capturing a real-world physical environment, it is classified as material under the Tangibility axis.",False
/home/pmonserrat/datasets/places/val_formatted/341/Places365_val_00000450.jpg,tundra,True,True,True,,,,,True
/home/pmonserrat/datasets/places/val_formatted/341/Places365_val_00001152.jpg,tundra,True,True,True,yes,biotic,material,"The target entity is 'tundra'. The visual evidence shows a vast, open landscape characterized by low-growing vegetation, shrubs, and distant mountains. This environment is explicitly defined as a 'Biological Ecosystem' under the Inclusion Scope of the Nature Axis, as it is an environment defined by living communities and biological interactions. Furthermore, the visible vegetation (flora) and the geological landforms (mountains, soil) fall under Flora & Plant Derivatives and Geological & Topographical Components respectively, fulfilling the inclusion criteria for nature. Since nature is 'yes', I evaluate the sub-axes. A tundra is a biological ecosystem defined by its specific living communities (flora) and environmental conditions, placing it under the Biotic category. Because the image is an unfiltered documentary photograph capturing a real-world physical environment with mass and physical presence, it is classified as material under the Tangibility axis.",False
/home/pmonserrat/datasets/places/val_formatted/345/Places365_val_00000175.jpg,vegetable garden,True,True,True,yes,biotic,material,"The target entity is a vegetable garden. The visual evidence shows a collection of potted plants and greenery arranged in a space, with a handwritten sign explicitly labeling the area as 'HOUSE PLANTS' and '4'. While the term 'vegetable garden' often implies an outdoor plot, the visual evidence depicts a curated collection of flora (plants) within a domestic or semi-domestic setting. Flora and plant derivatives are explicitly included under the Biotic category of the Nature Axis. The presence of living plants, even in pots, fulfills the inclusion criteria for nature as 'More-Than-Human Living Entities (Flora)'. Since nature is 'yes', I evaluate the sub-axes. The primary subject is the collection of plants (flora), which falls under the Biotic category. The visual evidence captures a real-world physical arrangement of these plants, possessing mass and occupying space, which classifies it as material under the Tangibility axis.",False
/home/pmonserrat/datasets/places/val_formatted/345/Places365_val_00000448.jpg,vegetable garden,True,True,True,yes,biotic,material,"The target entity is a vegetable garden. The visual evidence shows a raised bed structure containing soil and various green plants, including leafy vegetables and herbs. This falls under the inclusion scope for 'Ecosystems & Environments' (specifically 'vegetable gardens') and 'Flora & Plant Derivatives' (the plants themselves). The presence of living organisms and a defined biological environment explicitly fulfills the criteria for nature. Since nature is 'yes', I evaluate the sub-axes. A vegetable garden is an environment defined by living communities (plants) and biological interactions, placing it under Biological Ecosystems within the biotic category. Because the image is an unfiltered documentary photograph capturing a real-world physical environment with mass and physical presence, it is classified as material under the Tangibility axis.",False
/home/pmonserrat/datasets/places/val_formatted/345/Places365_val_00000494.jpg,vegetable garden,True,True,True,yes,biotic,material,"The target entity is a vegetable garden. The visual evidence shows a patch of soil with numerous small green seedlings sprouting, surrounded by mulch and twigs. This environment is explicitly defined under Ecosystems & Environments (specifically 'vegetable gardens' in the Inclusion Scope) and contains Flora & Plant Derivatives (the seedlings). This fulfills the inclusion criteria for nature. Since nature is 'yes', I evaluate the sub-axes. The garden is defined by the living communities of plants (seedlings) and the biological processes occurring within it, placing it under Biological Ecosystems and Flora within the biotic category. Because the image is an unfiltered documentary photograph capturing a real-world physical environment with mass and physical presence, it is classified as material under the Tangibility axis.",False
/home/pmonserrat/datasets/places/val_formatted/345/Places365_val_00001135.jpg,vegetable garden,True,True,True,yes,biotic,material,"The target entity is a vegetable garden. The visual evidence shows a prepared area of land with wooden raised beds, soil, and surrounding grass. This falls under the inclusion scope for Ecosystems & Environments (specifically 'vegetable gardens' are explicitly listed) and Nature-Based Activities (gardening). The presence of soil, grass, and the context of cultivation confirms it is a nature-based environment. Since nature is 'yes', I evaluate the sub-axes. A vegetable garden is an environment defined by living communities (plants, soil microbiome) and biological interactions, placing it under Biological Ecosystems within the biotic category. Because the image is an unfiltered documentary photograph capturing a real-world physical environment, it is classified as material under the Tangibility axis.",False
/home/pmonserrat/datasets/places/val_formatted/347/Places365_val_00000436.jpg,viaduct,False,,,no,none,none,"The target entity is a viaduct. The visual evidence shows a large, multi-arched stone structure spanning a river. While the viaduct is constructed from natural materials (stone), it is a manufactured structural object where the original natural texture is unidentifiable and the object does not depict a natural entity. It falls strictly under the Homogenous Artefacts exclusion and fails the criteria for nature. Not applicable since the entity is not classified as nature.",False
/home/pmonserrat/datasets/places/val_formatted/347/Places365_val_00000849.jpg,viaduct,False,,,no,none,none,"The target entity is a viaduct. The visual evidence shows a large, man-made stone structure built with individual blocks of rock. While the material (stone) is natural, the object itself is a manufactured structural entity where the original natural texture is unidentifiable and the object does not depict a natural entity. It falls strictly under the Homogenous Artefacts exclusion and fails the criteria for nature. Not applicable since the entity is not classified as nature.",False
/home/pmonserrat/datasets/places/val_formatted/347/Places365_val_00001331.jpg,viaduct,False,,,no,none,none,"The target entity is a viaduct. The visual evidence shows a large, multi-arched stone structure spanning a valley. While the viaduct is constructed from natural materials like stone, it is a manufactured structural object where the original natural texture is unidentifiable and the object does not depict a natural entity. It falls strictly under the Homogenous Artefacts exclusion and fails the criteria for nature. Not applicable since the entity is not classified as nature.",False
/home/pmonserrat/datasets/places/val_formatted/347/Places365_val_00001368.jpg,viaduct,False,,,no,none,none,"The target entity is a viaduct. The visual evidence shows a large, man-made stone structure with arches, constructed from bricks and mortar. While the materials (stone, brick) are derived from geological sources, the object itself is a manufactured functional structure where the original natural texture is unidentifiable and the object does not depict a natural entity. It falls strictly under the Homogenous Artefacts exclusion and fails the criteria for nature. Not applicable since the entity is not classified as nature.",False
/home/pmonserrat/datasets/places/val_formatted/348/Places365_val_00000197.jpg,village,False,,,no,none,none,"The target entity is a village. The visual evidence shows a cluster of buildings, houses, and infrastructure situated within a rural landscape. While the village is embedded in a natural environment (fields, trees, hills), the village itself is a human settlement and an administrative or political unit. Under the provided taxonomy, 'Administrative & Political Units' (e.g., countries, counties, districts, cities) are explicitly excluded from the nature classification. Furthermore, the buildings are homogenous artefacts where the natural material is not the primary focus or identifiable as a nature-based artefact in the context of the entity 'village' itself. Therefore, the entity 'village' does not count as nature. Not applicable since the entity is not classified as nature.",False
/home/pmonserrat/datasets/places/val_formatted/348/Places365_val_00001493.jpg,village,False,,,no,none,none,"The target entity is a village. The visual evidence shows a cluster of buildings, roads, and infrastructure situated within a landscape. While the village is embedded in a natural environment (forests, fields, hills), the village itself is a human settlement and an administrative or political unit. Under the provided taxonomy, administrative and political units (e.g., cities, districts, counties) are explicitly excluded from the nature classification, even if they are named after natural features or located within them. Therefore, the village as a human construct does not count as nature. Not applicable since the entity is not classified as nature.",False
/home/pmonserrat/datasets/places/val_formatted/348/Places365_val_00001775.jpg,village,False,,,,,,,True
/home/pmonserrat/datasets/places/val_formatted/348/Places365_val_00002385.jpg,village,False,,,no,none,none,"The target entity is a village. The visual evidence shows a settlement of buildings, cobblestone streets, and people. While the village is situated within a natural environment (indicated by the mountain in the background), the village itself is a human-made administrative and political unit. Under the provided taxonomy, administrative and political units (e.g., countries, counties, districts, cities) fall under the explicit Exclusion Scope and are never classified as nature, regardless of their setting or naming. Not applicable since the entity is not classified as nature.",False
/home/pmonserrat/datasets/places/val_formatted/349/Places365_val_00000144.jpg,vineyard,True,True,True,yes,biotic,material,"The target entity is a vineyard. The visual evidence shows a large agricultural field planted with rows of grapevines. This falls under the inclusion scope for 'Ecosystems & Environments' (specifically vegetable gardens or cultivated environments) and 'Flora & Plant Derivatives' (the grapevines themselves). Cultivated agricultural land where non-human organisms exist and interact is explicitly classified as nature. Since nature is 'yes', I evaluate the sub-axes. A vineyard is an environment defined by the living communities (grapevines) and biological interactions within it, placing it under Biological Ecosystems within the biotic category. Because the image is an unfiltered documentary photograph capturing a real-world physical landscape and environment, it is classified as material under the Tangibility axis.",False
/home/pmonserrat/datasets/places/val_formatted/349/Places365_val_00000437.jpg,vineyard,True,True,True,yes,biotic,material,"The target entity is a vineyard. The visual evidence shows rows of grapevines growing in an agricultural setting. Vineyards are explicitly classified under Biological Ecosystems within the Biotic category, as they are environments defined by living communities (flora) and biological interactions. This fulfills the inclusion criteria for nature. Since nature is 'yes', I evaluate the sub-axes. A vineyard is an agricultural environment defined by the presence of grapevines (flora), placing it under Biological Ecosystems within the biotic category. Because the image is an unfiltered documentary photograph capturing a real-world physical environment with living organisms, it is classified as material under the Tangibility axis.",False
/home/pmonserrat/datasets/places/val_formatted/349/Places365_val_00000490.jpg,vineyard,True,True,True,yes,biotic,material,"The target entity is a vineyard. The visual evidence shows rows of dormant grapevines planted on a hillside, supported by trellis posts. Vineyards are explicitly classified under Biological Ecosystems within the Biotic category, as they are environments defined by living communities (the grapevines) and biological interactions. The presence of the plants and the agricultural land use fulfill the inclusion criteria for nature. Since nature is 'yes', I evaluate the sub-axes. A vineyard is an agricultural environment defined by the cultivation of grapevines (flora), placing it under Biological Ecosystems within the biotic category. Because the image is an unfiltered documentary photograph capturing a real-world physical landscape with physical mass, it is classified as material under the Tangibility axis.",False
/home/pmonserrat/datasets/places/val_formatted/349/Places365_val_00000999.jpg,vineyard,True,True,True,yes,biotic,material,"The target entity is a vineyard. The visual evidence shows rows of cultivated grapevines growing in an agricultural setting. This environment is explicitly defined as a 'Biological Ecosystem' (vegetable gardens, forests, nature reserves) under the Biotic category of the Life Category Axis. Furthermore, the grapevines themselves are Flora & Plant Derivatives. The presence of these living organisms and the defined ecosystem fulfills the inclusion criteria for nature. Since nature is 'yes', I evaluate the sub-axes. A vineyard is an agricultural environment defined by the living communities of grapevines (flora), placing it under the Biotic category. Because the image is an unfiltered documentary photograph capturing a real-world physical environment with mass and space, it is classified as material under the Tangibility axis.",False
/home/pmonserrat/datasets/places/val_formatted/350/Places365_val_00000268.jpg,volcano,True,False,True,yes,abiotic,material,"The target entity is a volcano. The visual evidence shows a large, steep mountain with a crater-like depression at the summit, situated within a mountainous landscape. Volcanoes are geological landforms formed by the eruption of magma, ash, and gases from beneath the Earth's crust. They fall under the inclusion scope of Geological & Mineral elements (rocks, soil, mineral oil, petrol) and Geological & Topographical Components (large-scale landforms, earth structures, natural mineral resources). Therefore, this instance counts as nature. Since nature is 'yes', I evaluate the sub-axes. A volcano is a geological landform and earth structure, placing it under Geological & Topographical Components within the abiotic category. Because the image is an unfiltered documentary photograph capturing a real-world physical landscape, it is classified as material under the Tangibility axis.",False
/home/pmonserrat/datasets/places/val_formatted/350/Places365_val_00001201.jpg,volcano,True,False,True,yes,abiotic,material,"The target entity is a volcano. The visual evidence shows a massive geological landform emitting a plume of ash or smoke. Large-scale landforms, earth structures, and geological formations are explicitly classified under Geological & Topographical Components within the Non-Living Natural Elements & Processes inclusion scope, fulfilling the criteria for nature. Since nature is 'yes', I evaluate the sub-axes. A volcano is a large-scale landform and earth structure, placing it under Geological & Topographical Components within the abiotic category. Because this is an unfiltered documentary depiction (satellite imagery) capturing a real-world physical landscape and geological event, it is classified as material under the Tangibility axis.",False
/home/pmonserrat/datasets/places/val_formatted/350/Places365_val_00001296.jpg,volcano,True,False,True,yes,abiotic,material,"The target entity is a volcano. The visual evidence shows a large, conical mountain with a plume of ash and smoke erupting from its summit, situated next to a body of water. Volcanoes are geological landforms and earth structures, which fall under the 'Geological & Topographical Components' of the Non-Living Natural Elements & Processes inclusion scope. This explicitly fulfills the criteria for nature. Since nature is 'yes', I evaluate the sub-axes. A volcano is a geological landform and earth structure, placing it under Geological & Topographical Components within the abiotic category. Because the image is an unfiltered documentary photograph capturing a real-world physical landscape and geological event, it is classified as material under the Tangibility axis.",False
/home/pmonserrat/datasets/places/val_formatted/350/Places365_val_00001629.jpg,volcano,True,False,True,yes,abiotic,material,"The target entity is a volcano. The visual evidence shows a large, conical mountain structure with visible smoke or ash plumes rising from its crater. This is a real-world geological formation. Large-scale landforms, earth structures, and geological features fall under Geological & Topographical Components within the Non-Living Natural Elements inclusion scope, fulfilling the criteria for nature. Since nature is 'yes', I evaluate the sub-axes. A volcano is a geological landform and earth structure, placing it under Geological & Topographical Components within the abiotic category. Because this is an unfiltered documentary photograph capturing a real-world physical landscape, it is classified as material under the Tangibility axis.",False
/home/pmonserrat/datasets/places/val_formatted/352/Places365_val_00000221.jpg,waiting room,False,,,no,none,none,"The target entity is a 'waiting room'. The visual evidence shows an interior space of a modern home or apartment, furnished with a sofa, coffee table, and large glass doors leading to a garden. This is a functional, man-made architectural space designed for human habitation and social interaction. It does not depict a natural entity, nor is it a natural environment or process. It falls under the exclusion scope for administrative or functional units and homogenous artefacts (the building structure itself), as it is not a representation of nature. Not applicable since the entity is not classified as nature.",False
/home/pmonserrat/datasets/places/val_formatted/352/Places365_val_00000342.jpg,waiting room,False,,,no,none,none,"The target entity is a waiting room. The visual evidence shows an interior space containing wooden benches, tiled floors, and walls. While the furniture (benches) is made of wood, which is a nature-based material, the 'waiting room' itself is a functional, man-made architectural space designed for human use. It does not depict a natural entity, nor is it a natural environment or ecosystem. It falls under the exclusion scope for homogenous artefacts and administrative/political units (as a designated space). Therefore, it is not classified as nature. Not applicable since the entity is not classified as nature.",False
/home/pmonserrat/datasets/places/val_formatted/352/Places365_val_00000503.jpg,waiting room,False,,,no,none,none,"The target entity is a waiting room. The visual evidence shows an interior space of a building containing furniture such as a sofa, a table, and chairs. While the room has windows looking out onto a snowy landscape, the entity itself is a constructed architectural space designed for human use. Administrative and political units (like districts or cities) are excluded, and while a room is a physical space, it is a man-made environment rather than a natural ecosystem or element. It does not fit the definition of a natural environment where non-human entities exist and interact in a natural state, nor is it a representation of nature. Therefore, it falls under the exclusion scope for man-made environments and is not classified as nature. Not applicable since the entity is not classified as nature.",False
/home/pmonserrat/datasets/places/val_formatted/352/Places365_val_00001194.jpg,waiting room,False,,,no,none,none,"The target entity is a 'waiting room'. The visual evidence shows a domestic interior space, specifically a living room or sitting area, indicated by the presence of a sofa, cushions, bookshelves, and a window. The term 'waiting room' is being used metaphorically or descriptively to refer to this space where one might wait (e.g., for a guest or a show), rather than referring to a specific natural entity, ecosystem, or natural process. Administrative and political units, or conversational uses of terms, fall under the Exclusion Scope. Furthermore, the space itself is a constructed human environment, not a natural one. Therefore, it does not fulfill the inclusion criteria for nature. Not applicable since the entity is not classified as nature.",False
/home/pmonserrat/datasets/places/val_formatted/354/Places365_val_00000864.jpg,water tower,False,,,no,none,none,"The target entity is a water tower. The visual evidence shows a large, manufactured industrial structure consisting of a tank supported by columns. It is a functional piece of infrastructure made of metal and concrete. While it may contain water, the structure itself is a homogenous artefact where the original natural texture is unidentifiable and it does not depict a natural entity. It falls strictly under the Homogenous Artefacts exclusion and fails the criteria for nature. Not applicable since the entity is not classified as nature.",False
/home/pmonserrat/datasets/places/val_formatted/354/Places365_val_00000969.jpg,water tower,False,,,no,none,none,"The target entity is a water tower. The visual evidence shows a tall, white, manufactured structure with a cylindrical tank and four legs, standing in a rural landscape. While it is located in a natural setting, the structure itself is a man-made infrastructure object. It is not a natural geological formation, nor does it depict a natural entity. It is a homogenous artefact where the natural texture of the materials (likely metal or painted concrete) is unidentifiable and the object does not depict a natural entity. Therefore, it falls under the Exclusion Scope for homogenous artefacts and is not classified as nature. Not applicable since the entity is not classified as nature.",False
/home/pmonserrat/datasets/places/val_formatted/354/Places365_val_00001007.jpg,water tower,False,,,no,none,none,"The target entity is a water tower. The visual evidence shows a large, cylindrical structure made of dark brick with a conical roof and a large wooden wheel mechanism at the top. This is a manufactured functional object designed for storing water. While it is constructed from natural materials like brick and wood, the original natural texture is completely unidentifiable and altered by the manufacturing process. Furthermore, the object does not depict a natural entity; it is a piece of infrastructure. Therefore, it falls strictly under the Homogenous Artefacts exclusion and fails the criteria for nature. Not applicable since the entity is not classified as nature.",False
/home/pmonserrat/datasets/places/val_formatted/354/Places365_val_00001723.jpg,water tower,False,,,no,none,none,"The target entity is a water tower. The visual evidence shows a manufactured functional object constructed from metal and wood, designed to store and distribute water. While it is situated in a natural environment (near vegetation and water), the structure itself is a homogenous artefact. The original natural texture of the materials is unidentifiable due to the industrial processing and assembly, and the object does not depict a natural entity. Therefore, it falls strictly under the Homogenous Artefacts exclusion and fails the criteria for nature. Not applicable since the entity is not classified as nature.",False
/home/pmonserrat/datasets/places/val_formatted/355/Places365_val_00000198.jpg,waterfall,True,False,True,yes,abiotic,material,"The target entity is a waterfall. The visual evidence captures a real-world flowing body of water cascading over a rocky ledge. Hydrological components (rivers, ponds, lakes, oceans, streams) are explicitly classified under Non-Living Natural Elements & Processes, fulfilling the inclusion criteria for nature. Since nature is 'yes', I evaluate the sub-axes. A waterfall is a fluid flow, placing it under Hydrological Components within the abiotic category. Because the image is an unfiltered documentary depiction capturing a real-world physical environment, it is classified as material under the Tangibility axis.",False
/home/pmonserrat/datasets/places/val_formatted/355/Places365_val_00000407.jpg,waterfall,True,False,True,yes,abiotic,material,"The target entity is a waterfall. The visual evidence shows a real-world flowing body of water cascading down a rocky cliff face. Hydrological components (rivers, ponds, lakes, streams, and waterfalls) are explicitly classified under Non-Living Natural Elements & Processes, fulfilling the inclusion criteria for nature. Since nature is 'yes', I evaluate the sub-axes. A waterfall is a fluid flow, placing it under Hydrological Components within the abiotic category. Because the image is an unfiltered documentary depiction capturing a real-world physical environment, it is classified as material under the Tangibility axis.",False
/home/pmonserrat/datasets/places/val_formatted/355/Places365_val_00000578.jpg,waterfall,True,False,True,yes,abiotic,material,"The target entity is a waterfall. The visual evidence captures a real-world flowing body of water cascading over a rock ledge. Hydrological components (rivers, ponds, lakes, streams, and flowing water) are explicitly classified under Non-Living Natural Elements & Processes, fulfilling the inclusion criteria for nature. Since nature is 'yes', I evaluate the sub-axes. A waterfall is a fluid flow and hydrological phenomenon, placing it under Hydrological Components within the abiotic category. Because the image is an unfiltered documentary depiction capturing a real-world physical environment, it is classified as material under the Tangibility axis.",False
/home/pmonserrat/datasets/places/val_formatted/355/Places365_val_00000689.jpg,waterfall,True,False,True,yes,abiotic,material,"The target entity is a waterfall. The visual evidence captures a real-world flowing body of water cascading over rocks into a pool. Hydrological components (rivers, ponds, lakes, streams, and waterfalls) are explicitly classified under Non-Living Natural Elements & Processes, fulfilling the inclusion criteria for nature. Since nature is 'yes', I evaluate the sub-axes. A waterfall is a fluid flow and hydrological feature, placing it under Hydrological Components within the abiotic category. Because the image is an unfiltered documentary depiction capturing a real-world physical environment, it is classified as material under the Tangibility axis.",False
/home/pmonserrat/datasets/places/val_formatted/356/Places365_val_00000585.jpg,watering hole,False,,,yes,abiotic,material,"The target entity is a 'watering hole'. The visual evidence shows a body of water, likely a shallow pond or marshy area, surrounded by grass and inhabited by birds. Hydrological components (rivers, ponds, lakes, streams) are explicitly classified under Non-Living Natural Elements & Processes in the Nature Definition, fulfilling the inclusion criteria for nature. Since nature is 'yes', I evaluate the sub-axes. A watering hole is a body of water, placing it under Hydrological Components within the abiotic category. Because the image is an unfiltered documentary photograph capturing a real-world physical environment, it is classified as material under the Tangibility axis.",False
/home/pmonserrat/datasets/places/val_formatted/356/Places365_val_00001089.jpg,watering hole,False,,,yes,abiotic,material,"The target entity is a 'watering hole'. The visual evidence shows a body of water in a natural setting, with a heron standing in it. Hydrological components (rivers, ponds, lakes, oceans, streams) are explicitly classified under Non-Living Natural Elements & Processes, fulfilling the inclusion criteria for nature. Since nature is 'yes', I evaluate the sub-axes. A watering hole is a body of water, placing it under Hydrological Components within the abiotic category. Because the image is an unfiltered documentary depiction capturing a real-world physical environment, it is classified as material under the Tangibility axis.",False
/home/pmonserrat/datasets/places/val_formatted/356/Places365_val_00001532.jpg,watering hole,False,,,yes,abiotic,material,"The target entity is a 'watering hole'. The visual evidence shows a body of water where a bird is standing. Hydrological components (rivers, ponds, lakes, streams) are explicitly classified under Non-Living Natural Elements & Processes in the Inclusion Scope, fulfilling the criteria for nature. Since nature is 'yes', I evaluate the sub-axes. A watering hole is a body of water, placing it under Hydrological Components within the abiotic category. Because the image is an unfiltered documentary photograph capturing a real-world physical environment, it is classified as material under the Tangibility axis.",False
/home/pmonserrat/datasets/places/val_formatted/356/Places365_val_00001715.jpg,watering hole,False,,,yes,abiotic,material,"The target entity is a watering hole. The visual evidence shows a real-world body of water surrounded by animals. Hydrological components (rivers, ponds, lakes, streams) are explicitly classified under Non-Living Natural Elements & Processes, fulfilling the inclusion criteria for nature. Since nature is 'yes', I evaluate the sub-axes. A watering hole is a body of water, placing it under Hydrological Components within the abiotic category. Because the image is an unfiltered documentary depiction capturing a real-world physical environment, it is classified as material under the Tangibility axis.",False
/home/pmonserrat/datasets/places/val_formatted/357/Places365_val_00000119.jpg,wave,False,,,yes,abiotic,material,"The target entity is a wave. The visual evidence shows a real-world ocean wave breaking near the shore. Hydrological components (rivers, ponds, lakes, oceans, streams) and fluid flows are explicitly classified under Non-Living Natural Elements & Processes, fulfilling the inclusion criteria for nature. Since nature is 'yes', I evaluate the sub-axes. A wave is a fluid flow within a hydrological component (ocean), placing it under Hydrological Components within the abiotic category. Because the image is an unfiltered documentary depiction capturing a real-world physical environment, it is classified as material under the Tangibility axis.",False
/home/pmonserrat/datasets/places/val_formatted/357/Places365_val_00000605.jpg,wave,False,,,yes,abiotic,material,"The target entity is a wave. The visual evidence shows a real-world body of water in motion, specifically the foamy crest of a wave breaking on the surface. Hydrological components (rivers, ponds, lakes, oceans, streams) and fluid flows are explicitly classified under Non-Living Natural Elements & Processes, fulfilling the inclusion criteria for nature. Since nature is 'yes', I evaluate the sub-axes. A wave is a fluid flow and meteorological phenomenon, placing it under Hydrological Components within the abiotic category. Because the image is an unfiltered documentary photograph capturing a real-world physical environment, it is classified as material under the Tangibility axis.",False
/home/pmonserrat/datasets/places/val_formatted/357/Places365_val_00000900.jpg,wave,False,,,yes,abiotic,material,"The target entity is a wave. The visual evidence captures a real-world ocean scene where water is crashing against a concrete structure, creating a splash. Hydrological components (rivers, ponds, lakes, oceans, streams) and fluid flows are explicitly classified under Non-Living Natural Elements & Processes, fulfilling the inclusion criteria for nature. Since nature is 'yes', I evaluate the sub-axes. A wave is a fluid flow within a hydrological component (ocean), placing it under Hydrological Components within the abiotic category. Because the image is an unfiltered documentary depiction capturing a real-world physical phenomenon, it is classified as material under the Tangibility axis.",False
/home/pmonserrat/datasets/places/val_formatted/357/Places365_val_00001279.jpg,wave,False,,,yes,abiotic,material,"The target entity is a wave. The visual evidence shows a real-world body of water with visible ripples and crests moving towards the shore. Hydrological components (rivers, ponds, lakes, oceans, streams) and fluid flows are explicitly classified under Non-Living Natural Elements & Processes, fulfilling the inclusion criteria for nature. Since nature is 'yes', I evaluate the sub-axes. A wave is a fluid flow within a hydrological component (ocean), placing it under Hydrological Components within the abiotic category. Because the image is an unfiltered documentary depiction capturing a real-world physical environment, it is classified as material under the Tangibility axis.",False
/home/pmonserrat/datasets/places/val_formatted/358/Places365_val_00000002.jpg,wet bar,False,,,yes,biotic,material,"The target entity is a wet bar. The visual evidence shows a kitchen island or counter area equipped with a sink and faucet, surrounded by wooden cabinetry. The primary material of the cabinetry is wood, which is a processed material derived from trees. Under the inclusion criteria, manufactured objects where the natural material of origin remains visually identifiable by its structure, grain, or texture (e.g., wooden tables with visible wood grain) count as Nature-Based Artefacts. The wood grain and paneling are clearly visible, fulfilling the criteria for nature. Since nature is 'yes', I evaluate the sub-axes. The wet bar is constructed primarily of wood, which is a processed material derived from trees, placing it under Flora & Plant Derivatives within the biotic category. Because the image is a standard, literal, realistic digital photograph capturing a real-world physical environment, it is classified as material under the Tangibility axis.",False
/home/pmonserrat/datasets/places/val_formatted/358/Places365_val_00000240.jpg,wet bar,False,,,no,none,none,"The target entity is a wet bar. The visual evidence shows a manufactured functional object consisting of a countertop, cabinetry, and a sink. While the countertop appears to be made of stone or laminate and the cabinetry is wood, the object is a homogenous artefact designed for a specific functional purpose (serving drinks) rather than being a natural entity or a representation of one. The natural materials (wood, stone) are processed and integrated into a manufactured structure where the original natural texture is not the primary defining feature of the object itself in the way a 'wooden table' might be. It falls under the exclusion scope for homogenous artefacts. Not applicable since the entity is not classified as nature.",False
/home/pmonserrat/datasets/places/val_formatted/358/Places365_val_00001384.jpg,wet bar,False,,,yes,biotic,material,"The target entity is a wet bar. The visual evidence shows a built-in wooden shelving unit and counter, likely made of wood or wood-veneer, with visible grain and texture. While it is a manufactured functional object, the inclusion criteria for Nature-Based Artefacts explicitly state that crafted or manufactured objects where the natural material of origin remains visually identifiable by its structure, grain, or texture count as nature. The wood grain is clearly visible on the shelves and the counter surface, fulfilling the inclusion criteria. Since nature is 'yes', I evaluate the sub-axes. The wet bar is constructed primarily from wood, which is a processed material derived from trees, placing it under Flora & Plant Derivatives within the biotic category. Because the image is an unfiltered documentary photograph capturing a real-world physical object with mass that occupies space, it is classified as material under the Tangibility axis.",False
/home/pmonserrat/datasets/places/val_formatted/358/Places365_val_00002863.jpg,wet bar,False,,,no,none,none,"The target entity is a wet bar. The visual evidence shows a manufactured kitchen island structure with a countertop and seating. While the countertop appears to be made of stone or laminate with a pattern, the primary function and structure of a 'wet bar' is a homogenous artefact designed for utility (mixing drinks, food prep). The natural material (if stone) is processed into a functional surface where the original natural texture is not the defining visual characteristic of the object itself, but rather a functional finish. More importantly, the term 'wet bar' refers to the functional unit of the kitchen, not a natural entity, ecosystem, or representation of nature. It falls under the exclusion scope of homogenous artefacts and functional objects where the natural material is not visually identifiable as the primary structural element in a way that defines it as a nature-based artefact (like a wooden table with visible grain). Not applicable since the entity is not classified as nature.",False
/home/pmonserrat/datasets/places/val_formatted/359/Places365_val_00001360.jpg,wheat field,True,True,True,yes,biotic,material,"The target entity is a wheat field. The visual evidence shows a vast expanse of green crops growing in rows under a blue sky. Wheat is a cultivated plant, which falls under the Flora & Plant Derivatives inclusion scope of the Biotic category. Furthermore, the field itself represents a biological ecosystem defined by living communities, fulfilling the criteria for nature. Since nature is 'yes', I evaluate the sub-axes. Wheat is a plant, placing it under Flora & Plant Derivatives within the biotic category. Because the image is an unfiltered documentary photograph capturing a real-world physical environment with mass and physical presence, it is classified as material under the Tangibility axis.",False
/home/pmonserrat/datasets/places/val_formatted/359/Places365_val_00002999.jpg,wheat field,True,True,True,yes,biotic,material,"The target entity is a wheat field. The visual evidence shows a real-world agricultural landscape dominated by wheat plants and interspersed with red poppy flowers. Wheat is a cultivated plant (flora), and poppies are wild or cultivated flowers (flora). Under the Inclusion Scope for Nature, cultivated plants and biological ecosystems (such as agricultural fields) are explicitly included as Flora & Plant Derivatives and Biological Ecosystems. This fulfills the criteria for nature. Since nature is 'yes', I evaluate the sub-axes. The primary components of a wheat field are wheat plants and poppy flowers, which are living organisms (flora). This places the entity under the Biotic category. Because the image is an unfiltered documentary photograph capturing a real-world physical environment with mass and physical presence, it is classified as material under the Tangibility axis.",False
/home/pmonserrat/datasets/places/val_formatted/359/Places365_val_00003059.jpg,wheat field,True,True,True,yes,biotic,material,"The target entity is a wheat field. The visual evidence shows a real-world expanse of tall, dry grasses or grain stalks against a blue sky with clouds. Flora (plants) and biological ecosystems (fields, natural environments) are explicitly classified under the Inclusion Scope of Nature. This is a depiction of a living biological community, fulfilling the criteria for nature. Since nature is 'yes', I evaluate the sub-axes. Wheat is a type of plant (flora), placing it under the Biotic category. Because the image is an unfiltered documentary photograph capturing a real-world physical environment with mass and physical presence, it is classified as material under the Tangibility axis.",False
/home/pmonserrat/datasets/places/val_formatted/359/Places365_val_00003697.jpg,wheat field,True,True,True,yes,biotic,material,"The target entity is a wheat field. The visual evidence shows a close-up of golden stalks of grain, which are clearly identifiable as plants. Flora and plant derivatives are explicitly included under the Inclusion Scope of Nature (More-Than-Human Living Entities). This is a real-world physical environment, not a fictional or homogenous artefact, thus fulfilling the criteria for nature. Since nature is 'yes', I evaluate the sub-axes. Wheat is a type of plant (flora), placing it under the Biotic category. Because the image is an unfiltered documentary photograph capturing a real-world physical environment with mass and physical presence, it is classified as material under the Tangibility axis.",False
/home/pmonserrat/datasets/places/val_formatted/360/Places365_val_00000038.jpg,wind farm,False,,,no,none,none,"The target entity is a wind farm. The visual evidence shows a collection of man-made structures (wind turbines) situated in an open landscape. While the wind turbines themselves are manufactured functional objects where the original natural texture is unidentifiable (Homogenous Artefacts), the term 'wind farm' explicitly references the wind, a meteorological phenomenon. However, the primary visual subject is the infrastructure. Under the strict definition, the turbines are excluded as homogenous artefacts. The surrounding environment (field, sky) is nature, but the specific target 'wind farm' refers to the human-made infrastructure. Therefore, the entity itself is not classified as nature. Not applicable since the entity is not classified as nature.",False
/home/pmonserrat/datasets/places/val_formatted/360/Places365_val_00000874.jpg,wind farm,False,,,no,none,none,"The target entity is a wind farm. The visual evidence shows a series of large, manufactured turbines standing in a body of water. While the turbines are situated in a natural environment (the ocean), the turbines themselves are homogenous artefacts—manufactured functional objects where the original natural texture is unidentifiable and they do not depict a natural entity. They are engineered structures, not natural elements, organisms, or representations of nature. Therefore, they fall under the Exclusion Scope for homogenous artefacts and are not classified as nature. Not applicable since the entity is not classified as nature.",False
/home/pmonserrat/datasets/places/val_formatted/360/Places365_val_00000927.jpg,wind farm,False,,,no,none,none,"The target entity is a wind farm. The visual evidence shows a collection of large, white, manufactured structures (wind turbines) situated on a rocky hilltop. These structures are clearly artificial, engineered objects designed for energy generation. They are not natural formations, nor do they depict natural entities. While they are located within a natural landscape (a hill with vegetation and a view of water), the wind farm itself is a human-made infrastructure. Under the provided taxonomy, manufactured structural or functional objects where the original natural texture is unidentifiable and the object does not depict a natural entity fall under the Homogenous Artefacts exclusion. Therefore, the wind farm does not count as nature. Not applicable since the entity is not classified as nature.",False
/home/pmonserrat/datasets/places/val_formatted/360/Places365_val_00001035.jpg,wind farm,False,,,,,,,True
/home/pmonserrat/datasets/places/val_formatted/361/Places365_val_00000160.jpg,windmill,False,,,no,none,none,"The target entity is a windmill. The visual evidence shows a manufactured functional object made of metal and wood, standing against a blue sky. While it is situated in a natural environment, the windmill itself is a human-made structure. Under the provided taxonomy, homogenous artefacts (manufactured objects where the original natural texture is unidentifiable and the object does not depict a natural entity) are explicitly excluded from the nature classification. The windmill is a functional machine, not a natural entity, nor does it depict one. Not applicable since the entity is not classified as nature.",False
/home/pmonserrat/datasets/places/val_formatted/361/Places365_val_00000650.jpg,windmill,False,,,no,none,none,"The target entity is a windmill. The visual evidence shows a row of traditional structures with large rotating blades situated in a snowy landscape. These are manufactured functional objects designed for human use (grinding grain or pumping water). The materials (wood, metal) are processed and their natural texture is unidentifiable, and the object itself does not depict a natural entity. Therefore, it falls strictly under the Homogenous Artefacts exclusion and fails the criteria for nature. Not applicable since the entity is not classified as nature.",False
/home/pmonserrat/datasets/places/val_formatted/361/Places365_val_00002687.jpg,windmill,False,,,no,none,none,"The target entity is a windmill. The visual evidence shows a tall, metal lattice structure with a rotating fan assembly, standing in a snowy field. This is a manufactured functional object designed to harness wind energy. The materials (metal, steel) are processed industrial materials where the original natural texture is unidentifiable, and the object itself does not depict a natural entity (it is not a statue of a windmill or a painting of one). It falls strictly under the Homogenous Artefacts exclusion and fails the criteria for nature. Not applicable since the entity is not classified as nature.",False
/home/pmonserrat/datasets/places/val_formatted/361/Places365_val_00002966.jpg,windmill,False,,,no,none,none,"The target entity is a windmill. The visual evidence shows a large, constructed structure made of wood and metal, situated next to a body of water. While the materials (wood, metal) are derived from nature, the object itself is a manufactured functional structure where the original natural texture is unidentifiable and it does not depict a natural entity. It falls strictly under the Homogenous Artefacts exclusion and fails the criteria for nature. Not applicable since the entity is not classified as nature.",False
/home/pmonserrat/datasets/places/val_formatted/363/Places365_val_00000071.jpg,youth hostel,False,,,no,none,none,"The target entity is a youth hostel. The visual evidence shows an interior room of a building, featuring a bed, a window with an air conditioner, a bathroom, and a small table. A youth hostel is a type of accommodation or lodging facility, which is a human-made administrative and political unit (a place for humans to stay). Under the provided taxonomy, human beings and administrative/political units (including places defined by human habitation or management like hotels, hostels, or cities) fall under the Exclusion Scope. The building itself is a homogenous artefact where the natural material (wood, concrete, glass) is processed and unidentifiable as a natural entity, and the space is defined by human function rather than natural processes or ecosystems. Not applicable since the entity is not classified as nature.",False
/home/pmonserrat/datasets/places/val_formatted/363/Places365_val_00000178.jpg,youth hostel,False,,,no,none,none,"The target entity is a youth hostel. The visual evidence shows a room interior with a bed, a table, a window, and a potted plant. A youth hostel is a type of accommodation or lodging facility, which is a human-made administrative and political unit (a business or service provider) rather than a natural entity. While the room contains natural elements (the plant, the wood of the furniture, the view of trees outside), the entity 'youth hostel' itself refers to the human-managed establishment. Under the Exclusion Scope, administrative and political units (including businesses and facilities) are not classified as nature. Furthermore, the room itself is a homogenous artefact (a constructed interior space) where the natural texture is not the primary defining feature of the entity 'youth hostel'. Not applicable since the entity is not classified as nature.",False
/home/pmonserrat/datasets/places/val_formatted/363/Places365_val_00000212.jpg,youth hostel,False,,,no,none,none,"The target entity is a youth hostel. The visual evidence shows a room containing furniture such as bunk beds, a single bed, a desk, and chairs. These are manufactured functional objects. While the furniture is made of wood, the primary classification of the entity 'youth hostel' refers to the accommodation facility or the building itself, which is a homogenous artefact. The wood grain is visible on the furniture, but the entity being classified is the 'youth hostel' as a concept or facility, not the specific wooden plank. Furthermore, the building structure itself is a homogenous artefact where the original natural texture is unidentifiable. Therefore, it falls under the Homogenous Artefacts exclusion and fails the criteria for nature. Not applicable since the entity is not classified as nature.",False
/home/pmonserrat/datasets/places/val_formatted/363/Places365_val_00000421.jpg,youth hostel,False,,,no,none,none,"The target entity is a youth hostel. The visual evidence shows an interior room with furniture, curtains, and a bed. A youth hostel is an administrative and political unit (a type of accommodation or establishment) rather than a natural entity. Under the Exclusion Scope, administrative and political units, including establishments or buildings defined by their function rather than natural material, are not classified as nature. The room itself is a constructed environment, not a natural ecosystem or element. Not applicable since the entity is not classified as nature.",False
/home/pmonserrat/datasets/places/val_formatted/37/Places365_val_00000831.jpg,bank vault,False,,,no,none,none,"The target entity is a bank vault. The visual evidence shows a manufactured structural object made of metal and glass. Because the original natural texture of the materials is completely unidentifiable and altered, and the object does not depict a natural entity, it falls strictly under the Homogenous Artefacts exclusion and fails the criteria for nature. Not applicable since the entity is not classified as nature.",False
/home/pmonserrat/datasets/places/val_formatted/37/Places365_val_00000958.jpg,bank vault,False,,,no,none,none,"The target entity is a bank vault. The visual evidence shows a heavy-duty metal door with a large, rusted locking mechanism and a grid-like structure. This is a manufactured functional object designed for security. The materials (metal, glass, wood frame) are processed and their original natural textures are unidentifiable. Furthermore, the object does not depict a natural entity. It falls strictly under the Homogenous Artefacts exclusion and fails the criteria for nature. Not applicable since the entity is not classified as nature.",False
/home/pmonserrat/datasets/places/val_formatted/37/Places365_val_00002309.jpg,bank vault,False,,,no,none,none,"The target entity is a 'bank vault' ventilator mechanism. The visual evidence shows a manufactured functional object made of metal (brass and steel) with a circular dial and handles. The object is a piece of industrial hardware designed for a specific function (ventilation). The materials (metal) are processed and their original natural texture is unidentifiable. Furthermore, the object does not depict a natural entity. It falls strictly under the Homogenous Artefacts exclusion and fails the criteria for nature. Not applicable since the entity is not classified as nature.",False
/home/pmonserrat/datasets/places/val_formatted/37/Places365_val_00002576.jpg,bank vault,False,,,no,none,none,"The target entity is a bank vault. The visual evidence shows a heavy-duty, manufactured metal structure with doors and hinges. It is a functional object made of processed materials (steel/metal) where the original natural texture is unidentifiable and the object does not depict a natural entity. It falls strictly under the Homogenous Artefacts exclusion and fails the criteria for nature. Not applicable since the entity is not classified as nature.",False
/home/pmonserrat/datasets/places/val_formatted/37/Places365_val_00003088.jpg,bank vault,False,,,no,none,none,"The target entity is a bank vault. The visual evidence shows a heavy-duty metal door with a complex grid of steel beams and a central locking mechanism. This is a manufactured functional object designed for security. The materials (steel, metal) are processed industrial materials where the original natural texture is unidentifiable and the object does not depict a natural entity. It falls strictly under the Homogenous Artefacts exclusion and fails the criteria for nature. Not applicable since the entity is not classified as nature.",False
/home/pmonserrat/datasets/places/val_formatted/39/Places365_val_00000153.jpg,bar,False,,,yes,biotic,material,"The target entity is a bar. The visual evidence shows a long, polished wooden counter with a reflective surface, situated in a social setting. While the bar is a manufactured object, the surface clearly displays the natural grain and texture of the wood, making the natural material of origin visually identifiable. This fits the definition of a Nature-Based Artefact, where the natural material remains identifiable by its structure, grain, or texture, fulfilling the inclusion criteria for nature. Since nature is 'yes', I evaluate the sub-axes. The bar is constructed from wood, which is a processed material derived from trees (Flora), placing it under the biotic category. Because the image is an unfiltered documentary photograph capturing a real-world physical object with mass that occupies space, it is classified as material under the Tangibility axis.",False
/home/pmonserrat/datasets/places/val_formatted/39/Places365_val_00000462.jpg,bar,False,,,no,none,none,"The target entity is a bar. The visual evidence shows a long, flat, horizontal surface, likely a counter or table, situated in an indoor setting. The surface appears to be made of a smooth, possibly metallic or plastic material, with no visible natural grain, texture, or structure that would identify it as a wood or stone artefact. It is a manufactured functional object where the original natural texture is unidentifiable and the object does not depict a natural entity. Therefore, it falls under the Homogenous Artefacts exclusion and fails the criteria for nature. Not applicable since the entity is not classified as nature.",False
/home/pmonserrat/datasets/places/val_formatted/39/Places365_val_00000944.jpg,bar,False,,,yes,biotic,material,"The target entity is a bar. The visual evidence shows a wooden shelving unit with visible wood grain and texture. While the object is manufactured, the natural material of origin (wood) remains visually identifiable by its grain and texture, fulfilling the inclusion criteria for Nature-Based Artefacts. Since nature is 'yes', I evaluate the sub-axes. The bar is made of wood, which is a processed material derived from trees, placing it under Flora & Plant Derivatives within the biotic category. Because it is a real-world physical object with mass that occupies space, it is classified as material under the Tangibility axis.",False
/home/pmonserrat/datasets/places/val_formatted/39/Places365_val_00001191.jpg,bar,False,,,yes,biotic,material,"The target entity is a bar. The visual evidence shows a dark, polished wooden surface with a glass of liquid placed upon it. The surface exhibits a distinct, continuous wood grain pattern and texture, which is characteristic of a wooden table or counter. According to the inclusion criteria, manufactured objects where the natural material of origin remains visually identifiable by its structure, grain, or texture (e.g., wooden tables with visible wood grain) are classified as Nature-Based Artefacts. Therefore, the wooden surface of the bar qualifies as nature. Since nature is 'yes', I evaluate the sub-axes. The bar surface is made of wood, which is a processed material derived from trees (Flora & Plant Derivatives), placing it under the biotic category. Because the image is a standard, literal, realistic digital photograph capturing a real-world physical object with mass, it is classified as material under the Tangibility axis.",False
/home/pmonserrat/datasets/places/val_formatted/39/Places365_val_00001426.jpg,bar,False,,,yes,biotic,material,"The target entity is a bar. The visual evidence shows a glass containing a dark liquid, likely a beverage, with a spoon inside. The term 'bar' in this context refers to the liquid drink itself, which is a processed food or drink item. Processed food and drinks at any processing level are explicitly included under the Inclusion Scope of Nature (The Ingestion Criterion). Since nature is 'yes', I evaluate the sub-axes. The entity is a processed drink, which falls under the category of Processed Food & Drinks (The Ingestion Criterion). In the Life Category Axis, processed food and drinks are derivatives of biological processes (e.g., from plants or animals), placing them under the Biotic category. Because the image is a standard, literal, realistic digital photograph capturing a real-world physical substance with mass, it is classified as Material under the Tangibility axis.",False
/home/pmonserrat/datasets/places/val_formatted/4/Places365_val_00000047.jpg,alley,False,,,no,none,none,"The target entity is an alley. The visual evidence shows a narrow paved passage between two walls, flanked by stone and brick structures. While the alley is a built environment, the definition of nature includes 'Nature-Based Activities' (physical activities explicitly taking place within or directly engaging with natural environments or elements) and 'Ecosystems & Environments' (natural or semi-natural environments). However, an alley is a constructed urban space, not a natural environment. It is a homogenous artefact in the sense that it is a manufactured structural object where the original natural texture is unidentifiable and the object does not depict a natural entity. It is a man-made urban feature, not a natural one. Therefore, it falls under the Exclusion Scope for homogenous artefacts and administrative/political units (as it is a defined urban space). Not applicable since the entity is not classified as nature.",False
/home/pmonserrat/datasets/places/val_formatted/4/Places365_val_00000246.jpg,alley,False,,,no,none,none,"The target entity is an alley. The visual evidence shows a narrow paved passage between buildings, which is a constructed, man-made environment. While there are natural elements present in the scene (such as the ivy growing on the wall and the streetlights), the alley itself is a human-made structure and administrative unit (a specific type of street or passage). Under the provided taxonomy, administrative and political units (like streets, districts, or cities) are explicitly excluded from the nature classification. Furthermore, the alley is a homogenous artefact in the sense that it is a constructed space where the original natural texture is unidentifiable and it does not depict a natural entity. Therefore, it falls under the exclusion scope. Not applicable since the entity is not classified as nature.",False
/home/pmonserrat/datasets/places/val_formatted/4/Places365_val_00001226.jpg,alley,False,,,no,none,none,"The target entity is an alley. The visual evidence shows a paved, man-made passageway situated between buildings. While the alley is a physical space, it is a constructed environment defined by human architecture and infrastructure (walls, pavement, doors). It does not fit the definition of a natural or semi-natural environment (e.g., forest, park, garden) nor does it represent a natural element or process. It is a built environment feature, not a nature-based one. Not applicable since the entity is not classified as nature.",False
/home/pmonserrat/datasets/places/val_formatted/4/Places365_val_00001317.jpg,alley,False,,,no,none,none,"The target entity is an alley. The visual evidence shows a narrow paved passage between buildings, characterized by stone paving and arched walkways. While the materials (stone, concrete) are natural in origin, the alley itself is a constructed, man-made infrastructure element designed for human passage. It does not depict a natural entity, nor does it retain the visually identifiable natural texture of the raw materials in a way that classifies it as a 'Nature-Based Artefact' (which requires the natural material to be the primary visual feature, like a wooden table with visible grain). Instead, it functions as a homogenous artefact or built environment, which falls under the exclusion scope for administrative or built structures that are not explicitly nature-based. Not applicable since the entity is not classified as nature.",False
/home/pmonserrat/datasets/places/val_formatted/4/Places365_val_00002467.jpg,alley,False,,,no,none,none,"The target entity is an alley. The visual evidence shows a paved, built-up passage between buildings, characterized by walls, doors, and a street lamp. This is a constructed, artificial environment defined by human infrastructure and administrative boundaries. It does not fit the inclusion criteria for nature, which requires more-than-human living entities, natural ecosystems, non-living natural elements (like rivers or mountains), or nature-based artefacts where the natural material remains visually identifiable. An alley is a homogenous artefact or administrative unit, falling under the exclusion scope. Not applicable since the entity is not classified as nature.",False
/home/pmonserrat/datasets/places/val_formatted/40/Places365_val_00000187.jpg,barn,False,,,yes,biotic,material,"The target entity is a barn. The visual evidence shows a large, weathered wooden structure with a metal roof situated in a rural landscape. While the barn is a manufactured object, the walls are constructed from wooden planks where the natural grain and texture of the wood are clearly visible and identifiable. According to the inclusion scope for Nature-Based Artefacts, manufactured objects where the natural material of origin remains visually identifiable by its structure, grain, or texture (e.g., wooden tables with visible wood grain) count as nature. Therefore, this barn qualifies as nature. Since nature is 'yes', I evaluate the sub-axes. The barn is constructed primarily from wood, which is a processed material derived from trees (Flora & Plant Derivatives), placing it under the biotic category. Because the image is an unfiltered documentary photograph capturing a real-world physical structure with mass occupying space, it is classified as material under the Tangibility axis.",False
/home/pmonserrat/datasets/places/val_formatted/40/Places365_val_00000301.jpg,barn,False,,,no,none,none,"The target entity is a barn. The visual evidence shows a large, man-made structure constructed primarily from wood and stone. While the materials (wood, stone) are natural in origin, the barn itself is a manufactured structural object. According to the exclusion scope, homogenous artefacts—manufactured structural or functional objects where the original natural texture is unidentifiable and the object does not depict a natural entity—are not classified as nature. Although the wood has visible grain, the barn is a functional building, not a 'Nature-Based Artefact' in the sense of a crafted object where the natural material remains the primary visual identity (like a wooden table). It is a human-made structure, not a natural entity or a representation of one. Not applicable since the entity is not classified as nature.",False
/home/pmonserrat/datasets/places/val_formatted/40/Places365_val_00000468.jpg,barn,False,,,no,none,none,"The target entity is a barn. The visual evidence shows a large, man-made structure with a corrugated metal roof and plastered walls. While the barn is situated within a natural environment (surrounded by grass, trees, and a road), the structure itself is a manufactured functional object. The materials (metal, plaster, wood) have been processed to the point where their original natural texture is unidentifiable, and the object does not depict a natural entity. Therefore, it falls under the Homogenous Artefacts exclusion and fails the criteria for nature. Not applicable since the entity is not classified as nature.",False
/home/pmonserrat/datasets/places/val_formatted/40/Places365_val_00001156.jpg,barn,False,,,no,none,none,"The target entity is a barn. The visual evidence shows a red, wooden structure situated in a rural landscape. While the barn itself is a manufactured object, the image depicts it as part of a broader natural setting (a field, hills, sky). However, the barn is a homogenous artefact where the original natural texture is unidentifiable and it does not depict a natural entity. It is a functional structure, not a representation of nature. Therefore, it falls under the Homogenous Artefacts exclusion and fails the criteria for nature. Not applicable since the entity is not classified as nature.",False
/home/pmonserrat/datasets/places/val_formatted/40/Places365_val_00001261.jpg,barn,False,,,no,none,none,"The target entity is a barn. The visual evidence shows a red, roofed structure partially obscured by dense green foliage. A barn is a manufactured structural object designed for human use (storage, housing animals). Under the provided taxonomy, homogenous artefacts—manufactured structural or functional objects where the original natural texture is unidentifiable and the object does not depict a natural entity—are explicitly excluded from the nature classification. While the barn is surrounded by nature (trees, bushes), the barn itself is a functional human-made structure, not a natural entity, ecosystem, or representation of nature. Not applicable since the entity is not classified as nature.",False
/home/pmonserrat/datasets/places/val_formatted/41/Places365_val_00000375.jpg,barndoor,False,,,yes,biotic,material,"The target entity is a barndoor. The visual evidence shows a weathered wooden structure with vertical planks, a window, and a climbing vine growing on the surface. The primary material is wood, which is a processed material derived from trees. Under the Nature Definition, manufactured objects where the natural material of origin remains visually identifiable by its structure, grain, or texture (e.g., wooden tables with visible wood grain) are classified as Nature-Based Artefacts. The visible wood grain and texture on the door panels fulfill this inclusion criterion. Since nature is 'yes', I evaluate the sub-axes. The door is constructed from wood, which is a processed material derived from trees, placing it under Flora & Plant Derivatives within the biotic category. Because the image is an unfiltered documentary photograph capturing a real-world physical object with mass that occupies space, it is classified as material under the Tangibility axis.",False
/home/pmonserrat/datasets/places/val_formatted/41/Places365_val_00000735.jpg,barndoor,False,,,no,none,none,"The target entity is a barndoor. The visual evidence shows a large, grey, arched door set within a stone archway. The door is a manufactured functional object made of smooth, painted material. Because the original natural texture of the materials is completely unidentifiable and altered, and the object does not depict a natural entity, it falls strictly under the Homogenous Artefacts exclusion and fails the criteria for nature. Not applicable since the entity is not classified as nature.",False
/home/pmonserrat/datasets/places/val_formatted/41/Places365_val_00001020.jpg,barndoor,False,,,no,none,none,"The target entity is a barndoor. The visual evidence shows a large, rectangular opening in the side of a wooden barn structure. This opening is a functional architectural element designed for the passage of people, animals, or equipment. While the barn itself is constructed from wood (a Nature-Based Artefact), the specific target 'barndoor' refers to the void or the functional architectural feature of the building. In the context of the provided taxonomy, architectural openings and structural voids are not classified as nature. They are functional components of a built environment, similar to a window or a door in a house. The exclusion scope for 'Homogenous Artefacts' covers manufactured structural objects where the natural texture is unidentifiable or the object does not depict a natural entity. A door opening is a structural void, not a natural entity, process, or representation of one. Therefore, it falls outside the inclusion criteria for nature. Not applicable since the entity is not classified as nature.",False
/home/pmonserrat/datasets/places/val_formatted/41/Places365_val_00001854.jpg,barndoor,False,,,no,none,none,"The target entity is a barndoor. The visual evidence shows a manufactured structural object, specifically a door, set within a wooden building. While the door is made of wood, which is a natural material, the object itself is a homogenous artefact. The original natural texture of the wood is completely obscured by the green paint and the functional design of the door panels. The object does not depict a natural entity; it is a functional architectural component. Therefore, it falls strictly under the Homogenous Artefacts exclusion and fails the criteria for nature. Not applicable since the entity is not classified as nature.",False
/home/pmonserrat/datasets/places/val_formatted/41/Places365_val_00001864.jpg,barndoor,False,,,yes,biotic,material,"The target entity is a barndoor. The visual evidence shows a large, rectangular wooden structure set into a weathered wooden wall. The door is constructed from vertical planks of wood, and the natural grain and texture of the wood are clearly visible and identifiable. According to the inclusion scope for Nature-Based Artefacts, manufactured objects where the natural material of origin remains visually identifiable by its structure, grain, or texture (e.g., wooden tables with visible wood grain) count as nature. Therefore, this wooden door qualifies as nature. Since nature is 'yes', I evaluate the sub-axes. The door is made of wood, which is a processed material derived from trees, placing it under Flora & Plant Derivatives within the biotic category. Because the image is an unfiltered documentary photograph capturing a real-world physical object with mass that occupies space, it is classified as material under the Tangibility axis.",False
/home/pmonserrat/datasets/places/val_formatted/42/Places365_val_00000011.jpg,baseball field,False,,,,,,,True
/home/pmonserrat/datasets/places/val_formatted/42/Places365_val_00000103.jpg,baseball field,False,,,,,,,True
/home/pmonserrat/datasets/places/val_formatted/42/Places365_val_00000130.jpg,baseball field,False,,,,,,,True
/home/pmonserrat/datasets/places/val_formatted/42/Places365_val_00000825.jpg,baseball field,False,,,yes,biotic,material,"The target entity is a baseball field. The visual evidence shows a real-world sports venue featuring a manicured grass outfield and a dirt infield. The grass is a cultivated plant (Flora), and the dirt is soil (Geological & Mineral). The field is a physical environment where these non-human entities exist and interact, fulfilling the inclusion criteria for Nature-Based Activities and Ecosystems & Environments. Since nature is 'yes', I evaluate the sub-axes. The field is composed of grass (Flora) and soil (Geological), placing it under the biotic category due to the presence of living plant life. Because this is an unfiltered documentary photograph capturing a real-world physical environment, it is classified as material under the Tangibility axis.",False
/home/pmonserrat/datasets/places/val_formatted/42/Places365_val_00000860.jpg,baseball field,False,,,,,,,True
/home/pmonserrat/datasets/places/val_formatted/43/Places365_val_00000093.jpg,basement,False,,,no,none,none,"The target entity is a basement. The visual evidence shows an interior space of a building, characterized by unfinished walls, exposed joists, and construction materials. A basement is a structural, architectural component of a man-made building. It is a constructed environment, not a natural ecosystem or environment. While it may contain natural materials (like wood or stone), the entity itself is a human-made administrative or structural unit, which falls under the Exclusion Scope for Administrative & Political Units and Homogenous Artefacts (as a structural object). It does not depict a natural entity, nor is it a natural process or element. Not applicable since the entity is not classified as nature.",False
/home/pmonserrat/datasets/places/val_formatted/43/Places365_val_00000138.jpg,basement,False,,,no,none,none,"The target entity is a basement. The visual evidence shows an interior room of a building, characterized by concrete walls, a tiled floor, and a ceiling with exposed pipes and ductwork. A basement is a structural, man-made architectural space designed for human habitation or storage. It does not depict a natural entity, nor is it a natural environment or element. It falls strictly under the exclusion scope for homogenous artefacts and administrative/political units (as a defined space within a building), failing the criteria for nature. Not applicable since the entity is not classified as nature.",False
/home/pmonserrat/datasets/places/val_formatted/43/Places365_val_00000283.jpg,basement,False,,,no,none,none,"The target entity is a basement. The visual evidence shows an interior space of a building, characterized by unfinished walls, exposed framing, and utility equipment. A basement is a structural, architectural, and administrative unit of a building. Under the provided taxonomy, administrative and political units (including structural divisions of buildings) fall under the Exclusion Scope. Furthermore, the visible elements (wood framing, concrete walls, appliances) are either homogenous artefacts (where natural texture is unidentifiable) or processed materials that do not constitute nature in this context. Therefore, it fails the criteria for nature. Not applicable since the entity is not classified as nature.",False
/home/pmonserrat/datasets/places/val_formatted/43/Places365_val_00000288.jpg,basement,False,,,no,none,none,"The target entity is a basement. The visual evidence shows an interior space constructed with stone walls and wooden beams. While the materials (stone, wood) are natural, the entity itself is a constructed architectural space or room. Under the provided taxonomy, administrative and political units (like districts or cities) are excluded, and while the definition of 'Nature-Based Artefacts' includes objects where natural material remains identifiable, a 'basement' is a functional architectural space defined by its human-made structure and purpose, not a natural entity or a representation of one. It is a human-made environment, not a natural ecosystem or element. Therefore, it falls under the exclusion scope for human-made structures that do not explicitly depict or retain the visual identity of a natural entity in a way that classifies it as a nature-based artefact (which are typically smaller, functional objects like a wooden table, not entire rooms). Not applicable since the entity is not classified as nature.",False
/home/pmonserrat/datasets/places/val_formatted/43/Places365_val_00000415.jpg,basement,False,,,no,none,none,"The target entity is a basement. The visual evidence shows an underground parking structure with concrete pillars, painted walls, and artificial lighting. This is a constructed, man-made environment designed for human use. While it is located underground, it is not a natural geological formation, nor does it contain any more-than-human living entities, natural elements, or nature-based artefacts that are visually identifiable as such. It falls under the exclusion scope for administrative and political units (as a defined space) and homogenous artefacts (as a built structure), failing the criteria for nature. Not applicable since the entity is not classified as nature.",False
/home/pmonserrat/datasets/places/val_formatted/45/Places365_val_00000172.jpg,bathroom,False,,,no,none,none,"The target entity is a bathroom. The visual evidence shows a room containing a bathtub, tiled walls, and plumbing fixtures. While the room contains water (hydrological) and potentially plants (if a garden were present, which is not), the term 'bathroom' refers to a functional, man-made architectural space designed for hygiene. It is a homogenous artefact or a built environment where the natural material of origin is unidentifiable and the space does not depict a natural entity. It falls under the exclusion scope for administrative or functional units and homogenous artefacts, failing the criteria for nature. Not applicable since the entity is not classified as nature.",False
/home/pmonserrat/datasets/places/val_formatted/45/Places365_val_00000463.jpg,bathroom,False,,,no,none,none,"The target entity is a bathroom. The visual evidence shows a room containing a bathtub, toilet, sink, and tiled walls. This is a constructed, functional space designed for human use. While it contains natural materials (tiles, water, soap), the entity itself is a room or architectural space, which falls under the Exclusion Scope for 'Homogenous Artefacts' or general administrative/functional units, as it is not a natural entity, ecosystem, or representation of nature. It is a man-made environment, not a 'nature' instance under this specific taxonomy. Not applicable since the entity is not classified as nature.",False
/home/pmonserrat/datasets/places/val_formatted/45/Places365_val_00000885.jpg,bathroom,False,,,no,none,none,"The target entity is a bathroom. The visual evidence shows an interior room containing a bathtub, sink, toilet, and shelves. While the room contains natural materials (like the wood grain potentially in the vanity or the water in the tub), the entity 'bathroom' itself is an administrative and political unit (a room within a building) or a homogenous artefact (a constructed space). The definition explicitly excludes 'Administrative & Political Units: Geopolitical entities, boundaries, or labels (e.g., countries, counties, districts, cities), even if they are named after natural features.' A room is a functional, constructed space, not a natural entity, ecosystem, or representation of nature. Therefore, it falls under the exclusion scope. Not applicable since the entity is not classified as nature.",False
/home/pmonserrat/datasets/places/val_formatted/45/Places365_val_00001356.jpg,bathroom,False,,,no,none,none,"The target entity is a bathroom. The visual evidence shows a room containing a toilet, sink, bathtub, and various fixtures. While the room contains natural elements like water (in the sink and tub) and potentially wood (in the cabinet), the term 'bathroom' refers to the functional room itself, which is a constructed, artificial space. The room is a human-made administrative or functional unit, not a natural ecosystem or environment. Therefore, it falls under the exclusion scope for administrative and political units or functional human spaces, and is not classified as nature. Not applicable since the entity is not classified as nature.",False
/home/pmonserrat/datasets/places/val_formatted/45/Places365_val_00001738.jpg,bathroom,False,,,no,none,none,"The target entity is a bathroom. The visual evidence shows a manufactured interior space containing fixtures like a vanity, mirror, and shower enclosure. While the bathroom contains natural materials (e.g., glass, potentially wood or stone in the vanity), the entity itself is a functional, man-made room. It does not depict a natural entity, nor is it a natural environment or process. It falls under the exclusion scope for homogenous artefacts and administrative/political units (as a room is a constructed space), failing the criteria for nature. Not applicable since the entity is not classified as nature.",False
/home/pmonserrat/datasets/places/val_formatted/48/Places365_val_00000040.jpg,beach,True,False,True,,,,,True
/home/pmonserrat/datasets/places/val_formatted/48/Places365_val_00000284.jpg,beach,True,False,True,yes,abiotic,material,"The target entity is a beach. The visual evidence shows a sandy shoreline adjacent to a body of water, with a dirt path running along the edge. Sandy shores and coastal environments are explicitly classified under Natural or semi-natural environments where non-human entities exist and interact, fulfilling the inclusion criteria for nature. Since nature is 'yes', I evaluate the sub-axes. A beach is a coastal landform and environment, placing it under Geological & Topographical Components within the abiotic category. Because the image is an unfiltered documentary photograph capturing a real-world physical landscape, it is classified as material under the Tangibility axis.",False
/home/pmonserrat/datasets/places/val_formatted/48/Places365_val_00000331.jpg,beach,True,False,True,yes,abiotic,material,"The target entity is a beach. The visual evidence shows a real-world coastal environment featuring a sandy shore, ocean water, rocky outcrops, and cliffs. This environment encompasses multiple natural elements: the ocean (hydrological), the sand and rocks (geological), and the cliffs with vegetation (biotic). Since the definition of nature includes ecosystems and environments where non-human entities exist and interact, a beach qualifies as a natural environment. Since nature is 'yes', I evaluate the sub-axes. A beach is a coastal ecosystem defined by the interaction of land and sea. While it contains biotic elements (vegetation on cliffs, potential marine life), the primary classification for the environment itself as a geological and hydrological interface falls under the Abiotic category (Geological & Topographical Components and Hydrological Components). Because the image is an unfiltered documentary photograph capturing a real-world physical landscape, it is classified as material under the Tangibility axis.",False
/home/pmonserrat/datasets/places/val_formatted/48/Places365_val_00000508.jpg,beach,True,False,True,,,,,True
/home/pmonserrat/datasets/places/val_formatted/48/Places365_val_00001052.jpg,beach,True,False,True,yes,abiotic,material,"The target entity is a beach. The visual evidence shows a coastal environment featuring sand, rocks, ocean water, and waves. This environment is explicitly classified under Ecosystems & Environments (specifically, a natural or semi-natural environment where non-human entities exist and interact) and includes Hydrological Components (ocean, waves) and Geological Components (sand, rocks). This fulfills the inclusion criteria for nature. Since nature is 'yes', I evaluate the sub-axes. A beach is a coastal landform and environment defined by the interaction of land and sea, placing it under Geological & Topographical Components and Hydrological Components within the abiotic category. Because the image is an unfiltered documentary photograph capturing a real-world physical landscape, it is classified as material under the Tangibility axis.",False
/home/pmonserrat/datasets/places/val_formatted/49/Places365_val_00000013.jpg,beach house,False,,,no,none,none,"The target entity is a beach house. The visual evidence shows a row of buildings situated along the coastline. These are manufactured structural objects where the original natural texture of the materials (e.g., wood, brick, concrete) is unidentifiable and the objects do not depict natural entities. They fall strictly under the Homogenous Artefacts exclusion and fail the criteria for nature. Not applicable since the entity is not classified as nature.",False
/home/pmonserrat/datasets/places/val_formatted/49/Places365_val_00000273.jpg,beach house,False,,,no,none,none,"The target entity is a beach house. The visual evidence shows a manufactured structural object, specifically a residential building constructed with wood, paint, and glass. While the house is situated in a natural environment (beach, sand, dunes) and is constructed from natural materials (wood), the object itself is a homogenous artefact. The original natural texture of the wood is largely obscured by paint and structural assembly, and the object does not depict a natural entity. Therefore, it falls under the Homogenous Artefacts exclusion and fails the criteria for nature. Not applicable since the entity is not classified as nature.",False
/home/pmonserrat/datasets/places/val_formatted/49/Places365_val_00000777.jpg,beach house,False,,,no,none,none,"The target entity is a beach house. The visual evidence shows a multi-story building structure located on the right side of the image, adjacent to a beach. This is a manufactured structural object. Under the provided taxonomy, homogenous artefacts—manufactured structural or functional objects where the original natural texture is unidentifiable and the object does not depict a natural entity—are explicitly excluded from the nature classification. A building, even if situated in a natural environment, is a human-made structure and does not fit the criteria for Nature-Based Artefacts (which require visible natural grain/texture) or Representations of Nature (which require a depiction of a natural entity). Therefore, it falls under the exclusion scope. Not applicable since the entity is not classified as nature.",False
/home/pmonserrat/datasets/places/val_formatted/49/Places365_val_00001475.jpg,beach house,False,,,no,none,none,"The target entity is a beach house. The visual evidence shows a manufactured structure with a roof, walls, and windows. While it is situated in a natural environment (beach), the house itself is a homogenous artefact where the original natural texture of the materials is unidentifiable and the object does not depict a natural entity. It falls strictly under the Homogenous Artefacts exclusion and fails the criteria for nature. Not applicable since the entity is not classified as nature.",False
/home/pmonserrat/datasets/places/val_formatted/49/Places365_val_00002246.jpg,beach house,False,,,no,none,none,"The target entity is a beach house. The visual evidence shows a white, man-made structure with domes and arches situated on a cliff overlooking the ocean. While the house is located in a natural environment (near the sea), the structure itself is a manufactured functional object. The materials (likely concrete, plaster, or stucco) are processed and the original natural texture is unidentifiable. Furthermore, the object does not depict a natural entity. Therefore, it falls under the Homogenous Artefacts exclusion and fails the criteria for nature. Not applicable since the entity is not classified as nature.",False
/home/pmonserrat/datasets/places/val_formatted/5/Places365_val_00000723.jpg,amphitheater,False,,,,,,,True
/home/pmonserrat/datasets/places/val_formatted/5/Places365_val_00001596.jpg,amphitheater,False,,,,,,,True
/home/pmonserrat/datasets/places/val_formatted/5/Places365_val_00001975.jpg,amphitheater,False,,,,,,,True
/home/pmonserrat/datasets/places/val_formatted/5/Places365_val_00002304.jpg,amphitheater,False,,,no,none,none,"The target entity is an amphitheater. The visual evidence shows a constructed outdoor structure with tiered concrete seating and a stage area, surrounded by a building and trees. While the amphitheater is situated within a natural or semi-natural environment (indicated by the trees and hills in the background), the amphitheater itself is a manufactured architectural structure. It does not depict a natural entity, nor is it made of natural materials where the original texture remains visually identifiable (it is concrete and brick). Therefore, it falls under the exclusion scope for homogenous artefacts and administrative units (as it is a built structure), failing the criteria for nature. Not applicable since the entity is not classified as nature.",False
/home/pmonserrat/datasets/places/val_formatted/5/Places365_val_00003297.jpg,amphitheater,False,,,no,none,none,"The target entity is an amphitheater. The visual evidence shows a man sitting in a chair on a path in a park-like setting. The term 'amphitheater' is not visually present in the image; the image depicts a park scene with a chair, a path, trees, and a building in the background. Since the target entity is not visually identifiable in the image, it cannot be classified as nature based on the provided visual evidence. Not applicable since the entity is not visually present in the image.",False
/home/pmonserrat/datasets/places/val_formatted/50/Places365_val_00000133.jpg,beauty salon,False,,,no,none,none,"The target entity is a beauty salon. The visual evidence shows an interior space of a commercial establishment containing furniture, mirrors, and equipment. While the space may contain natural elements like plants or wood, the entity 'beauty salon' itself refers to the administrative and functional unit of a business. Administrative and political units, including commercial establishments and their functional spaces, fall under the Exclusion Scope and are not classified as nature. Not applicable since the entity is not classified as nature.",False
/home/pmonserrat/datasets/places/val_formatted/50/Places365_val_00002100.jpg,beauty salon,False,,,no,none,none,"The target entity is a beauty salon. The visual evidence shows an indoor setting where a person is having their hair styled. While the activity of hair styling is a human-centric service, the physical environment of a salon is a constructed, man-made interior space. It does not depict a natural ecosystem, a non-living natural element (like a river or rock), a processed food item, or a nature-based artefact where natural texture is the primary visual feature. The setting is a functional, homogenous artefact (a room/building) designed for human use, which falls under the exclusion scope for homogenous artefacts and administrative units (as a type of place). Not applicable since the entity is not classified as nature.",False
/home/pmonserrat/datasets/places/val_formatted/50/Places365_val_00002775.jpg,beauty salon,False,,,no,none,none,"The target entity is a beauty salon. The visual evidence shows an interior space of a commercial establishment, characterized by modern furniture, glass partitions, and artificial lighting. While the space may contain natural elements like wood or glass, the entity 'beauty salon' itself refers to a functional, administrative, and commercial unit. Under the provided taxonomy, administrative and political units (including commercial establishments and functional spaces) fall under the Exclusion Scope. Furthermore, the space is a constructed environment where the natural material of origin is largely unidentifiable or subsumed by the functional design, failing the criteria for Nature-Based Artefacts or Ecosystems. Not applicable since the entity is not classified as nature.",False
/home/pmonserrat/datasets/places/val_formatted/50/Places365_val_00002786.jpg,beauty salon,False,,,no,none,none,"The target entity is a beauty salon. The visual evidence shows an interior space of a commercial establishment containing furniture, mirrors, and lighting fixtures. While there are reflections of plants in the mirrors, the entity 'beauty salon' itself refers to the human-made commercial space and its functional objects. The walls, furniture, and fixtures are manufactured structural objects where the original natural texture is unidentifiable and the objects do not depict natural entities. Therefore, it falls under the Homogenous Artefacts exclusion and fails the criteria for nature. Not applicable since the entity is not classified as nature.",False
/home/pmonserrat/datasets/places/val_formatted/50/Places365_val_00002808.jpg,beauty salon,False,,,no,none,none,"The target entity is a beauty salon. The visual evidence shows an interior space containing furniture, mirrors, and cosmetic products. While the setting may contain natural elements like wood or plants, the entity 'beauty salon' itself refers to a commercial establishment or business location. Administrative and political units, including commercial establishments and business locations, fall under the Exclusion Scope of the taxonomy. Therefore, the entity does not count as nature. Not applicable since the entity is not classified as nature.",False
/home/pmonserrat/datasets/places/val_formatted/53/Places365_val_00000802.jpg,beer garden,False,,,no,none,none,"The target entity is a 'beer garden'. The visual evidence shows an outdoor setting with large white umbrellas, tables, and chairs situated next to a body of water (likely a lake or sea) with trees in the background. While the setting contains natural elements like trees and water, the term 'beer garden' refers to the specific functional space or establishment designed for social gathering and consumption. This is a human-made, administrative, or commercial designation for a location, rather than a direct reference to a natural entity, ecosystem, or process. It falls under the exclusion scope for Administrative & Political Units (or commercial designations) and does not explicitly depict a natural entity or process itself, but rather a human activity space. Therefore, it does not count as nature under this taxonomy. Not applicable since the entity is not classified as nature.",False
/home/pmonserrat/datasets/places/val_formatted/53/Places365_val_00001005.jpg,beer garden,False,,,no,none,none,"The target entity is a beer garden. The visual evidence shows an outdoor paved area with picnic tables, a brick wall, and a building entrance labeled 'LOUNGE ENTRANCE'. While the term 'beer garden' implies a social setting for drinking, the physical space depicted is a constructed environment containing homogenous artefacts (paved ground, brick walls, painted metal tables) and human-made structures. The inclusion criteria for nature require either more-than-human living entities, natural elements, or nature-based artefacts where the natural material remains visually identifiable. The tables are painted blue and lack visible wood grain, classifying them as homogenous artefacts. The ground is paved concrete/asphalt. The brick wall is a manufactured structure. The term 'beer garden' refers to a human social activity and location, not a natural entity or a nature-based artefact. Therefore, it falls under the exclusion scope for homogenous artefacts and administrative/human-centric locations. Not applicable since the entity is not classified as nature.",False
/home/pmonserrat/datasets/places/val_formatted/53/Places365_val_00001713.jpg,beer garden,False,,,yes,biotic,material,"The target entity is a beer garden. The visual evidence shows an outdoor setting dominated by large, mature trees with dense green foliage, providing shade over tables and benches. This environment is explicitly defined as a 'Biological Ecosystem' (e.g., urban parks, green spaces) under the Biotic category of the Life Category Axis. The presence of these living trees and the natural environment they create fulfills the inclusion criteria for nature. Since nature is 'yes', I evaluate the sub-axes. The defining natural element of this setting is the collection of trees and the shaded environment they create, which falls under Flora & Plant Derivatives and Biological Ecosystems within the biotic category. Because the image is an unfiltered documentary photograph capturing a real-world physical environment with mass and space, it is classified as material under the Tangibility axis.",False
/home/pmonserrat/datasets/places/val_formatted/53/Places365_val_00001972.jpg,beer garden,False,,,no,none,none,"The target entity is a 'beer garden'. The visual evidence shows a social gathering of people at a bar or restaurant setting, holding drinks and plates. While the term 'beer garden' implies an outdoor or semi-outdoor environment, the visual evidence focuses on the human subjects and the immediate indoor or covered bar area. The Exclusion Scope explicitly states that 'Human Beings: Human individuals, human body parts, or groups of people are NOT classified as nature under this taxonomy.' Since the primary visual content consists of people interacting in a social setting, and the specific 'garden' environment is not the primary focus or clearly depicted as a natural ecosystem, the entity falls under the exclusion for human beings and social settings. Not applicable since the entity is not classified as nature.",False
/home/pmonserrat/datasets/places/val_formatted/53/Places365_val_00002361.jpg,beer garden,False,,,,,,,True
/home/pmonserrat/datasets/places/val_formatted/54/Places365_val_00000294.jpg,beer hall,False,,,no,none,none,"The target entity is a 'beer hall'. The visual evidence shows an indoor setting with people, furniture, and artificial lighting. While the term 'beer hall' implies a location where nature-based activities (like drinking) might occur, the entity itself is a constructed, man-made environment. It does not depict a natural entity, nor is it a natural ecosystem or element. It falls under the exclusion scope for administrative or political units (as a named place) and homogenous artefacts (as a built structure), failing the criteria for nature. Not applicable since the entity is not classified as nature.",False
/home/pmonserrat/datasets/places/val_formatted/54/Places365_val_00000567.jpg,beer hall,False,,,no,none,none,"The target entity is a beer hall. The visual evidence shows an indoor setting with people dining at a long table, surrounded by brick walls and large wooden barrels. While the setting contains natural elements like the brick walls (geological) and wooden barrels (processed wood), the term 'beer hall' refers to the administrative or functional space itself—a type of venue or establishment. Administrative and political units, as well as functional spaces defined by human activity, fall under the Exclusion Scope. The entity is not a natural element, a representation of nature, or a nature-based activity in this context. Not applicable since the entity is not classified as nature.",False
/home/pmonserrat/datasets/places/val_formatted/54/Places365_val_00000930.jpg,beer hall,False,,,no,none,none,"The target entity is a beer hall. The visual evidence shows an indoor social setting with people, furniture, and a bar counter. While there are bottles of alcohol and glasses of beer present, the term 'beer hall' refers to the establishment or venue itself, which is a constructed, man-made environment. The primary focus of the image is the gathering of people and the social space, not the natural elements. The inclusion scope for nature-based activities requires the activity to be explicitly taking place within or directly engaging with natural environments or elements (e.g., hiking, surfing). A beer hall is an indoor, artificial environment, not a natural ecosystem or element. Therefore, it falls under the exclusion scope for administrative or constructed units and does not count as nature. Not applicable since the entity is not classified as nature.",False
/home/pmonserrat/datasets/places/val_formatted/54/Places365_val_00001055.jpg,beer hall,False,,,no,none,none,"The target entity is a 'beer hall'. The visual evidence shows an interior space of a pub or restaurant, characterized by wooden furniture, walls, and a general atmosphere. However, the term 'beer hall' refers to an administrative or political unit (a specific type of establishment or venue) rather than a natural entity. Under the Exclusion Scope, administrative and political units, including establishments or venues, are not classified as nature. While the hall contains natural elements (wood, glass, beer), the entity 'beer hall' itself is a human-made social construct and functional space, not a natural ecosystem, element, or process. Not applicable since the entity is not classified as nature.",False
/home/pmonserrat/datasets/places/val_formatted/54/Places365_val_00001079.jpg,beer hall,False,,,no,none,none,"The target entity is a beer hall. The visual evidence shows a social gathering space, likely outdoors or semi-outdoors, where people are drinking. While the setting might involve natural elements like sand or night sky, the term 'beer hall' refers to a human-made establishment or social event. The primary focus of the image is on the human subjects and their social interaction. The term 'beer hall' itself refers to a human administrative or social unit (a place for drinking beer), not a natural entity. Even if the beer itself were considered, the 'beer hall' as a concept is a human construct. Therefore, it falls under the Exclusion Scope for Administrative & Political Units or simply does not fit the definition of a natural entity. Not applicable since the entity is not classified as nature.",False
/home/pmonserrat/datasets/places/val_formatted/55/Places365_val_00000458.jpg,berth,False,,,no,none,none,"The target entity is a berth. The visual evidence shows a manufactured functional object, specifically a cushioned seating or sleeping area, likely within a boat cabin. The primary materials visible are red vinyl or leather upholstery and a wooden base. While the wooden base is a natural material, the object is a homogenous artefact where the natural texture is not the primary visual feature and the object does not depict a natural entity. It is a piece of furniture designed for human use, falling under the exclusion scope for homogenous artefacts. Not applicable since the entity is not classified as nature.",False
/home/pmonserrat/datasets/places/val_formatted/55/Places365_val_00000513.jpg,berth,False,,,no,none,none,"The target entity is a 'berth'. In the context of the image, which appears to be the interior of a ship or boat, a berth refers to a designated sleeping area or a specific spot on a berth (like a bunk). The visual evidence shows a wooden structure, likely a bunk or a bed frame, which is a manufactured object. While it is made of wood, it is a functional piece of furniture (a bed/bunk) rather than a natural entity or a representation of one. Under the provided taxonomy, manufactured structural or functional objects where the original natural texture is unidentifiable or the object does not depict a natural entity fall under the Homogenous Artefacts exclusion. A bed is a functional object, not a nature-based artefact in the sense of retaining natural texture as its primary identity (like a wooden table with visible grain) or a representation of nature. Therefore, it does not count as nature. Not applicable since the entity is not classified as nature.",False
/home/pmonserrat/datasets/places/val_formatted/55/Places365_val_00000519.jpg,berth,False,,,no,none,none,"The target entity is a 'berth', which in this context refers to the bed or sleeping area. The visual evidence shows a manufactured object (a bed frame and bedding) used for human rest. While the bed is made of materials that may have natural origins (like wood), the object itself is a homogenous artefact where the natural texture is not the primary focus or visually identifiable as a natural entity in its own right, and it does not depict a natural entity. It is a functional object for human use, not a nature-based artefact in the sense of retaining natural texture or depicting nature. Therefore, it falls under the exclusion scope for homogenous artefacts and is not classified as nature. Not applicable since the entity is not classified as nature.",False
/home/pmonserrat/datasets/places/val_formatted/55/Places365_val_00001952.jpg,berth,False,,,no,none,none,"The target entity is a 'berth'. In the context of the provided image, which shows shelves holding pottery, the term 'berth' is being used metaphorically or as a synonym for a shelf or a place to rest/store items. However, looking at the strict definitions, 'berth' is not a natural entity, ecosystem, process, or representation of nature. It is a functional, manufactured object (a shelf) used for storage. Even if interpreted as a 'place to rest', the object itself is a homogenous artefact (a shelf) where the natural material (likely wood or painted material) is not the primary focus of the classification, and it does not depict a natural entity. It falls under the exclusion scope of homogenous artefacts or administrative/functional units, failing the criteria for nature. Not applicable since the entity is not classified as nature.",False
/home/pmonserrat/datasets/places/val_formatted/55/Places365_val_00002001.jpg,berth,False,,,no,none,none,"The target entity is a 'berth'. In the context of the image, which appears to be a hotel room or similar accommodation, a 'berth' refers to a designated sleeping space, typically a bed or bunk. The visual evidence shows a bed with a quilted cover. A bed is a manufactured functional object designed for human use. Under the provided taxonomy, manufactured structural or functional objects where the original natural texture is unidentifiable and the object does not depict a natural entity fall under the Homogenous Artefacts exclusion. While the bed may be made of wood or fabric, the object itself is a functional piece of furniture, not a nature-based artefact where the natural material is the primary visual feature (like a wooden table with visible grain). Therefore, it fails the criteria for nature. Not applicable since the entity is not classified as nature.",False
/home/pmonserrat/datasets/places/val_formatted/56/Places365_val_00000065.jpg,biology laboratory,False,,,no,none,none,"The target entity is a biology laboratory. The visual evidence shows a room containing scientific equipment, workbenches, and glass enclosures. While the setting is used for biological research, the physical space itself is a constructed, indoor environment defined by artificial materials (metal, glass, plastic, drywall) and artificial lighting. It does not depict a natural ecosystem, a living organism, a natural element (like a river or rock), or a representation of nature. It is a functional, man-made facility. Therefore, it falls under the exclusion scope for homogenous artefacts and administrative/functional units, failing the criteria for nature. Not applicable since the entity is not classified as nature.",False
/home/pmonserrat/datasets/places/val_formatted/56/Places365_val_00000125.jpg,biology laboratory,False,,,no,none,none,"The target entity is a biology laboratory. The visual evidence shows a mobile medical unit or a specialized room equipped with medical chairs, tubing, and collection bags for blood donation. While the activity taking place (blood donation) involves biological material (blood), the physical space itself is a manufactured, functional environment designed for human use. The walls, chairs, and equipment are homogenous artefacts where the original natural texture is unidentifiable, and the space does not depict a natural entity. Therefore, it falls under the exclusion scope for administrative or functional human environments and is not classified as nature. Not applicable since the entity is not classified as nature.",False
/home/pmonserrat/datasets/places/val_formatted/56/Places365_val_00000687.jpg,biology laboratory,False,,,no,none,none,"The target entity is a biology laboratory. The visual evidence shows an indoor room containing stainless steel tables, shelves, and industrial equipment. While the name 'biology laboratory' implies a connection to biological study, the physical space itself is a constructed, artificial environment. The walls, floors, and furniture are manufactured materials (metal, concrete, plastic) where the original natural texture is unidentifiable. The room does not depict a natural entity, nor is it a natural ecosystem. Therefore, it falls under the exclusion scope for administrative or functional units and homogenous artefacts, failing the criteria for nature. Not applicable since the entity is not classified as nature.",False
/home/pmonserrat/datasets/places/val_formatted/56/Places365_val_00001361.jpg,biology laboratory,False,,,no,none,none,"The target entity is a biology laboratory. The visual evidence shows a room filled with tables, people, and various household items, which appears to be a garage sale or community event rather than a scientific facility. Even if interpreted as a laboratory, the term 'biology laboratory' refers to a human-made administrative or functional unit (a room or building designated for work). Under the provided taxonomy, administrative and political units (e.g., countries, districts, cities) and functional human spaces are excluded from the nature definition. Furthermore, the visual evidence does not depict a natural environment, organism, or process; it depicts a human gathering and commercial activity. Therefore, it fails the inclusion criteria for nature. Not applicable since the entity is not classified as nature.",False
/home/pmonserrat/datasets/places/val_formatted/56/Places365_val_00001418.jpg,biology laboratory,False,,,no,none,none,"The target entity is a biology laboratory. The visual evidence shows a pipette dispensing liquid into test tubes, which are standard laboratory equipment. While the activity (biology) relates to life, the physical objects themselves (plastic pipettes, glass or plastic test tubes) are manufactured functional objects. The original natural texture of the materials is unidentifiable, and the objects do not depict natural entities. Therefore, they fall under the Homogenous Artefacts exclusion and fail the criteria for nature. Not applicable since the entity is not classified as nature.",False
/home/pmonserrat/datasets/places/val_formatted/57/Places365_val_00000334.jpg,boardwalk,False,,,yes,biotic,material,"The target entity is a boardwalk. The visual evidence shows a constructed pathway made of wooden planks situated within a forest environment. While the boardwalk itself is a manufactured structure, it is explicitly built from wood, a natural material, and its surface retains the visible grain and texture of the timber. This fits the definition of a Nature-Based Artefact, where the natural material of origin remains visually identifiable by its structure and texture, fulfilling the inclusion criteria for nature. Since nature is 'yes', I evaluate the sub-axes. The boardwalk is constructed from wood, which is a processed material derived from trees (Flora & Plant Derivatives), placing it under the biotic category. Because the image is an unfiltered documentary photograph capturing a real-world physical object with mass that occupies space, it is classified as material under the Tangibility axis.",False
/home/pmonserrat/datasets/places/val_formatted/57/Places365_val_00000995.jpg,boardwalk,False,,,yes,biotic,material,"The target entity is a boardwalk. The visual evidence shows a constructed pathway made of wooden planks situated within a dense forest environment. The planks are clearly identifiable as wood, a natural material derived from trees. According to the inclusion criteria, manufactured objects where the natural material of origin remains visually identifiable by its structure, grain, or texture (e.g., wooden tables with visible wood grain) are classified as Nature-Based Artefacts. Therefore, this boardwalk counts as nature. Since nature is 'yes', I evaluate the sub-axes. The boardwalk is constructed from wood, which is a processed material derived from trees (Flora & Plant Derivatives), placing it under the biotic category. Because the image is an unfiltered documentary photograph capturing a real-world physical object with mass that occupies space, it is classified as material under the Tangibility axis.",False
/home/pmonserrat/datasets/places/val_formatted/57/Places365_val_00001112.jpg,boardwalk,False,,,yes,biotic,material,"The target entity is a boardwalk. The visual evidence shows a constructed pathway made of wooden planks leading through a coastal dune environment. While the boardwalk is a manufactured structure, the material of origin (wood) remains visually identifiable by its grain, texture, and plank structure. According to the inclusion scope for Nature-Based Artefacts, crafted or manufactured objects where the natural material of origin remains visually identifiable by its structure, grain, or texture count as nature. Since nature is 'yes', I evaluate the sub-axes. The boardwalk is constructed from wood, which is a processed material derived from trees (Flora & Plant Derivatives), placing it under the biotic category. Because the image is an unfiltered documentary photograph capturing a real-world physical object with mass occupying space, it is classified as material under the Tangibility axis.",False
/home/pmonserrat/datasets/places/val_formatted/57/Places365_val_00001252.jpg,boardwalk,False,,,,,,,True
/home/pmonserrat/datasets/places/val_formatted/57/Places365_val_00001465.jpg,boardwalk,False,,,yes,biotic,material,"The target entity is a boardwalk. The visual evidence shows a constructed pathway made of wooden planks winding through a wetland environment. While the boardwalk is a manufactured structure, the material of origin (wood) remains visually identifiable by its grain, texture, and plank structure. According to the inclusion scope for Nature-Based Artefacts, crafted or manufactured objects where the natural material of origin remains visually identifiable by its structure, grain, or texture count as nature. Since nature is 'yes', I evaluate the sub-axes. The boardwalk is constructed from wood, which is a processed material derived from trees (Flora & Plant Derivatives), placing it under the biotic category. Because the image is an unfiltered documentary photograph capturing a real-world physical object with mass occupying space, it is classified as material under the Tangibility axis.",False
/home/pmonserrat/datasets/places/val_formatted/58/Places365_val_00000681.jpg,boat deck,False,,,no,none,none,"The target entity is a boat deck. The visual evidence shows a manufactured structural object, specifically the upper surface of a yacht. While the boat is on water (a hydrological component), the deck itself is a functional, man-made surface. The materials appear to be smooth, painted fiberglass or composite, where the original natural texture is unidentifiable and the object does not depict a natural entity. Therefore, it falls strictly under the Homogenous Artefacts exclusion and fails the criteria for nature. Not applicable since the entity is not classified as nature.",False
/home/pmonserrat/datasets/places/val_formatted/58/Places365_val_00001189.jpg,boat deck,False,,,no,none,none,"The target entity is a boat deck. The visual evidence shows a manufactured structural object, specifically the upper platform of a vessel. While the boat is floating on water (a natural element), the deck itself is a homogenous artefact made of painted materials (likely fiberglass or painted wood) where the original natural texture is unidentifiable and the object does not depict a natural entity. It falls strictly under the Homogenous Artefacts exclusion and fails the criteria for nature. Not applicable since the entity is not classified as nature.",False
/home/pmonserrat/datasets/places/val_formatted/58/Places365_val_00001470.jpg,boat deck,False,,,no,none,none,"The target entity is a boat deck. The visual evidence shows a white, manufactured surface, likely fiberglass or painted wood, forming the floor of a sailboat. While the boat is situated on water (a hydrological component) and the person is engaging in a nature-based activity (sailing), the deck itself is a homogenous artefact. The original natural texture of the material is unidentifiable, and the object does not depict a natural entity. Therefore, it falls under the Homogenous Artefacts exclusion and fails the criteria for nature. Not applicable since the entity is not classified as nature.",False
/home/pmonserrat/datasets/places/val_formatted/58/Places365_val_00001559.jpg,boat deck,False,,,no,none,none,"The target entity is a boat deck. The visual evidence shows a manufactured structural object, specifically the upper surface of a sailboat where people are standing. While the boat may be constructed from natural materials like wood or fiberglass, the deck itself is a functional, engineered component of a vessel. Under the provided taxonomy, homogenous artefacts—manufactured structural or functional objects where the original natural texture is unidentifiable and the object does not depict a natural entity—are explicitly excluded from the nature classification. The deck is a functional part of a machine (the boat) rather than a natural entity, ecosystem, or nature-based artefact in the sense of retaining identifiable natural texture as a primary feature (like a wooden table with visible grain). Therefore, it falls under the exclusion scope for homogenous artefacts. Not applicable since the entity is not classified as nature.",False
/home/pmonserrat/datasets/places/val_formatted/58/Places365_val_00002028.jpg,boat deck,False,,,,,,,True
/home/pmonserrat/datasets/places/val_formatted/59/Places365_val_00000326.jpg,boathouse,False,,,,,,,True
/home/pmonserrat/datasets/places/val_formatted/59/Places365_val_00000367.jpg,boathouse,False,,,yes,biotic,material,"The target entity is a boathouse. The visual evidence shows a red, wooden structure built on stilts over a body of water. While the structure is manufactured, it is constructed from wood, a natural material. The prompt's definition of Nature-Based Artefacts includes 'Crafted or manufactured objects where the natural material of origin remains visually identifiable by its structure, grain, or texture'. The wooden siding and structural elements of the boathouse are clearly visible and identifiable as wood, fulfilling the inclusion criteria for Nature-Based Artefacts. Since nature is 'yes', I evaluate the sub-axes. The boathouse is a manufactured object made of wood. Wood is a processed material derived from trees, placing it under Flora & Plant Derivatives within the biotic category. Because the image is an unfiltered documentary photograph capturing a real-world physical object with mass that occupies space, it is classified as material under the Tangibility axis.",False
/home/pmonserrat/datasets/places/val_formatted/59/Places365_val_00000782.jpg,boathouse,False,,,,,,,True
/home/pmonserrat/datasets/places/val_formatted/59/Places365_val_00001062.jpg,boathouse,False,,,yes,biotic,material,"The target entity is a boathouse. The visual evidence shows a manufactured structure made of wood, situated on the edge of a body of water. While the structure is man-made, the material of origin (wood) remains visually identifiable by its grain and texture, classifying it as a Nature-Based Artefact. Furthermore, the boathouse is explicitly situated within a natural environment (a forested lakeside), engaging directly with the natural setting. This fulfills the inclusion criteria for Nature-Based Artefacts and Nature-Based Activities/Environments. Since nature is 'yes', I evaluate the sub-axes. The boathouse is a constructed object made of wood, which is a processed material derived from trees (Flora & Plant Derivatives), placing it under the biotic category. Because the image is an unfiltered documentary photograph capturing a real-world physical structure with mass occupying space, it is classified as material under the Tangibility axis.",False
/home/pmonserrat/datasets/places/val_formatted/59/Places365_val_00001525.jpg,boathouse,False,,,no,none,none,"The target entity is a boathouse. The visual evidence shows a manufactured structure built on a dock, featuring a metal roof and wooden siding. While the structure is made of natural materials (wood), the original natural texture is largely obscured by paint, weathering, and the functional construction of the building. It does not depict a natural entity (like a tree or animal) but rather serves as a functional human-made object. Therefore, it falls under the Homogenous Artefacts exclusion and fails the criteria for nature. Not applicable since the entity is not classified as nature.",False
/home/pmonserrat/datasets/places/val_formatted/6/Places365_val_00000024.jpg,amusement arcade,False,,,no,none,none,"The target entity is an amusement arcade machine (specifically a Q*bert cabinet). The visual evidence shows a manufactured functional object made of plastic and metal. While the machine features colorful graphics and cartoon characters (which are representations of nature), the machine itself is a homogenous artefact. The original natural texture of the materials is completely unidentifiable and altered, and the object does not depict a natural entity in its physical form. Therefore, it falls strictly under the Homogenous Artefacts exclusion and fails the criteria for nature. Not applicable since the entity is not classified as nature.",False
/home/pmonserrat/datasets/places/val_formatted/6/Places365_val_00000627.jpg,amusement arcade,False,,,no,none,none,"The target entity is an amusement arcade. The visual evidence shows a collection of manufactured machines, cabinets, and electronic devices arranged in a room. These are functional objects made of metal, plastic, and glass. The original natural texture of the materials is unidentifiable, and the objects do not depict natural entities (they are machines, not representations of nature). Therefore, they fall under the Homogenous Artefacts exclusion and fail the criteria for nature. Not applicable since the entity is not classified as nature.",False
/home/pmonserrat/datasets/places/val_formatted/6/Places365_val_00000915.jpg,amusement arcade,False,,,no,none,none,"The target entity is an amusement arcade machine (specifically a Galaga Multigame cabinet). The visual evidence shows a manufactured functional object made of plastic, metal, and glass. The materials are processed and the original natural texture is unidentifiable. The object does not depict a natural entity; it is a piece of technology. Therefore, it falls strictly under the Homogenous Artefacts exclusion and fails the criteria for nature. Not applicable since the entity is not classified as nature.",False
/home/pmonserrat/datasets/places/val_formatted/6/Places365_val_00001127.jpg,amusement arcade,False,,,no,none,none,"The target entity is an amusement arcade. The visual evidence shows a slot machine, which is a manufactured functional object made of plastic, metal, and glass. The original natural texture of the materials is completely unidentifiable and altered, and the object does not depict a natural entity. It falls strictly under the Homogenous Artefacts exclusion and fails the criteria for nature. Not applicable since the entity is not classified as nature.",False
/home/pmonserrat/datasets/places/val_formatted/6/Places365_val_00001175.jpg,amusement arcade,False,,,no,none,none,"The target entity is an amusement arcade. The visual evidence shows a room filled with electronic racing machines, tables with checkered tablecloths, and people playing games. This is a constructed, functional environment designed for human entertainment. It does not depict a natural entity, nor is it a natural ecosystem or element. It falls strictly under the exclusion scope for homogenous artefacts and administrative/political units (as a venue), failing the criteria for nature. Not applicable since the entity is not classified as nature.",False
/home/pmonserrat/datasets/places/val_formatted/60/Places365_val_00000835.jpg,bookstore,False,,,no,none,none,"The target entity is a bookstore. The visual evidence shows an indoor commercial space containing bookshelves, furniture, and people. While the space contains natural elements like potted palm trees and a ceiling design mimicking leaves, the entity 'bookstore' itself refers to the administrative and functional unit of the building. Administrative and political units, including commercial establishments and buildings, fall under the Exclusion Scope of the taxonomy. The presence of nature-based artefacts (trees) within the space does not transform the functional entity of the bookstore into nature. Not applicable since the entity is not classified as nature.",False
/home/pmonserrat/datasets/places/val_formatted/60/Places365_val_00000980.jpg,bookstore,False,,,no,none,none,"The target entity is a bookstore. The visual evidence shows an indoor commercial space filled with shelves of books, records, and furniture. While the space contains natural materials like wood (shelves, tables, stools) and potentially paper (books), the entity 'bookstore' itself is a commercial establishment or administrative unit. Under the provided taxonomy, administrative and political units (e.g., cities, districts, or commercial establishments) are explicitly excluded from the nature classification. Furthermore, the primary function of the space is human commerce and activity, not the existence of more-than-human entities or natural processes as the primary subject. Therefore, it does not fulfill the inclusion criteria for nature. Not applicable since the entity is not classified as nature.",False
/home/pmonserrat/datasets/places/val_formatted/60/Places365_val_00001014.jpg,bookstore,False,,,no,none,none,"The target entity is a bookstore. The visual evidence shows a commercial establishment with a storefront, signage, and a person entering. While there are incidental natural elements present in the scene (such as a tree trunk on the left, potted plants in the window, and a wooden table with books outside), the primary subject identified as the 'bookstore' is a man-made commercial structure and business entity. Administrative and political units, as well as homogenous artefacts (like the building structure itself), are excluded from the nature taxonomy. The bookstore as a functional entity does not depict a natural entity nor is it a natural element itself. Not applicable since the entity is not classified as nature.",False
/home/pmonserrat/datasets/places/val_formatted/60/Places365_val_00001340.jpg,bookstore,False,,,no,none,none,"The target entity is a bookstore. The visual evidence shows a commercial retail space containing shelves of books, a counter, and people. A bookstore is an administrative or commercial unit, a man-made structure designed for the sale of goods. While it contains books (which are artefacts) and may have wooden shelves (which could be nature-based artefacts), the entity 'bookstore' itself refers to the commercial establishment or the building as a functional space. Under the provided taxonomy, administrative and political units are explicitly excluded. Furthermore, the building structure itself, being a homogenous artefact where the natural texture is unidentifiable and it does not depict a natural entity, falls under the exclusion scope for homogenous artefacts. Therefore, the entity 'bookstore' does not count as nature. Not applicable since the entity is not classified as nature.",False
/home/pmonserrat/datasets/places/val_formatted/60/Places365_val_00001448.jpg,bookstore,False,,,no,none,none,"The target entity is a bookstore. The visual evidence shows an interior commercial space containing furniture, books, and displays. While the furniture (shelves, tables, counters) is made of wood with visible grain, the entity 'bookstore' refers to the functional commercial establishment itself. A commercial building or retail space is a homogenous artefact where the natural texture of the materials is unidentifiable in the context of the building's function, and the space does not depict a natural entity. Therefore, it falls under the Homogenous Artefacts exclusion and fails the criteria for nature. Not applicable since the entity is not classified as nature.",False
/home/pmonserrat/datasets/places/val_formatted/62/Places365_val_00000056.jpg,botanical garden,True,True,True,yes,biotic,material,"The target entity is a botanical garden. The visual evidence shows a cultivated outdoor space featuring green grass, flowering plants (lavender), and trees in the background. This environment is explicitly defined as a 'Biological Ecosystem' under the Biotic inclusion scope, specifically listed as 'vegetable gardens' and 'urban parks' which are types of managed natural environments. The presence of living flora and the managed ecosystem confirms it falls under the inclusion criteria for nature. Since nature is 'yes', I evaluate the sub-axes. A botanical garden is an environment defined by living communities and biological interactions, placing it under Biological Ecosystems within the biotic category. Because the image is an unfiltered documentary photograph capturing a real-world physical environment with plants and grass, it is classified as material under the Tangibility axis.",False
/home/pmonserrat/datasets/places/val_formatted/62/Places365_val_00000253.jpg,botanical garden,True,True,True,yes,biotic,material,"The target entity is a botanical garden. The visual evidence shows a close-up of a white flower (azalea) surrounded by green leaves and branches. This is a real-world physical environment defined by living communities (flora), which falls under the inclusion scope of Biological Ecosystems and Flora & Plant Derivatives. Therefore, it counts as nature. Since nature is 'yes', I evaluate the sub-axes. The primary visual subject is a flower and the surrounding foliage, which are living organisms (flora). This places the entity under the biotic category. Because the image is an unfiltered documentary photograph capturing a real-world physical environment with mass and physical presence, it is classified as material under the Tangibility axis.",False
/home/pmonserrat/datasets/places/val_formatted/62/Places365_val_00000629.jpg,botanical garden,True,True,True,yes,biotic,material,"The target entity is a botanical garden. The visual evidence shows a real-world environment featuring a large tree with white blossoms, a manicured lawn, and other vegetation. This environment is explicitly defined as a 'Biological Ecosystem' under the Inclusion Scope of the Biotic category, fulfilling the criteria for nature. Since nature is 'yes', I evaluate the sub-axes. A botanical garden is an environment defined by living communities and biological interactions, placing it under Biological Ecosystems within the biotic category. Because the image is an unfiltered documentary photograph capturing a real-world physical environment with mass and space, it is classified as material under the Tangibility axis.",False
/home/pmonserrat/datasets/places/val_formatted/62/Places365_val_00000938.jpg,botanical garden,True,True,True,yes,biotic,material,"The target entity is a botanical garden. The visual evidence shows a close-up photograph of a real flower (a type of Astrantia) with other flowers in the background. While the term 'botanical garden' refers to a curated collection of plants, the visual evidence specifically captures the living flora (flowers) themselves. Flora and plant derivatives are explicitly classified under Flora & Plant Derivatives within the Biotic category, fulfilling the inclusion criteria for nature. Since nature is 'yes', I evaluate the sub-axes. The visual evidence depicts a flower, which is a living organism (flora), placing it under the biotic category. Because the image is an unfiltered documentary photograph capturing a real-world physical organism, it is classified as material under the Tangibility axis.",False
/home/pmonserrat/datasets/places/val_formatted/62/Places365_val_00001345.jpg,botanical garden,True,True,True,yes,biotic,material,"The target entity is a botanical garden. The visual evidence shows a collection of plants, including a large flower (likely a corpse flower) and surrounding greenery, situated within a structured environment. This falls under the inclusion scope of 'Ecosystems & Environments' (specifically 'vegetable gardens' or nature reserves) and 'Flora & Plant Derivatives' (the plants themselves). The presence of living organisms and a defined natural environment fulfills the criteria for nature. Since nature is 'yes', I evaluate the sub-axes. The primary focus is the collection of plants and the garden environment, which are defined by living communities and biological interactions. This places it under the 'Biological Ecosystems' and 'Flora' categories within the biotic axis. Because the image captures a real-world physical environment with physical plants and structures, it is classified as material under the Tangibility axis.",False
/home/pmonserrat/datasets/places/val_formatted/64/Places365_val_00000176.jpg,bowling alley,False,,,,,,,True
/home/pmonserrat/datasets/places/val_formatted/64/Places365_val_00000186.jpg,bowling alley,False,,,no,none,none,"The target entity is a bowling alley. The visual evidence shows an indoor recreational facility with lanes, pins, and a person bowling. While the environment contains natural materials like wood (visible grain on the lane surface) and potentially plants in the background, the primary function and identity of the entity is a manufactured, human-made structure designed for sport. It does not depict a natural entity, nor is it a natural ecosystem or process. It falls under the exclusion scope for homogenous artefacts and administrative/political units (as a venue), failing the criteria for nature. Not applicable since the entity is not classified as nature.",False
/home/pmonserrat/datasets/places/val_formatted/64/Places365_val_00000226.jpg,bowling alley,False,,,,,,,True
/home/pmonserrat/datasets/places/val_formatted/64/Places365_val_00000506.jpg,bowling alley,False,,,no,none,none,"The target entity is a bowling alley. The visual evidence shows an indoor recreational facility with wooden paneling, a counter, and people. While the wooden paneling might be a Nature-Based Artefact, the term 'bowling alley' refers to the entire functional establishment or the activity of bowling. A bowling alley is a manufactured structural environment designed for human recreation. It does not depict a natural entity, nor is it a natural ecosystem or element. It falls under the exclusion scope for homogenous artefacts and administrative/political units (as a type of venue), and is not a representation of nature itself. Therefore, it fails the criteria for nature. Not applicable since the entity is not classified as nature.",False
/home/pmonserrat/datasets/places/val_formatted/64/Places365_val_00000541.jpg,bowling alley,False,,,no,none,none,"The target entity is a bowling alley. The visual evidence shows an indoor recreational facility with polished wooden lanes, mechanical pinsetters, and artificial lighting. While the wooden lanes are made of natural material, the bowling alley as a functional entity is a manufactured structure where the natural texture is not the primary focus and the object serves a specific human-made purpose. It does not depict a natural entity, nor is it a natural ecosystem or element. Therefore, it falls under the Homogenous Artefacts exclusion and fails the criteria for nature. Not applicable since the entity is not classified as nature.",False
/home/pmonserrat/datasets/places/val_formatted/65/Places365_val_00000521.jpg,boxing ring,False,,,no,none,none,"The target entity is a boxing ring. The visual evidence shows a manufactured structure consisting of ropes, posts, and a canvas floor. While the activity of boxing is a nature-based activity, the physical structure of the ring itself is a homogenous artefact. The materials (likely synthetic ropes, metal posts, and canvas) have had their original natural texture completely unidentifiable and altered to serve a functional purpose. It does not depict a natural entity, nor does it retain the visual structure or grain of a natural material. Therefore, it falls strictly under the Homogenous Artefacts exclusion and fails the criteria for nature. Not applicable since the entity is not classified as nature.",False
/home/pmonserrat/datasets/places/val_formatted/65/Places365_val_00001549.jpg,boxing ring,False,,,no,none,none,"The target entity is a boxing ring. The visual evidence shows a manufactured structure consisting of ropes and posts, typically made of synthetic materials like nylon or PVC. The original natural texture of the materials is unidentifiable, and the object does not depict a natural entity. It falls strictly under the Homogenous Artefacts exclusion and fails the criteria for nature. Not applicable since the entity is not classified as nature.",False
/home/pmonserrat/datasets/places/val_formatted/65/Places365_val_00001767.jpg,boxing ring,False,,,no,none,none,"The target entity is a boxing ring. The visual evidence shows a manufactured structure consisting of ropes, posts, and a canvas floor, situated within an indoor gym environment. The boxing ring itself is a functional, man-made object designed for sport. While the activity of boxing is a nature-based activity, the ring as a physical structure is a homogenous artefact where the original natural texture of the materials (likely synthetic canvas, metal, or treated wood) is unidentifiable and the object does not depict a natural entity. Therefore, it falls under the Homogenous Artefacts exclusion and fails the criteria for nature. Not applicable since the entity is not classified as nature.",False
/home/pmonserrat/datasets/places/val_formatted/65/Places365_val_00002587.jpg,boxing ring,False,,,no,none,none,"The target entity is a boxing ring. The visual evidence shows a constructed arena defined by ropes and a canvas floor, used for a sporting event. While the activity of boxing is a 'Nature-Based Activity' under the inclusion scope, the physical structure of the ring itself is a manufactured functional object. The materials (canvas, ropes, padding) are processed and their original natural texture is unidentifiable, and the object does not depict a natural entity. Therefore, it falls under the Homogenous Artefacts exclusion and fails the criteria for nature. Not applicable since the entity is not classified as nature.",False
/home/pmonserrat/datasets/places/val_formatted/65/Places365_val_00003267.jpg,boxing ring,False,,,no,none,none,"The target entity is a boxing ring. The visual evidence shows a raised platform with ropes, typically used for combat sports. This is a manufactured functional object designed for human activity. While it is a nature-based activity (boxing) that takes place within it, the ring itself is a homogenous artefact where the original natural texture is unidentifiable and the object does not depict a natural entity. It falls strictly under the Homogenous Artefacts exclusion and fails the criteria for nature. Not applicable since the entity is not classified as nature.",False
/home/pmonserrat/datasets/places/val_formatted/68/Places365_val_00000340.jpg,bullring,False,,,,,,,True
/home/pmonserrat/datasets/places/val_formatted/68/Places365_val_00001151.jpg,bullring,False,,,no,none,none,"The target entity is a bullring. The visual evidence shows a large, enclosed arena with a dirt floor, wooden barriers, and spectators in the stands. This is a physical, constructed environment designed for a specific activity (bullfighting). While the activity takes place within a natural environment (the dirt/sand floor), the 'bullring' itself is a man-made structure and administrative unit. Administrative and political units (including venues and designated areas for events) are explicitly excluded from the nature taxonomy. Furthermore, the wooden barriers are homogenous artefacts where the natural texture is not the primary focus, and the dirt floor is a processed substrate. Therefore, the bullring as a specific entity does not count as nature. Not applicable since the entity is not classified as nature.",False
/home/pmonserrat/datasets/places/val_formatted/68/Places365_val_00001578.jpg,bullring,False,,,,,,,True
/home/pmonserrat/datasets/places/val_formatted/68/Places365_val_00001739.jpg,bullring,False,,,no,none,none,"The target entity is a bullring. The visual evidence shows a constructed arena with red and white walls, a sandy floor, and spectators in the background. While the floor is made of sand (a geological component) and the event involves a bull (a biotic entity), the 'bullring' itself is a man-made administrative and political unit or a constructed venue. The definition explicitly excludes 'Administrative & Political Units: Geopolitical entities, boundaries, or labels (e.g., countries, counties, districts, cities), even if they are named after natural features.' A bullring is a specific type of constructed venue or arena, which falls under the exclusion of homogenous artefacts or administrative units rather than a natural ecosystem or element. The sand is a material within the ring, but the ring as a defined entity is a human-made structure. Not applicable since the entity is not classified as nature.",False
/home/pmonserrat/datasets/places/val_formatted/68/Places365_val_00002165.jpg,bullring,False,,,,,,,True
/home/pmonserrat/datasets/places/val_formatted/69/Places365_val_00000108.jpg,burial chamber,False,,,no,none,none,"The target entity is a burial chamber. The visual evidence shows a stone architectural structure with arches and columns. While the materials (stone) are natural, the object itself is a manufactured structural entity where the original natural texture is unidentifiable and the object does not depict a natural entity. It falls strictly under the Homogenous Artefacts exclusion and fails the criteria for nature. Not applicable since the entity is not classified as nature.",False
/home/pmonserrat/datasets/places/val_formatted/69/Places365_val_00000460.jpg,burial chamber,False,,,no,none,none,"The target entity is a 'burial chamber'. The visual evidence shows a metallic, manufactured object (a faucet handle) with colorful beads falling from it. There is no visual evidence of a burial chamber, which would be a structure for interment. The term 'burial chamber' does not correspond to the visual content of the image, which depicts a faucet and beads. Since the entity is not present in the image, it cannot be classified as nature. Not applicable since the entity is not classified as nature.",False
/home/pmonserrat/datasets/places/val_formatted/69/Places365_val_00000674.jpg,burial chamber,False,,,no,none,none,"The target entity is a 'burial chamber'. The visual evidence shows a small, dark, rectangular recess or niche built into a stone wall, likely serving as a mailbox or intercom housing, rather than a literal underground tomb. However, the term 'burial chamber' is being used metaphorically or as a label for this architectural feature. Under the provided taxonomy, administrative and political units are excluded, but this is not a political unit. More importantly, the entity itself is a manufactured architectural structure (a niche in a wall). While it is made of stone (a natural material), the object is a functional architectural element where the natural texture is not the primary focus, and it does not depict a natural entity. It falls under the exclusion of 'Homogenous Artefacts' or general manufactured structures that do not fit the specific 'Nature-Based Artefacts' criteria (which require visible natural grain/texture as the primary visual feature). Therefore, it is not classified as nature. Not applicable since the entity is not classified as nature.",False
/home/pmonserrat/datasets/places/val_formatted/69/Places365_val_00000732.jpg,burial chamber,False,,,no,none,none,"The target entity is a 'burial chamber'. The visual evidence shows a constructed, enclosed space within a larger structure, characterized by concrete walls, pipes, and a wooden crate. This is a man-made architectural feature, not a natural formation or ecosystem. It does not depict a natural entity, nor is it a natural material artefact where the natural texture is the primary defining feature (it is a functional room). Therefore, it falls under the exclusion scope for homogenous artefacts and administrative/functional units, failing the criteria for nature. Not applicable since the entity is not classified as nature.",False
/home/pmonserrat/datasets/places/val_formatted/69/Places365_val_00001334.jpg,burial chamber,False,,,no,none,none,"The target entity is a burial chamber. The visual evidence shows a stone alcove or niche, likely part of a larger structure, containing a wine bottle and glass. While the stone itself is a natural material, the structure is a manufactured architectural element designed for human use (storage or display). Under the provided taxonomy, homogenous artefacts where the original natural texture is unidentifiable or the object does not depict a natural entity are excluded. This is a functional architectural niche, not a natural geological formation or a representation of nature. Therefore, it falls under the exclusion scope for homogenous artefacts and administrative/functional units, failing the criteria for nature. Not applicable since the entity is not classified as nature.",False
/home/pmonserrat/datasets/places/val_formatted/7/Places365_val_00000381.jpg,amusement park,False,,,yes,biotic,material,"The target entity is an amusement park. The visual evidence shows a constructed environment containing a wooden roller coaster and a large wooden horse sculpture. While the roller coaster is a manufactured structure, the materials used (wood) retain their natural grain and texture, classifying them as Nature-Based Artefacts. Furthermore, the setting includes natural elements such as trees, soil, and rocks, and the activity of riding the coaster is a Nature-Based Activity. The presence of these natural materials and the nature-based activity explicitly fulfill the inclusion criteria for nature. Since nature is 'yes', I evaluate the sub-axes. The primary subject is the amusement park environment, which is defined by the interaction of the wooden structures (Nature-Based Artefacts) and the natural setting (trees, soil). The wooden structures are derived from trees (Flora), placing them under the biotic category. Because the image is an unfiltered documentary photograph capturing a real-world physical environment with physical mass, it is classified as material under the Tangibility axis.",False
/home/pmonserrat/datasets/places/val_formatted/7/Places365_val_00000480.jpg,amusement park,False,,,no,none,none,"The target entity is an amusement park. The visual evidence shows a large-scale man-made structure consisting of painted steel beams, a Ferris wheel, and signage. While the setting is outdoors under a blue sky, the amusement park itself is a constructed environment and functional object. It does not depict a natural entity, nor is it a natural ecosystem or element. It falls under the exclusion scope for homogenous artefacts and manufactured structures where the natural texture is unidentifiable and the object does not depict a natural entity. Not applicable since the entity is not classified as nature.",False
/home/pmonserrat/datasets/places/val_formatted/7/Places365_val_00001659.jpg,amusement park,False,,,no,none,none,"The target entity is an amusement park. The visual evidence shows a roller coaster ride with a steel track and support structure, set against a sky with clouds and some trees in the background. An amusement park is primarily a man-made recreational facility. While it contains natural elements like the sky and trees, the core entity 'amusement park' itself is a constructed environment and administrative unit for entertainment. Under the provided taxonomy, administrative and political units (including recreational zones or facilities) are excluded. Furthermore, the steel structure and ride vehicles are homogenous artefacts where the natural texture is unidentifiable. Therefore, the entity as a whole does not meet the inclusion criteria for nature. Not applicable since the entity is not classified as nature.",False
/home/pmonserrat/datasets/places/val_formatted/7/Places365_val_00001728.jpg,amusement park,False,,,no,none,none,"The target entity is an amusement park. The visual evidence shows a constructed environment containing rides, fences, and structures. While there are trees and greenery in the background, the primary subject and the defining characteristic of an 'amusement park' is the collection of manufactured, functional structures (rides, fences, buildings). These structures are homogenous artefacts where the original natural texture is unidentifiable and they do not depict natural entities. Furthermore, administrative or political units (like a district or a specific named park) are excluded. Therefore, the entity as a whole fails the criteria for nature. Not applicable since the entity is not classified as nature.",False
/home/pmonserrat/datasets/places/val_formatted/7/Places365_val_00001828.jpg,amusement park,False,,,no,none,none,"The target entity is an amusement park. The visual evidence shows a large indoor space with structural elements like metal beams, glass windows, and artificial lighting. While the setting is likely a theme park (which is a nature-based activity venue), the specific visual focus is on the built environment and the interaction between a human and a mascot. The amusement park itself, as a constructed facility, is a homogenous artefact or a collection of homogenous artefacts where the original natural texture is unidentifiable and the object does not depict a natural entity. It falls under the Exclusion Scope for Administrative & Political Units (as a designated area) and Homogenous Artefacts. Therefore, it does not count as nature under this taxonomy. Not applicable since the entity is not classified as nature.",False
/home/pmonserrat/datasets/places/val_formatted/73/Places365_val_00000114.jpg,butte,True,False,True,yes,abiotic,material,"The target entity is a butte. The visual evidence shows a large, flat-topped hill with steep sides, composed of reddish rock formations. This geological landform falls under Geological & Topographical Components within the Non-Living Natural Elements & Processes inclusion scope, fulfilling the criteria for nature. Since nature is 'yes', I evaluate the sub-axes. A butte is a large-scale landform and earth structure, placing it under Geological & Topographical Components within the abiotic category. Because this is an unfiltered documentary photograph of a real-world physical landscape, it is classified as material under the Tangibility axis.",False
/home/pmonserrat/datasets/places/val_formatted/73/Places365_val_00000300.jpg,butte,True,False,True,yes,abiotic,material,"The target entity is a butte. The visual evidence shows a prominent, isolated hill with steep sides and a flat top, composed of rock and earth. This geological formation falls under the 'Geological & Topographical Components' inclusion scope within the Non-Living Natural Elements & Processes category, fulfilling the criteria for nature. Since nature is 'yes', I evaluate the sub-axes. A butte is a large-scale landform and earth structure, placing it under Geological & Topographical Components within the abiotic category. Because this is an unfiltered documentary photograph of a real-world physical landscape, it is classified as material under the Tangibility axis.",False
/home/pmonserrat/datasets/places/val_formatted/73/Places365_val_00000314.jpg,butte,True,False,True,yes,abiotic,material,"The target entity is a butte. The visual evidence shows a distinct, isolated hill with steep, often vertical sides and a flat top, rising abruptly from the surrounding plain. This geological formation is a classic example of a landform created by erosion. Under the provided taxonomy, large-scale landforms and earth structures fall under Geological & Topographical Components within the Non-Living Natural Elements inclusion scope, fulfilling the criteria for nature. Since nature is 'yes', I evaluate the sub-axes. A butte is a large-scale landform and earth structure, placing it under Geological & Topographical Components within the abiotic category. Because this is an unfiltered documentary photograph of a real-world physical landscape, it is classified as material under the Tangibility axis.",False
/home/pmonserrat/datasets/places/val_formatted/73/Places365_val_00000893.jpg,butte,True,False,True,yes,abiotic,material,"The target entity is a butte. The visual evidence shows a distinct, isolated hill with steep sides and a flat top rising from the surrounding plain, located in the middle distance of the beach landscape. This geological formation is a classic example of a butte, which falls under Geological & Topographical Components within the Non-Living Natural Elements & Processes inclusion scope, fulfilling the criteria for nature. Since nature is 'yes', I evaluate the sub-axes. A butte is a large-scale landform and earth structure, placing it under Geological & Topographical Components within the abiotic category. Because this is an unfiltered documentary photograph capturing a real-world physical landscape, it is classified as material under the Tangibility axis.",False
/home/pmonserrat/datasets/places/val_formatted/73/Places365_val_00001469.jpg,butte,True,False,True,yes,abiotic,material,"The target entity is a butte. The visual evidence shows a prominent, isolated hill with steep sides and a flat top, rising abruptly from the surrounding plain. This landform is a classic geological feature. Under the provided taxonomy, large-scale landforms and earth structures fall under Geological & Topographical Components within the Non-Living Natural Elements & Processes inclusion scope, fulfilling the criteria for nature. Since nature is 'yes', I evaluate the sub-axes. A butte is a large-scale landform and earth structure, placing it under Geological & Topographical Components within the abiotic category. Because this is an unfiltered documentary photograph of a real-world physical landscape, it is classified as material under the Tangibility axis.",False
/home/pmonserrat/datasets/places/val_formatted/75/Places365_val_00000842.jpg,cafeteria,False,,,no,none,none,"The target entity is a cafeteria. The visual evidence shows an interior space containing tables, chairs, a television, and a window looking out onto a street. While the space contains natural elements like the glass block wall and the view of the outside world, the term 'cafeteria' refers to the functional, administrative, and built environment itself. This falls under the Exclusion Scope for Administrative & Political Units (as a functional unit) and Homogenous Artefacts (as a built structure where the natural texture is unidentifiable). It is not a depiction of a natural entity, nor is it a natural process or organism. Therefore, it does not count as nature under this taxonomy. Not applicable since the entity is not classified as nature.",False
/home/pmonserrat/datasets/places/val_formatted/75/Places365_val_00001060.jpg,cafeteria,False,,,no,none,none,"The target entity is a cafeteria. The visual evidence shows an indoor commercial space, likely within a grocery store or supermarket, featuring a service counter, a display table with food items, and people gathered. While the space contains elements of nature (such as the floral shop signage, balloons, and food items on the table), the term 'cafeteria' refers to the functional area or the establishment itself. The primary structure is a manufactured building interior with tiled floors, walls, and artificial lighting. The inclusion criteria for nature focus on specific natural entities, ecosystems, or representations thereof. A generic commercial space or functional area, even if it serves food, is not itself a natural entity, ecosystem, or a representation of nature. It is a human-made administrative or commercial unit. Therefore, it falls under the exclusion scope for administrative and political units or simply as a homogenous artefact/structure where the natural material is not the defining feature. Not applicable since the entity is not classified as nature.",False
/home/pmonserrat/datasets/places/val_formatted/75/Places365_val_00001529.jpg,cafeteria,False,,,no,none,none,"The target entity is a cafeteria. The visual evidence shows a large indoor room filled with tables, chairs, and a crowd of people. While there are some natural elements present (e.g., the red carpet, the grey flooring, the red pillars, and potentially some food items on the tables), the term 'cafeteria' refers to the entire functional space or the administrative concept of the dining hall. The primary focus of the entity 'cafeteria' is the built environment and the human activity within it. The built environment (walls, ceiling, artificial lighting, furniture) is generally classified as homogenous artefacts or administrative units, which are excluded from the nature taxonomy. The presence of people (excluded) and the functional nature of the space (administrative unit) means the entity 'cafeteria' itself does not meet the inclusion criteria for nature. Not applicable since the entity is not classified as nature.",False
/home/pmonserrat/datasets/places/val_formatted/75/Places365_val_00001754.jpg,cafeteria,False,,,no,none,none,"The target entity is a cafeteria. The visual evidence shows an indoor commercial space containing furniture, people, and equipment. While the space contains natural elements like wood furniture and potentially food, the term 'cafeteria' refers to the administrative or functional unit of the establishment itself. Administrative and political units, including functional spaces or establishments, fall under the Exclusion Scope and are not classified as nature. Not applicable since the entity is not classified as nature.",False
/home/pmonserrat/datasets/places/val_formatted/75/Places365_val_00002855.jpg,cafeteria,False,,,no,none,none,"The target entity is a 'cafeteria' (specifically identified by the sign 'Philadelphia Bar Restaurant'). The visual evidence shows a commercial building facade with brickwork, painted wood/metal trim, and glass windows. This is a man-made structure designed for human use. Under the provided taxonomy, administrative and political units (like cities or districts) are excluded, and homogenous artefacts (manufactured objects where natural texture is unidentifiable) are also excluded. A building itself is a functional structure, not a natural entity, ecosystem, or representation of nature. Therefore, it falls under the exclusion scope for homogenous artefacts and does not count as nature. Not applicable since the entity is not classified as nature.",False
/home/pmonserrat/datasets/places/val_formatted/76/Places365_val_00000032.jpg,campsite,False,,,yes,biotic,material,"The target entity is a campsite. The visual evidence shows a collection of tents, people, and equipment situated within a forest environment. While the tents themselves are homogenous artefacts (excluded), the campsite as a whole is defined by its location and activity within a natural setting. The inclusion scope for Nature-Based Activities explicitly covers physical activities explicitly taking place within or directly engaging with natural environments. Furthermore, the surrounding environment is a forest, which falls under Biological Ecosystems. Therefore, the campsite instance, as a functional activity and location within a forest, fulfills the inclusion criteria for nature. Since nature is 'yes', I evaluate the sub-axes. The campsite is situated within a forest, which is an environment defined by living communities and biological interactions, placing it under Biological Ecosystems within the biotic category. Because the image is an unfiltered documentary photograph capturing a real-world physical environment and activity, it is classified as material under the Tangibility axis.",False
/home/pmonserrat/datasets/places/val_formatted/76/Places365_val_00000322.jpg,campsite,False,,,,,,,True
/home/pmonserrat/datasets/places/val_formatted/76/Places365_val_00000347.jpg,campsite,False,,,yes,biotic,material,"The target entity is a campsite. The visual evidence shows a grassy clearing within a forest environment, surrounded by trees and natural vegetation. This setting constitutes a natural or semi-natural environment where non-human entities exist and interact, fulfilling the inclusion criteria for Ecosystems & Environments under the Nature Definition. Since nature is 'yes', I evaluate the sub-axes. The campsite is a clearing within a forest, which is an environment defined by living communities and biological interactions, placing it under Biological Ecosystems within the biotic category. Because the image is an unfiltered documentary photograph capturing a real-world physical environment, it is classified as material under the Tangibility axis.",False
/home/pmonserrat/datasets/places/val_formatted/76/Places365_val_00000690.jpg,campsite,False,,,yes,biotic,material,"The target entity is a campsite. The visual evidence shows a tent set up on a wooden deck in a forest environment. A campsite is a location or area designated for camping, which is explicitly defined under Nature-Based Activities (physical activities explicitly taking place within or directly engaging with natural environments). The setting is a natural environment (forest) and the activity (camping) is nature-based, fulfilling the inclusion criteria for nature. Since nature is 'yes', I evaluate the sub-axes. A campsite is a location defined by the activity of camping within a natural environment, which falls under Nature-Based Activities. The environment itself is a forest, which is a biological ecosystem. Therefore, it is classified under the biotic category. Because the image is an unfiltered documentary photograph capturing a real-world physical environment and activity, it is classified as material under the Tangibility axis.",False
/home/pmonserrat/datasets/places/val_formatted/76/Places365_val_00000857.jpg,campsite,False,,,,,,,True
/home/pmonserrat/datasets/places/val_formatted/77/Places365_val_00000012.jpg,campus,False,,,no,none,none,"The target entity is a campus. The visual evidence shows a built environment consisting of a brick building, manicured lawns, and trees. While the setting contains natural elements like grass and trees, the term 'campus' refers to an administrative or educational unit, which falls under the Exclusion Scope for Administrative & Political Units. Furthermore, the primary visual focus is the built structure and the managed landscape, which does not constitute a natural ecosystem or entity in the strict sense of the taxonomy, as it is a human-made administrative space. Not applicable since the entity is not classified as nature.",False
/home/pmonserrat/datasets/places/val_formatted/77/Places365_val_00000408.jpg,campus,False,,,no,none,none,"The target entity is a campus. The visual evidence shows a modern architectural complex with glass facades, metal cladding, and concrete walkways. While there are elements of nature present in the immediate vicinity (a grassy lawn, a stone retaining wall, and a few small trees), the term 'campus' in this context refers to the administrative and political unit or the built environment itself. Administrative and political units (e.g., districts, cities) are explicitly excluded from the nature taxonomy. Furthermore, the primary subject is the built structure, which is a homogenous artefact where the natural texture is unidentifiable and the object does not depict a natural entity. Therefore, it falls under the exclusion scope. Not applicable since the entity is not classified as nature.",False
/home/pmonserrat/datasets/places/val_formatted/77/Places365_val_00000705.jpg,campus,False,,,no,none,none,"The target entity is a campus. The visual evidence shows a built environment containing a large building, paved roads, and surrounding vegetation. While the campus itself is a human-made administrative or political unit (a collection of buildings and grounds), the term 'campus' in this context refers to the entire physical setting. However, the definition explicitly excludes 'Administrative & Political Units' (e.g., countries, counties, districts, cities) even if named after natural features. A campus is a functional human construct, not a natural entity. While it contains biotic elements (trees, grass) and abiotic elements (rocks, soil), the entity 'campus' as a whole is a human-defined space, not a natural one. Therefore, it falls under the exclusion scope for administrative/human constructs. Not applicable since the entity is not classified as nature.",False
/home/pmonserrat/datasets/places/val_formatted/77/Places365_val_00001085.jpg,campus,False,,,no,none,none,"The target entity is a campus. The visual evidence shows a sign labeled 'Creekside' in front of a residential building complex. While the name 'Creekside' references a natural feature (a creek), the entity itself is an administrative or political unit (a named residential area or development). Under the Exclusion Scope, administrative and political units, including named districts or developments, are not classified as nature. The sign itself is a homogenous artefact (wooden planks with painted text) where the natural texture is not the primary focus, and the building is a homogenous artefact. Therefore, the instance does not fulfill the inclusion criteria for nature. Not applicable since the entity is not classified as nature.",False
/home/pmonserrat/datasets/places/val_formatted/77/Places365_val_00001308.jpg,campus,False,,,no,none,none,"The target entity is 'campus'. The visual evidence shows a large brick building with glass windows, surrounded by snow-covered trees and a snowy ground. While the surrounding environment (trees, snow, ground) contains natural elements, the term 'campus' in this context refers to the entire administrative or educational complex, which is primarily defined by the built environment (the building itself). The building is a manufactured structural object where the original natural texture of the materials (brick, glass, steel) is unidentifiable and the object does not depict a natural entity. Therefore, the 'campus' as a functional administrative unit falls under the Exclusion Scope for Administrative & Political Units (or Homogenous Artefacts if referring to the building structure), and is not classified as nature under this taxonomy. Not applicable since the entity is not classified as nature.",False
/home/pmonserrat/datasets/places/val_formatted/80/Places365_val_00000530.jpg,candy store,False,,,no,none,none,"The target entity is a candy store. The visual evidence shows a commercial retail space containing shelves of colorful paper goods, books, and jars of candy. While the store contains processed food items (candy) which are included under the Ingestion Criterion, the entity 'candy store' itself is a commercial establishment and a man-made structure. The primary focus of the image is the retail environment and the merchandise, not a specific natural element or process. The store is a homogenous artefact (a building/structure) where the natural texture is unidentifiable and it does not depict a natural entity. Therefore, it falls under the Exclusion Scope for homogenous artefacts and administrative/commercial units. Not applicable since the entity is not classified as nature.",False
/home/pmonserrat/datasets/places/val_formatted/80/Places365_val_00000699.jpg,candy store,False,,,yes,biotic,material,"The target entity is a candy store. The visual evidence shows rows of colorful candies in glass bins. While the candies themselves are processed food items (which are included under the Ingestion Criterion), the term 'candy store' refers to the commercial establishment or the collection of goods within it. The primary visual focus is on the processed food items (candies). Processed food and drinks at any processing level are explicitly included under the Ingestion Criterion. Therefore, the candies themselves count as nature. Since nature is 'yes', I evaluate the sub-axes. The candies are processed food items (solid edible elements), placing them under the Ingestion Criterion within the biotic category (as they are derivatives of biological processes/materials). Because the image is a standard, literal, realistic digital photograph capturing real-world physical objects (the candies) with mass, it is classified as material under the Tangibility axis.",False
/home/pmonserrat/datasets/places/val_formatted/80/Places365_val_00000974.jpg,candy store,False,,,no,none,none,"The target entity is a candy store. The visual evidence shows a commercial retail space displaying packaged food items, specifically donuts and other confectionery. While the products inside (donuts, sugar, flour) are processed food and drinks derived from nature, the target entity itself is the 'candy store'—a commercial establishment or business. Administrative and political units, or commercial entities, are not classified as nature under this taxonomy. The store is a man-made structure and a business concept, not a natural entity, ecosystem, or natural process. Therefore, it falls under the exclusion scope for administrative/commercial units and does not count as nature. Not applicable since the entity is not classified as nature.",False
/home/pmonserrat/datasets/places/val_formatted/80/Places365_val_00001272.jpg,candy store,False,,,no,none,none,"The target entity is a candy store. The visual evidence shows a retail environment filled with packaged goods, gift boxes, and decorative items. While the products inside may contain food items (processed food), the entity 'candy store' itself refers to the commercial establishment and the collection of merchandise. The primary visual elements are packaging, paper goods, and furniture. The packaging (boxes, bags) falls under the exclusion scope for 'Food & Drink Packaging' unless the natural element is explicitly printed on the exterior, which is not the primary focus here. The furniture (table, lamp) is a homogenous artefact where the natural texture is unidentifiable or the object does not depict a natural entity. Therefore, the entity 'candy store' as a commercial space and collection of packaged goods does not fulfill the inclusion criteria for nature. Not applicable since the entity is not classified as nature.",False
/home/pmonserrat/datasets/places/val_formatted/80/Places365_val_00001369.jpg,candy store,False,,,no,none,none,"The target entity is a candy store. The visual evidence shows a retail environment filled with packaged confectionery products. While the products inside (candies, chocolates) are processed food items derived from natural sources (sugar, cocoa, fruit), the entity 'candy store' itself is a commercial establishment and a man-made structure. The inclusion scope for nature-based artefacts requires the natural material of origin to remain visually identifiable by its structure, grain, or texture (e.g., a wooden table with visible grain). A building or a shop display case does not meet this criterion. Furthermore, the store is an administrative or commercial unit, not a natural ecosystem or element. Therefore, it falls under the exclusion scope for administrative units and homogenous artefacts (the building structure), failing the criteria for nature. Not applicable since the entity is not classified as nature.",False
/home/pmonserrat/datasets/places/val_formatted/81/Places365_val_00000007.jpg,canyon,True,False,True,yes,abiotic,material,"The target entity is a canyon. The visual evidence shows a massive, deep valley with layered rock cliffs. Large-scale landforms and earth structures fall under Geological & Topographical Components within the Non-Living Natural Elements inclusion scope, fulfilling the criteria for nature. Since nature is 'yes', I evaluate the sub-axes. A canyon is a large-scale landform and earth structure, placing it under Geological & Topographical Components within the abiotic category. Because this is an unfiltered documentary photograph of a real-world physical landscape, it is classified as material under the Tangibility axis.",False
/home/pmonserrat/datasets/places/val_formatted/81/Places365_val_00000263.jpg,canyon,True,False,True,yes,abiotic,material,"The target entity is a canyon. The visual evidence shows a massive, deep valley with layered rock cliffs. Large-scale landforms and earth structures fall under Geological & Topographical Components within the Non-Living Natural Elements inclusion scope, fulfilling the criteria for nature. Since nature is 'yes', I evaluate the sub-axes. A canyon is a large-scale landform and earth structure, placing it under Geological & Topographical Components within the abiotic category. Because this is an unfiltered documentary photograph of a real-world physical landscape, it is classified as material under the Tangibility axis.",False
/home/pmonserrat/datasets/places/val_formatted/81/Places365_val_00000539.jpg,canyon,True,False,True,yes,abiotic,material,"The target entity is a canyon. The visual evidence shows a massive, deep valley with layered rock cliffs. Large-scale landforms and earth structures fall under Geological & Topographical Components within the Non-Living Natural Elements inclusion scope, fulfilling the criteria for nature. Since nature is 'yes', I evaluate the sub-axes. A canyon is a large-scale landform and earth structure, placing it under Geological & Topographical Components within the abiotic category. Because this is an unfiltered documentary photograph of a real-world physical landscape, it is classified as material under the Tangibility axis.",False
/home/pmonserrat/datasets/places/val_formatted/81/Places365_val_00000660.jpg,canyon,True,False,True,yes,abiotic,material,"The target entity is a canyon. The visual evidence shows a massive, deep valley with layered rock cliffs. Large-scale landforms and earth structures fall under Geological & Topographical Components within the Non-Living Natural Elements inclusion scope, fulfilling the criteria for nature. Since nature is 'yes', I evaluate the sub-axes. A canyon is a large-scale landform and earth structure, placing it under Geological & Topographical Components within the abiotic category. Because this is an unfiltered documentary photograph of a real-world physical landscape, it is classified as material under the Tangibility axis.",False
/home/pmonserrat/datasets/places/val_formatted/81/Places365_val_00000714.jpg,canyon,True,False,True,yes,abiotic,material,"The target entity is a canyon. The visual evidence shows a massive, deep valley with layered rock cliffs. Large-scale landforms and earth structures fall under Geological & Topographical Components within the Non-Living Natural Elements inclusion scope, fulfilling the criteria for nature. Since nature is 'yes', I evaluate the sub-axes. A canyon is a large-scale landform and earth structure, placing it under Geological & Topographical Components within the abiotic category. Because this is an unfiltered documentary photograph of a real-world physical landscape, it is classified as material under the Tangibility axis.",False
/home/pmonserrat/datasets/places/val_formatted/83/Places365_val_00000311.jpg,carrousel,False,,,no,none,none,"The target entity is a carrousel. The visual evidence shows a large, manufactured amusement ride structure with a painted canopy, metal framework, and decorative animal figures. While the structure is surrounded by natural elements like trees and flowers, the carrousel itself is a homogenous artefact. The materials (painted wood, metal, plastic) have had their original natural texture completely unidentifiable and altered by manufacturing and decoration. Furthermore, the object does not depict a natural entity in its primary form; it is a functional ride. Therefore, it falls strictly under the Homogenous Artefacts exclusion and fails the criteria for nature. Not applicable since the entity is not classified as nature.",False
/home/pmonserrat/datasets/places/val_formatted/83/Places365_val_00001126.jpg,carrousel,False,,,,,,,True
/home/pmonserrat/datasets/places/val_formatted/83/Places365_val_00001258.jpg,carrousel,False,,,yes,biotic,immaterial,"The target entity is a carousel. The visual evidence shows a decorative, three-dimensional object shaped like a miniature amusement ride, featuring stylized animal figures (horses, lions) and ornate architectural details. While the carousel itself is a manufactured object, it explicitly depicts and references non-human living entities (fauna) and natural architectural forms. Under the inclusion criteria for Representations of Nature, three-dimensional figurines, sculptures, or models depicting flora and fauna count as nature, fulfilling the inclusion criteria. Since nature is 'yes', I evaluate the sub-axes. The carousel represents animals (horses, lions) and natural forms, placing its conceptual subject under the biotic category. Although the carousel is a physical three-dimensional object, its primary purpose is representational and symbolic; therefore, under the Tangibility rules for representations, it is classified as immaterial.",False
/home/pmonserrat/datasets/places/val_formatted/83/Places365_val_00001785.jpg,carrousel,False,,,no,none,none,"The target entity is a carrousel. The visual evidence shows a manufactured amusement ride structure featuring painted panels, wooden poles, and decorative elements. While it contains painted depictions of nature (such as the Venetian scene and the horse figure), the primary object itself is a functional, manufactured artefact. The materials (wood, paint, metal) are processed to the point where their original natural texture is unidentifiable, and the object does not depict a natural entity as its primary form (it is a ride, not a statue of a horse or a painting of a landscape). Therefore, it falls under the Homogenous Artefacts exclusion and fails the criteria for nature. Not applicable since the entity is not classified as nature.",False
/home/pmonserrat/datasets/places/val_formatted/83/Places365_val_00002005.jpg,carrousel,False,,,no,none,none,"The target entity is a carousel. The visual evidence shows a child interacting with a ride featuring painted wooden horses and golden poles. The carousel itself is a manufactured amusement ride. While it contains natural materials (wood, paint), the object as a whole is a functional, manufactured structure where the original natural texture is unidentifiable and it does not depict a natural entity in a representational sense (it is a ride, not a statue of a horse). Therefore, it falls under the Homogenous Artefacts exclusion and fails the criteria for nature. Not applicable since the entity is not classified as nature.",False
/home/pmonserrat/datasets/places/val_formatted/84/Places365_val_00000107.jpg,castle,False,,,no,none,none,"The target entity is a castle. The visual evidence shows a large, constructed building made of stone blocks with architectural features like towers, battlements, and windows. While the castle is built from natural materials (stone), it is a manufactured structural object where the original natural texture is unidentifiable and the object does not depict a natural entity. It falls strictly under the Homogenous Artefacts exclusion and fails the criteria for nature. Not applicable since the entity is not classified as nature.",False
/home/pmonserrat/datasets/places/val_formatted/84/Places365_val_00000538.jpg,castle,False,,,no,none,none,"The target entity is a castle. The visual evidence shows a large, man-made structure constructed from stone blocks. While the castle is built using natural materials (stone), the structure itself is a manufactured architectural object. The original natural texture of the stone is largely obscured by the construction process, mortar, and the sheer scale of the built environment, making it a homogenous artefact in the context of the taxonomy. It does not depict a natural entity (like a statue of a tree) but rather a human-made structure. Therefore, it falls under the Exclusion Scope for Homogenous Artefacts and is not classified as nature. Not applicable since the entity is not classified as nature.",False
/home/pmonserrat/datasets/places/val_formatted/84/Places365_val_00000562.jpg,castle,False,,,no,none,none,"The target entity is a castle. The visual evidence shows a large, man-made structure constructed from stone and mortar. While the castle is built using natural materials like stone and is surrounded by natural elements like trees and ivy, the castle itself is a manufactured structural object. Under the provided taxonomy, homogenous artefacts—manufactured structural or functional objects where the original natural texture is unidentifiable and the object does not depict a natural entity—are explicitly excluded from the nature classification. A castle is a functional building, not a natural entity or a representation of one. Not applicable since the entity is not classified as nature.",False
/home/pmonserrat/datasets/places/val_formatted/84/Places365_val_00000749.jpg,castle,False,,,no,none,none,"The target entity is a castle. The visual evidence shows a large, man-made stone structure with towers and walls, situated within a park-like setting. While the castle is constructed from natural materials like stone, it is a manufactured functional object where the original natural texture is unidentifiable and the object does not depict a natural entity. It falls strictly under the Homogenous Artefacts exclusion and fails the criteria for nature. Not applicable since the entity is not classified as nature.",False
/home/pmonserrat/datasets/places/val_formatted/84/Places365_val_00000936.jpg,castle,False,,,no,none,none,"The target entity is a castle. The visual evidence shows a large, man-made structure built from stone and brick, featuring architectural elements like towers, turrets, and a staircase. While the castle is constructed from natural materials (stone, earth), it is a manufactured structural object where the original natural texture is unidentifiable and the object does not depict a natural entity. It falls strictly under the Homogenous Artefacts exclusion and fails the criteria for nature. Not applicable since the entity is not classified as nature.",False
/home/pmonserrat/datasets/places/val_formatted/85/Places365_val_00001056.jpg,catacomb,True,False,True,no,none,none,"The target entity is a 'catacomb', which in this visual context refers to a man-made underground structure or tunnel accessed by stone steps. The visual evidence shows a constructed architectural space with brick and stone walls, a stone staircase, and an arched entrance. While the structure is built from natural materials (stone, brick) and is surrounded by natural elements (moss, soil, plants), the entity itself is a manufactured, functional object (a building or tunnel). Under the provided taxonomy, homogenous artefacts—manufactured structural or functional objects where the original natural texture is unidentifiable and the object does not depict a natural entity—are explicitly excluded from the nature classification. The catacomb is a human-made structure, not a natural ecosystem, geological formation, or living entity, and it does not represent a natural entity in an artistic or symbolic sense. Therefore, it falls under the exclusion scope for homogenous artefacts and is not classified as nature. Not applicable since the entity is not classified as nature.",False
/home/pmonserrat/datasets/places/val_formatted/85/Places365_val_00001090.jpg,catacomb,True,False,True,yes,abiotic,material,"The target entity is a 'catacomb'. The visual evidence shows a subterranean space with rough, natural-looking rock walls and a ceiling, likely a natural cave system or a man-made structure carved directly into rock. The primary material visible is rock and earth. Under the provided taxonomy, geological and mineral elements (rocks, soil, sand) are explicitly classified under Non-Living Natural Elements & Processes. Even if the space is man-made, the defining material characteristic is the natural rock formation, which falls under Geological & Topographical Components. Therefore, it fulfills the inclusion criteria for nature. Since nature is 'yes', I evaluate the sub-axes. A catacomb is fundamentally a geological formation or a space defined by rock and earth structures, placing it under Geological & Topographical Components within the abiotic category. Because the image is an unfiltered documentary photograph capturing a real-world physical environment, it is classified as material under the Tangibility axis.",False
/home/pmonserrat/datasets/places/val_formatted/85/Places365_val_00001380.jpg,catacomb,True,False,True,no,none,none,"The target entity is a catacomb. The visual evidence shows a dark, underground tunnel with stone walls and a wet floor, illuminated by artificial lights. A catacomb is a man-made underground structure used for burial or storage, constructed from stone or brick. While it is built from natural materials (stone), the structure itself is a homogenous artefact where the original natural texture is unidentifiable and the object does not depict a natural entity. It is a functional, manufactured architectural space, not a natural ecosystem or geological formation. Therefore, it falls under the Homogenous Artefacts exclusion and fails the criteria for nature. Not applicable since the entity is not classified as nature.",False
/home/pmonserrat/datasets/places/val_formatted/85/Places365_val_00001462.jpg,catacomb,True,False,True,,,,,True
/home/pmonserrat/datasets/places/val_formatted/85/Places365_val_00001895.jpg,catacomb,True,False,True,no,none,none,"The target entity is a 'catacomb'. The visual evidence shows a dark, underground chamber with stone walls and arched windows, characteristic of a burial place or a subterranean structure. A catacomb is a man-made architectural structure, typically a network of underground tunnels and chambers used for burials. It is a constructed environment, not a natural ecosystem or geological formation. While it may be located within a geological context (underground), the structure itself is a homogenous artefact or a built environment, not a natural entity. It does not fit the inclusion criteria for Nature-Based Artefacts (where natural texture remains visually identifiable) or Nature-Based Activities. Therefore, it falls under the Exclusion Scope for homogenous artefacts and administrative/political units (as it is a specific named location/structure). Not applicable since the entity is not classified as nature.",False
/home/pmonserrat/datasets/places/val_formatted/86/Places365_val_00000328.jpg,cemetery,False,,,yes,biotic,material,"The target entity is a cemetery. The visual evidence shows a grassy field with rows of white headstones and American flags. While the headstones are manufactured artefacts, the primary setting is a natural environment defined by the living community of grass and trees. This falls under the inclusion scope for 'Ecosystems & Environments' (specifically, a nature reserve or green space context) and 'Biological Ecosystems' (environments defined by living communities). The presence of the grassy ground and trees explicitly fulfills the criteria for nature. Since nature is 'yes', I evaluate the sub-axes. The cemetery is an environment defined by the living communities (grass, trees) and biological interactions within it, placing it under the biotic category. Because the image is an unfiltered documentary photograph capturing a real-world physical landscape and environment, it is classified as material under the Tangibility axis.",False
/home/pmonserrat/datasets/places/val_formatted/86/Places365_val_00000374.jpg,cemetery,False,,,no,none,none,"The target entity is a cemetery. The visual evidence shows a wall with memorial plaques and a stone sculpture, which are man-made structures. While the setting may be outdoors and the stone has natural texture, the primary function of a cemetery is a human administrative and cultural space for burial and remembrance. Under the provided taxonomy, administrative and political units (including cultural designations like cemeteries) are explicitly excluded from the nature definition. Furthermore, the stone structures themselves, while made of natural material, are homogenous artefacts where the natural texture is not the primary defining feature of the object's function, and the entity as a whole is a human construct. Not applicable since the entity is not classified as nature.",False
/home/pmonserrat/datasets/places/val_formatted/86/Places365_val_00000651.jpg,cemetery,False,,,,,,,True
/home/pmonserrat/datasets/places/val_formatted/86/Places365_val_00000873.jpg,cemetery,False,,,yes,biotic,material,"The target entity is a cemetery. The visual evidence shows a large, open grassy field with rows of white headstones and a central memorial monument. The ground is covered in grass and soil, and the background features a line of mature trees. This environment is explicitly defined as a 'Biological Ecosystem' (e.g., nature reserves, urban parks, vegetable gardens) under the Biotic category of the Life Category Axis. The presence of the grass, soil, and trees constitutes a natural environment where non-human entities exist and interact, fulfilling the inclusion criteria for nature. Since nature is 'yes', I evaluate the sub-axes. The cemetery is an environment defined by the living communities (grass, trees) and biological interactions within it, placing it under Biological Ecosystems within the biotic category. Because the image is an unfiltered documentary photograph capturing a real-world physical landscape and environment, it is classified as material under the Tangibility axis.",False
/home/pmonserrat/datasets/places/val_formatted/86/Places365_val_00002019.jpg,cemetery,False,,,,,,,True
/home/pmonserrat/datasets/places/val_formatted/87/Places365_val_00000054.jpg,chalet,False,,,no,none,none,"The target entity is a chalet. The visual evidence shows a modern, manufactured building with a dark roof and large glass windows situated in a mountainous landscape. While the chalet is located within a natural environment (mountains, trees), the chalet itself is a homogenous artefact. The materials (likely metal, glass, and processed wood) have been altered to the point where the original natural texture is unidentifiable, and the object does not depict a natural entity. Therefore, it falls under the Homogenous Artefacts exclusion and fails the criteria for nature. Not applicable since the entity is not classified as nature.",False
/home/pmonserrat/datasets/places/val_formatted/87/Places365_val_00000163.jpg,chalet,False,,,yes,biotic,material,"The target entity is a chalet. The visual evidence shows a wooden structure with a thatched roof situated on the edge of a body of water. The chalet is constructed from wood (visible planks and beams) and thatch (natural plant material). According to the inclusion scope, 'Nature-Based Artefacts' are crafted or manufactured objects where the natural material of origin remains visually identifiable by its structure, grain, or texture. The wood grain and the thatched texture are clearly visible, fulfilling the criteria for nature. Since nature is 'yes', I evaluate the sub-axes. The chalet is a constructed object made from wood and thatch. Wood is a processed material derived from trees (Flora), and thatch is derived from plants (Flora). Therefore, the material origin places it under the biotic category. Because the image is an unfiltered documentary photograph capturing a real-world physical object with mass, it is classified as material under the Tangibility axis.",False
/home/pmonserrat/datasets/places/val_formatted/87/Places365_val_00000182.jpg,chalet,False,,,yes,biotic,material,"The target entity is a chalet. The visual evidence shows a manufactured structure, specifically a small A-frame building, constructed primarily from wood. The exterior walls display a distinct wood grain texture and the structure is built from timber planks. According to the inclusion scope for Nature-Based Artefacts, manufactured objects where the natural material of origin remains visually identifiable by its structure, grain, or texture (e.g., wooden tables with visible wood grain) are classified as nature. Therefore, this chalet counts as nature. Since nature is 'yes', I evaluate the sub-axes. The chalet is constructed from wood, which is a processed material derived from trees (Flora & Plant Derivatives), placing it under the biotic category. Because the image is an unfiltered documentary photograph capturing a real-world physical structure with mass occupying space, it is classified as material under the Tangibility axis.",False
/home/pmonserrat/datasets/places/val_formatted/87/Places365_val_00000261.jpg,chalet,False,,,,,,,True
/home/pmonserrat/datasets/places/val_formatted/87/Places365_val_00000264.jpg,chalet,False,,,yes,biotic,material,"The target entity is a chalet. The visual evidence shows a building constructed with wooden logs and stone. While the chalet itself is a manufactured structure, the definition of Nature-Based Artefacts explicitly includes 'Crafted or manufactured objects where the natural material of origin remains visually identifiable by its structure, grain, or texture'. The prominent wooden log construction with visible grain and the stone base clearly retain the visual identity of their natural origins (wood and stone). Therefore, it fulfills the inclusion criteria for Nature-Based Artefacts. Since nature is 'yes', I evaluate the sub-axes. The chalet is constructed primarily from wood (derived from trees, flora) and stone (geological material). However, the primary structural material defining the 'chalet' aesthetic here is the wood, which falls under Flora & Plant Derivatives. Because the chalet is a real-world physical object with mass that occupies space, it is classified as material under the Tangibility axis.",False
/home/pmonserrat/datasets/places/val_formatted/88/Places365_val_00000146.jpg,chemistry lab,False,,,no,none,none,"The target entity is a chemistry lab. The visual evidence shows an indoor room containing laboratory equipment, workbenches, and personnel in surgical attire. While the room contains various materials (glass, metal, plastic) and potentially biological samples, the entity itself is a constructed, functional space designed for human activity. It does not depict a natural entity, nor is it a natural environment or a representation of nature. It falls under the exclusion scope for administrative or functional human-made environments. Not applicable since the entity is not classified as nature.",False
/home/pmonserrat/datasets/places/val_formatted/88/Places365_val_00000441.jpg,chemistry lab,False,,,no,none,none,"The target entity is a chemistry lab. The visual evidence shows an indoor workspace containing two human beings, various tools, and equipment. While the setting may contain some natural elements (like the air or light), the entity 'chemistry lab' itself refers to a functional, manufactured environment designed for human work. It is not a natural ecosystem, nor does it primarily depict a natural entity. It falls under the exclusion scope for administrative or functional human-made units and does not meet the criteria for nature. Not applicable since the entity is not classified as nature.",False
/home/pmonserrat/datasets/places/val_formatted/88/Places365_val_00000614.jpg,chemistry lab,False,,,no,none,none,"The target entity is a chemistry lab. The visual evidence shows an indoor room containing laboratory benches, sinks, and equipment. While the room contains windows looking out onto trees and the benches are made of wood, the primary subject is the built environment and the human activity taking place within it. The inclusion scope for nature focuses on more-than-human living entities, ecosystems, natural elements, and nature-based activities. A standard indoor laboratory is a constructed, artificial environment, not a natural ecosystem or a direct engagement with natural elements in the way defined (e.g., gardening, fishing). The presence of people (excluded) and artificial furniture/equipment (homogenous artefacts) further distances it from the nature definition. Therefore, it does not count as nature. Not applicable since the entity is not classified as nature.",False
/home/pmonserrat/datasets/places/val_formatted/88/Places365_val_00000676.jpg,chemistry lab,False,,,no,none,none,"The target entity is a chemistry lab. The visual evidence shows an indoor, man-made environment characterized by white cabinetry, countertops, fume hoods, and shelves stocked with glass bottles and scientific equipment. While the lab contains various items (bottles, glassware) that may be made of natural materials like glass or contain chemical substances, the entity 'chemistry lab' itself is defined as a functional, manufactured space. It does not depict a natural ecosystem, nor does it consist of natural elements where the natural texture is the primary visual feature (the cabinets are painted and homogenous). It is a human-made administrative or functional unit, not a natural environment or entity. Not applicable since the entity is not classified as nature.",False
/home/pmonserrat/datasets/places/val_formatted/88/Places365_val_00001255.jpg,chemistry lab,False,,,no,none,none,"The target entity is a chemistry lab. The visual evidence shows a food preparation area with a manual press machine, condiments, and a person working. There are no chemical apparatuses, beakers, or laboratory equipment visible. The term 'chemistry lab' is not applicable to this scene; the scene depicts a food stall or kitchen. Since the target entity does not exist in the visual evidence, it cannot be classified as nature. Not applicable since the entity is not classified as nature.",False
/home/pmonserrat/datasets/places/val_formatted/9/Places365_val_00000752.jpg,aquarium,False,,,,,,,True
/home/pmonserrat/datasets/places/val_formatted/9/Places365_val_00000877.jpg,aquarium,False,,,,,,,True
/home/pmonserrat/datasets/places/val_formatted/9/Places365_val_00001341.jpg,aquarium,False,,,yes,biotic,material,"The target entity is an aquarium. The visual evidence shows a glass tank containing water, aquatic plants, and a fish. While the tank itself is a manufactured container, the primary content and the context of the image are defined by the living ecosystem within it. The fish (fauna) and the aquatic plants (flora) are explicitly included under Flora & Fauna & Plant Derivatives within the Biotic category. The water and the environment constitute a Biological Ecosystem. Therefore, the entity is classified as nature. Since nature is 'yes', I evaluate the sub-axes. The primary subject is the fish, which is a non-human vertebrate (fauna), placing it under the biotic category. The image captures a real-world physical environment with mass and physical presence, classifying it as material under the Tangibility axis.",False
/home/pmonserrat/datasets/places/val_formatted/9/Places365_val_00002160.jpg,aquarium,False,,,,,,,True
/home/pmonserrat/datasets/places/val_formatted/9/Places365_val_00002332.jpg,aquarium,False,,,yes,biotic,material,"The target entity is an aquarium. The visual evidence shows a large glass tank containing water, rocks, and fish. While the tank itself is a manufactured container, the primary subject matter and the environment depicted are explicitly defined as a biological ecosystem (a nature reserve or urban park equivalent in this context) and contain more-than-human living organisms (fauna). The inclusion scope for nature explicitly covers 'Biological Ecosystems' and 'Fauna & Animal Derivatives'. The aquarium serves as a habitat for these living entities, making it a representation of a natural environment or a direct engagement with a nature-based setting. Since nature is 'yes', I evaluate the sub-axes. The aquarium contains fish (fauna) and aquatic plants (flora), which are living organisms. Therefore, the primary life category is biotic. The image is a standard, literal, realistic digital photograph capturing a real-world physical environment (the tank and the animals inside). A standard camera recording of a real-world entity represents material nature.",False
/home/pmonserrat/datasets/places/val_formatted/93/Places365_val_00000003.jpg,clean room,False,,,no,none,none,"The target entity is a 'clean room'. The visual evidence shows a sterile, controlled environment with white walls, stainless steel surfaces, and specialized lighting. While the room contains natural materials (like the wood grain potentially in the chair or the metal derived from ore), the 'clean room' itself is a functional, manufactured architectural space designed for specific industrial or medical purposes. It is not a natural ecosystem, nor does it depict a natural entity. It falls under the exclusion scope for administrative or functional units and homogenous artefacts (as a built environment), failing the criteria for nature. Not applicable since the entity is not classified as nature.",False
/home/pmonserrat/datasets/places/val_formatted/93/Places365_val_00000275.jpg,clean room,False,,,no,none,none,"The target entity is a 'clean room'. The visual evidence shows a sterile medical or surgical environment containing medical equipment, carts, and personnel. While the setting is a physical space, the term 'clean room' in this context refers to a controlled, artificial environment designed for specific human activities (medical procedures). It is not a natural ecosystem, nor does it depict a natural entity. The environment is a constructed, homogenous artefact of human infrastructure, lacking the natural material texture or biological processes required to be classified as nature under the provided taxonomy. Not applicable since the entity is not classified as nature.",False
/home/pmonserrat/datasets/places/val_formatted/93/Places365_val_00000976.jpg,clean room,False,,,,,,,True
/home/pmonserrat/datasets/places/val_formatted/93/Places365_val_00001557.jpg,clean room,False,,,no,none,none,"The target entity is a 'clean room'. The visual evidence shows a laboratory environment with specialized equipment, glassware, and a person in protective gear. A clean room is a controlled environment designed for manufacturing or research, characterized by low levels of particulate contamination. While it is a physical space, it is a constructed, artificial environment rather than a natural ecosystem or natural element. It does not fit the definition of a natural environment (e.g., forest, nature reserve) nor does it depict a natural entity. It is a human-made facility, similar to a factory or office, and falls under the exclusion of administrative or functional human constructs. Not applicable since the entity is not classified as nature.",False
/home/pmonserrat/datasets/places/val_formatted/93/Places365_val_00002256.jpg,clean room,False,,,no,none,none,"The target entity is a 'clean room'. The visual evidence shows a highly controlled, sterile industrial or laboratory environment. While the term 'clean room' refers to a specific type of facility, the taxonomy explicitly excludes 'Administrative & Political Units' and 'Accidental or Contingent Meanings' (e.g., 'summer school' as a calendar reference). A clean room is a functional, manufactured space defined by its air filtration and cleanliness standards, not by the presence of natural elements or ecosystems. The walls, floors, and equipment are homogenous artefacts or manufactured structures where natural textures are unidentifiable. It does not depict a natural entity, nor does it contain the specific natural elements (like a garden, forest, or river) required for inclusion. Therefore, it falls under the exclusion scope for homogenous artefacts and functional environments that are not nature-based. Not applicable since the entity is not classified as nature.",False
/home/pmonserrat/datasets/places/val_formatted/94/Places365_val_00000117.jpg,cliff,True,False,True,yes,abiotic,material,"The target entity is a cliff. The visual evidence shows a large, steep rock face rising from the beach, characterized by exposed reddish soil and rock layers. Large-scale landforms, earth structures, and geological formations are explicitly classified under Geological & Topographical Components within the Non-Living Natural Elements & Processes inclusion scope, fulfilling the criteria for nature. Since nature is 'yes', I evaluate the sub-axes. A cliff is a large-scale landform and earth structure, placing it under Geological & Topographical Components within the abiotic category. Because this is an unfiltered documentary photograph capturing a real-world physical landscape, it is classified as material under the Tangibility axis.",False
/home/pmonserrat/datasets/places/val_formatted/94/Places365_val_00000376.jpg,cliff,True,False,True,yes,abiotic,material,"The target entity is a cliff. The visual evidence shows a large, vertical rock face forming part of a natural landscape. Large-scale landforms and earth structures are explicitly classified under Geological & Topographical Components within the Non-Living Natural Elements & Processes inclusion scope, fulfilling the criteria for nature. Since nature is 'yes', I evaluate the sub-axes. A cliff is a large-scale landform and earth structure, placing it under Geological & Topographical Components within the abiotic category. Because this is an unfiltered documentary photograph of a real-world physical landscape, it is classified as material under the Tangibility axis.",False
/home/pmonserrat/datasets/places/val_formatted/94/Places365_val_00000810.jpg,cliff,True,False,True,yes,abiotic,material,"The target entity is a cliff. The visual evidence shows a large, vertical rock face rising from a beach, characterized by distinct geological layering and erosion patterns. This falls under the inclusion scope of 'Geological & Topographical Components' (large-scale landforms, earth structures, natural mineral resources) within the Non-Living Natural Elements & Processes category. It is a real-world physical feature, not a manufactured object or a human being, thus fulfilling the criteria for nature. Since nature is 'yes', I evaluate the sub-axes. A cliff is a large-scale landform and earth structure, placing it under Geological & Topographical Components within the abiotic category. Because the image is an unfiltered documentary photograph capturing a real-world physical landscape, it is classified as material under the Tangibility axis.",False
/home/pmonserrat/datasets/places/val_formatted/94/Places365_val_00000889.jpg,cliff,True,False,True,yes,abiotic,material,"The target entity is a cliff. The visual evidence shows a steep rock face rising from the sea, covered in grass and vegetation. Large-scale landforms, earth structures, and geological formations are explicitly classified under Geological & Topographical Components within the Non-Living Natural Elements & Processes inclusion scope, fulfilling the criteria for nature. Since nature is 'yes', I evaluate the sub-axes. A cliff is a large-scale landform and earth structure, placing it under Geological & Topographical Components within the abiotic category. Because this is an unfiltered documentary photograph of a real-world physical landscape, it is classified as material under the Tangibility axis.",False
/home/pmonserrat/datasets/places/val_formatted/94/Places365_val_00001142.jpg,cliff,True,False,True,yes,abiotic,material,"The target entity is a cliff. The visual evidence shows a steep rock face on the right side of the image, forming the edge of a dune system overlooking a beach. Large-scale landforms, earth structures, and geological formations are explicitly classified under Geological & Topographical Components within the Non-Living Natural Elements & Processes inclusion scope, fulfilling the criteria for nature. Since nature is 'yes', I evaluate the sub-axes. A cliff is a large-scale landform and earth structure, placing it under Geological & Topographical Components within the abiotic category. Because this is an unfiltered documentary photograph capturing a real-world physical landscape, it is classified as material under the Tangibility axis.",False
/home/pmonserrat/datasets/places/val_formatted/95/Places365_val_00000546.jpg,closet,False,,,no,none,none,"The target entity is a closet. The visual evidence shows a black sleeveless garment hanging on a wooden hanger. While the hanger is a Nature-Based Artefact (wood with visible grain), the primary target identified as 'closet' refers to the garment itself. The garment is a manufactured functional object made of fabric. The original natural texture of the fabric is unidentifiable and the object does not depict a natural entity. Therefore, it falls strictly under the Homogenous Artefacts exclusion and fails the criteria for nature. Not applicable since the entity is not classified as nature.",False
/home/pmonserrat/datasets/places/val_formatted/95/Places365_val_00000646.jpg,closet,False,,,no,none,none,"The target entity is a closet. The visual evidence shows a manufactured storage unit with a door and internal shelving. While the closet is constructed from wood (a natural material), the wood is finished with a smooth, painted or laminated surface where the original natural grain and texture are completely unidentifiable. Furthermore, the closet is a functional object designed for storage, not a depiction of a natural entity. Therefore, it falls strictly under the Homogenous Artefacts exclusion and fails the criteria for nature. Not applicable since the entity is not classified as nature.",False
/home/pmonserrat/datasets/places/val_formatted/95/Places365_val_00001219.jpg,closet,False,,,yes,biotic,material,"The target entity is a closet. The visual evidence shows a manufactured structural object made of wood with clearly visible natural grain. While homogenous artefacts are excluded, manufactured objects where the natural material of origin remains visually identifiable by its grain or texture explicitly count as Nature-Based Artefacts, fulfilling the inclusion criteria. Since nature is 'yes', I evaluate the sub-axes. Wood is a processed material derived from trees, placing it under Flora & Plant Derivatives within the biotic category. Because it is a real-world physical object with mass that occupies space, it is classified as material under the Tangibility axis.",False
/home/pmonserrat/datasets/places/val_formatted/95/Places365_val_00001505.jpg,closet,False,,,no,none,none,"The target entity is a closet. The visual evidence shows a built-in storage space or alcove within a room, characterized by a door frame and shelving or hanging space. This is a manufactured structural object designed for human use. While it is made of materials like wood or drywall, the object itself is a functional architectural element rather than a natural entity, ecosystem, or nature-based artefact where the natural material's texture is the primary visual feature. It falls under the exclusion scope for homogenous artefacts and manufactured structural objects. Not applicable since the entity is not classified as nature.",False
/home/pmonserrat/datasets/places/val_formatted/95/Places365_val_00001627.jpg,closet,False,,,,,,,True
/home/pmonserrat/datasets/places/val_formatted/96/Places365_val_00000985.jpg,clothing store,False,,,no,none,none,"The target entity is a clothing store. The visual evidence shows a retail environment displaying a high-fashion boot. While the boot itself is a manufactured object made of leather (a natural material), the target entity 'clothing store' refers to the commercial establishment and its function. Administrative and political units, as well as commercial establishments, are not classified as nature under this taxonomy. The store is a human-made commercial space, not a natural ecosystem or element. Not applicable since the entity is not classified as nature.",False
/home/pmonserrat/datasets/places/val_formatted/96/Places365_val_00001233.jpg,clothing store,False,,,no,none,none,"The target entity is a clothing store. The visual evidence shows a retail environment displaying mannequins wearing suits and scarves. While the scarves and coats are made of natural materials like wool or cotton, the entity being classified is the 'clothing store' itself, which is a commercial establishment. A commercial building or retail space is a homogenous artefact where the original natural texture is unidentifiable and the object does not depict a natural entity. It falls strictly under the Homogenous Artefacts exclusion and fails the criteria for nature. Not applicable since the entity is not classified as nature.",False
/home/pmonserrat/datasets/places/val_formatted/96/Places365_val_00001235.jpg,clothing store,False,,,no,none,none,"The target entity is a clothing store. The visual evidence shows a retail environment with racks of clothing, a person, and interior walls. While the store contains natural elements like cotton or polyester fibers in the clothes, the entity 'clothing store' itself is a commercial, administrative, and political unit (a business establishment). Under the Exclusion Scope, administrative and political units (including business establishments and their boundaries) are not classified as nature. Furthermore, the store is a homogenous artefact in the sense that it is a manufactured functional object where the original natural texture of the building materials is unidentifiable and the object does not depict a natural entity. Not applicable since the entity is not classified as nature.",False
/home/pmonserrat/datasets/places/val_formatted/96/Places365_val_00001269.jpg,clothing store,False,,,no,none,none,"The target entity is a clothing store. The visual evidence shows a person wearing a leather jacket and jeans. While the materials (leather, denim) are derived from nature, the entity being classified is the 'clothing store' itself, which is a commercial establishment. A clothing store is an administrative or commercial unit, not a natural entity, ecosystem, or representation of nature. It falls under the exclusion scope for administrative and political units or commercial entities, and does not meet the criteria for nature. Not applicable since the entity is not classified as nature.",False
/home/pmonserrat/datasets/places/val_formatted/96/Places365_val_00001996.jpg,clothing store,False,,,no,none,none,"The target entity is a clothing store. The visual evidence shows an indoor commercial space containing racks of garments, display shelves, and furniture. While the store contains natural materials (e.g., wood grain on furniture, cotton or wool in fabrics), the entity itself is a commercial establishment and a constructed environment. It does not fit the definition of a 'Nature-Based Artefact' (where the natural material is the primary visual identity) nor does it depict a natural entity. It is a human-made administrative and commercial unit, which falls under the exclusion scope for administrative units and homogenous artefacts when viewed as a whole entity. Not applicable since the entity is not classified as nature.",False
/home/pmonserrat/datasets/places/val_formatted/97/Places365_val_00000336.jpg,coast,True,False,True,yes,abiotic,material,"The target entity is a coast. The visual evidence shows a real-world landscape where the land meets the sea, featuring cliffs, ocean water, and vegetation. This environment encompasses both geological landforms (cliffs, mountains) and hydrological elements (ocean, waves), which are explicitly classified under Non-Living Natural Elements & Processes (Geological & Topographical Components and Hydrological Components) within the Nature definition. Furthermore, the presence of vegetation on the cliffs and hillsides indicates a biological ecosystem, fulfilling the inclusion criteria for nature. Since nature is 'yes', I evaluate the sub-axes. A coast is a complex interface involving geological landforms (cliffs, mountains) and hydrological elements (ocean), which are non-living physical elements, placing it under the abiotic category. Because the image is an unfiltered documentary photograph capturing a real-world physical landscape with mass and physical presence, it is classified as material under the Tangibility axis.",False
/home/pmonserrat/datasets/places/val_formatted/97/Places365_val_00000706.jpg,coast,True,False,True,yes,abiotic,material,"The target entity is a 'coast'. The visual evidence shows a shoreline where the land meets the sea, featuring a sandy beach, water, and distant hills. This environment is explicitly classified under Ecosystems & Environments (specifically, natural or semi-natural environments where non-human entities exist and interact) and includes Hydrological Components (water bodies) and Geological & Topographical Components (landforms). This fulfills the inclusion criteria for nature. Since nature is 'yes', I evaluate the sub-axes. A coast is a geographical feature defined by the interaction of land and sea, placing it under Geological & Topographical Components and Hydrological Components within the abiotic category. Because the image is an unfiltered documentary photograph capturing a real-world physical landscape, it is classified as material under the Tangibility axis.",False
/home/pmonserrat/datasets/places/val_formatted/97/Places365_val_00000754.jpg,coast,True,False,True,yes,abiotic,material,"The target entity is a 'coast'. The visual evidence shows a landscape where a body of water meets land, featuring a shoreline with driftwood, water, and a forested background. A coast is a natural geographical boundary between land and sea or lake, which falls under the inclusion scope of 'Ecosystems & Environments' and 'Geological & Topographical Components' (specifically the interface of land and water). It is a real-world physical environment, fulfilling the criteria for nature. Since nature is 'yes', I evaluate the sub-axes. A coast is a geographical feature defined by the interaction of land and water, placing it under Geological & Topographical Components within the abiotic category. Because the image is an unfiltered documentary photograph capturing a real-world physical landscape, it is classified as material under the Tangibility axis.",False
/home/pmonserrat/datasets/places/val_formatted/97/Places365_val_00001214.jpg,coast,True,False,True,yes,abiotic,material,"The target entity is a coast. The visual evidence shows a real-world shoreline where land meets the sea, featuring sandy beaches, rocky outcrops, and the ocean. This environment falls under the inclusion scope of Ecosystems & Environments (specifically natural or semi-natural environments where non-human entities exist and interact) and Non-Living Natural Elements & Processes (Hydrological components like the ocean and Geological components like the cliffs and sand). Therefore, it fulfills the criteria for nature. Since nature is 'yes', I evaluate the sub-axes. A coast is a geographical feature defined by the interaction of land and sea, placing it under Geological & Topographical Components and Hydrological Components within the abiotic category. Because the image is an unfiltered documentary photograph capturing a real-world physical landscape, it is classified as material under the Tangibility axis.",False
/home/pmonserrat/datasets/places/val_formatted/97/Places365_val_00001924.jpg,coast,True,False,True,yes,abiotic,material,"The target entity is a coast. The visual evidence shows a real-world landscape featuring the interface between land and sea, including sandy beaches, ocean waves, and coastal vegetation. A coast is a natural geographical feature defined by the interaction of land and water, falling under the inclusion scope of Ecosystems & Environments and Non-Living Natural Elements & Processes (Hydrological and Geological components). This fulfills the criteria for nature. Since nature is 'yes', I evaluate the sub-axes. A coast is a geographical feature defined by the interaction of land (geological/topographical) and water (hydrological), placing it under the abiotic category. Because the image is an unfiltered documentary photograph capturing a real-world physical landscape, it is classified as material under the Tangibility axis.",False
/home/pmonserrat/datasets/places/val_formatted/98/Places365_val_00000088.jpg,cockpit,False,,,no,none,none,"The target entity is a cockpit. The visual evidence shows the interior control panel and instrument cluster of an aircraft. A cockpit is a manufactured functional object designed for human operation. While it is constructed from materials that may have natural origins (such as metal, glass, or plastic), the original natural texture of these materials is completely unidentifiable and altered by the manufacturing process. Furthermore, the object does not depict a natural entity; it is a piece of machinery. Therefore, it falls strictly under the Homogenous Artefacts exclusion and fails the criteria for nature. Not applicable since the entity is not classified as nature.",False
/home/pmonserrat/datasets/places/val_formatted/98/Places365_val_00000879.jpg,cockpit,False,,,no,none,none,"The target entity is a cockpit. The visual evidence shows the interior of an aircraft, which is a manufactured functional object. While it contains natural materials (like the fabric on the seat or the wood grain potentially on some panels), the primary structure is a complex machine designed for human operation. The cockpit itself is a homogenous artefact in the sense that it is a manufactured structural object where the original natural texture is unidentifiable and the object does not depict a natural entity. It is a piece of technology, not a natural entity, ecosystem, or representation of nature. Not applicable since the entity is not classified as nature.",False
/home/pmonserrat/datasets/places/val_formatted/98/Places365_val_00001195.jpg,cockpit,False,,,no,none,none,"The target entity is a cockpit. The visual evidence shows the interior of an aircraft, specifically the control area with seats, instruments, and panels. A cockpit is a manufactured functional object designed for human operation. While it contains materials like metal, plastic, and glass, the original natural texture of these materials is unidentifiable and altered by manufacturing processes. Furthermore, the object itself does not depict a natural entity; it is a piece of technology. Therefore, it falls strictly under the Homogenous Artefacts exclusion and fails the criteria for nature. Not applicable since the entity is not classified as nature.",False
/home/pmonserrat/datasets/places/val_formatted/98/Places365_val_00001449.jpg,cockpit,False,,,no,none,none,"The target entity is a cockpit. The visual evidence shows the interior of an aircraft, specifically the control area with instruments, panels, and seats. A cockpit is a manufactured functional object designed for human operation. While it contains materials that may have natural origins (e.g., plastic, metal, synthetic fabrics), the original natural texture is unidentifiable and the object does not depict a natural entity. It falls strictly under the Homogenous Artefacts exclusion and fails the criteria for nature. Not applicable since the entity is not classified as nature.",False
/home/pmonserrat/datasets/places/val_formatted/98/Places365_val_00001547.jpg,cockpit,False,,,no,none,none,"The target entity is a cockpit. The visual evidence shows the interior of an aircraft, specifically the instrument panel and control area. While the cockpit is a functional space within a machine, the definition of nature explicitly excludes 'Homogenous Artefacts' and 'Manufactured structural or functional objects where the original natural texture is unidentifiable'. A cockpit is a purely manufactured, functional object made of metal, plastic, and glass, where no natural texture is visually identifiable and it does not depict a natural entity. Therefore, it falls under the exclusion scope and is not classified as nature. Not applicable since the entity is not classified as nature.",False
/home/pmonserrat/datasets/places/val_formatted/99/Places365_val_00000044.jpg,coffee shop,False,,,no,none,none,"The target entity is a coffee shop. The visual evidence shows an interior space of a commercial establishment containing furniture, lighting fixtures, and wall art. While the name 'coffee shop' implies a connection to coffee (a processed food item), the entity itself is a built environment and commercial venue. The walls are painted, the furniture is upholstered and manufactured, and the lighting is artificial. There are no visible natural elements (like a garden, forest, or water body) or nature-based artefacts (like a wooden table with visible grain) that constitute the primary subject of the image. The term 'coffee shop' refers to the administrative and functional unit of the business, not a natural entity. Therefore, it falls under the exclusion scope for administrative units and homogenous artefacts, failing the criteria for nature. Not applicable since the entity is not classified as nature.",False
/home/pmonserrat/datasets/places/val_formatted/99/Places365_val_00000525.jpg,coffee shop,False,,,,,,,True
/home/pmonserrat/datasets/places/val_formatted/99/Places365_val_00000596.jpg,coffee shop,False,,,no,none,none,"The target entity is a coffee shop. The visual evidence shows an interior space of a commercial establishment where people are seated at tables. While coffee shops serve processed food and drinks (which are nature), the establishment itself is a built environment and a commercial venue. It is not a natural ecosystem, nor is it a representation of a natural entity. It falls under the exclusion scope for administrative and political units (as a commercial district/venue) and homogenous artefacts (as a built structure). Therefore, it does not count as nature under this taxonomy. Not applicable since the entity is not classified as nature.",False
/home/pmonserrat/datasets/places/val_formatted/99/Places365_val_00000956.jpg,coffee shop,False,,,yes,biotic,material,"The target entity is a coffee shop. The visual evidence shows two dessert shots (likely chocolate mousse or pudding) served in glass cups, garnished with toppings like marshmallows, nuts, and a raspberry. While the setting might be a coffee shop, the specific target entity identified in the image is the food/drink itself. Processed food and drinks at any processing level are explicitly included under the Inclusion Scope of Nature (The Ingestion Criterion). The visual evidence clearly depicts edible solid and liquid elements (dessert, chocolate, fruit, nuts). Since nature is 'yes', I evaluate the sub-axes. The target entity is a processed food item (dessert/drink), which falls under the Flora & Plant Derivatives category within the biotic axis, as it is derived from biological sources (chocolate, fruit, nuts). Because the image is an unfiltered documentary photograph capturing a real-world physical substance with mass, it is classified as material under the Tangibility axis.",False
/home/pmonserrat/datasets/places/val_formatted/99/Places365_val_00001283.jpg,coffee shop,False,,,no,none,none,"The target entity is a coffee shop. The visual evidence shows an interior space containing furniture, lighting, and a counter. While the space contains elements like wooden tables and chairs (which are Nature-Based Artefacts due to visible grain) and potentially coffee (a processed food), the entity 'coffee shop' itself is a commercial establishment or administrative unit. Under the Exclusion Scope, Administrative & Political Units (including commercial establishments and boundaries) are explicitly excluded from the nature taxonomy. The presence of nature-based artefacts within the space does not make the establishment itself nature. Not applicable since the entity is not classified as nature.",False
