image_path,class_name,gt_nature,gt_biotic,gt_material,pred_nature,pred_biotic,pred_material,reasoning,parse_failed
/home/pmonserrat/datasets/imagenet/extracted_data/n01440764/ILSVRC2012_val_00000293.JPEG,tench,True,True,True,yes,biotic,material,"The target entity is a tench. The visual evidence shows two fish caught in a net, indicating they are living organisms. Fish are classified under Fauna & Animal Derivatives within the Biotic category, fulfilling the inclusion criteria for nature. Since nature is 'yes', I evaluate the sub-axes. A tench is a non-human vertebrate (fauna), placing it under the biotic category. Because the image captures real-world physical organisms with mass that occupy space, it is classified as material under the Tangibility axis.",False
/home/pmonserrat/datasets/imagenet/extracted_data/n01443537/ILSVRC2012_val_00000236.JPEG,goldfish,True,True,True,yes,biotic,material,"The target entity is a goldfish. The visual evidence shows a real-world living organism, specifically a non-human vertebrate (fauna), which is a more-than-human living entity. Goldfish are wild, domesticated, or bred non-human organisms, fulfilling the inclusion criteria for nature. Since nature is 'yes', I evaluate the sub-axes. A goldfish is a non-human vertebrate (fauna), placing it under the biotic category. Because the image is an unfiltered documentary depiction capturing a real-world physical organism, it is classified as material under the Tangibility axis.",False
/home/pmonserrat/datasets/imagenet/extracted_data/n01484850/ILSVRC2012_val_00002338.JPEG,great white shark,True,True,True,yes,biotic,material,"The target entity is a great white shark. The visual evidence shows a real-world photograph of a living shark in the ocean. As a non-human vertebrate, it falls under Fauna & Animal Derivatives within the biotic category, fulfilling the inclusion criteria for nature. Since nature is 'yes', I evaluate the sub-axes. A great white shark is a non-human vertebrate (fauna), placing it under the biotic category. Because this is an unfiltered documentary photograph capturing a real-world physical organism, it is classified as material under the Tangibility axis.",False
/home/pmonserrat/datasets/imagenet/extracted_data/n01491361/ILSVRC2012_val_00002922.JPEG,tiger shark,True,True,True,yes,biotic,material,"The target entity is a tiger shark. The visual evidence shows a real-world photograph of a living marine animal in its natural habitat. As a non-human vertebrate, it falls under Fauna & Animal Derivatives within the biotic category, fulfilling the inclusion criteria for nature. Since nature is 'yes', I evaluate the sub-axes. A tiger shark is a non-human vertebrate (fauna), placing it under the biotic category. Because the image is an unfiltered documentary photograph capturing a real-world physical organism, it is classified as material under the Tangibility axis.",False
/home/pmonserrat/datasets/imagenet/extracted_data/n01494475/ILSVRC2012_val_00001676.JPEG,hammerhead,True,True,True,yes,biotic,material,"The target entity is a hammerhead shark. The visual evidence shows a real-world physical organism, specifically a non-human vertebrate (fauna), which is being held by a human hand. This fulfills the inclusion criteria for more-than-human living entities under the Nature definition. Since nature is 'yes', I evaluate the sub-axes. A hammerhead shark is a non-human vertebrate (fauna), placing it under the biotic category. Because this is a real-world physical organism with mass that occupies space, it is classified as material under the Tangibility axis.",False
/home/pmonserrat/datasets/imagenet/extracted_data/n01496331/ILSVRC2012_val_00000921.JPEG,electric ray,True,True,True,yes,biotic,material,"The target entity is an electric ray. The visual evidence shows a real-world organism in its natural underwater habitat. Electric rays are non-human vertebrates, specifically classified under fauna, fulfilling the inclusion criteria for nature. Since nature is 'yes', I evaluate the sub-axes. An electric ray is a non-human vertebrate (fauna), placing it under the biotic category. Because the image captures a real-world physical organism with mass that occupies space, it is classified as material under the Tangibility axis.",False
/home/pmonserrat/datasets/imagenet/extracted_data/n01498041/ILSVRC2012_val_00001935.JPEG,stingray,True,True,True,yes,biotic,material,"The target entity is a stingray. The visual evidence shows a real-world living organism, specifically a non-human vertebrate (fauna), present in its natural aquatic environment. This fulfills the inclusion criteria for more-than-human living entities under the Nature definition. Since nature is 'yes', I evaluate the sub-axes. A stingray is a non-human vertebrate (fauna), placing it under the biotic category. Because the image captures a real-world physical organism with mass that occupies space, it is classified as material under the Tangibility axis.",False
/home/pmonserrat/datasets/imagenet/extracted_data/n01514668/ILSVRC2012_val_00000329.JPEG,cock,True,True,True,yes,biotic,material,"The target entity is a cock. The visual evidence shows a real-world, unfiltered photograph of a live bird. This bird is a non-human vertebrate (fauna), which falls under the Flora & Fauna category within the inclusion scope of More-Than-Human Living Entities. Since it is a living organism and not a representation or depiction, it counts as nature. Since nature is 'yes', I evaluate the sub-axes. A cock is a non-human vertebrate (fauna), placing it under the biotic category. Because the image is an unfiltered documentary photograph capturing a real-world physical organism, it is classified as material under the Tangibility axis.",False
/home/pmonserrat/datasets/imagenet/extracted_data/n01514859/ILSVRC2012_val_00001114.JPEG,hen,True,True,True,yes,biotic,material,"The target entity is a hen. The visual evidence shows two real-world birds, which are non-human vertebrates. Since hens are wild, domesticated, or bred non-human organisms, they fall under the Flora & Fauna category within the inclusion scope of Nature. This fulfills the criteria for nature. Since nature is 'yes', I evaluate the sub-axes. A hen is a non-human vertebrate (fauna), placing it under the biotic category. Because the image captures real-world physical organisms with mass that occupy space, it is classified as material under the Tangibility axis.",False
/home/pmonserrat/datasets/imagenet/extracted_data/n01518878/ILSVRC2012_val_00001031.JPEG,ostrich,True,True,True,yes,biotic,material,"The target entity is an ostrich. The visual evidence shows a real-world photograph of two ostriches in a natural environment. Ostriches are non-human vertebrates, specifically birds, which fall under the category of Fauna & Animal Derivatives within the Biotic category. Since they are living organisms present in the physical environment, they fulfill the inclusion criteria for nature. Since nature is 'yes', I evaluate the sub-axes. An ostrich is a non-human vertebrate (fauna), placing it under the biotic category. Because the image is an unfiltered documentary photograph capturing real-world physical organisms, it is classified as material under the Tangibility axis.",False
/home/pmonserrat/datasets/imagenet/extracted_data/n01530575/ILSVRC2012_val_00000651.JPEG,brambling,True,True,True,yes,biotic,material,"The target entity is a brambling bird. The visual evidence shows a real-world photograph of a living bird, which is a non-human vertebrate. This falls under the category of Fauna & Animal Derivatives within the Biotic category, fulfilling the inclusion criteria for nature. Since nature is 'yes', I evaluate the sub-axes. A brambling is a non-human vertebrate (fauna), placing it under the biotic category. Because this is a real-world physical organism with mass that occupies space, it is classified as material under the Tangibility axis.",False
/home/pmonserrat/datasets/imagenet/extracted_data/n01531178/ILSVRC2012_val_00000570.JPEG,goldfinch,True,True,True,yes,biotic,material,"The target entity is a goldfinch. The visual evidence shows a real bird perched on a branch amidst green leaves. Goldfinches are non-human vertebrates, specifically birds, which fall under the Flora & Fauna category within the inclusion scope of Nature. This is a real-world organism, fulfilling the criteria for nature. Since nature is 'yes', I evaluate the sub-axes. A goldfinch is a non-human vertebrate (fauna), placing it under the biotic category. Because the image captures a real-world physical organism with mass that occupies space, it is classified as material under the Tangibility axis.",False
/home/pmonserrat/datasets/imagenet/extracted_data/n01532829/ILSVRC2012_val_00000873.JPEG,house finch,True,True,True,yes,biotic,material,"The target entity is a house finch. The visual evidence shows a real bird, which is a non-human vertebrate (fauna). House finches are wild, non-human organisms that fall under the inclusion scope of Flora, Fauna, and Fungi as more-than-human living entities. This fulfills the criteria for nature. Since nature is 'yes', I evaluate the sub-axes. A house finch is a non-human vertebrate (fauna), placing it under the biotic category. Because the image captures a real-world physical organism with mass that occupies space, it is classified as material under the Tangibility axis.",False
/home/pmonserrat/datasets/imagenet/extracted_data/n01534433/ILSVRC2012_val_00000247.JPEG,junco,True,True,True,yes,biotic,material,"The target entity is a junco bird. The visual evidence shows a real bird perched on a branch. This is a non-human vertebrate (fauna), which is explicitly included under the Flora, Fauna, and Fungi category in the Nature Definition, fulfilling the inclusion criteria for nature. Since nature is 'yes', I evaluate the sub-axes. A junco is a non-human vertebrate (fauna), placing it under the biotic category. Because the image is an unfiltered documentary photograph capturing a real-world physical organism, it is classified as material under the Tangibility axis.",False
/home/pmonserrat/datasets/imagenet/extracted_data/n01537544/ILSVRC2012_val_00000414.JPEG,indigo bunting,True,True,True,yes,biotic,material,"The target entity is an indigo bunting. The visual evidence shows a real bird perched on a branch. This is a non-human vertebrate (fauna), which is explicitly included under the Flora, Fauna, and Fungi category in the Nature Definition, fulfilling the inclusion criteria for nature. Since nature is 'yes', I evaluate the sub-axes. An indigo bunting is a non-human vertebrate (fauna), placing it under the biotic category. Because the image is an unfiltered documentary photograph capturing a real-world physical organism, it is classified as material under the Tangibility axis.",False
/home/pmonserrat/datasets/imagenet/extracted_data/n01558993/ILSVRC2012_val_00001598.JPEG,robin,True,True,True,yes,biotic,material,"The target entity is a robin. The visual evidence shows a real bird standing on grass. This is a non-human vertebrate (fauna), which is explicitly included under the Flora, Fauna, and Fungi category in the Nature Definition, fulfilling the inclusion criteria for nature. Since nature is 'yes', I evaluate the sub-axes. A robin is a non-human vertebrate (fauna), placing it under the biotic category. Because the image is an unfiltered documentary photograph capturing a real-world physical organism, it is classified as material under the Tangibility axis.",False
/home/pmonserrat/datasets/imagenet/extracted_data/n01560419/ILSVRC2012_val_00000198.JPEG,bulbul,True,True,True,yes,biotic,material,"The target entity is a bulbul bird. The visual evidence shows a real-world photograph of a living bird perched on a branch. This is a non-human vertebrate (fauna), fulfilling the inclusion criteria for more-than-human living entities under the Nature definition. Since nature is 'yes', I evaluate the sub-axes. A bulbul is a non-human vertebrate (fauna), placing it under the biotic category. Because this is an unfiltered documentary photograph capturing a real-world physical organism, it is classified as material under the Tangibility axis.",False
/home/pmonserrat/datasets/imagenet/extracted_data/n01580077/ILSVRC2012_val_00000880.JPEG,jay,True,True,True,yes,biotic,material,"The target entity is a jay. The visual evidence shows a real-world bird perched on a tree branch. Birds are non-human vertebrates, which fall under Fauna & Animal Derivatives within the inclusion scope of More-Than-Human Living Entities, fulfilling the criteria for nature. Since nature is 'yes', I evaluate the sub-axes. A jay is a non-human vertebrate (fauna), placing it under the biotic category. Because the image is an unfiltered documentary photograph capturing a real-world physical organism, it is classified as material under the Tangibility axis.",False
/home/pmonserrat/datasets/imagenet/extracted_data/n01582220/ILSVRC2012_val_00000476.JPEG,magpie,True,True,True,yes,biotic,material,"The target entity is a magpie. The visual evidence shows two real-world birds standing in a natural environment, specifically near a body of water. Magpies are non-human vertebrates (fauna), and they are depicted in their natural habitat, fulfilling the inclusion criteria for nature. Since nature is 'yes', I evaluate the sub-axes. A magpie is a non-human vertebrate (fauna), placing it under the biotic category. Because the image captures real-world physical organisms with mass that occupy space, it is classified as material under the Tangibility axis.",False
/home/pmonserrat/datasets/imagenet/extracted_data/n01592084/ILSVRC2012_val_00000837.JPEG,chickadee,True,True,True,yes,biotic,material,"The target entity is a chickadee. The visual evidence shows a real-world bird, a non-human vertebrate, standing on a wooden surface with seeds around it. Chickadees are wild, non-human organisms, fulfilling the inclusion criteria for Flora, Fauna, and Fungi under the Nature definition. Since nature is 'yes', I evaluate the sub-axes. A chickadee is a non-human vertebrate (fauna), placing it under the biotic category. Because this is an unfiltered documentary photograph capturing a real-world physical organism, it is classified as material under the Tangibility axis.",False
/home/pmonserrat/datasets/imagenet/extracted_data/n01601694/ILSVRC2012_val_00000962.JPEG,water ouzel,True,True,True,yes,biotic,material,"The target entity is a water ouzel. The visual evidence shows a real bird perched on a rock near a body of water. This is a non-human vertebrate (fauna), fulfilling the inclusion criteria for more-than-human living entities under the Nature definition. Since nature is 'yes', I evaluate the sub-axes. A water ouzel is a non-human vertebrate (fauna), placing it under the biotic category. Because the image is an unfiltered documentary photograph capturing a real-world physical organism, it is classified as material under the Tangibility axis.",False
/home/pmonserrat/datasets/imagenet/extracted_data/n01608432/ILSVRC2012_val_00000073.JPEG,kite,True,True,True,yes,biotic,material,"The target entity is a kite. The visual evidence shows two birds in flight against a clear blue sky. Birds are non-human vertebrates, specifically fauna, which are included under the Flora & Fauna category in the Nature definition. Since the image depicts real, living organisms, it falls under the inclusion criteria for nature. Since nature is 'yes', I evaluate the sub-axes. Birds are non-human vertebrates (fauna), placing them under the biotic category. Because the image captures a real-world physical environment with living organisms, it is classified as material under the Tangibility axis.",False
/home/pmonserrat/datasets/imagenet/extracted_data/n01614925/ILSVRC2012_val_00000128.JPEG,bald eagle,True,True,True,yes,biotic,material,"The target entity is a bald eagle. The visual evidence shows a real-world bird perched on a branch. Bald eagles are non-human vertebrates, specifically birds, which fall under the Flora & Fauna category within the inclusion scope of More-Than-Human Living Entities. This fulfills the criteria for nature. Since nature is 'yes', I evaluate the sub-axes. A bald eagle is a non-human vertebrate (fauna), placing it under the biotic category. Because this is a real-world physical organism with mass that occupies space, it is classified as material under the Tangibility axis.",False
/home/pmonserrat/datasets/imagenet/extracted_data/n01616318/ILSVRC2012_val_00000018.JPEG,vulture,True,True,True,yes,biotic,material,"The target entity is a vulture. The visual evidence shows a real-world bird in flight. Vultures are non-human vertebrates, specifically birds, which fall under Fauna & Animal Derivatives within the biotic category, fulfilling the inclusion criteria for nature. Since nature is 'yes', I evaluate the sub-axes. A vulture is a non-human vertebrate (fauna), placing it under the biotic category. Because the image captures a real-world physical organism with mass that occupies space, it is classified as material under the Tangibility axis.",False
/home/pmonserrat/datasets/imagenet/extracted_data/n01622779/ILSVRC2012_val_00000318.JPEG,great grey owl,True,True,True,yes,biotic,material,"The target entity is a great grey owl. The visual evidence shows a real-world photograph of a non-human vertebrate (fauna) in its natural habitat. Fauna and animal derivatives are explicitly classified under the inclusion scope for more-than-human living entities, fulfilling the criteria for nature. Since nature is 'yes', I evaluate the sub-axes. A great grey owl is a non-human vertebrate (fauna), placing it under the biotic category. Because the image is an unfiltered documentary photograph capturing a real-world physical organism, it is classified as material under the Tangibility axis.",False
/home/pmonserrat/datasets/imagenet/extracted_data/n01629819/ILSVRC2012_val_00000225.JPEG,european fire salamander,True,True,True,yes,biotic,material,"The target entity is a European fire salamander. The visual evidence shows a real-world photograph of a living amphibian. The salamander is a non-human vertebrate, specifically a fauna, which falls under the inclusion criteria for More-Than-Human Living Entities. Since it is a living organism, it is classified as nature. Since nature is 'yes', I evaluate the sub-axes. The European fire salamander is a non-human vertebrate (fauna), placing it under the biotic category. Because the image is an unfiltered documentary photograph capturing a real-world physical organism, it is classified as material under the Tangibility axis.",False
/home/pmonserrat/datasets/imagenet/extracted_data/n01630670/ILSVRC2012_val_00000498.JPEG,common newt,True,True,True,yes,biotic,material,"The target entity is a common newt. The visual evidence shows a real-world photograph of a non-human vertebrate (fauna) in its natural habitat. Fauna and animal derivatives are explicitly classified under the inclusion scope of More-Than-Human Living Entities, fulfilling the criteria for nature. Since nature is 'yes', I evaluate the sub-axes. A common newt is a non-human vertebrate (fauna), placing it under the biotic category. Because the image is an unfiltered documentary photograph capturing a real-world physical organism, it is classified as material under the Tangibility axis.",False
/home/pmonserrat/datasets/imagenet/extracted_data/n01631663/ILSVRC2012_val_00000258.JPEG,eft,True,True,True,yes,biotic,material,"The target entity is an eft. The visual evidence shows a real-world amphibian, specifically a brightly colored newt, situated on a forest floor covered with leaves. Amphibians like efts are non-human vertebrates, placing them under Fauna & Animal Derivatives within the biotic category, fulfilling the inclusion criteria for nature. Since nature is 'yes', I evaluate the sub-axes. An eft is a non-human vertebrate (fauna), placing it under the biotic category. Because this is an unfiltered documentary photograph capturing a real-world physical organism, it is classified as material under the Tangibility axis.",False
/home/pmonserrat/datasets/imagenet/extracted_data/n01632458/ILSVRC2012_val_00000088.JPEG,spotted salamander,True,True,True,yes,biotic,material,"The target entity is a spotted salamander. The visual evidence shows a real-world amphibian, a non-human vertebrate, present in a natural environment. Fauna, including amphibians like salamanders, are explicitly classified under More-Than-Human Living Entities within the inclusion scope of nature. Since nature is 'yes', I evaluate the sub-axes. A spotted salamander is a non-human vertebrate (fauna), placing it under the biotic category. Because the image captures a real-world physical organism with mass that occupies space, it is classified as material under the Tangibility axis.",False
/home/pmonserrat/datasets/imagenet/extracted_data/n01632777/ILSVRC2012_val_00000052.JPEG,axolotl,True,True,True,yes,biotic,material,"The target entity is an axolotl. The visual evidence shows a real-world living organism, specifically a non-human vertebrate, which is a type of salamander. Axolotls are wild, non-human organisms that fall under the category of Fauna & Animal Derivatives within the inclusion scope of More-Than-Human Living Entities. This fulfills the criteria for nature. Since nature is 'yes', I evaluate the sub-axes. An axolotl is a non-human vertebrate (fauna), placing it under the biotic category. Because the image captures a real-world physical organism with mass that occupies space, it is classified as material under the Tangibility axis.",False
/home/pmonserrat/datasets/imagenet/extracted_data/n01641577/ILSVRC2012_val_00001652.JPEG,bullfrog,True,True,True,yes,biotic,material,"The target entity is a bullfrog. The visual evidence shows a real-world, physical organism, specifically a non-human vertebrate (fauna). Bullfrogs are wild, domesticated, or bred non-human organisms, fulfilling the inclusion criteria for More-Than-Human Living Entities under the Nature definition. Since nature is 'yes', I evaluate the sub-axes. A bullfrog is a non-human vertebrate (fauna), placing it under the biotic category. Because the image captures a real-world physical organism with mass that occupies space, it is classified as material under the Tangibility axis.",False
/home/pmonserrat/datasets/imagenet/extracted_data/n01644373/ILSVRC2012_val_00000944.JPEG,tree frog,True,True,True,yes,biotic,material,"The target entity is a tree frog. The visual evidence shows a real-world photograph of a living amphibian. Tree frogs are non-human vertebrates, specifically classified under Fauna & Animal Derivatives within the Biotic category, fulfilling the inclusion criteria for nature. Since nature is 'yes', I evaluate the sub-axes. A tree frog is a non-human vertebrate (fauna), placing it under the biotic category. Because the image is an unfiltered documentary photograph capturing a real-world physical organism, it is classified as material under the Tangibility axis.",False
/home/pmonserrat/datasets/imagenet/extracted_data/n01644900/ILSVRC2012_val_00000037.JPEG,tailed frog,True,True,True,yes,biotic,material,"The target entity is a tailed frog. The visual evidence shows a real-world amphibian, a non-human vertebrate, present in its natural aquatic environment. Fauna, including amphibians like frogs, are explicitly classified under More-Than-Human Living Entities within the inclusion scope of nature. Since nature is 'yes', I evaluate the sub-axes. A tailed frog is a non-human vertebrate (fauna), placing it under the biotic category. Because the image captures a real-world physical organism with mass that occupies space, it is classified as material under the Tangibility axis.",False
/home/pmonserrat/datasets/imagenet/extracted_data/n01664065/ILSVRC2012_val_00000404.JPEG,loggerhead,True,True,True,yes,biotic,material,"The target entity is a loggerhead turtle. The visual evidence shows a real-world, physical organism with a shell and limbs, clearly identifiable as a non-human vertebrate. This falls under the category of Fauna & Animal Derivatives within the Biotic category, fulfilling the inclusion criteria for nature. Since nature is 'yes', I evaluate the sub-axes. A loggerhead turtle is a non-human vertebrate (fauna), placing it under the biotic category. Because this is a real-world physical organism with mass that occupies space, it is classified as material under the Tangibility axis.",False
/home/pmonserrat/datasets/imagenet/extracted_data/n01665541/ILSVRC2012_val_00000791.JPEG,leatherback turtle,True,True,True,yes,biotic,material,"The target entity is a leatherback turtle. The visual evidence shows a real-world organism, specifically a non-human vertebrate, which is a living creature. Leatherback turtles are classified under Fauna, fulfilling the inclusion criteria for nature as they are more-than-human living entities. Since nature is 'yes', I evaluate the sub-axes. A leatherback turtle is a non-human vertebrate (fauna), placing it under the biotic category. Because the image captures a real-world physical organism with mass that occupies space, it is classified as material under the Tangibility axis.",False
/home/pmonserrat/datasets/imagenet/extracted_data/n01667114/ILSVRC2012_val_00000229.JPEG,mud turtle,True,True,True,yes,biotic,material,"The target entity is a mud turtle. The visual evidence shows a real-world living organism, specifically a non-human vertebrate (fauna). This falls under the inclusion criteria for more-than-human living entities, fulfilling the nature definition. Since nature is 'yes', I evaluate the sub-axes. A mud turtle is a non-human vertebrate (fauna), placing it under the biotic category. Because the image captures a real-world physical organism with mass that occupies space, it is classified as material under the Tangibility axis.",False
/home/pmonserrat/datasets/imagenet/extracted_data/n01667778/ILSVRC2012_val_00002832.JPEG,terrapin,True,True,True,yes,biotic,material,"The target entity is a terrapin. The visual evidence shows a real-world photograph of a living turtle, which is a non-human vertebrate. This falls under the category of Fauna & Animal Derivatives within the Biotic category, fulfilling the inclusion criteria for nature. Since nature is 'yes', I evaluate the sub-axes. A terrapin is a non-human vertebrate (fauna), placing it under the biotic category. Because the image is an unfiltered documentary photograph capturing a real-world physical organism, it is classified as material under the Tangibility axis.",False
/home/pmonserrat/datasets/imagenet/extracted_data/n01669191/ILSVRC2012_val_00000362.JPEG,box turtle,True,True,True,yes,biotic,material,"The target entity is a box turtle. The visual evidence shows a real-world living organism, a non-human vertebrate, present in a natural environment. Fauna, including turtles, are explicitly classified under More-Than-Human Living Entities within the inclusion scope of nature. Since nature is 'yes', I evaluate the sub-axes. A box turtle is a non-human vertebrate (fauna), placing it under the biotic category. Because the image captures a real-world physical organism with mass that occupies space, it is classified as material under the Tangibility axis.",False
/home/pmonserrat/datasets/imagenet/extracted_data/n01675722/ILSVRC2012_val_00003904.JPEG,banded gecko,True,True,True,yes,biotic,material,"The target entity is a banded gecko. The visual evidence shows a real-world, living organism, specifically a non-human vertebrate (fauna). This falls under the inclusion criteria for More-Than-Human Living Entities, fulfilling the nature definition. Since nature is 'yes', I evaluate the sub-axes. A banded gecko is a non-human vertebrate (fauna), placing it under the biotic category. Because the image captures a real-world physical organism with mass that occupies space, it is classified as material under the Tangibility axis.",False
/home/pmonserrat/datasets/imagenet/extracted_data/n01677366/ILSVRC2012_val_00000153.JPEG,common iguana,True,True,True,yes,biotic,material,"The target entity is a common iguana. The visual evidence shows a real-world photograph of a living reptile. Fauna, including non-human vertebrates, are explicitly classified under More-Than-Human Living Entities within the inclusion scope of nature, fulfilling the criteria for nature. Since nature is 'yes', I evaluate the sub-axes. A common iguana is a non-human vertebrate (fauna), placing it under the biotic category. Because the image is an unfiltered documentary photograph capturing a real-world physical organism, it is classified as material under the Tangibility axis.",False
/home/pmonserrat/datasets/imagenet/extracted_data/n01682714/ILSVRC2012_val_00001931.JPEG,american chameleon,True,True,True,yes,biotic,material,"The target entity is an American chameleon. The visual evidence shows a real-world photograph of a living chameleon on a plant. The chameleon is a non-human vertebrate, specifically a reptile, which falls under the category of Fauna. Since it is a real organism and not a representation or depiction, it counts as nature under the provided definition. Since nature is 'yes', I evaluate the sub-axes. The American chameleon is a non-human vertebrate (fauna), placing it under the biotic category. Because the image is an unfiltered documentary photograph capturing a real-world physical organism, it is classified as material under the Tangibility axis.",False
/home/pmonserrat/datasets/imagenet/extracted_data/n01685808/ILSVRC2012_val_00000908.JPEG,whiptail,True,True,True,yes,biotic,material,"The target entity is a whiptail lizard. The visual evidence shows a real-world, physical organism with distinct biological features. Whiptail lizards are non-human vertebrates, specifically reptiles, which fall under the Flora & Fauna category within the more-than-human living entities. This fulfills the inclusion criteria for nature. Since nature is 'yes', I evaluate the sub-axes. A whiptail lizard is a non-human vertebrate (fauna), placing it under the biotic category. Because this is a real-world physical organism with mass that occupies space, it is classified as material under the Tangibility axis.",False
/home/pmonserrat/datasets/imagenet/extracted_data/n01687978/ILSVRC2012_val_00003821.JPEG,agama,True,True,True,yes,biotic,material,"The target entity is an agama, a type of lizard. The visual evidence shows a real-world, living organism with physical presence, occupying space, and having mass. It is a non-human vertebrate, fitting within the Flora & Fauna category under the inclusion criteria for nature. Since nature is 'yes', I evaluate the sub-axes. An agama is a non-human vertebrate (fauna), placing it under the biotic category. Because the image captures a real-world physical organism, it is classified as material under the Tangibility axis.",False
/home/pmonserrat/datasets/imagenet/extracted_data/n01688243/ILSVRC2012_val_00000297.JPEG,frilled lizard,True,True,True,yes,biotic,material,"The target entity is a frilled lizard. The visual evidence shows a real-world, physical organism present in the environment. Frilled lizards are non-human vertebrates, specifically reptiles, which fall under the category of Fauna & Animal Derivatives within the more-than-human living entities. This fulfills the inclusion criteria for nature. Since nature is 'yes', I evaluate the sub-axes. A frilled lizard is a non-human vertebrate (fauna), placing it under the biotic category. Because the image captures a real-world physical organism with mass that occupies space, it is classified as material under the Tangibility axis.",False
/home/pmonserrat/datasets/imagenet/extracted_data/n01689811/ILSVRC2012_val_00001022.JPEG,alligator lizard,True,True,True,yes,biotic,material,"The target entity is an alligator lizard. The visual evidence shows a real-world organism, a non-human vertebrate, present in its natural habitat. This falls under the category of Fauna & Animal Derivatives within the more-than-human living entities, fulfilling the inclusion criteria for nature. Since nature is 'yes', I evaluate the sub-axes. An alligator lizard is a non-human vertebrate (fauna), placing it under the biotic category. Because this is a real-world physical organism with mass that occupies space, it is classified as material under the Tangibility axis.",False
/home/pmonserrat/datasets/imagenet/extracted_data/n01692333/ILSVRC2012_val_00001475.JPEG,gila monster,True,True,True,yes,biotic,material,"The target entity is a gila monster. The visual evidence shows a real-world photograph of a living organism, specifically a non-human vertebrate (reptile). This falls under the category of Fauna & Animal Derivatives within the inclusion scope of More-Than-Human Living Entities, fulfilling the criteria for nature. Since nature is 'yes', I evaluate the sub-axes. A gila monster is a non-human vertebrate (fauna), placing it under the biotic category. Because the image is an unfiltered documentary photograph capturing a real-world physical organism, it is classified as material under the Tangibility axis.",False
/home/pmonserrat/datasets/imagenet/extracted_data/n01693334/ILSVRC2012_val_00000064.JPEG,green lizard,True,True,True,yes,biotic,material,"The target entity is a green lizard. The visual evidence shows a real-world living organism, specifically a non-human vertebrate (fauna). This falls under the inclusion criteria for more-than-human living entities, fulfilling the nature definition. Since nature is 'yes', I evaluate the sub-axes. A green lizard is a non-human vertebrate (fauna), placing it under the biotic category. Because the image captures a real-world physical organism with mass that occupies space, it is classified as material under the Tangibility axis.",False
/home/pmonserrat/datasets/imagenet/extracted_data/n01694178/ILSVRC2012_val_00001375.JPEG,african chameleon,True,True,True,yes,biotic,material,"The target entity is an African chameleon. The visual evidence shows a real-world photograph of a living chameleon on a tree bark. This is a non-human vertebrate (fauna), which is explicitly classified under Flora, Fauna, and Fungi as a more-than-human living entity. The inclusion criteria for nature are fulfilled as it is a wild, non-human organism. Since nature is 'yes', I evaluate the sub-axes. An African chameleon is a non-human vertebrate (fauna), placing it under the biotic category. Because this is an unfiltered documentary photograph capturing a real-world physical organism, it is classified as material under the Tangibility axis.",False
/home/pmonserrat/datasets/imagenet/extracted_data/n01695060/ILSVRC2012_val_00000541.JPEG,komodo dragon,True,True,True,yes,biotic,material,"The target entity is a Komodo dragon. The visual evidence shows a real-world photograph of a living non-human vertebrate. This falls under the category of Fauna & Animal Derivatives within the inclusion scope of More-Than-Human Living Entities, fulfilling the criteria for nature. Since nature is 'yes', I evaluate the sub-axes. A Komodo dragon is a non-human vertebrate (fauna), placing it under the biotic category. Because the image is an unfiltered documentary photograph capturing a real-world physical organism, it is classified as material under the Tangibility axis.",False
/home/pmonserrat/datasets/imagenet/extracted_data/n01697457/ILSVRC2012_val_00001573.JPEG,african crocodile,True,True,True,yes,biotic,material,"The target entity is an African crocodile. The visual evidence shows a real-world animal, a non-human vertebrate, present in its natural habitat. Fauna, including wild, domesticated, or bred non-human vertebrates, are explicitly classified under More-Than-Human Living Entities within the inclusion scope of nature. Since nature is 'yes', I evaluate the sub-axes. An African crocodile is a non-human vertebrate (fauna), placing it under the biotic category. Because the image captures a real-world physical organism with mass that occupies space, it is classified as material under the Tangibility axis.",False
/home/pmonserrat/datasets/imagenet/extracted_data/n01698640/ILSVRC2012_val_00000090.JPEG,american alligator,True,True,True,yes,biotic,material,"The target entity is an American alligator. The visual evidence shows a real-world, physical animal in its natural habitat. As a non-human vertebrate, it falls under the category of Fauna & Animal Derivatives within the Biotic category, fulfilling the inclusion criteria for nature. Since nature is 'yes', I evaluate the sub-axes. An American alligator is a non-human vertebrate (fauna), placing it under the biotic category. Because this is a real-world physical organism with mass that occupies space, it is classified as material under the Tangibility axis.",False
/home/pmonserrat/datasets/imagenet/extracted_data/n01704323/ILSVRC2012_val_00002051.JPEG,triceratops,True,True,True,yes,biotic,immaterial,"The target entity is a triceratops. The visual evidence shows a realistic sculpture or model of a triceratops, a non-human vertebrate (fauna). While the object is a physical representation, it is a crafted or manufactured object designed to depict a natural entity. Such representations explicitly count as Nature-Based Artefacts, fulfilling the inclusion criteria for nature. Since nature is 'yes', I evaluate the sub-axes. A triceratops is a non-human vertebrate (fauna), placing its representational subject under the biotic category. Although the sculpture is a physical three-dimensional object, its primary purpose is representational and symbolic; therefore, under the Tangibility rules for representations, it is classified as immaterial.",False
/home/pmonserrat/datasets/imagenet/extracted_data/n01728572/ILSVRC2012_val_00003569.JPEG,thunder snake,True,True,True,yes,biotic,material,"The target entity is a snake. The visual evidence shows a real-world organism with a physical presence, occupying space, and having mass. It is a non-human vertebrate, specifically a reptile, which falls under the category of Fauna. Since it is a living organism, it is classified as nature. Since nature is 'yes', I evaluate the sub-axes. A snake is a non-human vertebrate (fauna), placing it under the biotic category. Because this is a real-world physical organism with mass that occupies space, it is classified as material under the Tangibility axis.",False
/home/pmonserrat/datasets/imagenet/extracted_data/n01728920/ILSVRC2012_val_00001042.JPEG,ringneck snake,True,True,True,yes,biotic,material,"The target entity is a ringneck snake. The visual evidence shows a real-world physical organism, specifically a non-human vertebrate (fauna). This fits under the inclusion criteria for More-Than-Human Living Entities, as it is a living organism that is neither human nor a product of human manufacturing. Since nature is 'yes', I evaluate the sub-axes. A ringneck snake is a non-human vertebrate, placing it under Fauna & Animal Derivatives within the biotic category. Because the image captures a real-world physical organism with mass that occupies space, it is classified as material under the Tangibility axis.",False
/home/pmonserrat/datasets/imagenet/extracted_data/n01729322/ILSVRC2012_val_00002568.JPEG,hognose snake,True,True,True,yes,biotic,material,"The target entity is a hognose snake. The visual evidence shows a real-world photograph of a living snake, which is a non-human vertebrate. This falls under the category of Fauna & Animal Derivatives within the Biotic category, fulfilling the inclusion criteria for nature. Since nature is 'yes', I evaluate the sub-axes. A hognose snake is a non-human vertebrate (fauna), placing it under the biotic category. Because this is an unfiltered documentary photograph capturing a real-world physical organism, it is classified as material under the Tangibility axis.",False
/home/pmonserrat/datasets/imagenet/extracted_data/n01729977/ILSVRC2012_val_00000029.JPEG,green snake,True,True,True,yes,biotic,material,"The target entity is a green snake. The visual evidence shows a real-world, physical organism with a distinct green coloration and visible scales. This is a non-human vertebrate (fauna), which falls under the inclusion criteria for More-Than-Human Living Entities. Since it is a living organism and not a representation or depiction, it counts as nature. Since nature is 'yes', I evaluate the sub-axes. A green snake is a non-human vertebrate (fauna), placing it under the biotic category. Because it is a real-world physical organism with mass that occupies space, it is classified as material under the Tangibility axis.",False
/home/pmonserrat/datasets/imagenet/extracted_data/n01734418/ILSVRC2012_val_00000512.JPEG,king snake,True,True,True,yes,biotic,material,"The target entity is a king snake. The visual evidence shows a real-world photograph of a living snake in its natural habitat. Snakes are non-human vertebrates, specifically fauna, and fall under the inclusion scope of More-Than-Human Living Entities. This classification fulfills the criteria for nature. Since nature is 'yes', I evaluate the sub-axes. A king snake is a non-human vertebrate (fauna), placing it under the biotic category. Because the image is an unfiltered documentary photograph capturing a real-world physical organism, it is classified as material under the Tangibility axis.",False
/home/pmonserrat/datasets/imagenet/extracted_data/n01735189/ILSVRC2012_val_00000006.JPEG,garter snake,True,True,True,yes,biotic,material,"The target entity is a garter snake. The visual evidence shows a real-world, physical organism present in the environment. Garter snakes are non-human vertebrates, specifically fauna, which are explicitly included in the Nature definition under More-Than-Human Living Entities. Since nature is 'yes', I evaluate the sub-axes. A garter snake is a non-human vertebrate (fauna), placing it under the biotic category. Because the image captures a real-world physical organism with mass that occupies space, it is classified as material under the Tangibility axis.",False
/home/pmonserrat/datasets/imagenet/extracted_data/n01737021/ILSVRC2012_val_00000084.JPEG,water snake,True,True,True,yes,biotic,material,"The target entity is a water snake. The visual evidence shows a real-world depiction of a non-human vertebrate (fauna) in its natural habitat. Water snakes are wild, non-human organisms that fall under the category of Fauna & Animal Derivatives within the more-than-human living entities, fulfilling the inclusion criteria for nature. Since nature is 'yes', I evaluate the sub-axes. A water snake is a non-human vertebrate (fauna), placing it under the biotic category. Because the image captures a real-world physical organism with mass that occupies space, it is classified as material under the Tangibility axis.",False
/home/pmonserrat/datasets/imagenet/extracted_data/n01739381/ILSVRC2012_val_00001108.JPEG,vine snake,True,True,True,yes,biotic,material,"The target entity is a vine snake. The visual evidence shows a real-world living organism, specifically a non-human vertebrate, which is a fauna. Since the snake is a living organism and not a representation or depiction, it falls under the inclusion criteria for nature. Since nature is 'yes', I evaluate the sub-axes. A vine snake is a non-human vertebrate (fauna), placing it under the biotic category. Because the image captures a real-world physical organism with mass that occupies space, it is classified as material under the Tangibility axis.",False
/home/pmonserrat/datasets/imagenet/extracted_data/n01740131/ILSVRC2012_val_00000337.JPEG,night snake,True,True,True,yes,biotic,material,"The target entity is a night snake. The visual evidence shows a real-world photograph of a physical snake, which is a non-human vertebrate (fauna). This falls under the inclusion criteria for more-than-human living entities, specifically Fauna & Animal Derivatives within the biotic category, fulfilling the nature definition. Since nature is 'yes', I evaluate the sub-axes. A night snake is a non-human vertebrate (fauna), placing it under the biotic category. Because the image is an unfiltered documentary photograph capturing a real-world physical organism, it is classified as material under the Tangibility axis.",False
/home/pmonserrat/datasets/imagenet/extracted_data/n01742172/ILSVRC2012_val_00000786.JPEG,boa constrictor,True,True,True,yes,biotic,material,"The target entity is a boa constrictor. The visual evidence shows a real-world physical organism, a non-human vertebrate, present in the physical environment. Fauna, including wild, domesticated, or bred non-human vertebrates, are explicitly classified under More-Than-Human Living Entities within the inclusion scope of nature. Since nature is 'yes', I evaluate the sub-axes. A boa constrictor is a non-human vertebrate (fauna), placing it under the biotic category. Because the image captures a real-world physical organism with mass that occupies space, it is classified as material under the Tangibility axis.",False
/home/pmonserrat/datasets/imagenet/extracted_data/n01744401/ILSVRC2012_val_00000688.JPEG,rock python,True,True,True,yes,biotic,material,"The target entity is a rock python. The visual evidence shows a real-world photograph of a living snake, which is a non-human vertebrate. This falls under the category of Fauna & Animal Derivatives within the inclusion scope of More-Than-Human Living Entities, fulfilling the criteria for nature. Since nature is 'yes', I evaluate the sub-axes. A rock python is a non-human vertebrate (fauna), placing it under the biotic category. Because the image is an unfiltered documentary photograph capturing a real-world physical organism, it is classified as material under the Tangibility axis.",False
/home/pmonserrat/datasets/imagenet/extracted_data/n01748264/ILSVRC2012_val_00003143.JPEG,indian cobra,True,True,True,yes,biotic,material,"The target entity is an Indian cobra. The visual evidence shows a real-world photograph of a living snake, which is a non-human vertebrate. This falls under the category of Fauna & Animal Derivatives within the Biotic category, fulfilling the inclusion criteria for nature. Since nature is 'yes', I evaluate the sub-axes. The Indian cobra is a non-human vertebrate (fauna), placing it under the biotic category. Because this is an unfiltered documentary photograph capturing a real-world physical organism, it is classified as material under the Tangibility axis.",False
/home/pmonserrat/datasets/imagenet/extracted_data/n01749939/ILSVRC2012_val_00000298.JPEG,green mamba,True,True,True,yes,biotic,material,"The target entity is a green mamba. The visual evidence shows a real-world, living organism, specifically a non-human vertebrate (fauna). This falls under the inclusion criteria for more-than-human living entities, fulfilling the nature definition. Since nature is 'yes', I evaluate the sub-axes. A green mamba is a non-human vertebrate (fauna), placing it under the biotic category. Because the image captures a real-world physical organism with mass that occupies space, it is classified as material under the Tangibility axis.",False
/home/pmonserrat/datasets/imagenet/extracted_data/n01751748/ILSVRC2012_val_00000001.JPEG,sea snake,True,True,True,yes,biotic,material,"The target entity is a sea snake. The visual evidence shows a real-world organism, specifically a non-human vertebrate (fauna), present in its natural environment. Fauna and animal derivatives are explicitly classified under the inclusion criteria for nature, fulfilling the criteria for nature. Since nature is 'yes', I evaluate the sub-axes. A sea snake is a non-human vertebrate (fauna), placing it under the biotic category. Because the image captures a real-world physical organism with mass that occupies space, it is classified as material under the Tangibility axis.",False
/home/pmonserrat/datasets/imagenet/extracted_data/n01753488/ILSVRC2012_val_00001582.JPEG,horned viper,True,True,True,yes,biotic,material,"The target entity is a horned viper. The visual evidence shows a real-world photograph of a living snake, which is a non-human vertebrate. This falls under the category of Fauna & Animal Derivatives within the Biotic category, fulfilling the inclusion criteria for nature. Since nature is 'yes', I evaluate the sub-axes. A horned viper is a non-human vertebrate (fauna), placing it under the biotic category. Because this is an unfiltered documentary photograph capturing a real-world physical organism, it is classified as material under the Tangibility axis.",False
/home/pmonserrat/datasets/imagenet/extracted_data/n01755581/ILSVRC2012_val_00000749.JPEG,diamondback,True,True,True,yes,biotic,material,"The target entity is a diamondback snake. The visual evidence shows a real-world organism, specifically a non-human vertebrate (fauna), which is a living entity. This falls under the inclusion criteria for more-than-human living organisms, fulfilling the nature definition. Since nature is 'yes', I evaluate the sub-axes. A diamondback snake is a non-human vertebrate (fauna), placing it under the biotic category. Because the image captures a real-world physical organism with mass that occupies space, it is classified as material under the Tangibility axis.",False
/home/pmonserrat/datasets/imagenet/extracted_data/n01756291/ILSVRC2012_val_00001706.JPEG,sidewinder,True,True,True,yes,biotic,material,"The target entity is a sidewinder snake. The visual evidence shows a real-world organism, specifically a non-human vertebrate (fauna). This falls under the category of more-than-human living entities, fulfilling the inclusion criteria for nature. Since nature is 'yes', I evaluate the sub-axes. A sidewinder snake is a non-human vertebrate, placing it under Fauna & Animal Derivatives within the biotic category. Because the image captures a real-world physical organism with mass that occupies space, it is classified as material under the Tangibility axis.",False
/home/pmonserrat/datasets/imagenet/extracted_data/n01768244/ILSVRC2012_val_00000299.JPEG,trilobite,True,True,True,yes,biotic,material,"The target entity is a trilobite fossil. The visual evidence shows a physical imprint of a trilobite preserved in rock. Trilobites are non-human organisms (fauna), and their fossils are biological results of past life forms, placing them under the inclusion criteria for more-than-human living entities. Fossils are tangible remnants of biological processes and organisms, fulfilling the criteria for nature. Since nature is 'yes', I evaluate the sub-axes. A trilobite is a non-human vertebrate (fauna), placing its subject under the biotic category. The fossil is a physical, real-world object with mass that occupies space, making it classified as material under the Tangibility axis.",False
/home/pmonserrat/datasets/imagenet/extracted_data/n01770081/ILSVRC2012_val_00000107.JPEG,harvestman,True,True,True,yes,biotic,material,"The target entity is a harvestman. The visual evidence shows a real-world depiction of a non-human living organism, specifically an arachnid. Harvestmen are wild, non-human organisms that fall under the category of Fauna. Since they are living entities, they are classified as nature under the provided definition. Since nature is 'yes', I evaluate the sub-axes. A harvestman is a non-human vertebrate (fauna), placing it under the biotic category. Because this is a real-world physical organism with mass that occupies space, it is classified as material under the Tangibility axis.",False
/home/pmonserrat/datasets/imagenet/extracted_data/n01770393/ILSVRC2012_val_00001007.JPEG,scorpion,True,True,True,yes,biotic,material,"The target entity is a scorpion. The visual evidence shows a real-world photograph of a scorpion, a non-human arthropod. Scorpions are classified under Fauna, which are more-than-human living entities, fulfilling the inclusion criteria for nature. Since nature is 'yes', I evaluate the sub-axes. A scorpion is a non-human vertebrate (fauna), placing it under the biotic category. Because the image is an unfiltered documentary photograph capturing a real-world physical organism, it is classified as material under the Tangibility axis.",False
/home/pmonserrat/datasets/imagenet/extracted_data/n01773157/ILSVRC2012_val_00001037.JPEG,black and gold garden spider,True,True,True,yes,biotic,material,"The target entity is a black and gold garden spider. The visual evidence shows a real-world photograph of a living organism, specifically a non-human vertebrate (in this case, an arachnid). This falls under the category of Flora, Fauna, and Fungi as a more-than-human living entity, fulfilling the inclusion criteria for nature. Since nature is 'yes', I evaluate the sub-axes. A black and gold garden spider is a non-human vertebrate (fauna), placing it under the biotic category. Because the image is an unfiltered documentary photograph capturing a real-world physical organism, it is classified as material under the Tangibility axis.",False
/home/pmonserrat/datasets/imagenet/extracted_data/n01773549/ILSVRC2012_val_00002688.JPEG,barn spider,True,True,True,yes,biotic,material,"The target entity is a barn spider. The visual evidence shows a real-world photograph of a spider hanging from a web among green leaves. Spiders are non-human vertebrates (fauna), and they are explicitly included in the More-Than-Human Living Entities category under Flora, Fauna, and Fungi. This fulfills the inclusion criteria for nature. Since nature is 'yes', I evaluate the sub-axes. A barn spider is a non-human vertebrate (fauna), placing it under the biotic category. Because the image is an unfiltered documentary photograph capturing a real-world physical organism, it is classified as material under the Tangibility axis.",False
/home/pmonserrat/datasets/imagenet/extracted_data/n01773797/ILSVRC2012_val_00000040.JPEG,garden spider,True,True,True,yes,biotic,material,"The target entity is a garden spider. The visual evidence shows a real-world photograph of a spider, which is a non-human vertebrate (fauna). Spiders are classified under Fauna & Animal Derivatives within the biotic category, fulfilling the inclusion criteria for nature. Since nature is 'yes', I evaluate the sub-axes. A garden spider is a non-human vertebrate (fauna), placing it under the biotic category. Because the image is an unfiltered documentary photograph capturing a real-world physical organism, it is classified as material under the Tangibility axis.",False
/home/pmonserrat/datasets/imagenet/extracted_data/n01774384/ILSVRC2012_val_00001150.JPEG,black widow,True,True,True,yes,biotic,material,"The target entity is a black widow spider. The visual evidence shows a real-world photograph of a non-human living organism (insect) in its natural environment. Insects fall under the category of Fauna, which is explicitly included in the More-Than-Human Living Entities under the Nature definition. Since nature is 'yes', I evaluate the sub-axes. A black widow is a non-human vertebrate (insect), placing it under Fauna & Animal Derivatives within the biotic category. Because the image is an unfiltered documentary photograph capturing a real-world physical organism, it is classified as material under the Tangibility axis.",False
/home/pmonserrat/datasets/imagenet/extracted_data/n01774750/ILSVRC2012_val_00000396.JPEG,tarantula,True,True,True,yes,biotic,material,"The target entity is a tarantula. The visual evidence shows a real-world living organism, specifically a non-human vertebrate (fauna). Tarantulas are wild, non-human organisms that fall under the inclusion scope of More-Than-Human Living Entities, fulfilling the criteria for nature. Since nature is 'yes', I evaluate the sub-axes. A tarantula is a non-human vertebrate (fauna), placing it under the biotic category. Because the image captures a real-world physical organism with mass that occupies space, it is classified as material under the Tangibility axis.",False
/home/pmonserrat/datasets/imagenet/extracted_data/n01775062/ILSVRC2012_val_00000218.JPEG,wolf spider,True,True,True,yes,biotic,material,"The target entity is a wolf spider. The visual evidence shows a real-world photograph of a non-human living organism. Flora, fauna, and fungi are explicitly classified under More-Than-Human Living Entities within the inclusion scope of nature, fulfilling the criteria for nature. Since nature is 'yes', I evaluate the sub-axes. A wolf spider is a non-human vertebrate (fauna), placing it under the biotic category. Because the image is an unfiltered documentary photograph capturing a real-world physical organism, it is classified as material under the Tangibility axis.",False
/home/pmonserrat/datasets/imagenet/extracted_data/n01776313/ILSVRC2012_val_00000679.JPEG,tick,True,True,True,yes,biotic,material,"The target entity is a tick. The visual evidence shows a real-world organism, specifically an Ixodes ricinus, commonly known as a castor bean tick or sheep tick. Ticks are non-human living organisms, classified under Fauna, fulfilling the inclusion criteria for nature. Since nature is 'yes', I evaluate the sub-axes. A tick is a non-human vertebrate (fauna), placing it under the biotic category. Because the image is an unfiltered documentary photograph capturing a real-world physical organism, it is classified as material under the Tangibility axis.",False
/home/pmonserrat/datasets/imagenet/extracted_data/n01784675/ILSVRC2012_val_00003981.JPEG,centipede,True,True,True,yes,biotic,material,"The target entity is a centipede. The visual evidence shows a real-world organism, specifically a non-human invertebrate, which is a living creature. Centipedes are classified under Fauna, fulfilling the inclusion criteria for more-than-human living entities under the Nature definition. Since nature is 'yes', I evaluate the sub-axes. A centipede is a non-human vertebrate (fauna), placing it under the biotic category. Because the image captures a real-world physical organism with mass that occupies space, it is classified as material under the Tangibility axis.",False
/home/pmonserrat/datasets/imagenet/extracted_data/n01795545/ILSVRC2012_val_00000075.JPEG,black grouse,True,True,True,yes,biotic,material,"The target entity is a black grouse. The visual evidence shows a real-world photograph of a non-human vertebrate (fauna) in a natural environment. Fauna and animal derivatives are explicitly classified under More-Than-Human Living Entities within the inclusion scope of nature, fulfilling the criteria for nature. Since nature is 'yes', I evaluate the sub-axes. A black grouse is a non-human vertebrate (fauna), placing it under the biotic category. Because the image is an unfiltered documentary photograph capturing a real-world physical organism, it is classified as material under the Tangibility axis.",False
/home/pmonserrat/datasets/imagenet/extracted_data/n01796340/ILSVRC2012_val_00000860.JPEG,ptarmigan,True,True,True,yes,biotic,material,"The target entity is a ptarmigan. The visual evidence shows two real-world birds standing on rocky terrain with patches of snow and vegetation. Ptarmigans are non-human vertebrates (fauna), fulfilling the inclusion criteria for more-than-human living entities under the Nature definition. Since nature is 'yes', I evaluate the sub-axes. A ptarmigan is a non-human vertebrate (fauna), placing it under the biotic category. Because the image captures real-world physical organisms with mass that occupy space, it is classified as material under the Tangibility axis.",False
/home/pmonserrat/datasets/imagenet/extracted_data/n01797886/ILSVRC2012_val_00002539.JPEG,ruffed grouse,True,True,True,yes,biotic,material,"The target entity is a ruffed grouse. The visual evidence shows a real-world photograph of a non-human vertebrate (fauna) in its natural habitat. Fauna are explicitly classified under More-Than-Human Living Entities, fulfilling the inclusion criteria for nature. Since nature is 'yes', I evaluate the sub-axes. A ruffed grouse is a non-human vertebrate (fauna), placing it under the biotic category. Because the image is an unfiltered documentary photograph capturing a real-world physical organism, it is classified as material under the Tangibility axis.",False
/home/pmonserrat/datasets/imagenet/extracted_data/n01798484/ILSVRC2012_val_00001461.JPEG,prairie chicken,True,True,True,yes,biotic,material,"The target entity is a prairie chicken. The visual evidence shows two real-world birds in a natural environment. Prairie chickens are non-human vertebrates, specifically birds, which fall under the category of Fauna & Animal Derivatives within the inclusion scope of More-Than-Human Living Entities. This fulfills the criteria for nature. Since nature is 'yes', I evaluate the sub-axes. A prairie chicken is a non-human vertebrate (fauna), placing it under the biotic category. Because the image captures real-world physical organisms with mass that occupy space, it is classified as material under the Tangibility axis.",False
/home/pmonserrat/datasets/imagenet/extracted_data/n01806143/ILSVRC2012_val_00001146.JPEG,peacock,True,True,True,yes,biotic,material,"The target entity is a peacock. The visual evidence shows a real-world bird with a prominent display of feathers. Peacocks are non-human vertebrates, specifically birds, which fall under the category of Fauna & Animal Derivatives within the Biotic category. Since it is a real organism present in the physical environment, it counts as nature. Since nature is 'yes', I evaluate the sub-axes. A peacock is a non-human vertebrate (fauna), placing it under the biotic category. Because this is a real-world physical organism with mass that occupies space, it is classified as material under the Tangibility axis.",False
/home/pmonserrat/datasets/imagenet/extracted_data/n01806567/ILSVRC2012_val_00003015.JPEG,quail,True,True,True,yes,biotic,material,"The target entity is a quail. The visual evidence shows a real-world bird standing on a piece of wood in a natural environment. Quail are non-human vertebrates, specifically fauna, and fall under the inclusion scope of More-Than-Human Living Entities. This is a real organism, not a representation or depiction, fulfilling the criteria for nature. Since nature is 'yes', I evaluate the sub-axes. A quail is a non-human vertebrate (fauna), placing it under the biotic category. Because this is a real-world physical organism with mass that occupies space, it is classified as material under the Tangibility axis.",False
/home/pmonserrat/datasets/imagenet/extracted_data/n01807496/ILSVRC2012_val_00000576.JPEG,partridge,True,True,True,yes,biotic,material,"The target entity is a partridge. The visual evidence shows a real-world bird, a non-human vertebrate, present in a natural environment. Fauna, including wild, domesticated, or bred non-human vertebrates, are explicitly classified under More-Than-Human Living Entities within the inclusion scope of nature. Since nature is 'yes', I evaluate the sub-axes. A partridge is a non-human vertebrate (fauna), placing it under the biotic category. Because the image captures a real-world physical organism with mass that occupies space, it is classified as material under the Tangibility axis.",False
/home/pmonserrat/datasets/imagenet/extracted_data/n01817953/ILSVRC2012_val_00001629.JPEG,african grey,True,True,True,yes,biotic,material,"The target entity is an African Grey parrot. The visual evidence shows a real-world living organism, specifically a non-human vertebrate (fauna). African Greys are wild or domesticated birds, which fall under the Flora & Fauna category within the inclusion scope of More-Than-Human Living Entities. Since the image depicts an actual living bird and not a representation or depiction, it counts as nature. Since nature is 'yes', I evaluate the sub-axes. An African Grey parrot is a non-human vertebrate (fauna), placing it under the biotic category. Because the image captures a real-world physical organism with mass that occupies space, it is classified as material under the Tangibility axis.",False
/home/pmonserrat/datasets/imagenet/extracted_data/n01818515/ILSVRC2012_val_00001163.JPEG,macaw,True,True,True,yes,biotic,material,"The target entity is a macaw. The visual evidence shows a real-world bird with vibrant green and blue feathers. Macaws are non-human vertebrates, specifically birds, which fall under the Flora & Fauna category within the inclusion scope of More-Than-Human Living Entities. This fulfills the criteria for nature. Since nature is 'yes', I evaluate the sub-axes. A macaw is a non-human vertebrate (fauna), placing it under the biotic category. Because this is a real-world physical organism with mass that occupies space, it is classified as material under the Tangibility axis.",False
/home/pmonserrat/datasets/imagenet/extracted_data/n01819313/ILSVRC2012_val_00001288.JPEG,sulphur-crested cockatoo,True,True,True,yes,biotic,material,"The target entity is a sulphur-crested cockatoo. The visual evidence shows a real-world bird, a non-human vertebrate, which is a living organism. This falls under the category of Fauna & Animal Derivatives within the inclusion scope of More-Than-Human Living Entities, fulfilling the criteria for nature. Since nature is 'yes', I evaluate the sub-axes. A sulphur-crested cockatoo is a non-human vertebrate (fauna), placing it under the biotic category. Because this is a real-world physical organism with mass that occupies space, it is classified as material under the Tangibility axis.",False
/home/pmonserrat/datasets/imagenet/extracted_data/n01820546/ILSVRC2012_val_00001749.JPEG,lorikeet,True,True,True,yes,biotic,material,"The target entity is a lorikeet. The visual evidence shows a real-world bird perched on a branch with flowers. Lorikeets are non-human vertebrates, specifically birds, which fall under the category of Fauna & Animal Derivatives within the Biotic category. Since the image captures a real, unfiltered depiction of a living organism in its natural environment, it fulfills the criteria for nature. Since nature is 'yes', I evaluate the sub-axes. A lorikeet is a non-human vertebrate (fauna), placing it under the biotic category. Because the image is an unfiltered documentary photograph capturing a real-world physical organism, it is classified as material under the Tangibility axis.",False
/home/pmonserrat/datasets/imagenet/extracted_data/n01824575/ILSVRC2012_val_00000370.JPEG,coucal,True,True,True,yes,biotic,material,"The target entity is a coucal. The visual evidence shows a real-world bird standing in a natural environment. Coucals are non-human vertebrates, specifically birds, which fall under the category of Fauna & Animal Derivatives within the Biotic category. Since the image captures a real organism in its natural habitat, it fulfills the criteria for nature. Since nature is 'yes', I evaluate the sub-axes. A coucal is a non-human vertebrate (fauna), placing it under the biotic category. Because the image is an unfiltered documentary photograph capturing a real-world physical organism, it is classified as material under the Tangibility axis.",False
/home/pmonserrat/datasets/imagenet/extracted_data/n01828970/ILSVRC2012_val_00000051.JPEG,bee eater,True,True,True,yes,biotic,material,"The target entity is a bee eater bird. The visual evidence shows a real-world bird in flight, with vibrant plumage and natural behavior. This is a non-human vertebrate (fauna), fulfilling the inclusion criteria for more-than-human living entities under the Nature definition. Since nature is 'yes', I evaluate the sub-axes. A bee eater is a non-human vertebrate (fauna), placing it under the biotic category. Because this is an unfiltered documentary photograph capturing a real-world physical organism, it is classified as material under the Tangibility axis.",False
/home/pmonserrat/datasets/imagenet/extracted_data/n01829413/ILSVRC2012_val_00002100.JPEG,hornbill,True,True,True,yes,biotic,material,"The target entity is a hornbill. The visual evidence shows a real-world bird with distinct physical characteristics, such as a large beak and a red facial patch. This is a non-human vertebrate, specifically a bird, which falls under the category of Fauna & Animal Derivatives within the Biotic category. Since it is a living organism present in the physical environment, it counts as nature. Since nature is 'yes', I evaluate the sub-axes. A hornbill is a non-human vertebrate (fauna), placing it under the biotic category. Because this is a real-world physical organism with mass that occupies space, it is classified as material under the Tangibility axis.",False
/home/pmonserrat/datasets/imagenet/extracted_data/n01833805/ILSVRC2012_val_00002974.JPEG,hummingbird,True,True,True,yes,biotic,material,"The target entity is a hummingbird. The visual evidence shows a real-world photograph of a living bird perched on a branch. Hummingbirds are non-human vertebrates, specifically fauna, and are classified under the inclusion scope of More-Than-Human Living Entities. This fulfills the criteria for nature. Since nature is 'yes', I evaluate the sub-axes. A hummingbird is a non-human vertebrate (fauna), placing it under the biotic category. Because the image is an unfiltered documentary photograph capturing a real-world physical organism, it is classified as material under the Tangibility axis.",False
/home/pmonserrat/datasets/imagenet/extracted_data/n01843065/ILSVRC2012_val_00002326.JPEG,jacamar,True,True,True,yes,biotic,material,"The target entity is a jacamar. The visual evidence shows a real bird perched on a branch in a natural environment. This is a non-human vertebrate (fauna), fulfilling the inclusion criteria for more-than-human living entities under the Nature definition. Since nature is 'yes', I evaluate the sub-axes. A jacamar is a non-human vertebrate (fauna), placing it under the biotic category. Because the image is an unfiltered documentary photograph capturing a real-world physical organism, it is classified as material under the Tangibility axis.",False
/home/pmonserrat/datasets/imagenet/extracted_data/n01843383/ILSVRC2012_val_00000952.JPEG,toucan,True,True,True,yes,biotic,material,"The target entity is a toucan. The visual evidence shows a real-world bird perched on a branch in a natural environment. The toucan is a non-human vertebrate (fauna), fulfilling the inclusion criteria for more-than-human living entities under the Nature definition. Since nature is 'yes', I evaluate the sub-axes. A toucan is a non-human vertebrate (fauna), placing it under the biotic category. Because the image captures a real-world physical organism with mass that occupies space, it is classified as material under the Tangibility axis.",False
/home/pmonserrat/datasets/imagenet/extracted_data/n01847000/ILSVRC2012_val_00000415.JPEG,drake,True,True,True,yes,biotic,material,"The target entity is a group of ducks. The visual evidence shows real-world, non-human vertebrates (fauna) swimming in water. These ducks are wild, non-human organisms, fulfilling the inclusion criteria for Flora, Fauna, and Fungi under the Nature definition. Since nature is 'yes', I evaluate the sub-axes. Ducks are non-human vertebrates (fauna), placing them under the biotic category. Because the image captures real-world physical organisms in their natural environment, they are classified as material under the Tangibility axis.",False
/home/pmonserrat/datasets/imagenet/extracted_data/n01855032/ILSVRC2012_val_00002309.JPEG,red-breasted merganser,True,True,True,yes,biotic,material,"The target entity is a red-breasted merganser. The visual evidence shows a real-world bird in flight and swimming in water. This is a non-human vertebrate (fauna), fulfilling the inclusion criteria for more-than-human living entities under the Nature definition. Since nature is 'yes', I evaluate the sub-axes. A red-breasted merganser is a non-human vertebrate (fauna), placing it under the biotic category. Because this is an unfiltered documentary photograph capturing a real-world physical organism, it is classified as material under the Tangibility axis.",False
/home/pmonserrat/datasets/imagenet/extracted_data/n01855672/ILSVRC2012_val_00000547.JPEG,goose,True,True,True,yes,biotic,material,"The target entity is a goose. The visual evidence shows a real-world, unfiltered photograph of a live goose. Gooses are non-human vertebrates (fauna), which are explicitly classified under the inclusion scope for more-than-human living entities. This fulfills the criteria for nature. Since nature is 'yes', I evaluate the sub-axes. A goose is a non-human vertebrate (fauna), placing it under the biotic category. Because the image is an unfiltered documentary photograph capturing a real-world physical organism, it is classified as material under the Tangibility axis.",False
/home/pmonserrat/datasets/imagenet/extracted_data/n01860187/ILSVRC2012_val_00000466.JPEG,black swan,True,True,True,yes,biotic,material,"The target entity is a black swan. The visual evidence shows a real-world living organism, a non-human vertebrate, which is a fauna. This fulfills the inclusion criteria for More-Than-Human Living Entities under the Nature definition. Since nature is 'yes', I evaluate the sub-axes. A black swan is a non-human vertebrate (fauna), placing it under the biotic category. Because the image captures a real-world physical organism with mass that occupies space, it is classified as material under the Tangibility axis.",False
/home/pmonserrat/datasets/imagenet/extracted_data/n01871265/ILSVRC2012_val_00000067.JPEG,tusker,True,False,True,yes,biotic,material,"The target entity is an elephant. The visual evidence shows a real-world, unfiltered photograph of a living elephant in its natural habitat. Elephants are non-human vertebrates (fauna), which are explicitly classified under the inclusion scope for more-than-human living entities. This fulfills the criteria for nature. Since nature is 'yes', I evaluate the sub-axes. An elephant is a non-human vertebrate (fauna), placing it under the biotic category. Because the image is an unfiltered documentary photograph capturing a real-world physical organism, it is classified as material under the Tangibility axis.",False
/home/pmonserrat/datasets/imagenet/extracted_data/n01872401/ILSVRC2012_val_00000319.JPEG,echidna,True,True,True,yes,biotic,material,"The target entity is an echidna. The visual evidence shows a real-world animal with spines, foraging on a tiled surface. Echidnas are non-human vertebrates, specifically classified under Fauna & Animal Derivatives within the Biotic category, fulfilling the inclusion criteria for nature. Since nature is 'yes', I evaluate the sub-axes. An echidna is a non-human vertebrate (fauna), placing it under the biotic category. Because this is a real-world physical organism with mass that occupies space, it is classified as material under the Tangibility axis.",False
/home/pmonserrat/datasets/imagenet/extracted_data/n01873310/ILSVRC2012_val_00000189.JPEG,platypus,True,True,True,yes,biotic,material,"The target entity is a platypus. The visual evidence shows a real-world animal swimming in water. Platypuses are non-human vertebrates, specifically mammals, which fall under the category of Fauna & Animal Derivatives within the biotic category. Since it is a living organism present in the physical environment, it counts as nature. Since nature is 'yes', I evaluate the sub-axes. A platypus is a non-human vertebrate (fauna), placing it under the biotic category. Because this is a real-world physical organism with mass that occupies space, it is classified as material under the Tangibility axis.",False
/home/pmonserrat/datasets/imagenet/extracted_data/n01877812/ILSVRC2012_val_00000655.JPEG,wallaby,True,True,True,yes,biotic,material,"The target entity is a wallaby. The visual evidence shows a real-world animal, specifically a non-human vertebrate (fauna), present in a natural environment. Fauna and animal derivatives are explicitly classified under the inclusion criteria for more-than-human living entities, fulfilling the criteria for nature. Since nature is 'yes', I evaluate the sub-axes. A wallaby is a non-human vertebrate (fauna), placing it under the biotic category. Because the image captures a real-world physical organism with mass that occupies space, it is classified as material under the Tangibility axis.",False
/home/pmonserrat/datasets/imagenet/extracted_data/n01882714/ILSVRC2012_val_00000970.JPEG,koala,True,True,True,yes,biotic,material,"The target entity is a koala. The visual evidence shows a real-world photograph of a koala, a non-human vertebrate, clinging to a tree branch. This falls under the category of Fauna & Animal Derivatives within the Biotic category, as it is a living organism. Since it is a real-world physical organism with mass and occupies space, it is classified as material under the Tangibility axis. Since nature is 'yes', I evaluate the sub-axes. A koala is a non-human vertebrate (fauna), placing it under the biotic category. Because this specific instance is a real-world photograph capturing a physical organism, it is classified as material under the Tangibility axis.",False
/home/pmonserrat/datasets/imagenet/extracted_data/n01883070/ILSVRC2012_val_00001933.JPEG,wombat,True,True,True,yes,biotic,material,"The target entity is a wombat. The visual evidence shows a real-world animal, specifically a non-human vertebrate, present in a natural environment. Wombats are wild, non-human organisms that fall under the category of Fauna & Animal Derivatives within the inclusion scope of More-Than-Human Living Entities. Since nature is 'yes', I evaluate the sub-axes. A wombat is a non-human vertebrate (fauna), placing it under the biotic category. Because the image captures a real-world physical organism with mass that occupies space, it is classified as material under the Tangibility axis.",False
/home/pmonserrat/datasets/imagenet/extracted_data/n01910747/ILSVRC2012_val_00000063.JPEG,jellyfish,True,True,True,yes,biotic,material,"The target entity is a jellyfish. The visual evidence shows a real-world organism in its natural aquatic environment. Jellyfish are non-human living organisms (fauna) and fall under the category of More-Than-Human Living Entities, fulfilling the inclusion criteria for nature. Since nature is 'yes', I evaluate the sub-axes. A jellyfish is a non-human vertebrate (fauna), placing it under the biotic category. Because the image captures a real-world physical organism with mass that occupies space, it is classified as material under the Tangibility axis.",False
/home/pmonserrat/datasets/imagenet/extracted_data/n01914609/ILSVRC2012_val_00000017.JPEG,sea anemone,True,True,True,yes,biotic,material,"The target entity is a sea anemone. The visual evidence shows a real-world organism with tentacles and a central body, situated in a natural underwater environment. Sea anemones are non-human living organisms (fauna) and fall under the category of more-than-human living entities, fulfilling the inclusion criteria for nature. Since nature is 'yes', I evaluate the sub-axes. A sea anemone is a non-human vertebrate (fauna), placing it under the biotic category. Because the image captures a real-world physical organism with mass that occupies space, it is classified as material under the Tangibility axis.",False
/home/pmonserrat/datasets/imagenet/extracted_data/n01917289/ILSVRC2012_val_00000011.JPEG,brain coral,True,True,True,yes,biotic,material,"The target entity is a brain coral. The visual evidence shows a real-world physical organism with a distinct texture and form, characteristic of living marine organisms. Brain corals are classified under Fungi & Microorganisms within the more-than-human living entities, fulfilling the inclusion criteria for nature. Since nature is 'yes', I evaluate the sub-axes. A brain coral is a non-human organism (fungi), placing it under the biotic category. Because the image captures a real-world physical organism with mass that occupies space, it is classified as material under the Tangibility axis.",False
/home/pmonserrat/datasets/imagenet/extracted_data/n01924916/ILSVRC2012_val_00003054.JPEG,flatworm,True,True,True,yes,biotic,material,"The target entity is a flatworm. The visual evidence shows a real-world organism, specifically a non-human living entity (fauna), present in a natural environment. Flatworms are wild, non-human vertebrates, and as such, they fall under the inclusion criteria for More-Than-Human Living Entities within the Nature definition. Since nature is 'yes', I evaluate the sub-axes. A flatworm is a non-human vertebrate (fauna), placing it under the biotic category. Because the image captures a real-world physical organism with mass that occupies space, it is classified as material under the Tangibility axis.",False
/home/pmonserrat/datasets/imagenet/extracted_data/n01930112/ILSVRC2012_val_00000836.JPEG,nematode,True,True,True,yes,biotic,material,"The target entity is a nematode. The visual evidence shows microscopic organisms, which are non-human living entities. Nematodes are a type of worm, classified under Fauna, fulfilling the inclusion criteria for more-than-human living organisms. Since nature is 'yes', I evaluate the sub-axes. Nematodes are non-human vertebrates (fauna), placing them under the biotic category. The images are unfiltered documentary depictions capturing real-world microscopic organisms, which are physical entities with mass and occupy space, thus classified as material under the Tangibility axis.",False
/home/pmonserrat/datasets/imagenet/extracted_data/n01943899/ILSVRC2012_val_00000781.JPEG,conch,True,True,True,yes,biotic,material,"The target entity is a conch shell. The visual evidence shows a physical shell, which is a non-living natural object derived from a marine organism. Conch shells are classified under Fungi & Microorganisms or Fauna & Animal Derivatives within the more-than-human living entities, as they are remnants of a biological organism. Since the shell is a real-world physical object with mass that occupies space, it fulfills the criteria for nature. Since nature is 'yes', I evaluate the sub-axes. A conch shell is the remains of a marine mollusk, placing it under Fauna & Animal Derivatives within the biotic category. Because the image captures a real-world physical object, it is classified as material under the Tangibility axis.",False
/home/pmonserrat/datasets/imagenet/extracted_data/n01944390/ILSVRC2012_val_00001268.JPEG,snail,True,True,True,yes,biotic,material,"The target entity is a snail. The visual evidence shows a real-world organism with a shell, which is a non-human living entity. Snails are classified under Fauna, fulfilling the inclusion criteria for nature. Since nature is 'yes', I evaluate the sub-axes. A snail is a non-human vertebrate (fauna), placing it under the biotic category. Because the image captures a real-world physical organism with mass that occupies space, it is classified as material under the Tangibility axis.",False
/home/pmonserrat/datasets/imagenet/extracted_data/n01945685/ILSVRC2012_val_00000546.JPEG,slug,True,True,True,yes,biotic,material,"The target entity is a slug. The visual evidence shows a real-world organism, specifically a non-human invertebrate, which is a living entity. Slugs are classified under Fauna, fulfilling the inclusion criteria for more-than-human living entities under the Nature definition. Since nature is 'yes', I evaluate the sub-axes. A slug is a non-human vertebrate (specifically an invertebrate), placing it under Fauna & Animal Derivatives within the biotic category. Because the image captures a real-world physical organism with mass that occupies space, it is classified as material under the Tangibility axis.",False
/home/pmonserrat/datasets/imagenet/extracted_data/n01950731/ILSVRC2012_val_00000154.JPEG,sea slug,True,True,True,yes,biotic,material,"The target entity is a sea slug. The visual evidence shows a real-world organism with a distinct biological structure, living in a natural marine environment. Sea slugs are non-human organisms, specifically molluscs, which fall under the category of Fauna & Animal Derivatives within the more-than-human living entities, fulfilling the inclusion criteria for nature. Since nature is 'yes', I evaluate the sub-axes. A sea slug is a non-human vertebrate (fauna), placing it under the biotic category. Because the image captures a real-world physical organism with mass that occupies space, it is classified as material under the Tangibility axis.",False
/home/pmonserrat/datasets/imagenet/extracted_data/n01955084/ILSVRC2012_val_00000689.JPEG,chiton,True,True,True,yes,biotic,material,"The target entity is a chiton. The visual evidence shows a real-world organism, specifically a type of marine mollusk, present in its natural habitat on a rocky surface. Chitons are non-human vertebrates, and as such, they fall under the category of Fauna & Animal Derivatives within the more-than-human living entities, fulfilling the inclusion criteria for nature. Since nature is 'yes', I evaluate the sub-axes. A chiton is a non-human vertebrate (fauna), placing it under the biotic category. Because the image captures a real-world physical organism with mass that occupies space, it is classified as material under the Tangibility axis.",False
/home/pmonserrat/datasets/imagenet/extracted_data/n01968897/ILSVRC2012_val_00001356.JPEG,chambered nautilus,True,True,True,yes,biotic,material,"The target entity is a chambered nautilus. The visual evidence shows a real-world physical specimen of a marine mollusk, which is a non-human living organism. Chambered nautiluses are classified under Fauna & Animal Derivatives within the more-than-human living entities, fulfilling the inclusion criteria for nature. Since nature is 'yes', I evaluate the sub-axes. A chambered nautilus is a non-human vertebrate (fauna), placing it under the biotic category. Because this is a real-world physical organism with mass that occupies space, it is classified as material under the Tangibility axis.",False
/home/pmonserrat/datasets/imagenet/extracted_data/n01978287/ILSVRC2012_val_00000195.JPEG,dungeness crab,True,True,True,yes,biotic,material,"The target entity is a Dungeness crab. The visual evidence shows a real-world, physical organism with a shell and legs, indicating it is a non-human living entity. This fulfills the inclusion criteria for More-Than-Human Living Entities under the Nature definition. Since nature is 'yes', I evaluate the sub-axes. A Dungeness crab is a non-human vertebrate (fauna), placing it under the biotic category. Because the image captures a real-world physical organism with mass that occupies space, it is classified as material under the Tangibility axis.",False
/home/pmonserrat/datasets/imagenet/extracted_data/n01978455/ILSVRC2012_val_00002684.JPEG,rock crab,True,True,True,yes,biotic,material,"The target entity is a rock crab. The visual evidence shows a real-world living organism, specifically a non-human vertebrate (fauna), which is a more-than-human living entity. Rock crabs are wild, non-human organisms that fall under the inclusion scope of Flora, Fauna, and Fungi as living entities. Since nature is 'yes', I evaluate the sub-axes. A rock crab is a non-human vertebrate (fauna), placing it under the biotic category. Because the image captures a real-world physical organism with mass that occupies space, it is classified as material under the Tangibility axis.",False
/home/pmonserrat/datasets/imagenet/extracted_data/n01980166/ILSVRC2012_val_00000818.JPEG,fiddler crab,True,True,True,yes,biotic,material,"The target entity is a fiddler crab. The visual evidence shows a real-world, physical organism with distinct biological features. Fiddler crabs are non-human vertebrates, specifically classified under Fauna & Animal Derivatives within the Biotic category, fulfilling the inclusion criteria for nature. Since nature is 'yes', I evaluate the sub-axes. A fiddler crab is a non-human vertebrate (fauna), placing it under the biotic category. Because this is an unfiltered documentary photograph capturing a real-world physical organism, it is classified as material under the Tangibility axis.",False
/home/pmonserrat/datasets/imagenet/extracted_data/n01981276/ILSVRC2012_val_00000238.JPEG,king crab,True,True,True,yes,biotic,material,"The target entity is a king crab. The visual evidence shows a real-world physical organism, specifically a non-human vertebrate (fauna), which is a more-than-human living entity. This fulfills the inclusion criteria for nature as it is a living organism. Since nature is 'yes', I evaluate the sub-axes. A king crab is a non-human vertebrate (fauna), placing it under the biotic category. Because the image captures a real-world physical organism with mass that occupies space, it is classified as material under the Tangibility axis.",False
/home/pmonserrat/datasets/imagenet/extracted_data/n01983481/ILSVRC2012_val_00000111.JPEG,american lobster,True,True,True,yes,biotic,material,"The target entity is an American lobster. The visual evidence shows a real-world, physical organism being held by individuals. The American lobster is a non-human vertebrate (fauna), which falls under the category of more-than-human living entities. It is a living organism, fulfilling the inclusion criteria for nature. Since nature is 'yes', I evaluate the sub-axes. The American lobster is a non-human vertebrate (fauna), placing it under the biotic category. Because it is a real-world physical organism with mass that occupies space, it is classified as material under the Tangibility axis.",False
/home/pmonserrat/datasets/imagenet/extracted_data/n01984695/ILSVRC2012_val_00002152.JPEG,spiny lobster,True,True,True,yes,biotic,material,"The target entity is a spiny lobster. The visual evidence shows a real-world physical organism, specifically a cooked spiny lobster placed on a metal tray. As a non-human vertebrate, it falls under Fauna & Animal Derivatives within the Biotic category, fulfilling the inclusion criteria for nature. Since nature is 'yes', I evaluate the sub-axes. A spiny lobster is a non-human vertebrate (fauna), placing it under the biotic category. Because this is a real-world physical organism with mass that occupies space, it is classified as material under the Tangibility axis.",False
/home/pmonserrat/datasets/imagenet/extracted_data/n01985128/ILSVRC2012_val_00001381.JPEG,crayfish,True,True,True,yes,biotic,material,"The target entity is a crayfish. The visual evidence shows a real-world, physical organism with distinct biological features such as claws, antennae, and a segmented body. Crayfish are non-human vertebrates, specifically classified under Fauna, fulfilling the inclusion criteria for nature. Since nature is 'yes', I evaluate the sub-axes. A crayfish is a non-human vertebrate (fauna), placing it under the biotic category. Because the image captures a real-world physical organism with mass that occupies space, it is classified as material under the Tangibility axis.",False
/home/pmonserrat/datasets/imagenet/extracted_data/n01986214/ILSVRC2012_val_00000231.JPEG,hermit crab,True,True,True,yes,biotic,material,"The target entity is a hermit crab. The visual evidence shows a real-world organism, a non-human vertebrate (fauna), which is a living creature. Hermit crabs are classified under Fauna & Animal Derivatives within the Biotic category, fulfilling the inclusion criteria for nature. Since nature is 'yes', I evaluate the sub-axes. A hermit crab is a non-human vertebrate (fauna), placing it under the biotic category. Because this is a real-world physical organism with mass that occupies space, it is classified as material under the Tangibility axis.",False
/home/pmonserrat/datasets/imagenet/extracted_data/n01990800/ILSVRC2012_val_00000669.JPEG,isopod,True,True,True,yes,biotic,material,"The target entity is an isopod. The visual evidence shows a real-world photograph of a living organism, specifically a crustacean. Isopods are non-human fauna, and they fall under the category of More-Than-Human Living Entities within the inclusion scope of nature. Since nature is 'yes', I evaluate the sub-axes. An isopod is a non-human vertebrate (fauna), placing it under the biotic category. Because the image is an unfiltered documentary depiction capturing a real-world physical organism, it is classified as material under the Tangibility axis.",False
/home/pmonserrat/datasets/imagenet/extracted_data/n02002556/ILSVRC2012_val_00000690.JPEG,white stork,True,True,True,yes,biotic,material,"The target entity is a white stork. The visual evidence shows a real-world bird standing in a natural environment. White storks are non-human vertebrates (fauna), which are explicitly classified under More-Than-Human Living Entities within the inclusion scope of nature. This fulfills the criteria for nature. Since nature is 'yes', I evaluate the sub-axes. A white stork is a non-human vertebrate (fauna), placing it under the biotic category. Because the image captures a real-world physical organism with mass that occupies space, it is classified as material under the Tangibility axis.",False
/home/pmonserrat/datasets/imagenet/extracted_data/n02002724/ILSVRC2012_val_00001068.JPEG,black stork,True,True,True,yes,biotic,material,"The target entity is a black stork. The visual evidence shows a real-world bird standing in a shallow water body. Black storks are non-human vertebrates (fauna), and they are present in a natural environment, fulfilling the inclusion criteria for more-than-human living entities under the Nature definition. Since nature is 'yes', I evaluate the sub-axes. A black stork is a non-human vertebrate (fauna), placing it under the biotic category. Because the image captures a real-world physical organism with mass that occupies space, it is classified as material under the Tangibility axis.",False
/home/pmonserrat/datasets/imagenet/extracted_data/n02006656/ILSVRC2012_val_00000043.JPEG,spoonbill,True,True,True,yes,biotic,material,"The target entity is a spoonbill. The visual evidence shows a real-world bird standing in a grassy environment, holding a twig in its beak. This is a non-human vertebrate (fauna), fulfilling the inclusion criteria for more-than-human living entities under the Nature definition. Since nature is 'yes', I evaluate the sub-axes. A spoonbill is a non-human vertebrate (fauna), placing it under the biotic category. Because this is an unfiltered documentary photograph capturing a real-world physical organism, it is classified as material under the Tangibility axis.",False
/home/pmonserrat/datasets/imagenet/extracted_data/n02007558/ILSVRC2012_val_00000356.JPEG,flamingo,True,True,True,yes,biotic,material,"The target entity is a flamingo. The visual evidence shows a real-world bird standing in water with its wings spread. Flamingos are non-human vertebrates (fauna), and they are living organisms, fulfilling the inclusion criteria for nature under the More-Than-Human Living Entities category. Since nature is 'yes', I evaluate the sub-axes. A flamingo is a non-human vertebrate (fauna), placing it under the biotic category. Because the image captures a real-world physical organism with mass that occupies space, it is classified as material under the Tangibility axis.",False
/home/pmonserrat/datasets/imagenet/extracted_data/n02009229/ILSVRC2012_val_00000794.JPEG,little blue heron,True,True,True,yes,biotic,material,"The target entity is a little blue heron. The visual evidence shows a real-world bird standing in water. This is a non-human vertebrate (fauna), which is explicitly classified under Flora, Fauna, and Fungi within the inclusion scope of Nature. As a living organism, it fits the criteria for being classified as nature. Since nature is 'yes', I evaluate the sub-axes. A little blue heron is a non-human vertebrate (fauna), placing it under the biotic category. Because this is an unfiltered documentary photograph capturing a real-world physical organism, it is classified as material under the Tangibility axis.",False
/home/pmonserrat/datasets/imagenet/extracted_data/n02009912/ILSVRC2012_val_00001067.JPEG,american egret,True,True,True,yes,biotic,material,"The target entity is an American egret. The visual evidence shows a real-world photograph of a live bird in flight. The American egret is a non-human vertebrate (fauna), which falls under the inclusion scope of More-Than-Human Living Entities. Since it is a real organism and not a representation or depiction, it counts as nature. Since nature is 'yes', I evaluate the sub-axes. An American egret is a non-human vertebrate (fauna), placing it under the biotic category. Because the image is an unfiltered documentary photograph capturing a real-world physical organism, it is classified as material under the Tangibility axis.",False
/home/pmonserrat/datasets/imagenet/extracted_data/n02011460/ILSVRC2012_val_00000363.JPEG,bittern,True,True,True,yes,biotic,material,"The target entity is a bittern. The visual evidence shows a real-world bird standing in a natural wetland environment. Bitterns are non-human vertebrates (fauna), and they are depicted in their natural habitat, fulfilling the inclusion criteria for nature. Since nature is 'yes', I evaluate the sub-axes. A bittern is a non-human vertebrate (fauna), placing it under the biotic category. Because the image is an unfiltered documentary photograph capturing a real-world physical organism, it is classified as material under the Tangibility axis.",False
/home/pmonserrat/datasets/imagenet/extracted_data/n02012849/ILSVRC2012_val_00000389.JPEG,crane,True,True,True,yes,biotic,material,"The target entity is a crane. The visual evidence shows a real-world bird in flight over a natural wetland environment. Cranes are non-human vertebrates (fauna), and they are depicted in their natural habitat, fulfilling the inclusion criteria for more-than-human living entities under the Nature definition. Since nature is 'yes', I evaluate the sub-axes. A crane is a non-human vertebrate (fauna), placing it under the biotic category. Because the image captures a real-world physical organism with mass that occupies space, it is classified as material under the Tangibility axis.",False
/home/pmonserrat/datasets/imagenet/extracted_data/n02013706/ILSVRC2012_val_00002126.JPEG,limpkin,True,True,True,yes,biotic,material,"The target entity is a young bird, likely a duckling, situated in a natural wetland environment. The visual evidence shows a real-world organism with physical presence, occupying space, and having mass. This bird is a non-human vertebrate, specifically a fauna, and is part of the Flora & Fauna category under the more-than-human living entities. The setting includes natural elements such as water and vegetation, reinforcing its classification as nature. Since nature is 'yes', I evaluate the sub-axes. The bird is a non-human vertebrate (fauna), placing it under the biotic category. Because this is a real-world physical organism with mass that occupies space, it is classified as material under the Tangibility axis.",False
/home/pmonserrat/datasets/imagenet/extracted_data/n02017213/ILSVRC2012_val_00003399.JPEG,european gallinule,True,True,True,yes,biotic,material,"The target entity is a European gallinule. The visual evidence shows a real-world bird standing on grass. This is a non-human vertebrate (fauna), which is explicitly included under the Flora, Fauna, and Fungi category in the Nature definition, fulfilling the inclusion criteria for nature. Since nature is 'yes', I evaluate the sub-axes. A European gallinule is a non-human vertebrate (fauna), placing it under the biotic category. Because the image is an unfiltered documentary photograph capturing a real-world physical organism, it is classified as material under the Tangibility axis.",False
/home/pmonserrat/datasets/imagenet/extracted_data/n02018207/ILSVRC2012_val_00000825.JPEG,american coot,True,True,True,yes,biotic,material,"The target entity is an American coot. The visual evidence shows a real-world bird present in a natural environment. Fauna, including birds, are explicitly classified under More-Than-Human Living Entities within the Flora, Fauna, Fungi inclusion scope, fulfilling the criteria for nature. Since nature is 'yes', I evaluate the sub-axes. An American coot is a non-human vertebrate (fauna), placing it under the biotic category. Because the image captures a real-world physical organism with mass that occupies space, it is classified as material under the Tangibility axis.",False
/home/pmonserrat/datasets/imagenet/extracted_data/n02018795/ILSVRC2012_val_00001073.JPEG,bustard,True,True,True,yes,biotic,material,"The target entity is a bustard. The visual evidence shows a real-world bird in its natural habitat, surrounded by grass and vegetation. This is a non-human vertebrate (fauna), fulfilling the inclusion criteria for more-than-human living entities under the Nature definition. Since nature is 'yes', I evaluate the sub-axes. A bustard is a non-human vertebrate (fauna), placing it under the biotic category. Because this is an unfiltered documentary photograph capturing a real-world physical organism, it is classified as material under the Tangibility axis.",False
/home/pmonserrat/datasets/imagenet/extracted_data/n02025239/ILSVRC2012_val_00001800.JPEG,ruddy turnstone,True,True,True,yes,biotic,material,"The target entity is a ruddy turnstone. The visual evidence shows a real-world bird standing on a beach. This is a non-human vertebrate (fauna), which is explicitly classified under More-Than-Human Living Entities within the inclusion scope of nature. Since nature is 'yes', I evaluate the sub-axes. A ruddy turnstone is a non-human vertebrate (fauna), placing it under the biotic category. Because this is an unfiltered documentary photograph capturing a real-world physical organism, it is classified as material under the Tangibility axis.",False
/home/pmonserrat/datasets/imagenet/extracted_data/n02027492/ILSVRC2012_val_00000177.JPEG,red-backed sandpiper,True,True,True,yes,biotic,material,"The target entity is a red-backed sandpiper. The visual evidence shows a real-world bird, a non-human vertebrate, engaging with its natural environment. This falls under the category of Fauna & Animal Derivatives within the inclusion scope of More-Than-Human Living Entities, fulfilling the criteria for nature. Since nature is 'yes', I evaluate the sub-axes. A red-backed sandpiper is a non-human vertebrate (fauna), placing it under the biotic category. Because the image captures a real-world physical organism with mass that occupies space, it is classified as material under the Tangibility axis.",False
/home/pmonserrat/datasets/imagenet/extracted_data/n02028035/ILSVRC2012_val_00000470.JPEG,redshank,True,True,True,yes,biotic,material,"The target entity is a redshank bird. The visual evidence shows a real-world photograph of a non-human vertebrate (fauna) standing on a natural surface. This bird is a wild, non-domesticated organism, fulfilling the inclusion criteria for Flora, Fauna, and Fungi under the Nature definition. Since nature is 'yes', I evaluate the sub-axes. A redshank is a non-human vertebrate (fauna), placing it under the biotic category. Because the image is an unfiltered documentary photograph capturing a real-world physical organism, it is classified as material under the Tangibility axis.",False
/home/pmonserrat/datasets/imagenet/extracted_data/n02033041/ILSVRC2012_val_00000098.JPEG,dowitcher,True,True,True,yes,biotic,material,"The target entity is a dowitcher, a type of bird. The visual evidence shows a real-world photograph of a living bird in its natural habitat. Fauna, including birds, are explicitly classified under More-Than-Human Living Entities within the Flora, Fauna, Fungi category, fulfilling the inclusion criteria for nature. Since nature is 'yes', I evaluate the sub-axes. A dowitcher is a non-human vertebrate (fauna), placing it under the biotic category. Because the image is an unfiltered documentary photograph capturing a real-world physical organism, it is classified as material under the Tangibility axis.",False
/home/pmonserrat/datasets/imagenet/extracted_data/n02037110/ILSVRC2012_val_00000548.JPEG,oystercatcher,True,True,True,yes,biotic,material,"The target entity is an oystercatcher. The visual evidence shows a real-world bird in flight, which is a non-human vertebrate. This falls under the category of Fauna & Animal Derivatives within the Biotic category, fulfilling the inclusion criteria for nature. Since nature is 'yes', I evaluate the sub-axes. An oystercatcher is a non-human vertebrate (fauna), placing it under the biotic category. Because this is a real-world physical organism with mass that occupies space, it is classified as material under the Tangibility axis.",False
/home/pmonserrat/datasets/imagenet/extracted_data/n02051845/ILSVRC2012_val_00003147.JPEG,pelican,True,True,True,yes,biotic,material,"The target entity is a pelican. The visual evidence shows a real-world photograph of a living bird standing on a sandy beach. This is a non-human vertebrate (fauna), fulfilling the inclusion criteria for more-than-human living entities under the Nature definition. Since nature is 'yes', I evaluate the sub-axes. A pelican is a non-human vertebrate (fauna), placing it under the biotic category. Because the image is an unfiltered documentary photograph capturing a real-world physical organism, it is classified as material under the Tangibility axis.",False
/home/pmonserrat/datasets/imagenet/extracted_data/n02056570/ILSVRC2012_val_00001056.JPEG,king penguin,True,True,True,yes,biotic,material,"The target entity is a king penguin. The visual evidence shows a real-world living organism, specifically a non-human vertebrate (fauna), present in a naturalistic environment. King penguins are wild, non-human animals, fulfilling the inclusion criteria for more-than-human living entities under the Nature definition. Since nature is 'yes', I evaluate the sub-axes. A king penguin is a non-human vertebrate (fauna), placing it under the biotic category. Because the image captures a real-world physical organism with mass that occupies space, it is classified as material under the Tangibility axis.",False
/home/pmonserrat/datasets/imagenet/extracted_data/n02058221/ILSVRC2012_val_00000207.JPEG,albatross,True,True,True,yes,biotic,material,"The target entity is an albatross. The visual evidence shows a real-world bird, a non-human vertebrate, present in a natural environment. Fauna, including birds, are explicitly classified under More-Than-Human Living Entities within the inclusion scope of nature. Since nature is 'yes', I evaluate the sub-axes. An albatross is a non-human vertebrate (fauna), placing it under the biotic category. Because this is an unfiltered documentary photograph capturing a real-world physical organism, it is classified as material under the Tangibility axis.",False
/home/pmonserrat/datasets/imagenet/extracted_data/n02066245/ILSVRC2012_val_00000016.JPEG,grey whale,True,True,True,yes,biotic,material,"The target entity is a grey whale. The visual evidence shows a real-world photograph of a living marine mammal in its natural habitat. Grey whales are non-human vertebrates, specifically classified under Fauna, fulfilling the inclusion criteria for nature. Since nature is 'yes', I evaluate the sub-axes. A grey whale is a non-human vertebrate (fauna), placing it under the biotic category. Because the image is an unfiltered documentary photograph capturing a real-world physical organism, it is classified as material under the Tangibility axis.",False
/home/pmonserrat/datasets/imagenet/extracted_data/n02071294/ILSVRC2012_val_00000545.JPEG,killer whale,True,True,True,yes,biotic,material,"The target entity is a killer whale. The visual evidence shows a real-world marine animal, specifically a non-human vertebrate (fauna), which is a living organism. Killer whales are wild, non-human organisms that fall under the category of Fauna & Animal Derivatives within the inclusion scope of Nature. Since the image depicts a real, physical organism, it counts as nature. Since nature is 'yes', I evaluate the sub-axes. A killer whale is a non-human vertebrate (fauna), placing it under the biotic category. Because the image captures a real-world physical organism with mass that occupies space, it is classified as material under the Tangibility axis.",False
/home/pmonserrat/datasets/imagenet/extracted_data/n02074367/ILSVRC2012_val_00000072.JPEG,dugong,True,True,True,yes,biotic,material,"The target entity is a dugong. The visual evidence shows a real-world photograph of a dugong in its natural aquatic environment. Dugongs are non-human vertebrates (fauna), and they are explicitly classified under Flora & Fauna within the inclusion scope of More-Than-Human Living Entities. This fulfills the criteria for nature. Since nature is 'yes', I evaluate the sub-axes. A dugong is a non-human vertebrate (fauna), placing it under the biotic category. Because the image is an unfiltered documentary photograph capturing a real-world physical organism, it is classified as material under the Tangibility axis.",False
/home/pmonserrat/datasets/imagenet/extracted_data/n02077923/ILSVRC2012_val_00000033.JPEG,sea lion,True,True,True,yes,biotic,material,"The target entity is a sea lion. The visual evidence shows a real-world animal, a non-human vertebrate, explicitly present in a natural environment. Fauna, including sea lions, are classified under More-Than-Human Living Entities within the inclusion scope of nature. Since nature is 'yes', I evaluate the sub-axes. A sea lion is a non-human vertebrate (fauna), placing it under the biotic category. Because the image captures a real-world physical organism with mass that occupies space, it is classified as material under the Tangibility axis.",False
/home/pmonserrat/datasets/imagenet/extracted_data/n02085620/ILSVRC2012_val_00001049.JPEG,chihuahua,True,True,True,yes,biotic,material,"The target entity is a chihuahua. The visual evidence shows a real animal, specifically a non-human vertebrate (fauna), which is a living organism. Chihuahuas are wild, domesticated, or bred non-human organisms, fulfilling the inclusion criteria for more-than-human living entities under the Nature definition. Since nature is 'yes', I evaluate the sub-axes. A chihuahua is a non-human vertebrate (fauna), placing it under the biotic category. Because the image captures a real-world physical organism with mass that occupies space, it is classified as material under the Tangibility axis.",False
/home/pmonserrat/datasets/imagenet/extracted_data/n02085782/ILSVRC2012_val_00000462.JPEG,japanese spaniel,True,True,True,yes,biotic,material,"The target entity is a Japanese Spaniel. The visual evidence shows a real-world photograph of a living dog. Fauna, including domesticated non-human vertebrates, are explicitly classified under More-Than-Human Living Entities within the inclusion scope of nature. This living organism fulfills the criteria for being classified as nature. Since nature is 'yes', I evaluate the sub-axes. A Japanese Spaniel is a non-human vertebrate (fauna), placing it under the biotic category. Because this is an unfiltered documentary photograph capturing a real-world physical organism, it is classified as material under the Tangibility axis.",False
/home/pmonserrat/datasets/imagenet/extracted_data/n02085936/ILSVRC2012_val_00000457.JPEG,maltese dog,True,True,True,yes,biotic,material,"The target entity is a Maltese dog. The visual evidence shows a real, living animal with fur and visible physical characteristics. Since the Maltese dog is a non-human vertebrate, it falls under the category of Fauna & Animal Derivatives within the Biotic category, fulfilling the inclusion criteria for nature. Since nature is 'yes', I evaluate the sub-axes. A Maltese dog is a non-human vertebrate (fauna), placing it under the biotic category. Because this is a real-world physical organism with mass that occupies space, it is classified as material under the Tangibility axis.",False
/home/pmonserrat/datasets/imagenet/extracted_data/n02086079/ILSVRC2012_val_00001069.JPEG,pekinese,True,True,True,yes,biotic,material,"The target entity is a Pekingese dog. The visual evidence shows a real, living non-human vertebrate (fauna) being held by a person. This is a physical organism with mass and occupies space, fulfilling the criteria for More-Than-Human Living Entities under the Nature definition. Since nature is 'yes', I evaluate the sub-axes. A Pekingese is a non-human vertebrate (fauna), placing it under the biotic category. Because this is a real-world physical organism, it is classified as material under the Tangibility axis.",False
/home/pmonserrat/datasets/imagenet/extracted_data/n02086240/ILSVRC2012_val_00000907.JPEG,shih-tzu,True,True,True,yes,biotic,material,"The target entity is a Shih Tzu dog. The visual evidence shows a real, living, non-human vertebrate animal. This falls under the category of Fauna & Animal Derivatives within the Biotic category, fulfilling the inclusion criteria for nature. Since nature is 'yes', I evaluate the sub-axes. A Shih Tzu is a non-human vertebrate (fauna), placing it under the biotic category. Because this is a real-world physical organism with mass that occupies space, it is classified as material under the Tangibility axis.",False
/home/pmonserrat/datasets/imagenet/extracted_data/n02086646/ILSVRC2012_val_00000613.JPEG,blenheim spaniel,True,True,True,yes,biotic,material,"The target entity is a Blenheim Spaniel. The visual evidence shows a real animal, a non-human vertebrate, sitting in a natural environment. This falls under Fauna & Animal Derivatives within the Biotic category, fulfilling the inclusion criteria for nature. Since nature is 'yes', I evaluate the sub-axes. A Blenheim Spaniel is a non-human vertebrate (fauna), placing it under the biotic category. Because this is a real-world physical organism with mass that occupies space, it is classified as material under the Tangibility axis.",False
/home/pmonserrat/datasets/imagenet/extracted_data/n02086910/ILSVRC2012_val_00001389.JPEG,papillon,True,True,True,yes,biotic,material,"The target entity is a dog. The visual evidence shows a real animal, specifically a canine, which is a non-human vertebrate. Dogs fall under the category of Fauna and are explicitly included in the Nature definition as more-than-human living entities. Since nature is 'yes', I evaluate the sub-axes. A dog is a non-human vertebrate (fauna), placing it under the biotic category. Because this is a real-world physical organism with mass that occupies space, it is classified as material under the Tangibility axis.",False
/home/pmonserrat/datasets/imagenet/extracted_data/n02087046/ILSVRC2012_val_00000170.JPEG,toy terrier,True,True,True,yes,biotic,material,"The target entity is a toy terrier. The visual evidence shows a real-world dog with a doll-like figure riding on its back. The dog is a non-human vertebrate (fauna), fulfilling the inclusion criteria for nature under the Biotic category. The presence of the doll does not change the classification of the dog itself. Since nature is 'yes', I evaluate the sub-axes. The dog is a non-human vertebrate (fauna), placing it under the biotic category. Because this is a real-world physical organism with mass that occupies space, it is classified as material under the Tangibility axis.",False
/home/pmonserrat/datasets/imagenet/extracted_data/n02087394/ILSVRC2012_val_00000077.JPEG,rhodesian ridgeback,True,True,True,yes,biotic,material,"The target entity is a Rhodesian Ridgeback dog. The visual evidence shows a real animal standing in a natural forest environment. Dogs are non-human vertebrates, specifically fauna, and fall under the inclusion scope of More-Than-Human Living Entities. Since the image depicts a real, living organism in its natural habitat, it counts as nature. Since nature is 'yes', I evaluate the sub-axes. A Rhodesian Ridgeback is a non-human vertebrate (fauna), placing it under the biotic category. Because the image captures a real-world physical organism with mass that occupies space, it is classified as material under the Tangibility axis.",False
/home/pmonserrat/datasets/imagenet/extracted_data/n02088094/ILSVRC2012_val_00000082.JPEG,afghan hound,True,True,True,yes,biotic,material,"The target entity is an Afghan Hound. The visual evidence shows a real-world, physical dog present in the environment. Dogs are non-human vertebrates, specifically mammals, and fall under the category of Fauna & Animal Derivatives within the Biotic category, fulfilling the inclusion criteria for nature. Since nature is 'yes', I evaluate the sub-axes. An Afghan Hound is a non-human vertebrate (fauna), placing it under the biotic category. Because this is a real-world physical organism with mass that occupies space, it is classified as material under the Tangibility axis.",False
/home/pmonserrat/datasets/imagenet/extracted_data/n02088238/ILSVRC2012_val_00000838.JPEG,basset,True,True,True,yes,biotic,material,"The target entity is a basset. The visual evidence shows a real-life dog, specifically a basset hound, which is a non-human vertebrate. Since more-than-human living organisms (fauna) are explicitly included in the Nature definition, this instance counts as nature. Since nature is 'yes', I evaluate the sub-axes. A basset is a non-human vertebrate (fauna), placing it under the biotic category. Because this is a real-world physical organism with mass that occupies space, it is classified as material under the Tangibility axis.",False
/home/pmonserrat/datasets/imagenet/extracted_data/n02088364/ILSVRC2012_val_00000599.JPEG,beagle,True,True,True,yes,biotic,material,"The target entity is a beagle. The visual evidence shows a real-world animal, specifically a dog, which is a non-human vertebrate. Since the beagle is a living organism and not a representation or depiction, it falls under the inclusion criteria for more-than-human living entities (Fauna) under the Nature definition. Since nature is 'yes', I evaluate the sub-axes. A beagle is a non-human vertebrate (fauna), placing it under the biotic category. Because this is a real-world physical organism with mass that occupies space, it is classified as material under the Tangibility axis.",False
/home/pmonserrat/datasets/imagenet/extracted_data/n02088466/ILSVRC2012_val_00000141.JPEG,bloodhound,True,True,True,yes,biotic,material,"The target entity is a bloodhound. The visual evidence shows a real-world animal, specifically a non-human vertebrate (fauna). Since the bloodhound is a living organism and not a representation or depiction, it falls under the inclusion criteria for more-than-human living entities. Since nature is 'yes', I evaluate the sub-axes. A bloodhound is a non-human vertebrate, placing it under Fauna & Animal Derivatives within the biotic category. Because the image captures a real-world physical organism with mass that occupies space, it is classified as material under the Tangibility axis.",False
/home/pmonserrat/datasets/imagenet/extracted_data/n02088632/ILSVRC2012_val_00001097.JPEG,bluetick,True,True,True,yes,biotic,material,"The target entity is a dog. The visual evidence shows a real animal, specifically a puppy, which is a non-human vertebrate. Dogs fall under the category of Fauna and are explicitly included in the Nature definition as more-than-human living entities. Since nature is 'yes', I evaluate the sub-axes. The dog is a non-human vertebrate (fauna), placing it under the biotic category. Because this is a real-world physical organism with mass that occupies space, it is classified as material under the Tangibility axis.",False
/home/pmonserrat/datasets/imagenet/extracted_data/n02089078/ILSVRC2012_val_00000327.JPEG,black-and-tan coonhound,True,True,True,yes,biotic,material,"The target entity is a black-and-tan coonhound. The visual evidence shows a real, living dog, which is a non-human vertebrate. This falls under the category of Fauna & Animal Derivatives within the Biotic category, as it is a living organism. Since it is a real, physical animal, it is classified as nature. Since nature is 'yes', I evaluate the sub-axes. A black-and-tan coonhound is a non-human vertebrate (fauna), placing it under the biotic category. Because this is a real-world physical organism with mass that occupies space, it is classified as material under the Tangibility axis.",False
/home/pmonserrat/datasets/imagenet/extracted_data/n02089867/ILSVRC2012_val_00000511.JPEG,walker hound,True,True,True,yes,biotic,material,"The target entity is a walker hound. The visual evidence shows a real-world photograph of a dog, which is a non-human vertebrate (fauna). Since the image captures a real animal and not a representation or depiction, it falls under the category of more-than-human living entities, fulfilling the inclusion criteria for nature. Since nature is 'yes', I evaluate the sub-axes. A walker hound is a non-human vertebrate (fauna), placing it under the biotic category. Because this is an unfiltered documentary photograph capturing a real-world physical organism, it is classified as material under the Tangibility axis.",False
/home/pmonserrat/datasets/imagenet/extracted_data/n02089973/ILSVRC2012_val_00000028.JPEG,english foxhound,True,True,True,yes,biotic,material,"The target entity is an English Foxhound. The visual evidence shows a real animal, a non-human vertebrate, which is a living organism. This falls under the category of Fauna & Animal Derivatives within the Biotic category, fulfilling the inclusion criteria for nature. Since nature is 'yes', I evaluate the sub-axes. An English Foxhound is a non-human vertebrate (fauna), placing it under the biotic category. Because this is a real-world physical organism with mass that occupies space, it is classified as material under the Tangibility axis.",False
/home/pmonserrat/datasets/imagenet/extracted_data/n02090379/ILSVRC2012_val_00001267.JPEG,redbone,True,True,True,yes,biotic,material,"The target entity is a dog. The visual evidence shows a real animal being interacted with by a human. Dogs are non-human vertebrates (fauna), which are explicitly included in the more-than-human living entities under the Nature definition. This is a real-world physical organism, fulfilling the criteria for nature. Since nature is 'yes', I evaluate the sub-axes. A dog is a non-human vertebrate (fauna), placing it under the biotic category. Because this is a real-world physical organism with mass that occupies space, it is classified as material under the Tangibility axis.",False
/home/pmonserrat/datasets/imagenet/extracted_data/n02090622/ILSVRC2012_val_00001626.JPEG,borzoi,True,True,True,yes,biotic,material,"The target entity is a borzoi dog. The visual evidence shows a real-world, physical organism present in the environment. Borzoi is a breed of dog, which falls under the category of Fauna & Animal Derivatives within the Biotic category, fulfilling the inclusion criteria for nature. Since nature is 'yes', I evaluate the sub-axes. A borzoi is a non-human vertebrate (fauna), placing it under the biotic category. Because this is a real-world physical organism with mass that occupies space, it is classified as material under the Tangibility axis.",False
/home/pmonserrat/datasets/imagenet/extracted_data/n02090721/ILSVRC2012_val_00001765.JPEG,irish wolfhound,True,True,True,yes,biotic,material,"The target entity is an Irish Wolfhound. The visual evidence shows a real-world photograph of a living dog. Fauna, including domesticated and wild non-human vertebrates, are explicitly classified under More-Than-Human Living Entities within the inclusion scope of nature. Since nature is 'yes', I evaluate the sub-axes. An Irish Wolfhound is a non-human vertebrate (fauna), placing it under the biotic category. Because this is an unfiltered documentary photograph capturing a real-world physical organism, it is classified as material under the Tangibility axis.",False
/home/pmonserrat/datasets/imagenet/extracted_data/n02091032/ILSVRC2012_val_00001825.JPEG,italian greyhound,True,True,True,yes,biotic,material,"The target entity is an Italian Greyhound. The visual evidence shows a real animal, specifically a non-human vertebrate (fauna), which is a living organism. This fulfills the inclusion criteria for More-Than-Human Living Entities under the Nature definition. Since nature is 'yes', I evaluate the sub-axes. An Italian Greyhound is a non-human vertebrate, placing it under Fauna & Animal Derivatives within the biotic category. Because the image depicts a real-world physical organism with mass that occupies space, it is classified as material under the Tangibility axis.",False
/home/pmonserrat/datasets/imagenet/extracted_data/n02091134/ILSVRC2012_val_00001846.JPEG,whippet,True,True,True,yes,biotic,material,"The target entity is a whippet. The visual evidence shows a real animal, specifically a breed of dog. Dogs are non-human vertebrates, which fall under the category of Fauna & Animal Derivatives within the biotic category, fulfilling the inclusion criteria for nature. Since nature is 'yes', I evaluate the sub-axes. A whippet is a non-human vertebrate (fauna), placing it under the biotic category. Because this is a real-world physical organism with mass that occupies space, it is classified as material under the Tangibility axis.",False
/home/pmonserrat/datasets/imagenet/extracted_data/n02091244/ILSVRC2012_val_00000022.JPEG,ibizan hound,True,True,True,yes,biotic,material,"The target entity is an Ibizan Hound. The visual evidence shows a real-world, physical dog present in the environment. Dogs are non-human vertebrates, specifically classified under Fauna, fulfilling the inclusion criteria for nature. Since nature is 'yes', I evaluate the sub-axes. An Ibizan Hound is a non-human vertebrate (fauna), placing it under the biotic category. Because this is a real-world physical organism with mass that occupies space, it is classified as material under the Tangibility axis.",False
/home/pmonserrat/datasets/imagenet/extracted_data/n02091467/ILSVRC2012_val_00002328.JPEG,norwegian elkhound,True,True,True,yes,biotic,material,"The target entity is a Norwegian Elkhound dog. The visual evidence shows a real animal, a non-human vertebrate, standing in a physical environment. This falls under the category of Fauna & Animal Derivatives within the Biotic category, fulfilling the inclusion criteria for nature. Since nature is 'yes', I evaluate the sub-axes. The Norwegian Elkhound is a non-human vertebrate (fauna), placing it under the biotic category. Because this is a real-world physical organism with mass that occupies space, it is classified as material under the Tangibility axis.",False
/home/pmonserrat/datasets/imagenet/extracted_data/n02091635/ILSVRC2012_val_00000079.JPEG,otterhound,True,True,True,yes,biotic,material,"The target entity is an otterhound. The visual evidence shows a real-world photograph of a dog, which is a non-human vertebrate (fauna). Dogs are explicitly included under Fauna & Animal Derivatives within the biotic category, fulfilling the inclusion criteria for nature. Since nature is 'yes', I evaluate the sub-axes. An otterhound is a non-human vertebrate (fauna), placing it under the biotic category. Because this specific instance is a real-world physical organism, it is classified as material under the Tangibility axis.",False
/home/pmonserrat/datasets/imagenet/extracted_data/n02091831/ILSVRC2012_val_00000263.JPEG,saluki,True,True,True,yes,biotic,material,"The target entity is a Saluki dog. The visual evidence shows a real-world photograph of a non-human vertebrate (fauna) standing in a natural environment. Fauna and animal derivatives are explicitly classified under the inclusion scope of More-Than-Human Living Entities, fulfilling the criteria for nature. Since nature is 'yes', I evaluate the sub-axes. A Saluki is a non-human vertebrate (fauna), placing it under the biotic category. Because this is an unfiltered documentary photograph capturing a real-world physical organism, it is classified as material under the Tangibility axis.",False
/home/pmonserrat/datasets/imagenet/extracted_data/n02092002/ILSVRC2012_val_00000405.JPEG,scottish deerhound,True,True,True,yes,biotic,material,"The target entity is a Scottish Deerhound. The visual evidence shows a real-world photograph of a living dog in a natural environment. The Scottish Deerhound is a non-human vertebrate (fauna), which falls under the inclusion scope of More-Than-Human Living Entities. Since it is a real animal and not a representation or depiction, it counts as nature. Since nature is 'yes', I evaluate the sub-axes. The Scottish Deerhound is a non-human vertebrate (fauna), placing it under the biotic category. Because it is a real-world physical organism with mass that occupies space, it is classified as material under the Tangibility axis.",False
/home/pmonserrat/datasets/imagenet/extracted_data/n02092339/ILSVRC2012_val_00001385.JPEG,weimaraner,True,True,True,yes,biotic,material,"The target entity is a Weimaraner dog. The visual evidence shows a real animal, specifically a non-human vertebrate, which is a living organism. This falls under the category of Fauna & Animal Derivatives within the Biotic category, fulfilling the inclusion criteria for nature. Since nature is 'yes', I evaluate the sub-axes. A Weimaraner is a non-human vertebrate (fauna), placing it under the biotic category. Because this is a real-world physical organism with mass that occupies space, it is classified as material under the Tangibility axis.",False
/home/pmonserrat/datasets/imagenet/extracted_data/n02093256/ILSVRC2012_val_00000248.JPEG,staffordshire bullterrier,True,True,True,yes,biotic,material,"The target entity is a Staffordshire Bull Terrier. The visual evidence shows a real-world photograph of a living dog. Dogs are non-human vertebrates, specifically mammals, which fall under the category of Fauna. Since the image depicts a real animal and not a representation or artistic depiction, it counts as a more-than-human living entity under the inclusion criteria for nature. Since nature is 'yes', I evaluate the sub-axes. A Staffordshire Bull Terrier is a non-human vertebrate (fauna), placing it under the biotic category. Because the image is an unfiltered documentary photograph capturing a real-world physical organism, it is classified as material under the Tangibility axis.",False
/home/pmonserrat/datasets/imagenet/extracted_data/n02093428/ILSVRC2012_val_00000191.JPEG,american staffordshire terrier,True,True,True,yes,biotic,material,"The target entity is an American Staffordshire Terrier. The visual evidence shows a real-world, physical dog, which is a non-human vertebrate (fauna). Since the dog is a living organism and not a representation or depiction, it falls under the inclusion criteria for more-than-human living entities, fulfilling the nature definition. Since nature is 'yes', I evaluate the sub-axes. The American Staffordshire Terrier is a non-human vertebrate, placing it under Fauna & Animal Derivatives within the biotic category. Because the image captures a real-world physical organism with mass that occupies space, it is classified as material under the Tangibility axis.",False
/home/pmonserrat/datasets/imagenet/extracted_data/n02093647/ILSVRC2012_val_00000883.JPEG,bedlington terrier,True,True,True,yes,biotic,material,"The target entity is a Bedlington Terrier. The visual evidence shows a real-world photograph of a living dog. Dogs are non-human vertebrates, specifically mammals, which fall under the category of Fauna. Since the image depicts a real animal and not a representation or depiction, it counts as a more-than-human living entity under the inclusion criteria for nature. Since nature is 'yes', I evaluate the sub-axes. A Bedlington Terrier is a non-human vertebrate (fauna), placing it under the biotic category. Because the image is an unfiltered documentary photograph capturing a real-world physical organism, it is classified as material under the Tangibility axis.",False
/home/pmonserrat/datasets/imagenet/extracted_data/n02093754/ILSVRC2012_val_00000832.JPEG,border terrier,True,True,True,yes,biotic,material,"The target entity is a Border Terrier. The visual evidence shows a real-world photograph of a physical dog, a non-human vertebrate. Since the dog is a living organism, it falls under the category of Flora & Fauna within the more-than-human living entities, fulfilling the inclusion criteria for nature. Since nature is 'yes', I evaluate the sub-axes. A Border Terrier is a non-human vertebrate (fauna), placing it under the biotic category. Because this is an unfiltered documentary photograph capturing a real-world physical organism, it is classified as material under the Tangibility axis.",False
/home/pmonserrat/datasets/imagenet/extracted_data/n02093859/ILSVRC2012_val_00000062.JPEG,kerry blue terrier,True,True,True,yes,biotic,material,"The target entity is a Kerry Blue Terrier. The visual evidence shows a real-world, physical dog present in the environment. Dogs are non-human vertebrates, specifically fauna, and fall under the inclusion scope of More-Than-Human Living Entities. Since the dog is a living organism and not a representation or depiction, it counts as nature. Since nature is 'yes', I evaluate the sub-axes. A Kerry Blue Terrier is a non-human vertebrate (fauna), placing it under the biotic category. Because the image captures a real-world physical organism with mass that occupies space, it is classified as material under the Tangibility axis.",False
/home/pmonserrat/datasets/imagenet/extracted_data/n02093991/ILSVRC2012_val_00000588.JPEG,irish terrier,True,True,True,yes,biotic,material,"The target entity is an Irish Terrier. The visual evidence shows a real-world, physical dog present in the environment. Dogs are non-human vertebrates, specifically classified under Fauna, fulfilling the inclusion criteria for nature. Since nature is 'yes', I evaluate the sub-axes. An Irish Terrier is a non-human vertebrate (fauna), placing it under the biotic category. Because this is a real-world physical organism with mass that occupies space, it is classified as material under the Tangibility axis.",False
/home/pmonserrat/datasets/imagenet/extracted_data/n02094114/ILSVRC2012_val_00000391.JPEG,norfolk terrier,True,True,True,yes,biotic,material,"The target entity is a Norfolk Terrier. The visual evidence shows a real-world, physical dog with fur and a leash, sitting on grass with trees in the background. Dogs are non-human vertebrates, specifically mammals, which fall under the category of Fauna & Animal Derivatives within the biotic category. Since this is a real animal and not a representation or depiction, it counts as nature. Since nature is 'yes', I evaluate the sub-axes. A Norfolk Terrier is a non-human vertebrate (fauna), placing it under the biotic category. Because this is a real-world physical organism with mass that occupies space, it is classified as material under the Tangibility axis.",False
/home/pmonserrat/datasets/imagenet/extracted_data/n02094258/ILSVRC2012_val_00000612.JPEG,norwich terrier,True,True,True,yes,biotic,material,"The target entity is a Norwich Terrier. The visual evidence shows a real-world photograph of a physical dog. Dogs are non-human vertebrates (fauna), which are explicitly classified under the inclusion scope for more-than-human living entities. This fulfills the criteria for nature. Since nature is 'yes', I evaluate the sub-axes. A Norwich Terrier is a non-human vertebrate (fauna), placing it under the biotic category. Because this is a real-world physical organism with mass that occupies space, it is classified as material under the Tangibility axis.",False
/home/pmonserrat/datasets/imagenet/extracted_data/n02094433/ILSVRC2012_val_00000696.JPEG,yorkshire terrier,True,True,True,yes,biotic,material,"The target entity is a Yorkshire Terrier. The visual evidence shows a real, living dog standing on grass. Dogs are non-human vertebrates, specifically fauna, and fall under the inclusion scope of More-Than-Human Living Entities. This is a real-world physical organism with mass that occupies space, fulfilling the criteria for nature. Since nature is 'yes', I evaluate the sub-axes. A Yorkshire Terrier is a non-human vertebrate (fauna), placing it under the biotic category. Because this is a real-world physical organism, it is classified as material under the Tangibility axis.",False
/home/pmonserrat/datasets/imagenet/extracted_data/n02095314/ILSVRC2012_val_00001001.JPEG,wire-haired fox terrier,True,True,True,yes,biotic,material,"The target entity is a wire-haired fox terrier. The visual evidence shows a real animal, a non-human vertebrate, sitting in a yellow plastic tub. Since the dog is a living organism, it falls under the category of Fauna & Animal Derivatives within the Biotic category, fulfilling the inclusion criteria for nature. Since nature is 'yes', I evaluate the sub-axes. The wire-haired fox terrier is a non-human vertebrate (fauna), placing it under the biotic category. Because this is a real-world physical organism with mass that occupies space, it is classified as material under the Tangibility axis.",False
/home/pmonserrat/datasets/imagenet/extracted_data/n02095570/ILSVRC2012_val_00002194.JPEG,lakeland terrier,True,True,True,yes,biotic,material,"The target entity is a Lakeland Terrier, a breed of dog. The visual evidence shows a real-world, physical animal present in the environment. Dogs are non-human vertebrates, specifically fauna, and fall under the category of more-than-human living entities. Since the image depicts a real, unfiltered instance of a living organism, it fulfills the inclusion criteria for nature. Since nature is 'yes', I evaluate the sub-axes. A Lakeland Terrier is a non-human vertebrate (fauna), placing it under the biotic category. Because this is a real-world physical organism with mass that occupies space, it is classified as material under the Tangibility axis.",False
/home/pmonserrat/datasets/imagenet/extracted_data/n02095889/ILSVRC2012_val_00000474.JPEG,sealyham terrier,True,True,True,yes,biotic,material,"The target entity is a Sealyham Terrier. The visual evidence shows a real-world photograph of a living dog. Dogs are non-human vertebrates, specifically fauna, and fall under the inclusion scope of More-Than-Human Living Entities. Since the image depicts a real animal and not a representation or artistic depiction, it counts as nature. Since nature is 'yes', I evaluate the sub-axes. A Sealyham Terrier is a non-human vertebrate (fauna), placing it under the biotic category. Because this is an unfiltered documentary photograph capturing a real-world physical organism, it is classified as material under the Tangibility axis.",False
/home/pmonserrat/datasets/imagenet/extracted_data/n02096051/ILSVRC2012_val_00003002.JPEG,airedale,True,True,True,yes,biotic,material,"The target entity is a puppy. The visual evidence shows a real-world, living non-human vertebrate (a dog) present in the physical environment. Fauna, including domesticated animals, are explicitly classified under More-Than-Human Living Entities within the inclusion scope of nature. Since nature is 'yes', I evaluate the sub-axes. A puppy is a non-human vertebrate (fauna), placing it under the biotic category. Because this is a real-world physical organism with mass that occupies space, it is classified as material under the Tangibility axis.",False
/home/pmonserrat/datasets/imagenet/extracted_data/n02096177/ILSVRC2012_val_00000379.JPEG,cairn,True,True,True,yes,biotic,material,"The target entity is a dog. The visual evidence shows a real animal, specifically a non-human vertebrate, which is a living organism. Dogs fall under the category of fauna, which is included in the more-than-human living entities under the nature definition. Since nature is 'yes', I evaluate the sub-axes. A dog is a non-human vertebrate (fauna), placing it under the biotic category. The image depicts a real-world physical organism with mass that occupies space, so it is classified as material under the Tangibility axis.",False
/home/pmonserrat/datasets/imagenet/extracted_data/n02096294/ILSVRC2012_val_00001564.JPEG,australian terrier,True,True,True,yes,biotic,material,"The target entity is an Australian Terrier. The visual evidence shows a real-world photograph of a living dog, which is a non-human vertebrate (fauna). Since the dog is a living organism and not a representation or depiction, it falls under the inclusion criteria for more-than-human living entities. Since nature is 'yes', I evaluate the sub-axes. An Australian Terrier is a non-human vertebrate, placing it under Fauna & Animal Derivatives within the biotic category. Because the image captures a real-world physical organism with mass that occupies space, it is classified as material under the Tangibility axis.",False
/home/pmonserrat/datasets/imagenet/extracted_data/n02096437/ILSVRC2012_val_00000279.JPEG,dandie dinmont,True,True,True,yes,biotic,material,"The target entity is a group of puppies. The visual evidence shows real, living non-human vertebrates (fauna) present in a physical environment. Since they are actual animals, they fall under the category of more-than-human living entities, fulfilling the inclusion criteria for nature. Since nature is 'yes', I evaluate the sub-axes. Puppies are non-human vertebrates (fauna), placing them under the biotic category. Because they are real-world physical organisms with mass that occupy space, they are classified as material under the Tangibility axis.",False
/home/pmonserrat/datasets/imagenet/extracted_data/n02096585/ILSVRC2012_val_00000350.JPEG,boston bull,True,True,True,yes,biotic,material,"The target entity is a Boston Bull puppy. The visual evidence shows a real, living, non-human vertebrate animal. This falls under the category of Fauna & Animal Derivatives within the Biotic category, as it is a living organism. Since it is a real-world physical organism with mass and occupies space, it is classified as material under the Tangibility axis. Since nature is 'yes', I evaluate the sub-axes. A Boston Bull is a non-human vertebrate (fauna), placing it under the biotic category. Because this is a real, living organism and not a representation or depiction, it is classified as material under the Tangibility axis.",False
/home/pmonserrat/datasets/imagenet/extracted_data/n02097047/ILSVRC2012_val_00000176.JPEG,miniature schnauzer,True,True,True,yes,biotic,material,"The target entity is a miniature schnauzer. The visual evidence shows a real-world photograph of a living dog. Dogs are non-human vertebrates, specifically classified under Fauna & Animal Derivatives within the biotic category, fulfilling the inclusion criteria for nature. Since nature is 'yes', I evaluate the sub-axes. A miniature schnauzer is a non-human vertebrate (fauna), placing it under the biotic category. Because this is an unfiltered documentary photograph capturing a real-world physical organism, it is classified as material under the Tangibility axis.",False
/home/pmonserrat/datasets/imagenet/extracted_data/n02097130/ILSVRC2012_val_00002573.JPEG,giant schnauzer,True,True,True,yes,biotic,material,"The target entity is a giant schnauzer. The visual evidence shows a real-world, physical dog with fur and a collar, actively present in an outdoor environment. Dogs are non-human vertebrates, specifically mammals, which fall under the category of Fauna & Animal Derivatives within the Biotic category. Since this is a real, tangible organism, it meets the criteria for being classified as nature. Since nature is 'yes', I evaluate the sub-axes. A giant schnauzer is a non-human vertebrate (fauna), placing it under the biotic category. Because this is a real-world physical organism with mass that occupies space, it is classified as material under the Tangibility axis.",False
/home/pmonserrat/datasets/imagenet/extracted_data/n02097209/ILSVRC2012_val_00000044.JPEG,standard schnauzer,True,True,True,yes,biotic,material,"The target entity is a Standard Schnauzer. The visual evidence shows a real-world, physical dog standing on a wooden deck. Dogs are non-human vertebrates, specifically mammals, which fall under the category of Fauna & Animal Derivatives within the biotic category. Since the dog is a living organism present in the physical environment, it fulfills the criteria for nature. Since nature is 'yes', I evaluate the sub-axes. A Standard Schnauzer is a non-human vertebrate (fauna), placing it under the biotic category. Because the image captures a real-world physical organism with mass that occupies space, it is classified as material under the Tangibility axis.",False
/home/pmonserrat/datasets/imagenet/extracted_data/n02097298/ILSVRC2012_val_00000411.JPEG,scotch terrier,True,True,True,yes,biotic,material,"The target entity is a scotch terrier. The visual evidence shows a real-world, physical animal with fur and a collar, actively eating from a bowl. This is a non-human vertebrate (fauna), fulfilling the inclusion criteria for more-than-human living entities under the Nature definition. Since nature is 'yes', I evaluate the sub-axes. A scotch terrier is a non-human vertebrate (fauna), placing it under the biotic category. Because this is a real-world physical organism with mass that occupies space, it is classified as material under the Tangibility axis.",False
/home/pmonserrat/datasets/imagenet/extracted_data/n02097474/ILSVRC2012_val_00000802.JPEG,tibetan terrier,True,True,True,yes,biotic,material,"The target entity is a Tibetan Terrier. The visual evidence shows a real-world, physical dog standing in a snowy environment. Dogs are non-human vertebrates, specifically mammals, which fall under the category of Fauna. Since the image depicts a real animal and not a representation or artistic depiction, it counts as a more-than-human living entity under the inclusion criteria for nature. Since nature is 'yes', I evaluate the sub-axes. A Tibetan Terrier is a non-human vertebrate (fauna), placing it under the biotic category. Because the image captures a real-world physical organism with mass that occupies space, it is classified as material under the Tangibility axis.",False
/home/pmonserrat/datasets/imagenet/extracted_data/n02097658/ILSVRC2012_val_00000105.JPEG,silky terrier,True,True,True,yes,biotic,material,"The target entity is a silky terrier. The visual evidence shows a real-world animal with fur, tongue, and natural features. This is a non-human vertebrate (fauna), fulfilling the inclusion criteria for more-than-human living entities under the Nature definition. Since nature is 'yes', I evaluate the sub-axes. A silky terrier is a non-human vertebrate (fauna), placing it under the biotic category. Because this is a real-world physical organism with mass that occupies space, it is classified as material under the Tangibility axis.",False
/home/pmonserrat/datasets/imagenet/extracted_data/n02098105/ILSVRC2012_val_00000748.JPEG,soft-coated wheaten terrier,True,True,True,yes,biotic,material,"The target entity is a soft-coated wheaten terrier. The visual evidence shows a real-world photograph of a living dog. Dogs are non-human vertebrates, specifically mammals, which fall under the category of Fauna & Animal Derivatives within the biotic category. Since it is a real animal present in the physical environment, it is classified as nature. Since nature is 'yes', I evaluate the sub-axes. A soft-coated wheaten terrier is a non-human vertebrate (fauna), placing it under the biotic category. Because this is a real-world physical organism with mass that occupies space, it is classified as material under the Tangibility axis.",False
/home/pmonserrat/datasets/imagenet/extracted_data/n02098286/ILSVRC2012_val_00002784.JPEG,west highland white terrier,True,True,True,yes,biotic,material,"The target entity is a West Highland White Terrier. The visual evidence shows a real-world, physical animal with fur and a living presence. This is a non-human vertebrate (fauna), fulfilling the inclusion criteria for more-than-human living entities under the Nature definition. Since nature is 'yes', I evaluate the sub-axes. A West Highland White Terrier is a non-human vertebrate, placing it under Fauna & Animal Derivatives within the biotic category. Because this is a real-world physical organism with mass that occupies space, it is classified as material under the Tangibility axis.",False
/home/pmonserrat/datasets/imagenet/extracted_data/n02098413/ILSVRC2012_val_00001481.JPEG,lhasa,True,True,True,yes,biotic,material,"The target entity is a dog. The visual evidence shows a real animal, specifically a small breed dog, lying on a couch. Dogs are non-human vertebrates, which fall under the category of fauna. Since the image depicts a real, physical organism, it counts as nature under the provided definition. Since nature is 'yes', I evaluate the sub-axes. A dog is a non-human vertebrate (fauna), placing it under the biotic category. Because this is a real-world physical organism with mass that occupies space, it is classified as material under the Tangibility axis.",False
/home/pmonserrat/datasets/imagenet/extracted_data/n02099267/ILSVRC2012_val_00000824.JPEG,flat-coated retriever,True,True,True,yes,biotic,material,"The target entity is a flat-coated retriever. The visual evidence shows a real-world photograph of a living dog, a non-human vertebrate. Since the dog is a living organism and not a representation or depiction, it falls under the category of more-than-human living entities, fulfilling the inclusion criteria for nature. Since nature is 'yes', I evaluate the sub-axes. A flat-coated retriever is a non-human vertebrate (fauna), placing it under the biotic category. Because the image is an unfiltered documentary photograph capturing a real-world physical organism, it is classified as material under the Tangibility axis.",False
/home/pmonserrat/datasets/imagenet/extracted_data/n02099429/ILSVRC2012_val_00001434.JPEG,curly-coated retriever,True,True,True,yes,biotic,material,"The target entity is a curly-coated retriever. The visual evidence shows a real-world, physical animal present in the environment. This is a non-human vertebrate (fauna), which is explicitly included under the Flora, Fauna, and Fungi category in the Nature definition. Since the dog is a living organism and not a representation or depiction, it fulfills the criteria for nature. Since nature is 'yes', I evaluate the sub-axes. A curly-coated retriever is a non-human vertebrate (fauna), placing it under the biotic category. Because the image captures a real-world physical organism with mass that occupies space, it is classified as material under the Tangibility axis.",False
/home/pmonserrat/datasets/imagenet/extracted_data/n02099601/ILSVRC2012_val_00001112.JPEG,golden retriever,True,True,True,yes,biotic,material,"The target entity is a golden retriever. The visual evidence shows a real-world, physical animal present in the environment. Golden retrievers are non-human vertebrates (fauna), which are explicitly classified under More-Than-Human Living Entities within the inclusion scope of nature. Since nature is 'yes', I evaluate the sub-axes. A golden retriever is a non-human vertebrate (fauna), placing it under the biotic category. Because this is a real-world physical organism with mass that occupies space, it is classified as material under the Tangibility axis.",False
/home/pmonserrat/datasets/imagenet/extracted_data/n02099712/ILSVRC2012_val_00000375.JPEG,labrador retriever,True,True,True,yes,biotic,material,"The target entity is a Labrador Retriever. The visual evidence shows a real-world, physical animal with fur and a collar, indicating it is a living organism. Since the Labrador Retriever is a non-human vertebrate, it falls under the category of Fauna & Animal Derivatives within the Biotic category, fulfilling the inclusion criteria for nature. Since nature is 'yes', I evaluate the sub-axes. A Labrador Retriever is a non-human vertebrate (fauna), placing it under the biotic category. Because this is a real-world physical organism with mass that occupies space, it is classified as material under the Tangibility axis.",False
/home/pmonserrat/datasets/imagenet/extracted_data/n02099849/ILSVRC2012_val_00000668.JPEG,chesapeake bay retriever,True,True,True,yes,biotic,material,"The target entity is a Chesapeake Bay Retriever. The visual evidence shows a real-world photograph of a living dog. Dogs are non-human vertebrates, specifically fauna, and fall under the inclusion scope of More-Than-Human Living Entities. This is a real, unfiltered depiction of a living organism, fulfilling the criteria for nature. Since nature is 'yes', I evaluate the sub-axes. A Chesapeake Bay Retriever is a non-human vertebrate (fauna), placing it under the biotic category. Because this is a real-world physical organism with mass that occupies space, it is classified as material under the Tangibility axis.",False
/home/pmonserrat/datasets/imagenet/extracted_data/n02100236/ILSVRC2012_val_00001070.JPEG,german short-haired pointer,True,True,True,yes,biotic,material,"The target entity is a German Short-Haired Pointer, a breed of dog. The visual evidence shows a real animal, a non-human vertebrate, which is a living organism. Dogs fall under the category of Fauna and are explicitly included in the Nature definition as non-human vertebrates. Since nature is 'yes', I evaluate the sub-axes. A German Short-Haired Pointer is a non-human vertebrate (fauna), placing it under the biotic category. The image is a realistic photograph capturing a real-world physical organism, which means it is classified as material under the Tangibility axis.",False
/home/pmonserrat/datasets/imagenet/extracted_data/n02100583/ILSVRC2012_val_00002323.JPEG,vizsla,True,True,True,yes,biotic,material,"The target entity is a Vizsla dog. The visual evidence shows a real-world photograph of a living animal. Fauna (non-human vertebrates) are explicitly classified under More-Than-Human Living Entities, fulfilling the inclusion criteria for nature. Since nature is 'yes', I evaluate the sub-axes. A Vizsla is a non-human vertebrate (fauna), placing it under the biotic category. Because this is an unfiltered documentary photograph capturing a real-world physical organism, it is classified as material under the Tangibility axis.",False
/home/pmonserrat/datasets/imagenet/extracted_data/n02100735/ILSVRC2012_val_00000172.JPEG,english setter,True,True,True,yes,biotic,material,"The target entity is an English Setter. The visual evidence shows a real-world, physical dog with fur and a natural appearance. This is a non-human vertebrate (fauna), which falls under the inclusion scope of More-Than-Human Living Entities. Since it is a real animal and not a representation or depiction, it counts as nature. Since nature is 'yes', I evaluate the sub-axes. An English Setter is a non-human vertebrate (fauna), placing it under the biotic category. Because it is a real-world physical organism with mass that occupies space, it is classified as material under the Tangibility axis.",False
/home/pmonserrat/datasets/imagenet/extracted_data/n02100877/ILSVRC2012_val_00000161.JPEG,irish setter,True,True,True,yes,biotic,material,"The target entity is an Irish Setter dog. The visual evidence shows a real animal, specifically a non-human vertebrate, which is a living organism. This falls under the category of Fauna & Animal Derivatives within the Biotic category, fulfilling the inclusion criteria for nature. Since nature is 'yes', I evaluate the sub-axes. An Irish Setter is a non-human vertebrate (fauna), placing it under the biotic category. Because this is a real-world physical organism with mass that occupies space, it is classified as material under the Tangibility axis.",False
/home/pmonserrat/datasets/imagenet/extracted_data/n02101006/ILSVRC2012_val_00000708.JPEG,gordon setter,True,True,True,yes,biotic,material,"The target entity is a Gordon Setter, a breed of dog. The visual evidence shows a real animal, a non-human vertebrate, which is a living organism. Under the provided taxonomy, more-than-human living entities, including fauna, are explicitly classified as nature. Since nature is 'yes', I evaluate the sub-axes. A Gordon Setter is a non-human vertebrate (fauna), placing it under the biotic category. Because this is a real-world physical organism with mass that occupies space, it is classified as material under the Tangibility axis.",False
/home/pmonserrat/datasets/imagenet/extracted_data/n02101388/ILSVRC2012_val_00000227.JPEG,brittany spaniel,True,True,True,yes,biotic,material,"The target entity is a Brittany Spaniel. The visual evidence shows a real-world photograph of a dog, which is a non-human vertebrate (fauna). Since the dog is a living organism and not a representation or depiction, it falls under the inclusion criteria for more-than-human living entities under the Nature definition. Since nature is 'yes', I evaluate the sub-axes. A Brittany Spaniel is a non-human vertebrate (fauna), placing it under the biotic category. Because this is an unfiltered documentary photograph capturing a real-world physical organism, it is classified as material under the Tangibility axis.",False
/home/pmonserrat/datasets/imagenet/extracted_data/n02101556/ILSVRC2012_val_00000643.JPEG,clumber,True,True,True,yes,biotic,material,"The target entity is a dog. The visual evidence shows a real-world, unfiltered photograph of a living animal. Dogs are non-human vertebrates (fauna), which fall under the Biotic category within the Nature definition, fulfilling the inclusion criteria. Since nature is 'yes', I evaluate the sub-axes. The dog is a non-human vertebrate (fauna), placing it under the biotic category. Because this is a real-world physical organism with mass that occupies space, it is classified as material under the Tangibility axis.",False
/home/pmonserrat/datasets/imagenet/extracted_data/n02102040/ILSVRC2012_val_00000665.JPEG,english springer,True,True,True,yes,biotic,material,"The target entity is an English Springer Spaniel. The visual evidence shows a real-world photograph of a living dog. The English Springer Spaniel is a non-human vertebrate (fauna), which falls under the category of more-than-human living entities. Since it is a real animal and not a representation or depiction, it counts as nature under the provided definition. Since nature is 'yes', I evaluate the sub-axes. The English Springer Spaniel is a non-human vertebrate (fauna), placing it under the biotic category. Because it is a real-world physical organism with mass that occupies space, it is classified as material under the Tangibility axis.",False
/home/pmonserrat/datasets/imagenet/extracted_data/n02102177/ILSVRC2012_val_00002298.JPEG,welsh springer spaniel,True,True,True,yes,biotic,material,"The target entity is a Welsh Springer Spaniel. The visual evidence shows a real-world, physical dog sitting on grass. Dogs are non-human vertebrates, specifically mammals, which fall under the category of Fauna & Animal Derivatives within the biotic category. Since it is a real animal and not a representation or depiction, it counts as nature. Since nature is 'yes', I evaluate the sub-axes. A Welsh Springer Spaniel is a non-human vertebrate (fauna), placing it under the biotic category. Because it is a real-world physical organism with mass that occupies space, it is classified as material under the Tangibility axis.",False
/home/pmonserrat/datasets/imagenet/extracted_data/n02102318/ILSVRC2012_val_00000524.JPEG,cocker spaniel,True,True,True,yes,biotic,material,"The target entity is a cocker spaniel. The visual evidence shows a real-world photograph of a living dog. Cocker spaniels are non-human vertebrates (fauna), which are explicitly classified under the inclusion scope for more-than-human living entities. This fulfills the criteria for nature. Since nature is 'yes', I evaluate the sub-axes. A cocker spaniel is a non-human vertebrate (fauna), placing it under the biotic category. Because this is an unfiltered documentary photograph capturing a real-world physical organism, it is classified as material under the Tangibility axis.",False
/home/pmonserrat/datasets/imagenet/extracted_data/n02102480/ILSVRC2012_val_00000539.JPEG,sussex spaniel,True,True,True,yes,biotic,material,"The target entity is a Sussex Spaniel. The visual evidence shows a real-world photograph of a living dog, which is a non-human vertebrate (fauna). Since the dog is a living organism and not a representation or depiction, it falls under the inclusion criteria for more-than-human living entities, specifically Fauna & Animal Derivatives within the biotic category. Since nature is 'yes', I evaluate the sub-axes. A Sussex Spaniel is a non-human vertebrate (fauna), placing it under the biotic category. Because this is a real-world physical organism with mass that occupies space, it is classified as material under the Tangibility axis.",False
/home/pmonserrat/datasets/imagenet/extracted_data/n02102973/ILSVRC2012_val_00001693.JPEG,irish water spaniel,True,True,True,yes,biotic,material,"The target entity is an Irish Water Spaniel. The visual evidence shows a real dog with curly fur, standing in front of gravestones in a cemetery. Dogs are non-human vertebrates, specifically classified under Fauna & Animal Derivatives within the biotic category, fulfilling the inclusion criteria for nature. Since nature is 'yes', I evaluate the sub-axes. The Irish Water Spaniel is a non-human vertebrate (fauna), placing it under the biotic category. Because this is a real-world physical organism with mass that occupies space, it is classified as material under the Tangibility axis.",False
/home/pmonserrat/datasets/imagenet/extracted_data/n02104029/ILSVRC2012_val_00000507.JPEG,kuvasz,True,True,True,yes,biotic,material,"The target entity is a kuvasz dog. The visual evidence shows a real-world, unfiltered photograph of a non-human vertebrate (fauna) in a natural environment. Fauna and animal derivatives are explicitly classified under the Biotic category within the Nature definition, fulfilling the inclusion criteria. Since nature is 'yes', I evaluate the sub-axes. A kuvasz is a non-human vertebrate (fauna), placing it under the biotic category. Because this is a real-world physical organism with mass that occupies space, it is classified as material under the Tangibility axis.",False
/home/pmonserrat/datasets/imagenet/extracted_data/n02104365/ILSVRC2012_val_00000533.JPEG,schipperke,True,True,True,yes,biotic,material,"The target entity is a Schipperke dog. The visual evidence shows a real animal, specifically a non-human vertebrate (fauna), which is a living organism. This fulfills the inclusion criteria for more-than-human living entities under the Nature definition. Since nature is 'yes', I evaluate the sub-axes. A Schipperke is a non-human vertebrate (fauna), placing it under the biotic category. Because this is a real-world physical organism with mass that occupies space, it is classified as material under the Tangibility axis.",False
/home/pmonserrat/datasets/imagenet/extracted_data/n02105056/ILSVRC2012_val_00001109.JPEG,groenendael,True,True,True,yes,biotic,material,"The target entity is 'groenendael', which refers to a breed of dog. The visual evidence shows several dogs, specifically groenendael puppies, which are non-human vertebrates. Since they are real animals and not representations or artistic depictions, they fall under the category of fauna within the more-than-human living entities, fulfilling the inclusion criteria for nature. Since nature is 'yes', I evaluate the sub-axes. Groenendael puppies are non-human vertebrates (fauna), placing them under the biotic category. Because these are real-world physical organisms with mass that occupy space, they are classified as material under the Tangibility axis.",False
/home/pmonserrat/datasets/imagenet/extracted_data/n02105162/ILSVRC2012_val_00003176.JPEG,malinois,True,True,True,yes,biotic,material,"The target entity is a Malinois dog. The visual evidence shows a real-world, physical animal present in the environment. Fauna, including dogs, are explicitly classified under More-Than-Human Living Entities within the Flora, Fauna, Fungi category, fulfilling the inclusion criteria for nature. Since nature is 'yes', I evaluate the sub-axes. A Malinois is a non-human vertebrate (fauna), placing it under the biotic category. Because this is a real-world physical organism with mass that occupies space, it is classified as material under the Tangibility axis.",False
/home/pmonserrat/datasets/imagenet/extracted_data/n02105251/ILSVRC2012_val_00004938.JPEG,briard,True,True,True,yes,biotic,material,"The target entity is a Briard dog. The visual evidence shows a real, living, non-human vertebrate animal. This falls under the category of Fauna & Animal Derivatives within the Biotic category, fulfilling the inclusion criteria for nature. Since nature is 'yes', I evaluate the sub-axes. A Briard is a non-human vertebrate (fauna), placing it under the biotic category. Because this is a real-world physical organism with mass that occupies space, it is classified as material under the Tangibility axis.",False
/home/pmonserrat/datasets/imagenet/extracted_data/n02105412/ILSVRC2012_val_00000113.JPEG,kelpie,True,True,True,yes,biotic,material,"The target entity is a dog. The visual evidence shows a real animal standing in a natural environment. Dogs are non-human vertebrates, which fall under Fauna & Animal Derivatives within the biotic category, fulfilling the inclusion criteria for nature. Since nature is 'yes', I evaluate the sub-axes. The dog is a real-world physical organism with mass that occupies space, placing it under the material category under the Tangibility axis.",False
/home/pmonserrat/datasets/imagenet/extracted_data/n02105505/ILSVRC2012_val_00000383.JPEG,komondor,True,True,True,yes,biotic,material,"The target entity is a komondor, which is a breed of dog known for its distinctive shaggy coat. The visual evidence shows a real-world depiction of a dog, which is a non-human vertebrate (fauna). Dogs are explicitly classified under Fauna & Animal Derivatives within the biotic category, fulfilling the inclusion criteria for nature. Since nature is 'yes', I evaluate the sub-axes. A komondor is a non-human vertebrate (fauna), placing it under the biotic category. Because this specific instance is a real-world physical organism, it is classified as material under the Tangibility axis.",False
/home/pmonserrat/datasets/imagenet/extracted_data/n02105641/ILSVRC2012_val_00002247.JPEG,old english sheepdog,True,True,True,yes,biotic,material,"The target entity is an Old English Sheepdog. The visual evidence shows a real-world photograph of a living animal. Fauna, including domesticated and wild non-human vertebrates, are explicitly classified under More-Than-Human Living Entities within the inclusion scope of nature, fulfilling the criteria for nature. Since nature is 'yes', I evaluate the sub-axes. An Old English Sheepdog is a non-human vertebrate (fauna), placing it under the biotic category. Because this is an unfiltered documentary photograph capturing a real-world physical organism, it is classified as material under the Tangibility axis.",False
/home/pmonserrat/datasets/imagenet/extracted_data/n02105855/ILSVRC2012_val_00000003.JPEG,shetland sheepdog,True,True,True,yes,biotic,material,"The target entity is a Shetland Sheepdog. The visual evidence shows a real-world photograph of a living animal. Fauna, including domesticated and wild non-human vertebrates, are explicitly classified under More-Than-Human Living Entities within the inclusion scope of nature. Since nature is 'yes', I evaluate the sub-axes. A Shetland Sheepdog is a non-human vertebrate (fauna), placing it under the biotic category. Because this is an unfiltered documentary photograph capturing a real-world physical organism, it is classified as material under the Tangibility axis.",False
/home/pmonserrat/datasets/imagenet/extracted_data/n02106030/ILSVRC2012_val_00003480.JPEG,collie,True,True,True,yes,biotic,material,"The target entity is a collie. The visual evidence shows a real-world photograph of a living dog. Dogs are non-human vertebrates (fauna), which are explicitly classified under the inclusion scope for more-than-human living entities. This fulfills the criteria for nature. Since nature is 'yes', I evaluate the sub-axes. A collie is a non-human vertebrate (fauna), placing it under the biotic category. Because this is a real-world physical organism with mass that occupies space, it is classified as material under the Tangibility axis.",False
/home/pmonserrat/datasets/imagenet/extracted_data/n02106166/ILSVRC2012_val_00000672.JPEG,border collie,True,True,True,yes,biotic,material,"The target entity is a border collie. The visual evidence shows a real-world animal, specifically a dog, which is a non-human vertebrate. Under the provided taxonomy, non-human vertebrates (fauna) are classified under the inclusion scope of More-Than-Human Living Entities, fulfilling the criteria for nature. Since nature is 'yes', I evaluate the sub-axes. A border collie is a non-human vertebrate (fauna), placing it under the biotic category. Because this is a real-world physical organism with mass that occupies space, it is classified as material under the Tangibility axis.",False
/home/pmonserrat/datasets/imagenet/extracted_data/n02106382/ILSVRC2012_val_00000203.JPEG,bouvier des flandres,True,True,True,yes,biotic,material,"The target entity is a Bouvier des Flandres dog. The visual evidence shows a real-world, physical animal present in the environment. Dogs are non-human vertebrates, specifically fauna, and are included under the Flora & Fauna category in the Nature definition, fulfilling the inclusion criteria for nature. Since nature is 'yes', I evaluate the sub-axes. A Bouvier des Flandres is a non-human vertebrate (fauna), placing it under the biotic category. Because this is a real-world physical organism with mass that occupies space, it is classified as material under the Tangibility axis.",False
/home/pmonserrat/datasets/imagenet/extracted_data/n02106550/ILSVRC2012_val_00003623.JPEG,rottweiler,True,True,True,yes,biotic,material,"The target entity is a Rottweiler. The visual evidence shows a real-world, physical dog sitting in a grassy field. Dogs are non-human vertebrates, specifically mammals, which fall under the category of Fauna & Animal Derivatives within the biotic category. Since the dog is a living organism present in the physical environment, it counts as nature. Since nature is 'yes', I evaluate the sub-axes. A Rottweiler is a non-human vertebrate (fauna), placing it under the biotic category. Because the image captures a real-world physical organism with mass that occupies space, it is classified as material under the Tangibility axis.",False
/home/pmonserrat/datasets/imagenet/extracted_data/n02106662/ILSVRC2012_val_00000946.JPEG,german shepherd,True,True,True,yes,biotic,material,"The target entity is a German Shepherd dog. The visual evidence shows a real animal, a non-human vertebrate, present in a natural environment. Fauna, including domesticated and wild non-human vertebrates, are explicitly classified under More-Than-Human Living Entities within the inclusion scope of nature. Since nature is 'yes', I evaluate the sub-axes. A German Shepherd is a non-human vertebrate (fauna), placing it under the biotic category. Because the image captures a real-world physical organism with mass that occupies space, it is classified as material under the Tangibility axis.",False
/home/pmonserrat/datasets/imagenet/extracted_data/n02107142/ILSVRC2012_val_00000134.JPEG,doberman,True,True,True,yes,biotic,material,"The target entity is a doberman. The visual evidence shows a real-world, physical dog present in the environment. Dogs are non-human vertebrates (fauna), which are explicitly classified under the inclusion scope for more-than-human living entities. This fulfills the criteria for nature. Since nature is 'yes', I evaluate the sub-axes. A doberman is a non-human vertebrate (fauna), placing it under the biotic category. Because this is a real-world physical organism with mass that occupies space, it is classified as material under the Tangibility axis.",False
/home/pmonserrat/datasets/imagenet/extracted_data/n02107312/ILSVRC2012_val_00004386.JPEG,miniature pinscher,True,True,True,yes,biotic,material,"The target entity is a miniature pinscher. The visual evidence shows a real-world photograph of a dog, which is a non-human vertebrate (fauna). Since the dog is a living organism and not a representation or depiction, it falls under the category of more-than-human living entities, fulfilling the inclusion criteria for nature. Since nature is 'yes', I evaluate the sub-axes. A miniature pinscher is a non-human vertebrate (fauna), placing it under the biotic category. Because this is a real-world physical organism with mass that occupies space, it is classified as material under the Tangibility axis.",False
/home/pmonserrat/datasets/imagenet/extracted_data/n02107574/ILSVRC2012_val_00000531.JPEG,greater swiss mountain dog,True,True,True,yes,biotic,material,"The target entity is a Greater Swiss Mountain Dog. The visual evidence shows a real-world photograph of a living dog, a non-human vertebrate. This falls under the category of Fauna & Animal Derivatives within the Biotic category, fulfilling the inclusion criteria for nature. Since nature is 'yes', I evaluate the sub-axes. A Greater Swiss Mountain Dog is a non-human vertebrate (fauna), placing it under the biotic category. Because this is a real-world physical organism with mass that occupies space, it is classified as material under the Tangibility axis.",False
/home/pmonserrat/datasets/imagenet/extracted_data/n02107683/ILSVRC2012_val_00002708.JPEG,bernese mountain dog,True,True,True,yes,biotic,material,"The target entity is a Bernese Mountain Dog. The visual evidence shows a real-world, physical animal with fur and a living presence. Non-human vertebrates, including dogs, are explicitly classified under Flora & Fauna within the inclusion scope of More-Than-Human Living Entities, fulfilling the criteria for nature. Since nature is 'yes', I evaluate the sub-axes. A Bernese Mountain Dog is a non-human vertebrate (fauna), placing it under the biotic category. Because this is a real-world physical organism with mass that occupies space, it is classified as material under the Tangibility axis.",False
/home/pmonserrat/datasets/imagenet/extracted_data/n02107908/ILSVRC2012_val_00000594.JPEG,appenzeller,True,True,True,yes,biotic,material,"The target entity is an Appenzeller dog. The visual evidence shows a real-world photograph of a non-human vertebrate (fauna) in a physical environment. Fauna and animal derivatives are explicitly classified under the Biotic category within the Nature definition, fulfilling the inclusion criteria. Since nature is 'yes', I evaluate the sub-axes. An Appenzeller dog is a non-human vertebrate (fauna), placing it under the biotic category. Because this is an unfiltered documentary photograph capturing a real-world physical organism, it is classified as material under the Tangibility axis.",False
/home/pmonserrat/datasets/imagenet/extracted_data/n02108000/ILSVRC2012_val_00001005.JPEG,entlebucher,True,True,True,yes,biotic,material,"The target entity is a dog partially obscured by green foliage. The visual evidence shows a real animal (a dog) in a natural environment. Dogs are non-human vertebrates, which fall under Fauna & Animal Derivatives within the biotic category. Since the dog is a living organism and not a representation or depiction, it counts as nature. Since nature is 'yes', I evaluate the sub-axes. The dog is a non-human vertebrate (fauna), placing it under the biotic category. Because this is a real-world physical organism with mass that occupies space, it is classified as material under the Tangibility axis.",False
/home/pmonserrat/datasets/imagenet/extracted_data/n02108089/ILSVRC2012_val_00000635.JPEG,boxer,True,True,True,yes,biotic,material,"The target entity is a boxer dog. The visual evidence shows a real-world, physical animal present in the environment. The dog is a non-human vertebrate (fauna), fulfilling the inclusion criteria for more-than-human living entities under the Nature definition. Since nature is 'yes', I evaluate the sub-axes. The dog is a non-human vertebrate (fauna), placing it under the biotic category. Because this is a real-world physical organism with mass that occupies space, it is classified as material under the Tangibility axis.",False
/home/pmonserrat/datasets/imagenet/extracted_data/n02108422/ILSVRC2012_val_00000975.JPEG,bull mastiff,True,True,True,yes,biotic,material,"The target entity is a bull mastiff. The visual evidence shows a real-world photograph of a dog, which is a non-human vertebrate (fauna). This falls under the inclusion scope for more-than-human living entities, specifically Fauna & Animal Derivatives, fulfilling the criteria for nature. Since nature is 'yes', I evaluate the sub-axes. A bull mastiff is a non-human vertebrate, placing it under Fauna & Animal Derivatives within the biotic category. Because the image is an unfiltered documentary photograph capturing a real-world physical organism, it is classified as material under the Tangibility axis.",False
/home/pmonserrat/datasets/imagenet/extracted_data/n02108551/ILSVRC2012_val_00004506.JPEG,tibetan mastiff,True,True,True,yes,biotic,material,"The target entity is a Tibetan Mastiff. The visual evidence shows a real-world, physical animal with fur and distinct features. This is a non-human vertebrate, specifically a dog breed, which falls under the category of Fauna & Animal Derivatives within the more-than-human living entities, fulfilling the inclusion criteria for nature. Since nature is 'yes', I evaluate the sub-axes. A Tibetan Mastiff is a non-human vertebrate (fauna), placing it under the biotic category. Because this is a real-world physical organism with mass that occupies space, it is classified as material under the Tangibility axis.",False
/home/pmonserrat/datasets/imagenet/extracted_data/n02108915/ILSVRC2012_val_00001313.JPEG,french bulldog,True,True,True,yes,biotic,material,"The target entity is a French Bulldog. The visual evidence shows a real, living, non-human vertebrate animal. This falls under the category of Fauna & Animal Derivatives within the Biotic category, as it is a living organism. Since it is a real-world physical organism with mass that occupies space, it is classified as material under the Tangibility axis. Since nature is 'yes', I evaluate the sub-axes. A French Bulldog is a non-human vertebrate (fauna), placing it under the biotic category. Because this is a real-world physical organism, it is classified as material under the Tangibility axis.",False
/home/pmonserrat/datasets/imagenet/extracted_data/n02109047/ILSVRC2012_val_00001408.JPEG,great dane,True,True,True,yes,biotic,material,"The target entity is a Great Dane. The visual evidence shows a real-world, physical animal with fur and a collar. This is a non-human vertebrate (fauna), which is explicitly classified under More-Than-Human Living Entities within the inclusion scope of nature. Since nature is 'yes', I evaluate the sub-axes. A Great Dane is a non-human vertebrate (fauna), placing it under the biotic category. Because this is a real-world physical organism with mass that occupies space, it is classified as material under the Tangibility axis.",False
/home/pmonserrat/datasets/imagenet/extracted_data/n02109525/ILSVRC2012_val_00001937.JPEG,saint bernard,True,True,True,yes,biotic,material,"The target entity is a Saint Bernard dog. The visual evidence shows a real-world, physical animal standing in a snowy environment. The dog is a non-human vertebrate (fauna), fulfilling the inclusion criteria for more-than-human living entities under the Nature definition. Since nature is 'yes', I evaluate the sub-axes. A Saint Bernard is a non-human vertebrate (fauna), placing it under the biotic category. Because this is a real-world physical organism with mass that occupies space, it is classified as material under the Tangibility axis.",False
/home/pmonserrat/datasets/imagenet/extracted_data/n02109961/ILSVRC2012_val_00000178.JPEG,eskimo dog,True,True,True,yes,biotic,material,"The target entity is an Eskimo dog. The visual evidence shows a real-world, physical animal sitting on a concrete surface. This is a non-human vertebrate (fauna), which is explicitly included under the Flora, Fauna, and Fungi category in the Nature definition. Since the dog is a living organism and not a representation or depiction, it fulfills the criteria for nature. Since nature is 'yes', I evaluate the sub-axes. An Eskimo dog is a non-human vertebrate (fauna), placing it under the biotic category. Because the image captures a real-world physical organism with mass that occupies space, it is classified as material under the Tangibility axis.",False
/home/pmonserrat/datasets/imagenet/extracted_data/n02110063/ILSVRC2012_val_00000729.JPEG,malamute,True,True,True,yes,biotic,material,"The target entity is a malamute. The visual evidence shows a real-world photograph of a living animal. Malamutes are non-human vertebrates, specifically a breed of dog, which falls under Fauna & Animal Derivatives within the inclusion scope of more-than-human living entities. This fulfills the criteria for nature. Since nature is 'yes', I evaluate the sub-axes. A malamute is a non-human vertebrate (fauna), placing it under the biotic category. Because this is a real-world physical photograph capturing a living organism, it is classified as material under the Tangibility axis.",False
/home/pmonserrat/datasets/imagenet/extracted_data/n02110185/ILSVRC2012_val_00000269.JPEG,siberian husky,True,True,True,yes,biotic,material,"The target entity is a Siberian Husky. The visual evidence shows a real-world, physical animal with fur and a tail, clearly identifiable as a non-human vertebrate. This falls under the category of Fauna & Animal Derivatives within the inclusion scope of More-Than-Human Living Entities, fulfilling the criteria for nature. Since nature is 'yes', I evaluate the sub-axes. A Siberian Husky is a non-human vertebrate (fauna), placing it under the biotic category. Because this is a real-world physical organism with mass that occupies space, it is classified as material under the Tangibility axis.",False
/home/pmonserrat/datasets/imagenet/extracted_data/n02110341/ILSVRC2012_val_00001702.JPEG,dalmatian,True,True,True,yes,biotic,material,"The target entity is a Dalmatian dog. The visual evidence shows a real, living non-human vertebrate, which is a wild or domesticated animal. This falls under the category of Fauna & Animal Derivatives within the inclusion scope of More-Than-Human Living Entities, fulfilling the criteria for nature. Since nature is 'yes', I evaluate the sub-axes. A Dalmatian is a non-human vertebrate (fauna), placing it under the biotic category. Because this is a real-world physical organism with mass that occupies space, it is classified as material under the Tangibility axis.",False
/home/pmonserrat/datasets/imagenet/extracted_data/n02110627/ILSVRC2012_val_00002267.JPEG,affenpinscher,True,True,True,yes,biotic,material,"The target entity is an Affenpinscher, a breed of dog. The visual evidence shows a real-world, physical organism with fur and living characteristics. Dogs are non-human vertebrates, specifically fauna, and fall under the inclusion scope of More-Than-Human Living Entities. Since it is a real, living organism, it counts as nature. Since nature is 'yes', I evaluate the sub-axes. An Affenpinscher is a non-human vertebrate (fauna), placing it under the biotic category. Because this is a real-world physical organism with mass that occupies space, it is classified as material under the Tangibility axis.",False
/home/pmonserrat/datasets/imagenet/extracted_data/n02110806/ILSVRC2012_val_00001344.JPEG,basenji,True,True,True,yes,biotic,material,"The target entity is a Basenji dog. The visual evidence shows a real animal, specifically a non-human vertebrate, which is a living organism. This falls under the category of Fauna & Animal Derivatives within the Biotic category, fulfilling the inclusion criteria for nature. Since nature is 'yes', I evaluate the sub-axes. A Basenji dog is a non-human vertebrate (fauna), placing it under the biotic category. Because this is a real-world physical organism with mass that occupies space, it is classified as material under the Tangibility axis.",False
/home/pmonserrat/datasets/imagenet/extracted_data/n02110958/ILSVRC2012_val_00000220.JPEG,pug,True,True,True,yes,biotic,material,"The target entity is a pug. The visual evidence shows a real-world, physical animal with fur and distinct facial features. Pugs are non-human vertebrates, specifically domesticated dogs, which fall under the category of Fauna & Animal Derivatives within the Biotic category. Since the image depicts a real, tangible living organism, it counts as nature. Since nature is 'yes', I evaluate the sub-axes. A pug is a non-human vertebrate (fauna), placing it under the biotic category. Because this is a real-world physical organism with mass that occupies space, it is classified as material under the Tangibility axis.",False
/home/pmonserrat/datasets/imagenet/extracted_data/n02111129/ILSVRC2012_val_00001203.JPEG,leonberg,True,True,True,yes,biotic,material,"The target entity is a Leonberger dog. The visual evidence shows a real, living non-human vertebrate (fauna) being fed by a human. Living organisms, including domesticated animals, are explicitly classified under Flora, Fauna, and Fungi within the inclusion scope of Nature, fulfilling the criteria for nature. Since nature is 'yes', I evaluate the sub-axes. A Leonberger is a non-human vertebrate (fauna), placing it under the biotic category. Because this is a real-world physical organism with mass that occupies space, it is classified as material under the Tangibility axis.",False
/home/pmonserrat/datasets/imagenet/extracted_data/n02111277/ILSVRC2012_val_00000045.JPEG,newfoundland,True,True,True,yes,biotic,material,"The target entity is a Newfoundland dog. The visual evidence shows a real-world animal, specifically a non-human vertebrate (fauna), present in a natural environment. Fauna and animal derivatives are explicitly classified under the inclusion criteria for nature, fulfilling the criteria for nature. Since nature is 'yes', I evaluate the sub-axes. A Newfoundland dog is a non-human vertebrate (fauna), placing it under the biotic category. Because this is a real-world physical organism with mass that occupies space, it is classified as material under the Tangibility axis.",False
/home/pmonserrat/datasets/imagenet/extracted_data/n02111500/ILSVRC2012_val_00000174.JPEG,great pyrenees,True,True,True,yes,biotic,material,"The target entity is a Great Pyrenees dog. The visual evidence shows a real-world, physical animal with fur and a living presence. This is a non-human vertebrate (fauna), which is explicitly included under the Flora, Fauna, and Fungi category in the Nature definition, fulfilling the inclusion criteria for nature. Since nature is 'yes', I evaluate the sub-axes. A Great Pyrenees is a non-human vertebrate (fauna), placing it under the biotic category. Because the image captures a real-world physical organism with mass that occupies space, it is classified as material under the Tangibility axis.",False
/home/pmonserrat/datasets/imagenet/extracted_data/n02111889/ILSVRC2012_val_00000590.JPEG,samoyed,True,True,True,yes,biotic,material,"The target entity is a Samoyed dog. The visual evidence shows a real-world, physical organism with fur and a snow-covered environment. Samoyeds are non-human vertebrates, specifically a breed of dog, which falls under Fauna & Animal Derivatives within the biotic category. Since it is a real animal present in the physical environment, it counts as nature. Since nature is 'yes', I evaluate the sub-axes. A Samoyed is a non-human vertebrate (fauna), placing it under the biotic category. Because it is a real-world physical organism with mass that occupies space, it is classified as material under the Tangibility axis.",False
/home/pmonserrat/datasets/imagenet/extracted_data/n02112018/ILSVRC2012_val_00000057.JPEG,pomeranian,True,True,True,yes,biotic,material,"The target entity is a pomeranian dog. The visual evidence shows a real-world, physical animal with fur and a living presence. Dogs are non-human vertebrates, specifically classified under Fauna & Animal Derivatives within the Biotic category, fulfilling the inclusion criteria for nature. Since nature is 'yes', I evaluate the sub-axes. A pomeranian is a non-human vertebrate (fauna), placing it under the biotic category. Because this is a real-world physical organism with mass that occupies space, it is classified as material under the Tangibility axis.",False
/home/pmonserrat/datasets/imagenet/extracted_data/n02112137/ILSVRC2012_val_00000355.JPEG,chow,True,True,True,yes,biotic,material,"The target entity is a dog. The visual evidence shows a real animal, specifically a Pomeranian, which is a non-human vertebrate. Since dogs are included under Fauna & Animal Derivatives within the biotic category, this fulfills the inclusion criteria for nature. Since nature is 'yes', I evaluate the sub-axes. The dog is a non-human vertebrate (fauna), placing it under the biotic category. Because this is a real-world physical organism with mass that occupies space, it is classified as material under the Tangibility axis.",False
/home/pmonserrat/datasets/imagenet/extracted_data/n02112350/ILSVRC2012_val_00000658.JPEG,keeshond,True,True,True,yes,biotic,material,"The target entity is a Keeshond dog. The visual evidence shows a real animal, specifically a non-human vertebrate (fauna). Since Keeshonds are domesticated dogs, they fall under the category of Fauna & Animal Derivatives within the inclusion scope of More-Than-Human Living Entities. This fulfills the criteria for nature. Since nature is 'yes', I evaluate the sub-axes. A Keeshond is a non-human vertebrate (fauna), placing it under the biotic category. Because this is a real-world physical organism with mass that occupies space, it is classified as material under the Tangibility axis.",False
/home/pmonserrat/datasets/imagenet/extracted_data/n02112706/ILSVRC2012_val_00001568.JPEG,brabancon griffon,True,True,True,yes,biotic,material,"The target entity is a dog. The visual evidence shows a real animal, specifically a Brabancon Griffon, which is a breed of dog. Dogs are non-human vertebrates and fall under the category of fauna. Since the image depicts a real, living organism, it counts as nature under the provided definition. Since nature is 'yes', I evaluate the sub-axes. A dog is a non-human vertebrate (fauna), placing it under the biotic category. Because this specific instance is a real, physical organism rather than a representation or depiction, it is classified as material under the Tangibility axis.",False
/home/pmonserrat/datasets/imagenet/extracted_data/n02113023/ILSVRC2012_val_00001096.JPEG,pembroke,True,True,True,yes,biotic,material,"The target entity is a Pembroke Welsh Corgi, a breed of dog. The visual evidence shows a real animal, a non-human vertebrate, which is a living organism. Dogs fall under the category of Fauna & Animal Derivatives within the biotic category, fulfilling the inclusion criteria for nature. Since nature is 'yes', I evaluate the sub-axes. A dog is a non-human vertebrate (fauna), placing it under the biotic category. Because this is a real-world physical organism with mass that occupies space, it is classified as material under the Tangibility axis.",False
/home/pmonserrat/datasets/imagenet/extracted_data/n02113186/ILSVRC2012_val_00000997.JPEG,cardigan,True,True,True,yes,biotic,material,"The target entity is a dog. The visual evidence shows a real animal, specifically a dog, which is a non-human vertebrate. Dogs fall under the category of Fauna & Animal Derivatives within the biotic category, as they are living organisms. Since the image depicts a real, unfiltered photograph of the dog in a natural environment, it counts as nature. Since nature is 'yes', I evaluate the sub-axes. The dog is a non-human vertebrate (fauna), placing it under the biotic category. Because this is a real-world physical organism with mass that occupies space, it is classified as material under the Tangibility axis.",False
/home/pmonserrat/datasets/imagenet/extracted_data/n02113624/ILSVRC2012_val_00000147.JPEG,toy poodle,True,True,True,yes,biotic,material,"The target entity is a toy poodle. The visual evidence shows a real-world, living dog. Dogs are non-human vertebrates (fauna), which are explicitly classified under the Biotic category within the Nature definition, fulfilling the inclusion criteria. Since nature is 'yes', I evaluate the sub-axes. A real-world, living dog is a non-human vertebrate (fauna), placing it under the biotic category. Because it is a physical real-world organism with mass that occupies space, it is classified as material under the Tangibility axis.",False
/home/pmonserrat/datasets/imagenet/extracted_data/n02113712/ILSVRC2012_val_00000867.JPEG,miniature poodle,True,True,True,yes,biotic,material,"The target entity is a miniature poodle. The visual evidence shows a real-world photograph of a living animal. Fauna, including domesticated non-human vertebrates like dogs, are explicitly classified under More-Than-Human Living Entities, fulfilling the inclusion criteria for nature. Since nature is 'yes', I evaluate the sub-axes. A miniature poodle is a non-human vertebrate (fauna), placing it under the biotic category. Because this is an unfiltered documentary photograph capturing a real-world physical organism, it is classified as material under the Tangibility axis.",False
/home/pmonserrat/datasets/imagenet/extracted_data/n02113799/ILSVRC2012_val_00000399.JPEG,standard poodle,True,True,True,yes,biotic,material,"The target entity is a standard poodle. The visual evidence shows a real animal, specifically a non-human vertebrate (fauna), which is a living organism. This falls under the inclusion scope for more-than-human living entities, fulfilling the criteria for nature. Since nature is 'yes', I evaluate the sub-axes. A poodle is a non-human vertebrate (fauna), placing it under the biotic category. Because this is a real-world physical organism with mass that occupies space, it is classified as material under the Tangibility axis.",False
/home/pmonserrat/datasets/imagenet/extracted_data/n02113978/ILSVRC2012_val_00000719.JPEG,mexican hairless,True,True,True,yes,biotic,material,"The target entity is a Mexican hairless dog. The visual evidence shows a real animal, specifically a breed of dog known for its lack of fur. Dogs are non-human vertebrates, which fall under the category of Fauna. Since this is a real, living organism, it qualifies as a more-than-human living entity under the Nature definition. Since nature is 'yes', I evaluate the sub-axes. A Mexican hairless dog is a non-human vertebrate (fauna), placing it under the biotic category. Because this is a real-world physical organism with mass that occupies space, it is classified as material under the Tangibility axis.",False
/home/pmonserrat/datasets/imagenet/extracted_data/n02114367/ILSVRC2012_val_00000530.JPEG,timber wolf,True,True,True,yes,biotic,material,"The target entity is a timber wolf. The visual evidence shows a real-world animal in a natural environment. Fauna, including wild, domesticated, or bred non-human vertebrates, are explicitly classified under More-Than-Human Living Entities within the inclusion criteria for nature. Since nature is 'yes', I evaluate the sub-axes. A timber wolf is a non-human vertebrate (fauna), placing it under the biotic category. Because this is an unfiltered documentary photograph capturing a real-world physical organism, it is classified as material under the Tangibility axis.",False
/home/pmonserrat/datasets/imagenet/extracted_data/n02114548/ILSVRC2012_val_00000027.JPEG,white wolf,True,True,True,yes,biotic,material,"The target entity is a white wolf. The visual evidence shows a real-world photograph of a non-human vertebrate animal in a natural environment. This falls under the category of Fauna & Animal Derivatives within the Biotic category, fulfilling the inclusion criteria for nature. Since nature is 'yes', I evaluate the sub-axes. A white wolf is a non-human vertebrate (fauna), placing it under the biotic category. Because this is a real-world physical organism with mass that occupies space, it is classified as material under the Tangibility axis.",False
/home/pmonserrat/datasets/imagenet/extracted_data/n02114712/ILSVRC2012_val_00003172.JPEG,red wolf,True,True,True,yes,biotic,material,"The target entity is a red wolf. The visual evidence shows a real animal in a natural environment, specifically a grassy area. Red wolves are non-human vertebrates, which fall under the category of Fauna & Animal Derivatives within the biotic category. Since the image depicts a real-world physical organism, it counts as nature. Since nature is 'yes', I evaluate the sub-axes. A red wolf is a non-human vertebrate (fauna), placing it under the biotic category. Because this is a real-world physical organism with mass that occupies space, it is classified as material under the Tangibility axis.",False
/home/pmonserrat/datasets/imagenet/extracted_data/n02114855/ILSVRC2012_val_00000156.JPEG,coyote,True,True,True,yes,biotic,material,"The target entity is a coyote. The visual evidence shows a real-world photograph of a living animal in its natural habitat. Coyotes are non-human vertebrates, specifically mammals, which fall under the Flora & Fauna category within the inclusion scope of More-Than-Human Living Entities. This fulfills the criteria for nature. Since nature is 'yes', I evaluate the sub-axes. A coyote is a non-human vertebrate (fauna), placing it under the biotic category. Because the image is an unfiltered documentary photograph capturing a real-world physical organism, it is classified as material under the Tangibility axis.",False
/home/pmonserrat/datasets/imagenet/extracted_data/n02115641/ILSVRC2012_val_00000604.JPEG,dingo,True,True,True,yes,biotic,material,"The target entity is a dingo. The visual evidence shows a real-world animal standing in a grassy environment. As a non-human vertebrate, it falls under the category of Fauna & Animal Derivatives within the Biotic category, fulfilling the inclusion criteria for nature. Since nature is 'yes', I evaluate the sub-axes. A dingo is a non-human vertebrate (fauna), placing it under the biotic category. Because this is an unfiltered documentary photograph capturing a real-world physical organism, it is classified as material under the Tangibility axis.",False
/home/pmonserrat/datasets/imagenet/extracted_data/n02115913/ILSVRC2012_val_00001148.JPEG,dhole,True,True,True,yes,biotic,material,"The target entity is a dhole. The visual evidence shows a real-world animal standing in a natural environment. Dholes are non-human vertebrates, specifically mammals, which fall under the Flora & Fauna category within the inclusion scope of More-Than-Human Living Entities. This fulfills the criteria for nature. Since nature is 'yes', I evaluate the sub-axes. A dhole is a non-human vertebrate (fauna), placing it under the biotic category. Because the image captures a real-world physical organism with mass that occupies space, it is classified as material under the Tangibility axis.",False
/home/pmonserrat/datasets/imagenet/extracted_data/n02116738/ILSVRC2012_val_00000078.JPEG,african hunting dog,True,True,True,yes,biotic,material,"The target entity is an African hunting dog. The visual evidence shows a real animal, a non-human vertebrate, standing in a natural environment. This fulfills the inclusion criteria for more-than-human living organisms under the Nature definition. Since nature is 'yes', I evaluate the sub-axes. An African hunting dog is a non-human vertebrate (fauna), placing it under the biotic category. Because this is a real-world physical organism with mass that occupies space, it is classified as material under the Tangibility axis.",False
/home/pmonserrat/datasets/imagenet/extracted_data/n02117135/ILSVRC2012_val_00000133.JPEG,hyena,True,True,True,yes,biotic,material,"The target entity is a hyena. The visual evidence shows a real-world animal in a natural environment. Hyenas are non-human vertebrates, specifically fauna, which are explicitly included in the definition of nature under the more-than-human living entities category. Since nature is 'yes', I evaluate the sub-axes. A hyena is a non-human vertebrate (fauna), placing it under the biotic category. Because the image captures a real-world physical organism with mass that occupies space, it is classified as material under the Tangibility axis.",False
/home/pmonserrat/datasets/imagenet/extracted_data/n02119022/ILSVRC2012_val_00000157.JPEG,red fox,True,True,True,yes,biotic,material,"The target entity is a red fox. The visual evidence shows a real-world animal, a non-human vertebrate, present in a natural environment. Fauna, including wild, domesticated, or bred non-human vertebrates, are explicitly classified under More-Than-Human Living Entities within the inclusion scope of nature. Since nature is 'yes', I evaluate the sub-axes. A red fox is a non-human vertebrate (fauna), placing it under the biotic category. Because the image captures a real-world physical organism with mass that occupies space, it is classified as material under the Tangibility axis.",False
/home/pmonserrat/datasets/imagenet/extracted_data/n02119789/ILSVRC2012_val_00000756.JPEG,kit fox,True,True,True,yes,biotic,material,"The target entity is a kit fox. The visual evidence shows a real-world photograph of two non-human vertebrates (fauna) in a natural environment. Kit foxes are wild, non-human animals, fulfilling the inclusion criteria for More-Than-Human Living Entities under the Nature definition. Since nature is 'yes', I evaluate the sub-axes. A kit fox is a non-human vertebrate (fauna), placing it under the biotic category. Because the image is an unfiltered documentary photograph capturing a real-world physical organism, it is classified as material under the Tangibility axis.",False
/home/pmonserrat/datasets/imagenet/extracted_data/n02120079/ILSVRC2012_val_00001335.JPEG,arctic fox,True,True,True,yes,biotic,material,"The target entity is an arctic fox. The visual evidence shows a real-world animal, a non-human vertebrate, which is a living organism. Arctic foxes are wild, non-human animals, fulfilling the inclusion criteria for more-than-human living entities under the Nature definition. Since nature is 'yes', I evaluate the sub-axes. An arctic fox is a non-human vertebrate (fauna), placing it under the biotic category. Because this is a real-world physical organism with mass that occupies space, it is classified as material under the Tangibility axis.",False
/home/pmonserrat/datasets/imagenet/extracted_data/n02120505/ILSVRC2012_val_00000323.JPEG,grey fox,True,True,True,yes,biotic,material,"The target entity is a grey fox. The visual evidence shows a real animal, a non-human vertebrate, present in a natural environment. This fulfills the inclusion criteria for More-Than-Human Living Entities under the Nature definition. Since nature is 'yes', I evaluate the sub-axes. A grey fox is a non-human vertebrate (fauna), placing it under the biotic category. Because the image captures a real-world physical organism with mass that occupies space, it is classified as material under the Tangibility axis.",False
/home/pmonserrat/datasets/imagenet/extracted_data/n02123045/ILSVRC2012_val_00001341.JPEG,tabby,True,True,True,yes,biotic,material,"The target entity is a tabby cat. The visual evidence shows a real-world animal, specifically a non-human vertebrate (fauna), which is a living organism. This falls under the category of more-than-human living entities, fulfilling the inclusion criteria for nature. Since nature is 'yes', I evaluate the sub-axes. A tabby cat is a non-human vertebrate (fauna), placing it under the biotic category. Because this is a real-world physical organism with mass that occupies space, it is classified as material under the Tangibility axis.",False
/home/pmonserrat/datasets/imagenet/extracted_data/n02123159/ILSVRC2012_val_00000796.JPEG,tiger cat,True,True,True,yes,biotic,material,"The target entity is a tiger cat. The visual evidence shows a real-world photograph of a living animal. The cat is a non-human vertebrate (fauna), which falls under the inclusion scope of More-Than-Human Living Entities. Since it is a real organism and not a representation or depiction, it counts as nature. Since nature is 'yes', I evaluate the sub-axes. A tiger cat is a non-human vertebrate (fauna), placing it under the biotic category. Because this is an unfiltered documentary photograph capturing a real-world physical organism, it is classified as material under the Tangibility axis.",False
/home/pmonserrat/datasets/imagenet/extracted_data/n02123394/ILSVRC2012_val_00000130.JPEG,persian cat,True,True,True,yes,biotic,material,"The target entity is a Persian cat. The visual evidence shows a real-world living organism, a non-human vertebrate (fauna), which is a more-than-human living entity. This fulfills the inclusion criteria for nature as it is a living organism. Since nature is 'yes', I evaluate the sub-axes. A Persian cat is a non-human vertebrate, placing it under Fauna & Animal Derivatives within the biotic category. Because the image captures a real-world physical organism with mass that occupies space, it is classified as material under the Tangibility axis.",False
/home/pmonserrat/datasets/imagenet/extracted_data/n02123597/ILSVRC2012_val_00000211.JPEG,siamese cat,True,True,True,yes,biotic,material,"The target entity is a Siamese cat. The visual evidence shows a real-world living organism, specifically a non-human vertebrate (fauna). Since the cat is a living entity and not a representation or depiction, it falls under the inclusion criteria for More-Than-Human Living Entities within the Nature definition. Since nature is 'yes', I evaluate the sub-axes. A Siamese cat is a non-human vertebrate (fauna), placing it under the biotic category. Because the image captures a real-world physical organism with mass that occupies space, it is classified as material under the Tangibility axis.",False
/home/pmonserrat/datasets/imagenet/extracted_data/n02124075/ILSVRC2012_val_00000709.JPEG,egyptian cat,True,True,True,yes,biotic,material,"The target entity is an Egyptian cat. The visual evidence shows a real-world, physical animal with fur and natural markings. This is a non-human vertebrate (fauna), fulfilling the inclusion criteria for more-than-human living entities under the Nature definition. Since nature is 'yes', I evaluate the sub-axes. The Egyptian cat is a non-human vertebrate (fauna), placing it under the biotic category. Because this is a real-world physical organism with mass that occupies space, it is classified as material under the Tangibility axis.",False
/home/pmonserrat/datasets/imagenet/extracted_data/n02125311/ILSVRC2012_val_00000012.JPEG,cougar,True,True,True,yes,biotic,material,"The target entity is a cougar. The visual evidence shows a real-world photograph of a living animal. Cougars are non-human vertebrates, specifically mammals, which fall under the Flora & Fauna category within the inclusion scope of More-Than-Human Living Entities. This fulfills the criteria for nature. Since nature is 'yes', I evaluate the sub-axes. A cougar is a non-human vertebrate (fauna), placing it under the biotic category. Because this is an unfiltered documentary photograph capturing a real-world physical organism, it is classified as material under the Tangibility axis.",False
/home/pmonserrat/datasets/imagenet/extracted_data/n02127052/ILSVRC2012_val_00000898.JPEG,lynx,True,True,True,yes,biotic,material,"The target entity is a lynx. The visual evidence shows a real-world photograph of a living animal in a natural environment. The lynx is a non-human vertebrate, specifically a mammal, which falls under the category of Fauna & Animal Derivatives within the biotic category. Since it is a real organism present in the physical environment, it is classified as nature. Since nature is 'yes', I evaluate the sub-axes. The lynx is a non-human vertebrate (fauna), placing it under the biotic category. Because this is an unfiltered documentary photograph capturing a real-world physical organism, it is classified as material under the Tangibility axis.",False
/home/pmonserrat/datasets/imagenet/extracted_data/n02128385/ILSVRC2012_val_00000600.JPEG,leopard,True,True,True,yes,biotic,material,"The target entity is a leopard. The visual evidence shows a real-world photograph of a living animal. Leopards are non-human vertebrates, specifically fauna, and fall under the inclusion scope of More-Than-Human Living Entities. This classification fulfills the criteria for nature. Since nature is 'yes', I evaluate the sub-axes. A leopard is a non-human vertebrate (fauna), placing it under the biotic category. Because the image is an unfiltered documentary photograph capturing a real-world physical organism, it is classified as material under the Tangibility axis.",False
/home/pmonserrat/datasets/imagenet/extracted_data/n02128757/ILSVRC2012_val_00000186.JPEG,snow leopard,True,True,True,yes,biotic,material,"The target entity is a snow leopard. The visual evidence shows a real-world photograph of a living animal. Snow leopards are non-human vertebrates, specifically fauna, and fall under the inclusion scope of More-Than-Human Living Entities. This classification fulfills the criteria for nature. Since nature is 'yes', I evaluate the sub-axes. A snow leopard is a non-human vertebrate (fauna), placing it under the biotic category. Because the image is an unfiltered documentary photograph capturing a real-world physical organism, it is classified as material under the Tangibility axis.",False
/home/pmonserrat/datasets/imagenet/extracted_data/n02128925/ILSVRC2012_val_00000610.JPEG,jaguar,True,True,True,yes,biotic,material,"The target entity is a jaguar. The visual evidence shows a real-world photograph of a living jaguar in a natural environment. Jaguars are wild non-human vertebrates, specifically classified under Fauna & Animal Derivatives within the biotic category, fulfilling the inclusion criteria for nature. Since nature is 'yes', I evaluate the sub-axes. A jaguar is a non-human vertebrate (fauna), placing it under the biotic category. Because this is an unfiltered documentary photograph capturing a real-world physical organism, it is classified as material under the Tangibility axis.",False
/home/pmonserrat/datasets/imagenet/extracted_data/n02129165/ILSVRC2012_val_00001359.JPEG,lion,True,True,True,yes,biotic,material,"The target entity is a lion. The visual evidence shows a real-world photograph of a living lion, a non-human vertebrate. This falls under the category of Fauna & Animal Derivatives within the Biotic category, fulfilling the inclusion criteria for nature. Since nature is 'yes', I evaluate the sub-axes. The lion is a real-world physical organism with mass that occupies space, placing it under the Material category under the Tangibility axis.",False
/home/pmonserrat/datasets/imagenet/extracted_data/n02129604/ILSVRC2012_val_00000303.JPEG,tiger,True,True,True,yes,biotic,material,"The target entity is a tiger. The visual evidence shows a real-world photograph of a living tiger, a non-human vertebrate. This falls under the category of Fauna & Animal Derivatives within the Biotic category, fulfilling the inclusion criteria for nature. Since nature is 'yes', I evaluate the sub-axes. A tiger is a non-human vertebrate (fauna), placing it under the biotic category. Because this is an unfiltered documentary photograph capturing a real-world physical organism, it is classified as material under the Tangibility axis.",False
/home/pmonserrat/datasets/imagenet/extracted_data/n02130308/ILSVRC2012_val_00000348.JPEG,cheetah,True,True,True,yes,biotic,material,"The target entity is a cheetah. The visual evidence shows a real-world animal in its natural habitat, standing in a grassy field. Cheetahs are non-human vertebrates, specifically classified under Fauna & Animal Derivatives within the Biotic category, fulfilling the inclusion criteria for nature. Since nature is 'yes', I evaluate the sub-axes. A cheetah is a non-human vertebrate (fauna), placing it under the biotic category. Because this is an unfiltered documentary photograph capturing a real-world physical organism, it is classified as material under the Tangibility axis.",False
/home/pmonserrat/datasets/imagenet/extracted_data/n02132136/ILSVRC2012_val_00000871.JPEG,brown bear,True,True,True,yes,biotic,material,"The target entity is a brown bear. The visual evidence shows a real-world animal in a natural environment, specifically a river. Brown bears are non-human vertebrates, which fall under the category of Fauna & Animal Derivatives within the biotic category. Since the bear is a living organism present in the physical environment, it fulfills the criteria for nature. Since nature is 'yes', I evaluate the sub-axes. A brown bear is a non-human vertebrate (fauna), placing it under the biotic category. Because the image captures a real-world physical organism with mass that occupies space, it is classified as material under the Tangibility axis.",False
/home/pmonserrat/datasets/imagenet/extracted_data/n02133161/ILSVRC2012_val_00000592.JPEG,american black bear,True,True,True,yes,biotic,material,"The target entity is an American black bear. The visual evidence shows a real-world animal in a natural environment. The American black bear is a non-human vertebrate, specifically a mammal, which falls under the category of Fauna & Animal Derivatives within the Biotic category. Since it is a living organism present in the physical environment, it counts as nature. Since nature is 'yes', I evaluate the sub-axes. The American black bear is a non-human vertebrate (fauna), placing it under the biotic category. Because the image captures a real-world physical organism with mass that occupies space, it is classified as material under the Tangibility axis.",False
/home/pmonserrat/datasets/imagenet/extracted_data/n02134084/ILSVRC2012_val_00001498.JPEG,ice bear,True,True,True,yes,biotic,material,"The target entity is an ice bear. The visual evidence shows a real-world photograph of a polar bear in a snowy environment. Polar bears are non-human vertebrates (fauna), and the snowy environment is a natural habitat. This fulfills the inclusion criteria for more-than-human living entities and ecosystems. Since nature is 'yes', I evaluate the sub-axes. A polar bear is a non-human vertebrate, placing it under Fauna & Animal Derivatives within the biotic category. The image is an unfiltered documentary photograph capturing a real-world physical organism, making it classified as material under the Tangibility axis.",False
/home/pmonserrat/datasets/imagenet/extracted_data/n02134418/ILSVRC2012_val_00001745.JPEG,sloth bear,True,True,True,yes,biotic,material,"The target entity is a sloth bear. The visual evidence shows a real-world photograph of a living animal in its natural habitat. Sloth bears are non-human vertebrates, specifically mammals, which fall under the category of Fauna & Animal Derivatives within the inclusion scope of more-than-human living entities. This fulfills the criteria for nature. Since nature is 'yes', I evaluate the sub-axes. A sloth bear is a non-human vertebrate (fauna), placing it under the biotic category. Because this is an unfiltered documentary photograph capturing a real-world physical organism, it is classified as material under the Tangibility axis.",False
/home/pmonserrat/datasets/imagenet/extracted_data/n02137549/ILSVRC2012_val_00000518.JPEG,mongoose,True,True,True,yes,biotic,material,"The target entity is a mongoose. The visual evidence shows a real-world animal standing on its hind legs in a grassy field with shrubs. Mongoose is a non-human vertebrate, specifically a mammal, which falls under the category of Fauna & Animal Derivatives within the biotic category. Since it is a living organism present in the physical environment, it counts as nature. Since nature is 'yes', I evaluate the sub-axes. A mongoose is a non-human vertebrate (fauna), placing it under the biotic category. Because the image captures a real-world physical organism with mass that occupies space, it is classified as material under the Tangibility axis.",False
/home/pmonserrat/datasets/imagenet/extracted_data/n02138441/ILSVRC2012_val_00000779.JPEG,meerkat,True,True,True,yes,biotic,material,"The target entity is a meerkat. The visual evidence shows a real animal, a non-human vertebrate, which is a living organism. Meerkats fall under the category of Fauna & Animal Derivatives within the more-than-human living entities, fulfilling the inclusion criteria for nature. Since nature is 'yes', I evaluate the sub-axes. A meerkat is a non-human vertebrate (fauna), placing it under the biotic category. Because this is a real-world physical organism with mass that occupies space, it is classified as material under the Tangibility axis.",False
/home/pmonserrat/datasets/imagenet/extracted_data/n02165105/ILSVRC2012_val_00000361.JPEG,tiger beetle,True,True,True,yes,biotic,material,"The target entity is a tiger beetle. The visual evidence shows a real-world photograph of a non-human insect, which is a living organism. Insects fall under the category of Fauna, fulfilling the inclusion criteria for nature. Since nature is 'yes', I evaluate the sub-axes. A tiger beetle is a non-human vertebrate (insect), placing it under Fauna & Animal Derivatives within the biotic category. Because the image is an unfiltered documentary photograph capturing a real-world physical organism, it is classified as material under the Tangibility axis.",False
/home/pmonserrat/datasets/imagenet/extracted_data/n02165456/ILSVRC2012_val_00000625.JPEG,ladybug,True,True,True,yes,biotic,material,"The target entity is a ladybug. The visual evidence shows a real-world photograph of a ladybug on a leaf. Ladybugs are non-human insects, which fall under the category of Fauna within the Inclusion Scope of More-Than-Human Living Entities. This fulfills the criteria for nature. Since nature is 'yes', I evaluate the sub-axes. A ladybug is a non-human vertebrate (insect), placing it under Fauna & Animal Derivatives within the biotic category. Because the image is an unfiltered documentary depiction capturing a real-world physical organism, it is classified as material under the Tangibility axis.",False
/home/pmonserrat/datasets/imagenet/extracted_data/n02167151/ILSVRC2012_val_00000956.JPEG,ground beetle,True,True,True,yes,biotic,material,"The target entity is a ground beetle. The visual evidence shows a real-world photograph of a non-human insect. Ground beetles are wild, non-human organisms, specifically insects, which fall under the Flora & Fauna category within the inclusion scope of More-Than-Human Living Entities. This fulfills the criteria for nature. Since nature is 'yes', I evaluate the sub-axes. A ground beetle is a non-human vertebrate (insect), placing it under Fauna & Animal Derivatives within the biotic category. Because the image is an unfiltered documentary photograph capturing a real-world physical organism, it is classified as material under the Tangibility axis.",False
/home/pmonserrat/datasets/imagenet/extracted_data/n02168699/ILSVRC2012_val_00000926.JPEG,long-horned beetle,True,True,True,yes,biotic,material,"The target entity is a long-horned beetle. The visual evidence shows a real-world insect present in a natural environment. Insects are classified under Fauna & Animal Derivatives within the more-than-human living entities, fulfilling the inclusion criteria for nature. Since nature is 'yes', I evaluate the sub-axes. A long-horned beetle is a non-human vertebrate (fauna), placing it under the biotic category. Because the image captures a real-world physical organism with mass that occupies space, it is classified as material under the Tangibility axis.",False
/home/pmonserrat/datasets/imagenet/extracted_data/n02169497/ILSVRC2012_val_00000510.JPEG,leaf beetle,True,True,True,yes,biotic,material,"The target entity is a leaf beetle. The visual evidence shows a real-world insect on a plant. Leaf beetles are non-human vertebrates (fauna), and they are part of the Flora & Fauna category under More-Than-Human Living Entities, fulfilling the inclusion criteria for nature. Since nature is 'yes', I evaluate the sub-axes. A leaf beetle is a non-human vertebrate (fauna), placing it under the biotic category. Because the image captures a real-world physical organism with mass that occupies space, it is classified as material under the Tangibility axis.",False
/home/pmonserrat/datasets/imagenet/extracted_data/n02172182/ILSVRC2012_val_00000342.JPEG,dung beetle,True,True,True,yes,biotic,material,"The target entity is a dung beetle. The visual evidence shows a real-world photograph of a non-human insect actively engaging with its environment. Dung beetles are wild, non-human organisms classified under Fauna, fulfilling the inclusion criteria for nature. Since nature is 'yes', I evaluate the sub-axes. A dung beetle is a non-human vertebrate (in this case, an insect) and falls under Fauna & Animal Derivatives within the biotic category. Because the image captures a real-world physical organism with mass that occupies space, it is classified as material under the Tangibility axis.",False
/home/pmonserrat/datasets/imagenet/extracted_data/n02174001/ILSVRC2012_val_00000692.JPEG,rhinoceros beetle,True,True,True,yes,biotic,material,"The target entity is a rhinoceros beetle. The visual evidence shows a real-world photograph of two beetles on a tree trunk. Rhinoceros beetles are non-human living organisms (fauna), fulfilling the inclusion criteria for More-Than-Human Living Entities under the Nature definition. Since nature is 'yes', I evaluate the sub-axes. A rhinoceros beetle is a non-human vertebrate (fauna), placing it under the biotic category. Because the image is an unfiltered documentary photograph capturing a real-world physical organism, it is classified as material under the Tangibility axis.",False
/home/pmonserrat/datasets/imagenet/extracted_data/n02177972/ILSVRC2012_val_00001570.JPEG,weevil,True,True,True,yes,biotic,material,"The target entity is a weevil. The visual evidence shows a real-world insect, which is a non-human living organism. Weevils are classified under Fauna, fulfilling the inclusion criteria for nature. Since nature is 'yes', I evaluate the sub-axes. A weevil is a non-human vertebrate (fauna), placing it under the biotic category. Because this is an unfiltered documentary photograph capturing a real-world physical organism, it is classified as material under the Tangibility axis.",False
/home/pmonserrat/datasets/imagenet/extracted_data/n02190166/ILSVRC2012_val_00001763.JPEG,fly,True,True,True,yes,biotic,material,"The target entity is a fly. The visual evidence shows a real-world insect, specifically a non-human vertebrate (fauna), which is a living organism. Flies are classified under Fauna & Animal Derivatives within the inclusion scope of More-Than-Human Living Entities, fulfilling the criteria for nature. Since nature is 'yes', I evaluate the sub-axes. A fly is a non-human vertebrate (fauna), placing it under the biotic category. Because the image captures a real-world physical organism with mass that occupies space, it is classified as material under the Tangibility axis.",False
/home/pmonserrat/datasets/imagenet/extracted_data/n02206856/ILSVRC2012_val_00001876.JPEG,bee,True,True,True,yes,biotic,material,"The target entity is a bee. The visual evidence shows a real-world, non-human living organism (fauna) interacting with a plant (flora). Bees are wild, non-human vertebrates and fall under the inclusion scope of More-Than-Human Living Entities, fulfilling the criteria for nature. Since nature is 'yes', I evaluate the sub-axes. A bee is a non-human vertebrate (fauna), placing it under the biotic category. Because the image is an unfiltered documentary photograph capturing a real-world physical organism, it is classified as material under the Tangibility axis.",False
/home/pmonserrat/datasets/imagenet/extracted_data/n02219486/ILSVRC2012_val_00000407.JPEG,ant,True,True,True,yes,biotic,material,"The target entity is an ant. The visual evidence shows a real-world photograph of a physical ant, a non-human living organism. Ants are classified under Fauna, fulfilling the inclusion criteria for nature. Since nature is 'yes', I evaluate the sub-axes. An ant is a non-human vertebrate (fauna), placing it under the biotic category. Because the image is an unfiltered documentary photograph capturing a real-world physical organism, it is classified as material under the Tangibility axis.",False
/home/pmonserrat/datasets/imagenet/extracted_data/n02226429/ILSVRC2012_val_00000125.JPEG,grasshopper,True,True,True,yes,biotic,material,"The target entity is a grasshopper. The visual evidence shows a real-world insect, which is a non-human living organism. Grasshoppers fall under the category of Fauna, fulfilling the inclusion criteria for nature. Since nature is 'yes', I evaluate the sub-axes. A grasshopper is a non-human vertebrate (fauna), placing it under the biotic category. Because the image captures a real-world physical organism with mass that occupies space, it is classified as material under the Tangibility axis.",False
/home/pmonserrat/datasets/imagenet/extracted_data/n02229544/ILSVRC2012_val_00001873.JPEG,cricket,True,True,True,yes,biotic,material,"The target entity is a cricket. The visual evidence shows a real-world insect, which is a non-human living organism. Crickets fall under the category of Fauna, specifically non-human vertebrates and insects, fulfilling the inclusion criteria for nature. Since nature is 'yes', I evaluate the sub-axes. A cricket is a non-human vertebrate (insect), placing it under Fauna & Animal Derivatives within the biotic category. Because the image captures a real-world physical organism with mass that occupies space, it is classified as material under the Tangibility axis.",False
/home/pmonserrat/datasets/imagenet/extracted_data/n02231487/ILSVRC2012_val_00001585.JPEG,walking stick,True,True,True,yes,biotic,material,"The target entity is a walking stick. The visual evidence shows a green stick insect, which is a non-human living organism (fauna). Walking stick insects are wild, non-human vertebrates that fall under the category of more-than-human living entities, fulfilling the inclusion criteria for nature. Since nature is 'yes', I evaluate the sub-axes. A walking stick insect is a non-human vertebrate (fauna), placing it under the biotic category. Because the image captures a real-world physical organism, it is classified as material under the Tangibility axis.",False
/home/pmonserrat/datasets/imagenet/extracted_data/n02233338/ILSVRC2012_val_00001082.JPEG,cockroach,True,True,True,yes,biotic,material,"The target entity is a cockroach. The visual evidence shows a real-world insect, which is a non-human vertebrate (fauna). Cockroaches are wild, domesticated, or bred non-human organisms, fulfilling the inclusion criteria for More-Than-Human Living Entities under the Nature definition. Since nature is 'yes', I evaluate the sub-axes. A cockroach is a non-human vertebrate (fauna), placing it under the biotic category. Because the image captures a real-world physical organism with mass that occupies space, it is classified as material under the Tangibility axis.",False
/home/pmonserrat/datasets/imagenet/extracted_data/n02236044/ILSVRC2012_val_00000772.JPEG,mantis,True,True,True,yes,biotic,material,"The target entity is a mantis. The visual evidence shows a real-world insect, which is a non-human living organism. Insects fall under the category of Fauna, fulfilling the inclusion criteria for nature. Since nature is 'yes', I evaluate the sub-axes. A mantis is a non-human vertebrate (in this case, an insect), placing it under Fauna & Animal Derivatives within the biotic category. Because the image captures a real-world physical organism, it is classified as material under the Tangibility axis.",False
/home/pmonserrat/datasets/imagenet/extracted_data/n02256656/ILSVRC2012_val_00002649.JPEG,cicada,True,True,True,yes,biotic,material,"The target entity is a cicada. The visual evidence shows a real-world insect, which is a non-human living organism. Cicadas are classified under Fauna, fulfilling the inclusion criteria for nature. Since nature is 'yes', I evaluate the sub-axes. A cicada is a non-human vertebrate (insect), placing it under Fauna & Animal Derivatives within the biotic category. Because the image is an unfiltered documentary photograph capturing a real-world physical organism, it is classified as material under the Tangibility axis.",False
/home/pmonserrat/datasets/imagenet/extracted_data/n02259212/ILSVRC2012_val_00003032.JPEG,leafhopper,True,True,True,yes,biotic,material,"The target entity is a leafhopper. The visual evidence shows a real-world insect, specifically a non-human vertebrate (in this case, an insect), which is a living organism. Leafhoppers are classified under Fauna & Animal Derivatives within the biotic category, fulfilling the inclusion criteria for nature. Since nature is 'yes', I evaluate the sub-axes. A leafhopper is a non-human vertebrate (insect), placing it under Fauna & Animal Derivatives within the biotic category. Because the image is an unfiltered documentary photograph capturing a real-world physical organism, it is classified as material under the Tangibility axis.",False
/home/pmonserrat/datasets/imagenet/extracted_data/n02264363/ILSVRC2012_val_00001466.JPEG,lacewing,True,True,True,yes,biotic,material,"The target entity is a lacewing. The visual evidence shows a real-world photograph of a non-human insect. Lacewings are non-human vertebrates (insects), which fall under Fauna & Animal Derivatives within the inclusion scope for nature. Since nature is 'yes', I evaluate the sub-axes. A lacewing is a non-human vertebrate (insect), placing it under Fauna & Animal Derivatives within the biotic category. Because the image is an unfiltered documentary photograph capturing a real-world physical organism, it is classified as material under the Tangibility axis.",False
/home/pmonserrat/datasets/imagenet/extracted_data/n02268443/ILSVRC2012_val_00000418.JPEG,dragonfly,True,True,True,yes,biotic,material,"The target entity is a dragonfly. The visual evidence shows a real-world insect with a distinct yellow and black body, resting on a plant. Dragonflies are non-human living organisms, specifically insects, which fall under the category of Fauna & Animal Derivatives within the inclusion scope of More-Than-Human Living Entities. This fulfills the criteria for nature. Since nature is 'yes', I evaluate the sub-axes. A dragonfly is a non-human vertebrate (insect), placing it under Fauna & Animal Derivatives within the biotic category. Because the image captures a real-world physical organism with mass that occupies space, it is classified as material under the Tangibility axis.",False
/home/pmonserrat/datasets/imagenet/extracted_data/n02268853/ILSVRC2012_val_00000639.JPEG,damselfly,True,True,True,yes,biotic,material,"The target entity is a damselfly. The visual evidence shows a real-world photograph of a non-human living organism. Damselflies are insects, which fall under the category of Fauna & Animal Derivatives within the inclusion scope of More-Than-Human Living Entities. This fulfills the criteria for nature. Since nature is 'yes', I evaluate the sub-axes. A damselfly is a non-human vertebrate (insect), placing it under Fauna & Animal Derivatives within the biotic category. Because this is an unfiltered documentary photograph capturing a real-world physical organism, it is classified as material under the Tangibility axis.",False
/home/pmonserrat/datasets/imagenet/extracted_data/n02276258/ILSVRC2012_val_00001187.JPEG,admiral,True,True,True,yes,biotic,material,"The target entity is a butterfly. The visual evidence shows a real-world organism, specifically a non-human vertebrate (fauna), which is a living organism. Butterflies are classified under Fauna & Animal Derivatives within the Biotic category, fulfilling the inclusion criteria for nature. Since nature is 'yes', I evaluate the sub-axes. A butterfly is a non-human vertebrate (fauna), placing it under the biotic category. Because this is an unfiltered documentary photograph capturing a real-world physical organism, it is classified as material under the Tangibility axis.",False
/home/pmonserrat/datasets/imagenet/extracted_data/n02277742/ILSVRC2012_val_00000810.JPEG,ringlet,True,True,True,yes,biotic,material,"The target entity is a butterfly. The visual evidence shows a real-world organism, specifically a butterfly, which is a non-human vertebrate. Butterflies are classified under Fauna & Animal Derivatives within the biotic category, fulfilling the inclusion criteria for nature. Since nature is 'yes', I evaluate the sub-axes. A butterfly is a non-human vertebrate (fauna), placing it under the biotic category. Because this is a real-world physical organism with mass that occupies space, it is classified as material under the Tangibility axis.",False
/home/pmonserrat/datasets/imagenet/extracted_data/n02279972/ILSVRC2012_val_00001290.JPEG,monarch,True,True,True,yes,biotic,material,"The target entity is a monarch butterfly. The visual evidence shows a real-world non-human living organism (fauna) interacting with a plant (flora). Monarch butterflies are wild, non-human vertebrates, and their presence in the image fulfills the inclusion criteria for more-than-human living entities under the Nature definition. Since nature is 'yes', I evaluate the sub-axes. A monarch butterfly is a non-human vertebrate (fauna), placing it under the biotic category. Because the image captures a real-world physical organism with mass that occupies space, it is classified as material under the Tangibility axis.",False
/home/pmonserrat/datasets/imagenet/extracted_data/n02280649/ILSVRC2012_val_00000031.JPEG,cabbage butterfly,True,True,True,yes,biotic,material,"The target entity is a cabbage butterfly. The visual evidence shows a real-world insect perched on a flower. Butterflies are non-human living organisms (fauna), fulfilling the inclusion criteria for More-Than-Human Living Entities under the Nature definition. Since nature is 'yes', I evaluate the sub-axes. A cabbage butterfly is a non-human vertebrate (fauna), placing it under the biotic category. Because the image captures a real-world physical organism with mass that occupies space, it is classified as material under the Tangibility axis.",False
/home/pmonserrat/datasets/imagenet/extracted_data/n02281406/ILSVRC2012_val_00000581.JPEG,sulphur butterfly,True,True,True,yes,biotic,material,"The target entity is a sulphur butterfly. The visual evidence shows a real-world organism, specifically a non-human vertebrate (fauna), which is a living entity. Butterflies are wild, non-human organisms that fall under the category of Fauna & Animal Derivatives within the inclusion scope of Nature. Since nature is 'yes', I evaluate the sub-axes. A sulphur butterfly is a non-human vertebrate (fauna), placing it under the biotic category. Because the image captures a real-world physical organism with mass that occupies space, it is classified as material under the Tangibility axis.",False
/home/pmonserrat/datasets/imagenet/extracted_data/n02281787/ILSVRC2012_val_00001536.JPEG,lycaenid,True,True,True,yes,biotic,material,"The target entity is a butterfly. The visual evidence shows a real-world organism, specifically a lycaenid butterfly, which is a non-human vertebrate. Butterflies are classified under Fauna & Animal Derivatives within the biotic category, fulfilling the inclusion criteria for nature. Since nature is 'yes', I evaluate the sub-axes. A butterfly is a non-human vertebrate (fauna), placing it under the biotic category. Because this is a real-world physical organism with mass that occupies space, it is classified as material under the Tangibility axis.",False
/home/pmonserrat/datasets/imagenet/extracted_data/n02317335/ILSVRC2012_val_00001161.JPEG,starfish,True,True,True,yes,biotic,material,"The target entity is a starfish. The visual evidence shows a real-world, physical organism with a distinct biological structure. Starfish are non-human vertebrates (fauna), and they are living organisms, fulfilling the inclusion criteria for more-than-human living entities under the Nature definition. Since nature is 'yes', I evaluate the sub-axes. A starfish is a non-human vertebrate (fauna), placing it under the biotic category. Because the image captures a real-world physical organism with mass that occupies space, it is classified as material under the Tangibility axis.",False
/home/pmonserrat/datasets/imagenet/extracted_data/n02319095/ILSVRC2012_val_00000138.JPEG,sea urchin,True,True,True,yes,biotic,material,"The target entity is a sea urchin. The visual evidence shows a real-world organism with a spiny exterior, characteristic of marine fauna. Sea urchins are non-human vertebrates, specifically echinoderms, and fall under the category of Fauna & Animal Derivatives within the more-than-human living entities, fulfilling the inclusion criteria for nature. Since nature is 'yes', I evaluate the sub-axes. A sea urchin is a non-human vertebrate (fauna), placing it under the biotic category. Because the image captures a real-world physical organism with mass that occupies space, it is classified as material under the Tangibility axis.",False
/home/pmonserrat/datasets/imagenet/extracted_data/n02321529/ILSVRC2012_val_00000301.JPEG,sea cucumber,True,True,True,yes,biotic,material,"The target entity is a sea cucumber. The visual evidence shows a real-world organism submerged in water, identifiable as a non-human living entity. Sea cucumbers are wild, non-human organisms classified under Fauna, fulfilling the inclusion criteria for nature. Since nature is 'yes', I evaluate the sub-axes. A sea cucumber is a non-human vertebrate (fauna), placing it under the biotic category. Because the image captures a real-world physical organism with mass that occupies space, it is classified as material under the Tangibility axis.",False
/home/pmonserrat/datasets/imagenet/extracted_data/n02325366/ILSVRC2012_val_00000097.JPEG,wood rabbit,True,True,True,yes,biotic,material,"The target entity is a wood rabbit. The visual evidence shows a real animal, specifically a non-human vertebrate (fauna), present in a natural environment. Fauna and animal derivatives are explicitly classified under the inclusion scope of More-Than-Human Living Entities, fulfilling the criteria for nature. Since nature is 'yes', I evaluate the sub-axes. A wood rabbit is a non-human vertebrate (fauna), placing it under the biotic category. Because the image captures a real-world physical organism with mass that occupies space, it is classified as material under the Tangibility axis.",False
/home/pmonserrat/datasets/imagenet/extracted_data/n02326432/ILSVRC2012_val_00000644.JPEG,hare,True,True,True,yes,biotic,material,"The target entity is a hare. The visual evidence shows a real-world animal, a non-human vertebrate, present in a natural environment. Fauna, including wild or domesticated non-human vertebrates, are explicitly classified under More-Than-Human Living Entities within the inclusion scope of nature. Since nature is 'yes', I evaluate the sub-axes. A hare is a non-human vertebrate (fauna), placing it under the biotic category. Because the image captures a real-world physical organism with mass that occupies space, it is classified as material under the Tangibility axis.",False
/home/pmonserrat/datasets/imagenet/extracted_data/n02328150/ILSVRC2012_val_00000010.JPEG,angora,True,True,True,yes,biotic,material,"The target entity is an angora. The visual evidence shows a real-world animal with fluffy fur. An angora is a breed of domesticated rabbit known for its dense, soft fur, which is a more-than-human living organism. Since it is a living organism, it falls under the inclusion scope of Flora, Fauna, and Fungi, specifically Fauna & Animal Derivatives. Since nature is 'yes', I evaluate the sub-axes. An angora is a non-human vertebrate (fauna), placing it under the biotic category. Because this is a real-world physical organism with mass that occupies space, it is classified as material under the Tangibility axis.",False
/home/pmonserrat/datasets/imagenet/extracted_data/n02342885/ILSVRC2012_val_00000617.JPEG,hamster,True,True,True,yes,biotic,material,"The target entity is a hamster. The visual evidence shows a real, living animal, which is a non-human vertebrate. Hamsters fall under the category of Fauna & Animal Derivatives within the Biotic category, fulfilling the inclusion criteria for nature. Since nature is 'yes', I evaluate the sub-axes. A hamster is a non-human vertebrate (fauna), placing it under the biotic category. Because the image captures a real-world physical organism with mass that occupies space, it is classified as material under the Tangibility axis.",False
/home/pmonserrat/datasets/imagenet/extracted_data/n02346627/ILSVRC2012_val_00000007.JPEG,porcupine,True,True,True,yes,biotic,material,"The target entity is a porcupine. The visual evidence shows a real-world animal with distinct physical characteristics such as quills and fur. This is a non-human vertebrate, specifically a mammal, which falls under the category of Fauna & Animal Derivatives within the biotic category, fulfilling the inclusion criteria for nature. Since nature is 'yes', I evaluate the sub-axes. A porcupine is a non-human vertebrate (fauna), placing it under the biotic category. Because this is a real-world physical organism with mass that occupies space, it is classified as material under the Tangibility axis.",False
/home/pmonserrat/datasets/imagenet/extracted_data/n02356798/ILSVRC2012_val_00000502.JPEG,fox squirrel,True,True,True,yes,biotic,material,"The target entity is a fox squirrel. The visual evidence shows a real animal in a natural environment, specifically a grassy area. This is a non-human vertebrate (fauna), which is explicitly included under the Flora, Fauna, and Fungi category in the Nature Definition, fulfilling the inclusion criteria for nature. Since nature is 'yes', I evaluate the sub-axes. A fox squirrel is a non-human vertebrate (fauna), placing it under the biotic category. Because the image captures a real-world physical organism with mass that occupies space, it is classified as material under the Tangibility axis.",False
/home/pmonserrat/datasets/imagenet/extracted_data/n02361337/ILSVRC2012_val_00000675.JPEG,marmot,True,True,True,yes,biotic,material,"The target entity is a marmot. The visual evidence shows a real-world animal, specifically a non-human vertebrate, in its natural habitat surrounded by flora. Marmots are wild, non-human mammals, which fall under the category of Fauna & Animal Derivatives within the Biotic category, fulfilling the inclusion criteria for nature. Since nature is 'yes', I evaluate the sub-axes. A marmot is a non-human vertebrate (fauna), placing it under the biotic category. Because this is a real-world physical organism with mass that occupies space, it is classified as material under the Tangibility axis.",False
/home/pmonserrat/datasets/imagenet/extracted_data/n02363005/ILSVRC2012_val_00003202.JPEG,beaver,True,True,True,yes,biotic,material,"The target entity is a beaver. The visual evidence shows a real-world animal, specifically a non-human vertebrate, which is a living organism. Beavers fall under the category of Fauna & Animal Derivatives within the Biotic category, fulfilling the inclusion criteria for nature. Since nature is 'yes', I evaluate the sub-axes. A beaver is a non-human vertebrate (fauna), placing it under the biotic category. Because this is a real-world physical organism with mass that occupies space, it is classified as material under the Tangibility axis.",False
/home/pmonserrat/datasets/imagenet/extracted_data/n02364673/ILSVRC2012_val_00000565.JPEG,guinea pig,True,True,True,yes,biotic,material,"The target entity is a guinea pig. The visual evidence shows a real, live non-human vertebrate being held by a person. Guinea pigs are wild, domesticated, or bred non-human organisms, specifically mammals, which fall under the Flora & Fauna category within the inclusion scope of More-Than-Human Living Entities. This fulfills the criteria for nature. Since nature is 'yes', I evaluate the sub-axes. A guinea pig is a non-human vertebrate (fauna), placing it under the biotic category. Because the image depicts a real-world physical organism with mass that occupies space, it is classified as material under the Tangibility axis.",False
/home/pmonserrat/datasets/imagenet/extracted_data/n02389026/ILSVRC2012_val_00000179.JPEG,sorrel,True,True,True,yes,biotic,material,"The target entity is a horse. The visual evidence shows a real animal, specifically a horse, which is a non-human vertebrate. Horses fall under the category of Fauna & Animal Derivatives within the Biotic category, fulfilling the inclusion criteria for nature. Since nature is 'yes', I evaluate the sub-axes. A horse is a non-human vertebrate (fauna), placing it under the biotic category. Because this is a real-world physical organism with mass that occupies space, it is classified as material under the Tangibility axis.",False
/home/pmonserrat/datasets/imagenet/extracted_data/n02391049/ILSVRC2012_val_00002070.JPEG,zebra,True,True,True,yes,biotic,material,"The target entity is a zebra. The visual evidence shows a real-world animal with distinct black and white stripes. Zebras are non-human vertebrates, specifically classified under Fauna, fulfilling the inclusion criteria for nature. Since nature is 'yes', I evaluate the sub-axes. A zebra is a non-human vertebrate (fauna), placing it under the biotic category. Because this is an unfiltered documentary photograph capturing a real-world physical organism, it is classified as material under the Tangibility axis.",False
/home/pmonserrat/datasets/imagenet/extracted_data/n02395406/ILSVRC2012_val_00000478.JPEG,hog,True,True,True,yes,biotic,material,"The target entity is a hog. The visual evidence shows two live pigs in a barn setting. Pigs are non-human vertebrates (fauna), explicitly classified under Flora & Fauna within the inclusion scope of More-Than-Human Living Entities. This is a real-world physical organism with mass and presence, fulfilling the criteria for nature. Since nature is 'yes', I evaluate the sub-axes. A hog is a non-human vertebrate (fauna), placing it under the biotic category. Because this is a real-world physical animal with mass and presence, it is classified as material under the Tangibility axis.",False
/home/pmonserrat/datasets/imagenet/extracted_data/n02396427/ILSVRC2012_val_00002006.JPEG,wild boar,True,True,True,yes,biotic,material,"The target entity is a wild boar. The visual evidence shows a real animal in a natural environment. Wild boars are non-human vertebrates, which fall under the Flora & Fauna category within the More-Than-Human Living Entities inclusion scope, fulfilling the criteria for nature. Since nature is 'yes', I evaluate the sub-axes. A wild boar is a non-human vertebrate (fauna), placing it under the biotic category. Because the image captures a real-world physical organism with mass that occupies space, it is classified as material under the Tangibility axis.",False
/home/pmonserrat/datasets/imagenet/extracted_data/n02397096/ILSVRC2012_val_00000136.JPEG,warthog,True,True,True,yes,biotic,material,"The target entity is a warthog. The visual evidence shows a real-world animal, specifically a non-human vertebrate, which is a living organism. Warthogs fall under the category of Fauna & Animal Derivatives within the Biotic category, fulfilling the inclusion criteria for nature. Since nature is 'yes', I evaluate the sub-axes. A warthog is a non-human vertebrate (fauna), placing it under the biotic category. Because this is a real-world physical organism with mass that occupies space, it is classified as material under the Tangibility axis.",False
/home/pmonserrat/datasets/imagenet/extracted_data/n02398521/ILSVRC2012_val_00001066.JPEG,hippopotamus,True,True,True,yes,biotic,material,"The target entity is a hippopotamus. The visual evidence shows a real-world animal present in its natural habitat. As a non-human vertebrate, it falls under the category of Fauna & Animal Derivatives within the Biotic category, fulfilling the inclusion criteria for nature. Since nature is 'yes', I evaluate the sub-axes. A hippopotamus is a non-human vertebrate (fauna), placing it under the biotic category. Because this is an unfiltered documentary photograph capturing a real-world physical organism, it is classified as material under the Tangibility axis.",False
/home/pmonserrat/datasets/imagenet/extracted_data/n02403003/ILSVRC2012_val_00001280.JPEG,ox,True,True,True,yes,biotic,material,"The target entity is an ox. The visual evidence shows a real-world, physical animal grazing in a grassy area near a body of water. Oxs are non-human vertebrates (fauna), and they are present in their natural environment, fulfilling the inclusion criteria for nature. Since nature is 'yes', I evaluate the sub-axes. An ox is a non-human vertebrate (fauna), placing it under the biotic category. Because the image captures a real-world physical organism with mass that occupies space, it is classified as material under the Tangibility axis.",False
/home/pmonserrat/datasets/imagenet/extracted_data/n02408429/ILSVRC2012_val_00000306.JPEG,water buffalo,True,True,True,yes,biotic,material,"The target entity is a water buffalo. The visual evidence shows a real animal, a non-human vertebrate, partially submerged in water. This falls under Fauna & Animal Derivatives within the Biotic category, fulfilling the inclusion criteria for nature. Since nature is 'yes', I evaluate the sub-axes. A water buffalo is a non-human vertebrate (fauna), placing it under the biotic category. Because the image captures a real-world physical organism with mass that occupies space, it is classified as material under the Tangibility axis.",False
/home/pmonserrat/datasets/imagenet/extracted_data/n02410509/ILSVRC2012_val_00002433.JPEG,bison,True,True,True,yes,biotic,material,"The target entity is a bison. The visual evidence shows a real-world, unfiltered photograph of a living bison lying on the ground near a body of water. A bison is a non-human vertebrate (fauna), which falls under the inclusion scope of More-Than-Human Living Entities. Since it is a real, living organism, it counts as nature. Since nature is 'yes', I evaluate the sub-axes. A bison is a non-human vertebrate (fauna), placing it under the biotic category. Because the image is an unfiltered documentary photograph capturing a real-world physical organism, it is classified as material under the Tangibility axis.",False
/home/pmonserrat/datasets/imagenet/extracted_data/n02412080/ILSVRC2012_val_00001027.JPEG,ram,True,True,True,yes,biotic,material,"The target entity is a ram. The visual evidence shows a real-world photograph of a living animal, specifically a sheep with prominent curved horns. This is a non-human vertebrate (fauna), which is explicitly included under the Flora, Fauna, and Fungi category in the Nature Definition. The ram is a wild or domesticated non-human organism, fulfilling the inclusion criteria for nature. Since nature is 'yes', I evaluate the sub-axes. A ram is a non-human vertebrate (fauna), placing it under the biotic category. Because the image is an unfiltered documentary photograph capturing a real-world physical organism, it is classified as material under the Tangibility axis.",False
/home/pmonserrat/datasets/imagenet/extracted_data/n02415577/ILSVRC2012_val_00000100.JPEG,bighorn,True,True,True,yes,biotic,material,"The target entity is a bighorn sheep. The visual evidence shows a real-world animal grazing in a rocky, grassy environment. Bighorn sheep are non-human vertebrates, specifically fauna, and are included under the Flora & Fauna category within the more-than-human living entities. This fulfills the inclusion criteria for nature. Since nature is 'yes', I evaluate the sub-axes. Bighorn sheep are non-human vertebrates (fauna), placing them under the biotic category. Because the image captures a real-world physical organism with mass that occupies space, it is classified as material under the Tangibility axis.",False
/home/pmonserrat/datasets/imagenet/extracted_data/n02417914/ILSVRC2012_val_00000444.JPEG,ibex,True,True,True,yes,biotic,material,"The target entity is an ibex. The visual evidence shows a real-world animal with prominent curved horns and fur, indicating it is a living organism. Ibexes are wild, non-human vertebrates, specifically mammals, which fall under the Flora & Fauna category within the More-Than-Human Living Entities inclusion scope, fulfilling the criteria for nature. Since nature is 'yes', I evaluate the sub-axes. An ibex is a non-human vertebrate (fauna), placing it under the biotic category. Because the image captures a real-world physical organism with mass that occupies space, it is classified as material under the Tangibility axis.",False
/home/pmonserrat/datasets/imagenet/extracted_data/n02422106/ILSVRC2012_val_00001232.JPEG,hartebeest,True,True,True,yes,biotic,material,"The target entity is a hartebeest. The visual evidence shows a real-world animal standing in a grassy field. Fauna, including wild, domesticated, or bred non-human vertebrates, are explicitly classified under More-Than-Human Living Entities within the inclusion scope of nature. Since nature is 'yes', I evaluate the sub-axes. A hartebeest is a non-human vertebrate (fauna), placing it under the biotic category. Because the image captures a real-world physical organism with mass that occupies space, it is classified as material under the Tangibility axis.",False
/home/pmonserrat/datasets/imagenet/extracted_data/n02422699/ILSVRC2012_val_00000127.JPEG,impala,True,True,True,yes,biotic,material,"The target entity is an impala. The visual evidence shows a real-world photograph of impalas in their natural habitat. Impalas are non-human vertebrates (fauna), which are explicitly classified under More-Than-Human Living Entities in the inclusion scope of nature. Since the image captures a real-world physical organism, it fulfills the criteria for nature. Since nature is 'yes', I evaluate the sub-axes. An impala is a non-human vertebrate (fauna), placing it under the biotic category. Because the image is an unfiltered documentary photograph capturing a real-world physical organism, it is classified as material under the Tangibility axis.",False
/home/pmonserrat/datasets/imagenet/extracted_data/n02423022/ILSVRC2012_val_00003125.JPEG,gazelle,True,True,True,yes,biotic,material,"The target entity is a gazelle. The visual evidence shows a real-world animal in a natural environment. Gazelles are non-human vertebrates, specifically fauna, which are explicitly included in the Nature definition under More-Than-Human Living Entities. Since nature is 'yes', I evaluate the sub-axes. A gazelle is a non-human vertebrate (fauna), placing it under the biotic category. Because the image captures a real-world physical organism with mass that occupies space, it is classified as material under the Tangibility axis.",False
/home/pmonserrat/datasets/imagenet/extracted_data/n02437312/ILSVRC2012_val_00002271.JPEG,arabian camel,True,True,True,yes,biotic,material,"The target entity is an Arabian camel. The visual evidence shows a real-world animal, specifically a non-human vertebrate, which is a living organism. This falls under the category of Flora, Fauna, or Fungi as defined in the Nature Definition, fulfilling the inclusion criteria for nature. Since nature is 'yes', I evaluate the sub-axes. An Arabian camel is a non-human vertebrate (fauna), placing it under the biotic category. Because the image captures a real-world physical organism with mass that occupies space, it is classified as material under the Tangibility axis.",False
/home/pmonserrat/datasets/imagenet/extracted_data/n02437616/ILSVRC2012_val_00000343.JPEG,llama,True,True,True,yes,biotic,material,"The target entity is a llama. The visual evidence shows a real-world, living non-human vertebrate animal present in a natural forest environment. Llamas are wild or domesticated non-human mammals, explicitly classified under Fauna & Animal Derivatives within the inclusion scope of more-than-human living entities. Since nature is 'yes', I evaluate the sub-axes. A llama is a non-human vertebrate (fauna), placing it under the biotic category. Because this is a real-world physical organism with mass that occupies space, it is classified as material under the Tangibility axis.",False
/home/pmonserrat/datasets/imagenet/extracted_data/n02441942/ILSVRC2012_val_00000723.JPEG,weasel,True,True,True,yes,biotic,material,"The target entity is a weasel. The visual evidence shows a real-world animal, specifically a non-human vertebrate, present in a natural environment. Fauna, including wild, domesticated, or bred non-human vertebrates, are explicitly classified under More-Than-Human Living Entities, fulfilling the inclusion criteria for nature. Since nature is 'yes', I evaluate the sub-axes. A weasel is a non-human vertebrate (fauna), placing it under the biotic category. Because the image captures a real-world physical organism with mass that occupies space, it is classified as material under the Tangibility axis.",False
/home/pmonserrat/datasets/imagenet/extracted_data/n02442845/ILSVRC2012_val_00002028.JPEG,mink,True,True,True,yes,biotic,material,"The target entity is a mink. The visual evidence shows a real-world animal, specifically a non-human vertebrate (fauna), which is a living organism. This fulfills the inclusion criteria for More-Than-Human Living Entities under the Nature definition. Since nature is 'yes', I evaluate the sub-axes. A mink is a non-human vertebrate (fauna), placing it under the biotic category. Because the image captures a real-world physical organism with mass that occupies space, it is classified as material under the Tangibility axis.",False
/home/pmonserrat/datasets/imagenet/extracted_data/n02443114/ILSVRC2012_val_00000055.JPEG,polecat,True,True,True,yes,biotic,material,"The target entity is a polecat. The visual evidence shows a real-world animal, specifically a non-human vertebrate. Polecats are wild, non-human mammals, which fall under the category of Fauna & Animal Derivatives within the inclusion scope of More-Than-Human Living Entities. This fulfills the criteria for nature. Since nature is 'yes', I evaluate the sub-axes. A polecat is a non-human vertebrate (fauna), placing it under the biotic category. Because the image captures a real-world physical organism with mass that occupies space, it is classified as material under the Tangibility axis.",False
/home/pmonserrat/datasets/imagenet/extracted_data/n02443484/ILSVRC2012_val_00000326.JPEG,black-footed ferret,True,True,True,yes,biotic,material,"The target entity is a black-footed ferret. The visual evidence shows a real animal, specifically a non-human vertebrate, which is a living organism. This falls under the category of more-than-human living entities, fulfilling the inclusion criteria for nature. Since nature is 'yes', I evaluate the sub-axes. A black-footed ferret is a non-human vertebrate (fauna), placing it under the biotic category. Because the image captures a real-world physical organism with mass that occupies space, it is classified as material under the Tangibility axis.",False
/home/pmonserrat/datasets/imagenet/extracted_data/n02444819/ILSVRC2012_val_00001407.JPEG,otter,True,True,True,yes,biotic,material,"The target entity is an otter. The visual evidence shows a real-world photograph of a living otter, a non-human vertebrate (fauna). This falls under the inclusion criteria for more-than-human living entities, specifically Fauna & Animal Derivatives within the biotic category, fulfilling the nature definition. Since nature is 'yes', I evaluate the sub-axes. An otter is a non-human vertebrate (fauna), placing it under the biotic category. Because this is an unfiltered documentary photograph capturing a real-world physical organism, it is classified as material under the Tangibility axis.",False
/home/pmonserrat/datasets/imagenet/extracted_data/n02445715/ILSVRC2012_val_00000181.JPEG,skunk,True,True,True,yes,biotic,material,"The target entity is a skunk. The visual evidence shows a real-world non-human vertebrate being held by a person. Skunks are wild, non-human animals, explicitly classified under Fauna & Animal Derivatives within the inclusion scope of More-Than-Human Living Entities. This fulfills the criteria for nature. Since nature is 'yes', I evaluate the sub-axes. A skunk is a non-human vertebrate (fauna), placing it under the biotic category. Because this is a real-world physical organism with mass that occupies space, it is classified as material under the Tangibility axis.",False
/home/pmonserrat/datasets/imagenet/extracted_data/n02447366/ILSVRC2012_val_00000726.JPEG,badger,True,True,True,yes,biotic,material,"The target entity is a badger. The visual evidence shows two real-world animals, specifically non-human vertebrates, engaging in a natural activity. Badgers are wild, non-human mammals, which fall under the Flora & Fauna category within the inclusion scope of More-Than-Human Living Entities. This fulfills the criteria for nature. Since nature is 'yes', I evaluate the sub-axes. A badger is a non-human vertebrate (fauna), placing it under the biotic category. Because the image captures real-world physical organisms with mass that occupy space, it is classified as material under the Tangibility axis.",False
/home/pmonserrat/datasets/imagenet/extracted_data/n02454379/ILSVRC2012_val_00002448.JPEG,armadillo,True,True,True,yes,biotic,material,"The target entity is an armadillo. The visual evidence shows a real-world animal, specifically a non-human vertebrate, which is a living organism. Armadillos fall under the category of Fauna & Animal Derivatives within the more-than-human living entities, fulfilling the inclusion criteria for nature. Since nature is 'yes', I evaluate the sub-axes. An armadillo is a non-human vertebrate (fauna), placing it under the biotic category. Because this is a real-world physical organism with mass that occupies space, it is classified as material under the Tangibility axis.",False
/home/pmonserrat/datasets/imagenet/extracted_data/n02457408/ILSVRC2012_val_00001442.JPEG,three-toed sloth,True,True,True,yes,biotic,material,"The target entity is a three-toed sloth. The visual evidence shows a real-world photograph of a living animal in its natural habitat. The sloth is a non-human vertebrate, specifically a mammal, which falls under the category of Fauna & Animal Derivatives within the more-than-human living entities. This fulfills the inclusion criteria for nature. Since nature is 'yes', I evaluate the sub-axes. A three-toed sloth is a non-human vertebrate (fauna), placing it under the biotic category. Because the image is an unfiltered documentary photograph capturing a real-world physical organism, it is classified as material under the Tangibility axis.",False
/home/pmonserrat/datasets/imagenet/extracted_data/n02480495/ILSVRC2012_val_00001535.JPEG,orangutan,True,True,True,yes,biotic,material,"The target entity is an orangutan. The visual evidence shows a real-world photograph of a living animal. Orangutans are non-human vertebrates, specifically primates, which fall under the category of Fauna & Animal Derivatives within the biotic category. Since it is a real-world organism, it is classified as nature. Since nature is 'yes', I evaluate the sub-axes. An orangutan is a non-human vertebrate (fauna), placing it under the biotic category. Because this is an unfiltered documentary photograph capturing a real-world physical organism, it is classified as material under the Tangibility axis.",False
/home/pmonserrat/datasets/imagenet/extracted_data/n02480855/ILSVRC2012_val_00000093.JPEG,gorilla,True,True,True,yes,biotic,material,"The target entity is a gorilla. The visual evidence shows a real-world photograph of a living gorilla in a natural environment. Gorillas are non-human vertebrates, specifically classified under Fauna, fulfilling the inclusion criteria for nature. Since nature is 'yes', I evaluate the sub-axes. A gorilla is a non-human vertebrate (fauna), placing it under the biotic category. Because this is an unfiltered documentary photograph capturing a real-world physical organism, it is classified as material under the Tangibility axis.",False
/home/pmonserrat/datasets/imagenet/extracted_data/n02481823/ILSVRC2012_val_00000553.JPEG,chimpanzee,True,True,True,yes,biotic,material,"The target entity is a chimpanzee. The visual evidence shows a real-world photograph of a living animal in a natural environment. Chimpanzees are non-human vertebrates, specifically primates, which fall under the category of Fauna & Animal Derivatives within the biotic category. Since it is a real organism, it is classified as nature. Since nature is 'yes', I evaluate the sub-axes. A chimpanzee is a non-human vertebrate (fauna), placing it under the biotic category. Because this is an unfiltered documentary photograph capturing a real-world physical organism, it is classified as material under the Tangibility axis.",False
/home/pmonserrat/datasets/imagenet/extracted_data/n02483362/ILSVRC2012_val_00003388.JPEG,gibbon,True,True,True,yes,biotic,material,"The target entity is a gibbon. The visual evidence shows a real-world photograph of a living gibbon, a non-human primate. Gibbons are wild, non-human vertebrates, which fall under the Flora & Fauna category within the inclusion scope of More-Than-Human Living Entities. This fulfills the criteria for nature. Since nature is 'yes', I evaluate the sub-axes. A gibbon is a non-human vertebrate (fauna), placing it under the biotic category. Because the image is an unfiltered documentary photograph capturing a real-world physical organism, it is classified as material under the Tangibility axis.",False
/home/pmonserrat/datasets/imagenet/extracted_data/n02483708/ILSVRC2012_val_00000087.JPEG,siamang,True,True,True,yes,biotic,material,"The target entity is a siamang. The visual evidence shows a real-world photograph of a living primate in a natural environment. Siamangs are non-human vertebrates, specifically primates, which fall under the category of Fauna & Animal Derivatives within the Biotic category. Since it is a real organism present in the physical environment, it fulfills the criteria for nature. Since nature is 'yes', I evaluate the sub-axes. A siamang is a non-human vertebrate (fauna), placing it under the biotic category. Because the image captures a real-world physical organism with mass that occupies space, it is classified as material under the Tangibility axis.",False
/home/pmonserrat/datasets/imagenet/extracted_data/n02484975/ILSVRC2012_val_00000013.JPEG,guenon,True,True,True,yes,biotic,material,"The target entity is a guenon. The visual evidence shows a real-world photograph of a non-human primate. Guenons are wild, non-human vertebrates, specifically under the category of Fauna. Since they are living organisms and part of the biological ecosystems, they fulfill the inclusion criteria for nature. Since nature is 'yes', I evaluate the sub-axes. A guenon is a non-human vertebrate (fauna), placing it under the biotic category. Because this is an unfiltered documentary photograph capturing a real-world physical organism, it is classified as material under the Tangibility axis.",False
/home/pmonserrat/datasets/imagenet/extracted_data/n02486261/ILSVRC2012_val_00000964.JPEG,patas,True,True,True,yes,biotic,material,"The target entity is a monkey. The visual evidence shows a real-world photograph of a non-human vertebrate (fauna) in a natural environment. Fauna and animal derivatives are explicitly classified under the Biotic category within the Nature definition, fulfilling the inclusion criteria. Since nature is 'yes', I evaluate the sub-axes. A monkey is a non-human vertebrate (fauna), placing it under the biotic category. Because this is an unfiltered documentary photograph capturing a real-world physical organism, it is classified as material under the Tangibility axis.",False
/home/pmonserrat/datasets/imagenet/extracted_data/n02486410/ILSVRC2012_val_00000486.JPEG,baboon,True,True,True,yes,biotic,material,"The target entity is a baboon. The visual evidence shows a real-world photograph of a non-human primate. Baboons are wild, non-human vertebrates, which fall under the Flora & Fauna category within the inclusion scope for nature. Since nature is 'yes', I evaluate the sub-axes. A baboon is a non-human vertebrate (fauna), placing it under the biotic category. Because the image is an unfiltered documentary photograph capturing a real-world physical organism, it is classified as material under the Tangibility axis.",False
/home/pmonserrat/datasets/imagenet/extracted_data/n02487347/ILSVRC2012_val_00000095.JPEG,macaque,True,True,True,yes,biotic,material,"The target entity is a macaque. The visual evidence shows a real-world photograph of a living non-human primate. The macaque is a non-human vertebrate (fauna), which falls under the inclusion scope of More-Than-Human Living Entities. Since it is a real organism and not a representation or depiction, it counts as nature. Since nature is 'yes', I evaluate the sub-axes. A macaque is a non-human vertebrate (fauna), placing it under the biotic category. Because the image is an unfiltered documentary photograph capturing a real-world physical organism, it is classified as material under the Tangibility axis.",False
/home/pmonserrat/datasets/imagenet/extracted_data/n02488291/ILSVRC2012_val_00001254.JPEG,langur,True,True,True,yes,biotic,material,"The target entity is a langur. The visual evidence shows a real-world photograph of a living non-human primate. Langurs are wild, non-human vertebrates, which fall under the category of Fauna & Animal Derivatives within the inclusion scope of More-Than-Human Living Entities. This fulfills the criteria for nature. Since nature is 'yes', I evaluate the sub-axes. A langur is a non-human vertebrate (fauna), placing it under the biotic category. Because the image is an unfiltered documentary photograph capturing a real-world physical organism, it is classified as material under the Tangibility axis.",False
/home/pmonserrat/datasets/imagenet/extracted_data/n02488702/ILSVRC2012_val_00001095.JPEG,colobus,True,True,True,yes,biotic,material,"The target entity is a colobus. The visual evidence shows a real animal, specifically a non-human vertebrate (fauna), which is a living organism. This fulfills the inclusion criteria for more-than-human living entities under the Nature definition. Since nature is 'yes', I evaluate the sub-axes. A colobus is a non-human vertebrate (fauna), placing it under the biotic category. Because the image captures a real-world physical organism, it is classified as material under the Tangibility axis.",False
/home/pmonserrat/datasets/imagenet/extracted_data/n02489166/ILSVRC2012_val_00000206.JPEG,proboscis monkey,True,True,True,yes,biotic,material,"The target entity is a proboscis monkey. The visual evidence shows a real-world photograph of a non-human primate in its natural habitat, surrounded by trees and foliage. This fulfills the inclusion criteria for More-Than-Human Living Entities (Fauna) under the Nature definition. Since nature is 'yes', I evaluate the sub-axes. A proboscis monkey is a non-human vertebrate (fauna), placing it under the biotic category. Because the image is an unfiltered documentary photograph capturing a real-world physical organism, it is classified as material under the Tangibility axis.",False
/home/pmonserrat/datasets/imagenet/extracted_data/n02490219/ILSVRC2012_val_00000520.JPEG,marmoset,True,True,True,yes,biotic,material,"The target entity is a marmoset. The visual evidence shows a real-world living organism, specifically a non-human primate, which is a more-than-human living entity. Marmosets are wild, domesticated, or bred non-human vertebrates, fulfilling the inclusion criteria for Flora & Fauna within the Nature definition. Since nature is 'yes', I evaluate the sub-axes. A marmoset is a non-human vertebrate (fauna), placing it under the biotic category. Because this is a real-world physical organism with mass that occupies space, it is classified as material under the Tangibility axis.",False
/home/pmonserrat/datasets/imagenet/extracted_data/n02492035/ILSVRC2012_val_00002450.JPEG,capuchin,True,True,True,yes,biotic,material,"The target entity is a capuchin. The visual evidence shows a real-world photograph of a living primate. Capuchins are non-human vertebrates, specifically primates, which fall under the category of Fauna & Animal Derivatives within the Biotic category. Since the image captures a real animal in its natural or near-natural environment, it fulfills the criteria for nature. Since nature is 'yes', I evaluate the sub-axes. A capuchin is a non-human vertebrate (fauna), placing it under the biotic category. Because the image is an unfiltered documentary photograph capturing a real-world physical organism, it is classified as material under the Tangibility axis.",False
/home/pmonserrat/datasets/imagenet/extracted_data/n02492660/ILSVRC2012_val_00003118.JPEG,howler monkey,True,True,True,yes,biotic,material,"The target entity is a howler monkey. The visual evidence shows a real-world photograph of a non-human vertebrate (fauna) in its natural habitat. Fauna and animal derivatives are explicitly classified under the inclusion scope for more-than-human living entities, fulfilling the criteria for nature. Since nature is 'yes', I evaluate the sub-axes. A howler monkey is a non-human vertebrate (fauna), placing it under the biotic category. Because the image is an unfiltered documentary photograph capturing a real-world physical organism, it is classified as material under the Tangibility axis.",False
/home/pmonserrat/datasets/imagenet/extracted_data/n02493509/ILSVRC2012_val_00000340.JPEG,titi,True,True,True,yes,biotic,material,"The target entity is a 'titi', which appears to be a real-world photograph of a non-human primate (a type of monkey). The visual evidence shows a living organism with fur and expressive eyes, situated in a natural environment with green foliage. This aligns with the inclusion criteria for more-than-human living entities (Fauna) under the Nature definition. Since nature is 'yes', I evaluate the sub-axes. The 'titi' is a non-human vertebrate (fauna), placing it under the biotic category. The image captures a real-world physical organism with mass that occupies space, making it classified as material under the Tangibility axis.",False
/home/pmonserrat/datasets/imagenet/extracted_data/n02493793/ILSVRC2012_val_00003812.JPEG,spider monkey,True,True,True,yes,biotic,material,"The target entity is a spider monkey. The visual evidence shows a real-world photograph of a living non-human primate (fauna) in its natural habitat. Fauna and animal derivatives are explicitly classified under the inclusion scope of More-Than-Human Living Entities, fulfilling the criteria for nature. Since nature is 'yes', I evaluate the sub-axes. A spider monkey is a non-human vertebrate (fauna), placing it under the biotic category. Because the image is an unfiltered documentary photograph capturing a real-world physical organism, it is classified as material under the Tangibility axis.",False
/home/pmonserrat/datasets/imagenet/extracted_data/n02494079/ILSVRC2012_val_00002011.JPEG,squirrel monkey,True,True,True,yes,biotic,material,"The target entity is a squirrel monkey. The visual evidence shows a real-world photograph of a non-human primate in a natural environment. Squirrel monkeys are wild, non-human vertebrates, which fall under the Flora & Fauna category within the inclusion scope of More-Than-Human Living Entities. This fulfills the criteria for nature. Since nature is 'yes', I evaluate the sub-axes. A squirrel monkey is a non-human vertebrate (fauna), placing it under the biotic category. Because the image is an unfiltered documentary photograph capturing a real-world physical organism, it is classified as material under the Tangibility axis.",False
/home/pmonserrat/datasets/imagenet/extracted_data/n02497673/ILSVRC2012_val_00000092.JPEG,madagascar cat,True,True,True,yes,biotic,material,"The target entity is a 'Madagascar cat', which is a lemur. The visual evidence shows a real animal in a natural environment. This is a non-human vertebrate (fauna), fulfilling the inclusion criteria for more-than-human living entities under the Nature definition. Since nature is 'yes', I evaluate the sub-axes. A lemur is a non-human vertebrate, placing it under Fauna & Animal Derivatives within the biotic category. Because the image captures a real-world physical organism with mass that occupies space, it is classified as material under the Tangibility axis.",False
/home/pmonserrat/datasets/imagenet/extracted_data/n02500267/ILSVRC2012_val_00001025.JPEG,indri,True,True,True,yes,biotic,material,"The target entity is an indri. The visual evidence shows a real-world photograph of a living animal. The indri is a non-human vertebrate (fauna), fulfilling the inclusion criteria for more-than-human living entities under the Nature definition. Since nature is 'yes', I evaluate the sub-axes. An indri is a non-human vertebrate (fauna), placing it under the biotic category. Because the image is an unfiltered documentary photograph capturing a real-world physical organism, it is classified as material under the Tangibility axis.",False
/home/pmonserrat/datasets/imagenet/extracted_data/n02504013/ILSVRC2012_val_00000597.JPEG,indian elephant,True,True,True,yes,biotic,material,"The target entity is an Indian elephant. The visual evidence shows a real-world, physical animal with a natural appearance, standing in a natural environment. This is a non-human vertebrate (fauna), which is explicitly included under the Flora & Fauna category in the Nature definition, fulfilling the inclusion criteria. Since nature is 'yes', I evaluate the sub-axes. An Indian elephant is a non-human vertebrate (fauna), placing it under the biotic category. Because the image captures a real-world physical organism with mass that occupies space, it is classified as material under the Tangibility axis.",False
/home/pmonserrat/datasets/imagenet/extracted_data/n02504458/ILSVRC2012_val_00001177.JPEG,african elephant,True,True,True,yes,biotic,material,"The target entity is an African elephant. The visual evidence shows a real-world, living animal in a natural environment. African elephants are non-human vertebrates, specifically fauna, which are explicitly included in the Nature definition under More-Than-Human Living Entities. This fulfills the inclusion criteria for nature. Since nature is 'yes', I evaluate the sub-axes. An African elephant is a non-human vertebrate (fauna), placing it under the biotic category. Because the image captures a real-world physical organism with mass that occupies space, it is classified as material under the Tangibility axis.",False
/home/pmonserrat/datasets/imagenet/extracted_data/n02509815/ILSVRC2012_val_00002863.JPEG,lesser panda,True,True,True,yes,biotic,material,"The target entity is a lesser panda. The visual evidence shows a real animal, specifically a red panda, which is a non-human vertebrate. This falls under the category of Fauna & Animal Derivatives within the Biotic category, fulfilling the inclusion criteria for nature. Since nature is 'yes', I evaluate the sub-axes. A lesser panda is a non-human vertebrate (fauna), placing it under the biotic category. Because this is a real-world physical organism with mass that occupies space, it is classified as material under the Tangibility axis.",False
/home/pmonserrat/datasets/imagenet/extracted_data/n02510455/ILSVRC2012_val_00000481.JPEG,giant panda,True,True,True,yes,biotic,material,"The target entity is a giant panda. The visual evidence shows a real-world animal, specifically a non-human vertebrate, which is a living organism. This fulfills the inclusion criteria for more-than-human living entities under the Nature definition. Since nature is 'yes', I evaluate the sub-axes. A giant panda is a non-human vertebrate (fauna), placing it under the biotic category. Because the image captures a real-world physical organism with mass that occupies space, it is classified as material under the Tangibility axis.",False
/home/pmonserrat/datasets/imagenet/extracted_data/n02514041/ILSVRC2012_val_00000312.JPEG,barracouta,True,True,True,yes,biotic,material,"The target entity is a barracouta. The visual evidence shows a real-world living organism, specifically a fish, swimming in an underwater environment. Barracouta is a non-human vertebrate, which falls under the category of Fauna & Animal Derivatives within the inclusion scope of more-than-human living entities. This fulfills the criteria for nature. Since nature is 'yes', I evaluate the sub-axes. A barracouta is a non-human vertebrate (fauna), placing it under the biotic category. Because the image captures a real-world physical organism with mass that occupies space, it is classified as material under the Tangibility axis.",False
/home/pmonserrat/datasets/imagenet/extracted_data/n02526121/ILSVRC2012_val_00000066.JPEG,eel,True,True,True,yes,biotic,material,"The target entity is an eel. The visual evidence shows a real-world organism, specifically a non-human vertebrate, which is a living creature. Eels fall under the category of Fauna, which is included in the More-Than-Human Living Entities under the Nature definition. Since nature is 'yes', I evaluate the sub-axes. An eel is a non-human vertebrate (fauna), placing it under the biotic category. Because the image captures a real-world physical organism with mass that occupies space, it is classified as material under the Tangibility axis.",False
/home/pmonserrat/datasets/imagenet/extracted_data/n02536864/ILSVRC2012_val_00002364.JPEG,coho,True,True,True,yes,biotic,material,"The target entity is a coho salmon. The visual evidence shows a real-world organism swimming in a natural underwater environment. Coho salmon are non-human vertebrates, specifically a type of fish, which fall under Fauna & Animal Derivatives within the biotic category, fulfilling the inclusion criteria for nature. Since nature is 'yes', I evaluate the sub-axes. A coho salmon is a non-human vertebrate (fauna), placing it under the biotic category. Because the image captures a real-world physical organism with mass that occupies space, it is classified as material under the Tangibility axis.",False
/home/pmonserrat/datasets/imagenet/extracted_data/n02606052/ILSVRC2012_val_00000124.JPEG,rock beauty,True,True,True,yes,biotic,material,"The target entity is a yellow spotted sea slug. The visual evidence shows a real-world organism with a distinct biological structure and pattern. This organism is a non-human living entity (fauna), specifically a marine invertebrate, which falls under the inclusion criteria for more-than-human living organisms. It is a biological organism with a physical presence, fulfilling the criteria for nature. Since nature is 'yes', I evaluate the sub-axes. The sea slug is a non-human vertebrate (fauna), placing it under the biotic category. Because this is an unfiltered documentary photograph capturing a real-world physical organism, it is classified as material under the Tangibility axis.",False
/home/pmonserrat/datasets/imagenet/extracted_data/n02607072/ILSVRC2012_val_00001176.JPEG,anemone fish,True,True,True,yes,biotic,material,"The target entity is an anemone fish. The visual evidence shows a real-world living organism, specifically a non-human vertebrate (fauna), interacting with its natural environment (sea anemones). This fulfills the inclusion criteria for more-than-human living entities under the Nature definition. Since nature is 'yes', I evaluate the sub-axes. An anemone fish is a non-human vertebrate, placing it under Fauna & Animal Derivatives within the biotic category. Because the image captures a real-world physical organism with mass that occupies space, it is classified as material under the Tangibility axis.",False
/home/pmonserrat/datasets/imagenet/extracted_data/n02640242/ILSVRC2012_val_00000050.JPEG,sturgeon,True,True,True,yes,biotic,material,"The target entity is a sturgeon. The visual evidence shows a real fish, specifically a sturgeon, which is a non-human vertebrate. This falls under the category of Fauna & Animal Derivatives within the Biotic category, as it is a living organism. Since it is a real-world physical object with mass that occupies space, it is classified as material under the Tangibility axis. Since nature is 'yes', I evaluate the sub-axes. A sturgeon is a non-human vertebrate (fauna), placing it under the biotic category. Because this is a real-world physical organism, it is classified as material under the Tangibility axis.",False
/home/pmonserrat/datasets/imagenet/extracted_data/n02641379/ILSVRC2012_val_00001975.JPEG,gar,True,True,True,yes,biotic,material,"The target entity is a gar. The visual evidence shows a real-world physical organism, specifically a non-human vertebrate, lying on the ground. This falls under Fauna & Animal Derivatives within the Biotic category, fulfilling the inclusion criteria for nature. Since nature is 'yes', I evaluate the sub-axes. A gar is a non-human vertebrate (fauna), placing it under the biotic category. Because it is a real-world physical organism with mass that occupies space, it is classified as material under the Tangibility axis.",False
/home/pmonserrat/datasets/imagenet/extracted_data/n02643566/ILSVRC2012_val_00000196.JPEG,lionfish,True,True,True,yes,biotic,material,"The target entity is a lionfish. The visual evidence shows a real-world living organism, specifically a marine fish, present in its natural underwater environment. Lionfish are non-human vertebrates, fulfilling the inclusion criteria for Fauna & Animal Derivatives within the Biotic category under the Nature definition. Since nature is 'yes', I evaluate the sub-axes. A lionfish is a non-human vertebrate (fauna), placing it under the biotic category. Because the image captures a real-world physical organism with mass that occupies space, it is classified as material under the Tangibility axis.",False
/home/pmonserrat/datasets/imagenet/extracted_data/n02655020/ILSVRC2012_val_00000699.JPEG,puffer,True,True,True,yes,biotic,material,"The target entity is a pufferfish. The visual evidence shows a real-world living organism, specifically a non-human vertebrate (fauna), which is a wild or naturally occurring organism. This fulfills the inclusion criteria for more-than-human living entities under the Nature definition. Since nature is 'yes', I evaluate the sub-axes. A pufferfish is a non-human vertebrate (fauna), placing it under the biotic category. Because the image captures a real-world physical organism with mass that occupies space, it is classified as material under the Tangibility axis.",False
/home/pmonserrat/datasets/imagenet/extracted_data/n02666196/ILSVRC2012_val_00000038.JPEG,abacus,False,,,no,none,none,"The target entity is an abacus. The visual evidence shows a manufactured functional object made of plastic and metal. Because the original natural texture of the materials is completely unidentifiable and altered, and the object does not depict a natural entity, it falls strictly under the Homogenous Artefacts exclusion and fails the criteria for nature. Not applicable since the entity is not classified as nature.",False
/home/pmonserrat/datasets/imagenet/extracted_data/n02666196/ILSVRC2012_val_00000417.JPEG,abacus,False,,,no,none,none,"The target entity is an abacus. The visual evidence shows a manufactured functional object made of metal and beads. Because the original natural texture of the materials is completely unidentifiable and altered, and the object does not depict a natural entity, it falls strictly under the Homogenous Artefacts exclusion and fails the criteria for nature. Not applicable since the entity is not classified as nature.",False
/home/pmonserrat/datasets/imagenet/extracted_data/n02667093/ILSVRC2012_val_00001285.JPEG,abaya,False,,,no,none,none,"The target entity is an abaya. The visual evidence shows a garment made of fabric, typically worn by women in certain cultures. While the fabric may be derived from natural materials like cotton or silk, the abaya itself is a manufactured item. Since it is a homogenous artefact where the original natural texture is unidentifiable and the object does not depict a natural entity, it falls strictly under the Homogenous Artefacts exclusion and fails the criteria for nature. Not applicable since the entity is not classified as nature.",False
/home/pmonserrat/datasets/imagenet/extracted_data/n02667093/ILSVRC2012_val_00001495.JPEG,abaya,False,,,no,none,none,"The target entity is an abaya. The visual evidence shows a manufactured garment made of fabric, with decorative elements such as butterfly pins. Since the original natural texture of the materials is completely unidentifiable and altered, and the object does not depict a natural entity, it falls strictly under the Homogenous Artefacts exclusion and fails the criteria for nature. Not applicable since the entity is not classified as nature.",False
/home/pmonserrat/datasets/imagenet/extracted_data/n02669723/ILSVRC2012_val_00000851.JPEG,academic gown,False,,,no,none,none,"The target entity is an academic gown. The visual evidence shows a manufactured garment made of fabric, typically worn during academic ceremonies. Academic gowns are not natural entities but are crafted objects. They do not fall under the categories of more-than-human living entities, ecosystems, or non-living natural elements and processes. Additionally, they are not representations of nature but rather functional attire. Therefore, they do not meet the criteria for nature under the provided taxonomy. Not applicable since the entity is not classified as nature.",False
/home/pmonserrat/datasets/imagenet/extracted_data/n02669723/ILSVRC2012_val_00002220.JPEG,academic gown,False,,,yes,biotic,material,"The target entity is an academic gown. The visual evidence shows a ceremonial garment worn by a person. Academic gowns are manufactured items made from fabric, which is a processed material derived from plants (cotton, wool, etc.). While the gown itself is not a natural entity, it is a crafted object where the natural material of origin (plants) remains visually identifiable by its structure and texture. Therefore, it counts as a Nature-Based Artefact under the inclusion criteria. Since nature is 'yes', I evaluate the sub-axes. The academic gown is made from processed plant materials, placing it under Flora & Plant Derivatives within the biotic category. Because it is a physical three-dimensional object with mass that occupies space, it is classified as material under the Tangibility axis.",False
/home/pmonserrat/datasets/imagenet/extracted_data/n02672831/ILSVRC2012_val_00000204.JPEG,accordion,False,,,no,none,none,"The target entity is an accordion. The visual evidence shows a manufactured musical instrument made of materials such as wood, metal, and possibly leather. Since the original natural texture of the materials is completely unidentifiable and altered, and the object does not depict a natural entity, it falls strictly under the Homogenous Artefacts exclusion and fails the criteria for nature. Not applicable since the entity is not classified as nature.",False
/home/pmonserrat/datasets/imagenet/extracted_data/n02676566/ILSVRC2012_val_00001416.JPEG,acoustic guitar,False,,,no,none,none,"The target entity is an acoustic guitar. The visual evidence shows a manufactured musical instrument made primarily of wood and other materials. While the guitar is a crafted object, it does not fall under the category of Nature-Based Artefacts because it does not retain the natural material's grain or texture as a defining characteristic. Instead, it is a homogenous artefact where the original natural texture is unidentifiable and altered. Therefore, it does not meet the inclusion criteria for nature. Not applicable since the entity is not classified as nature.",False
/home/pmonserrat/datasets/imagenet/extracted_data/n02687172/ILSVRC2012_val_00000289.JPEG,aircraft carrier,False,,,no,none,none,"The target entity is an aircraft carrier. The visual evidence shows a large naval vessel with an aircraft on its deck. Aircraft carriers are manufactured structural objects made of metal and other industrial materials. Since the original natural texture of the materials is completely unidentifiable and altered, and the object does not depict a natural entity, it falls strictly under the Homogenous Artefacts exclusion and fails the criteria for nature. Not applicable since the entity is not classified as nature.",False
/home/pmonserrat/datasets/imagenet/extracted_data/n02690373/ILSVRC2012_val_00000631.JPEG,airliner,False,,,no,none,none,"The target entity is an airliner. The visual evidence shows a manufactured functional object made of metal and composite materials. Because the original natural texture of the materials is completely unidentifiable and altered, and the object does not depict a natural entity, it falls strictly under the Homogenous Artefacts exclusion and fails the criteria for nature. Not applicable since the entity is not classified as nature.",False
/home/pmonserrat/datasets/imagenet/extracted_data/n02692877/ILSVRC2012_val_00001602.JPEG,airship,False,,,no,none,none,"The target entity is an airship. The visual evidence shows a large, metallic vessel floating in the sky. Airships are manufactured objects and do not fall under the categories of flora, fauna, fungi, or natural environments. They are not representations of nature but rather technological constructs. Not applicable since the entity is not classified as nature.",False
/home/pmonserrat/datasets/imagenet/extracted_data/n02699494/ILSVRC2012_val_00000932.JPEG,altar,False,,,yes,biotic,immaterial,"The target entity is an altar. The visual evidence shows a constructed structure with various religious statues and artifacts. While the altar itself is a manufactured object, it contains representations of more-than-human living entities (the statues of Buddha and other figures), which count as Representations of Nature. The altar is a physical object with mass and occupies space, but its primary purpose is symbolic and representational. Since nature is 'yes', I evaluate the sub-axes. The altar contains representations of non-human living entities (Buddha statues), placing its conceptual subject under the biotic category. Although the altar is a physical object, its primary purpose is symbolic and representational, classifying it as immaterial under the Tangibility axis.",False
/home/pmonserrat/datasets/imagenet/extracted_data/n02701002/ILSVRC2012_val_00001910.JPEG,ambulance,False,,,no,none,none,"The target entity is an ambulance. The visual evidence shows a manufactured vehicle made of metal and plastic, with no natural material or texture visible. It is a functional object designed for transportation and medical purposes, not a natural entity or representation of nature. Since it falls under the Homogenous Artefacts exclusion and does not depict a natural entity, it is not classified as nature. Not applicable since the entity is not classified as nature.",False
/home/pmonserrat/datasets/imagenet/extracted_data/n02704792/ILSVRC2012_val_00000998.JPEG,amphibian,False,,,yes,biotic,material,"The target entity is an amphibian. The visual evidence shows a real-world depiction of a living organism, specifically a non-human vertebrate. Amphibians fall under the category of Fauna & Animal Derivatives within the Biotic category, fulfilling the inclusion criteria for nature. Since nature is 'yes', I evaluate the sub-axes. An amphibian is a non-human vertebrate (fauna), placing it under the biotic category. Because the image is an unfiltered documentary photograph capturing a real-world physical organism, it is classified as material under the Tangibility axis.",False
/home/pmonserrat/datasets/imagenet/extracted_data/n02708093/ILSVRC2012_val_00001011.JPEG,analog clock,False,,,no,none,none,"The target entity is an analog clock. The visual evidence shows a manufactured functional object made of materials such as wood and metal. The original natural texture of the materials is completely unidentifiable and altered, and the object does not depict a natural entity. It falls strictly under the Homogenous Artefacts exclusion and fails the criteria for nature. Not applicable since the entity is not classified as nature.",False
/home/pmonserrat/datasets/imagenet/extracted_data/n02727426/ILSVRC2012_val_00002391.JPEG,apiary,False,,,yes,biotic,material,"The target entity is an apiary. The visual evidence shows a person holding a frame covered in bees, with a beehive in the background. An apiary is a place where bees are kept and managed, which involves non-human living organisms (bees) and their interaction with the environment. This fits under the inclusion scope of More-Than-Human Living Entities and Ecosystems & Environments. Since nature is 'yes', I evaluate the sub-axes. Bees are non-human fauna, placing this under the biotic category. The apiary is a physical structure present in the real world, with bees actively engaging in their natural behavior, making it a material entity under the Tangibility axis.",False
/home/pmonserrat/datasets/imagenet/extracted_data/n02730930/ILSVRC2012_val_00000771.JPEG,apron,False,,,no,none,none,"The target entity is an apron. The visual evidence shows a manufactured garment made of fabric. Since aprons are functional objects made from materials that do not retain the natural texture of their origin and do not depict a natural entity, they fall under the Homogenous Artefacts exclusion and fail the criteria for nature. Not applicable since the entity is not classified as nature.",False
/home/pmonserrat/datasets/imagenet/extracted_data/n02747177/ILSVRC2012_val_00000422.JPEG,ashcan,False,,,no,none,none,"The target entity is an ashcan. The visual evidence shows a manufactured functional object made of metal and plastic. Because the original natural texture of the materials is completely unidentifiable and altered, and the object does not depict a natural entity, it falls strictly under the Homogenous Artefacts exclusion and fails the criteria for nature. Not applicable since the entity is not classified as nature.",False
/home/pmonserrat/datasets/imagenet/extracted_data/n02749479/ILSVRC2012_val_00000268.JPEG,assault rifle,True,True,True,no,none,none,"The target entity is an assault rifle. The visual evidence shows a manufactured functional object made of metal and plastic. Because the original natural texture of the materials is completely unidentifiable and altered, and the object does not depict a natural entity, it falls strictly under the Homogenous Artefacts exclusion and fails the criteria for nature. Not applicable since the entity is not classified as nature.",False
/home/pmonserrat/datasets/imagenet/extracted_data/n02769748/ILSVRC2012_val_00000459.JPEG,backpack,False,,,no,none,none,"The target entity is a backpack. The visual evidence shows a manufactured functional object made of synthetic materials such as nylon or polyester, with straps and buckles. Since the original natural texture of the materials is completely unidentifiable and altered, and the object does not depict a natural entity, it falls strictly under the Homogenous Artefacts exclusion and fails the criteria for nature. Not applicable since the entity is not classified as nature.",False
/home/pmonserrat/datasets/imagenet/extracted_data/n02776631/ILSVRC2012_val_00000008.JPEG,bakery,False,,,yes,biotic,material,"The target entity is a bakery. The visual evidence shows a collection of colorful macarons, which are processed food items. According to the taxonomy, processed food and drinks, including edible solid or liquid elements at any processing level, count as nature under the Ingestion Criterion. This fulfills the inclusion criteria for nature. Since nature is 'yes', I evaluate the sub-axes. Macarons are processed food items derived from ingredients like sugar, butter, and eggs, placing them under Processed Food & Drinks within the biotic category. Because they are edible solid items with physical presence and mass, they are classified as material under the Tangibility axis.",False
/home/pmonserrat/datasets/imagenet/extracted_data/n02777292/ILSVRC2012_val_00000494.JPEG,balance beam,False,,,no,none,none,"The target entity is a balance beam. The visual evidence shows a piece of gymnastics equipment used for performing routines. It is a manufactured structural object made of materials like wood or fiberglass, which do not have a natural origin or texture that remains visually identifiable. Since it falls under the Homogenous Artefacts exclusion and does not depict a natural entity, it is not classified as nature. Not applicable since the entity is not classified as nature.",False
/home/pmonserrat/datasets/imagenet/extracted_data/n02782093/ILSVRC2012_val_00001731.JPEG,balloon,False,,,no,none,none,"The target entity is a balloon. The visual evidence shows a large, inflatable object with a cartoonish face design. While the balloon is a manufactured object, it is not explicitly classified as a nature-based artefact because it does not retain the natural material of origin in a visually identifiable form. The balloon is a synthetic object made of materials like nylon or latex, which are not derived from natural entities in a way that fits the inclusion criteria for nature. Not applicable since the entity is not classified as nature.",False
/home/pmonserrat/datasets/imagenet/extracted_data/n02783161/ILSVRC2012_val_00000721.JPEG,ballpoint,False,,,no,none,none,"The target entity is a ballpoint pen. The visual evidence shows a manufactured functional object made of metal and plastic. Because the original natural texture of the materials is completely unidentifiable and altered, and the object does not depict a natural entity, it falls strictly under the Homogenous Artefacts exclusion and fails the criteria for nature. Not applicable since the entity is not classified as nature.",False
/home/pmonserrat/datasets/imagenet/extracted_data/n02786058/ILSVRC2012_val_00000400.JPEG,band aid,False,,,no,none,none,"The target entity is a band aid. The visual evidence shows a manufactured adhesive bandage, which is a processed material used for medical purposes. Since it is a manufactured object and not a natural entity, it falls under the Homogenous Artefacts exclusion and does not count as nature. Not applicable since the entity is not classified as nature.",False
/home/pmonserrat/datasets/imagenet/extracted_data/n02787622/ILSVRC2012_val_00000315.JPEG,banjo,False,,,no,none,none,"The target entity is a banjo. The visual evidence shows a musical instrument being held by a person. The banjo is a manufactured object made of materials such as wood, metal, and other synthetic components. Since it is a homogenous artefact where the original natural texture is unidentifiable and the object does not depict a natural entity, it falls strictly under the Homogenous Artefacts exclusion and fails the criteria for nature. Not applicable since the entity is not classified as nature.",False
/home/pmonserrat/datasets/imagenet/extracted_data/n02788148/ILSVRC2012_val_00000272.JPEG,bannister,False,,,no,none,none,"The target entity is a bannister. The visual evidence shows a manufactured structural object made of metal with intricate designs. Since the original natural texture of the materials is completely unidentifiable and altered, and the object does not depict a natural entity, it falls strictly under the Homogenous Artefacts exclusion and fails the criteria for nature. Not applicable since the entity is not classified as nature.",False
/home/pmonserrat/datasets/imagenet/extracted_data/n02790996/ILSVRC2012_val_00004406.JPEG,barbell,False,,,no,none,none,"The target entity is a barbell. The visual evidence shows a manufactured functional object made of metal, typically used for weightlifting. Since the original natural texture of the materials is completely unidentifiable and altered, and the object does not depict a natural entity, it falls strictly under the Homogenous Artefacts exclusion and fails the criteria for nature. Not applicable since the entity is not classified as nature.",False
/home/pmonserrat/datasets/imagenet/extracted_data/n02791124/ILSVRC2012_val_00000759.JPEG,barber chair,False,,,no,none,none,"The target entity is a barber chair. The visual evidence shows a manufactured functional object made of metal and leather. Because the original natural texture of the materials is completely unidentifiable and altered, and the object does not depict a natural entity, it falls strictly under the Homogenous Artefacts exclusion and fails the criteria for nature. Not applicable since the entity is not classified as nature.",False
/home/pmonserrat/datasets/imagenet/extracted_data/n02791270/ILSVRC2012_val_00000076.JPEG,barbershop,False,,,no,none,none,"The target entity is a barbershop. The visual evidence shows a commercial establishment with signage and interior decor related to barbering services. Under the provided taxonomy, human beings and human-related services are explicitly excluded from the nature definition. The barbershop is a human-made structure and service facility, not a more-than-human living entity, ecosystem, or natural process. Not applicable since the entity is not classified as nature.",False
/home/pmonserrat/datasets/imagenet/extracted_data/n02793495/ILSVRC2012_val_00000234.JPEG,barn,False,,,no,none,none,"The target entity is a barn. The visual evidence shows a man-made structure made of wood, which is a processed material derived from trees. While the barn itself is a manufactured object, it is situated in a natural environment and is a part of the agricultural landscape. However, under the provided taxonomy, the barn is considered a homogenous artefact because the original natural texture of the wood is altered and not visually identifiable as such. Therefore, it does not count as a Nature-Based Artefact. Not applicable since the entity is not classified as nature.",False
/home/pmonserrat/datasets/imagenet/extracted_data/n02794156/ILSVRC2012_val_00000287.JPEG,barometer,False,,,no,none,none,"The target entity is a barometer. The visual evidence shows a manufactured instrument used to measure atmospheric pressure. Since it is a functional object made of materials like metal and glass, and does not depict or represent a natural entity, it falls under the Homogenous Artefacts exclusion and fails the criteria for nature. Not applicable since the entity is not classified as nature.",False
/home/pmonserrat/datasets/imagenet/extracted_data/n02795169/ILSVRC2012_val_00000687.JPEG,barrel,False,,,no,none,none,"The target entity is a barrel. The visual evidence shows a painted surface with horizontal stripes, indicating it is likely a manufactured object. Since barrels are typically made from natural materials like wood or metal, but the image shows a painted surface without clear evidence of natural material texture, it falls under the Homogenous Artefacts exclusion. Manufactured objects where the original natural texture is unidentifiable and the object does not depict a natural entity are excluded from nature. Not applicable since the entity is not classified as nature.",False
/home/pmonserrat/datasets/imagenet/extracted_data/n02797295/ILSVRC2012_val_00002509.JPEG,barrow,False,,,no,none,none,"The target entity is a barrow. The visual evidence shows a manufactured functional object made of metal and rubber. Because the original natural texture of the materials is completely unidentifiable and altered, and the object does not depict a natural entity, it falls strictly under the Homogenous Artefacts exclusion and fails the criteria for nature. Not applicable since the entity is not classified as nature.",False
/home/pmonserrat/datasets/imagenet/extracted_data/n02799071/ILSVRC2012_val_00001468.JPEG,baseball,False,,,no,none,none,"The target entity is a baseball. The visual evidence shows a manufactured sports object made of leather and laced with stitching. While the object is derived from natural materials (leather from animals), it is a processed and manufactured item. Since it does not fall under the categories of more-than-human living entities, ecosystems, or non-living natural elements and processes, and it is not a nature-based artifact with identifiable natural texture, it is excluded from the nature taxonomy. Not applicable since the entity is not classified as nature.",False
/home/pmonserrat/datasets/imagenet/extracted_data/n02802426/ILSVRC2012_val_00001517.JPEG,basketball,False,,,no,none,none,"The target entity is a basketball. The visual evidence shows a spherical object used in the sport of basketball. While the basketball is a manufactured item, it is not classified as a Nature-Based Artefact because it does not retain the natural material of origin in a visually identifiable way. It is a synthetic object designed for human use and does not fall under the categories of Flora, Fauna, Fungi, or any natural processes. Not applicable since the entity is not classified as nature.",False
/home/pmonserrat/datasets/imagenet/extracted_data/n02804414/ILSVRC2012_val_00000354.JPEG,bassinet,False,,,no,none,none,"The target entity is a bassinet. The visual evidence shows a manufactured structural object designed to hold a baby, typically made of materials like fabric and metal. Since it is a manufactured object where the original natural texture is unidentifiable and the object does not depict a natural entity, it falls strictly under the Homogenous Artefacts exclusion and fails the criteria for nature. Not applicable since the entity is not classified as nature.",False
/home/pmonserrat/datasets/imagenet/extracted_data/n02804610/ILSVRC2012_val_00001090.JPEG,bassoon,False,,,yes,biotic,material,"The target entity is a bassoon. The visual evidence shows a manufactured musical instrument made primarily of wood and metal. While the natural material of origin (wood) is visually identifiable, the object is a processed and manufactured artefact. Since it is a crafted object where the natural material remains visually identifiable by its structure, grain, or texture, it counts as a Nature-Based Artefact, fulfilling the inclusion criteria. Since nature is 'yes', I evaluate the sub-axes. The bassoon is made from wood, which is a processed material derived from trees, placing it under Flora & Plant Derivatives within the biotic category. Because it is a real-world physical object with mass that occupies space, it is classified as material under the Tangibility axis.",False
/home/pmonserrat/datasets/imagenet/extracted_data/n02807133/ILSVRC2012_val_00001013.JPEG,bathing cap,False,,,no,none,none,"The target entity is a bathing cap. The visual evidence shows a manufactured object designed to cover the head, typically made of synthetic or rubber materials. Since it is a homogenous artefact where the original natural texture is unidentifiable and the object does not depict a natural entity, it falls strictly under the Homogenous Artefacts exclusion and fails the criteria for nature. Not applicable since the entity is not classified as nature.",False
/home/pmonserrat/datasets/imagenet/extracted_data/n02808304/ILSVRC2012_val_00001384.JPEG,bath towel,False,,,yes,biotic,material,"The target entity is a bath towel. The visual evidence shows a manufactured textile product made of fabric, which is a processed material derived from plants (cotton, for example). While homogenous artefacts are excluded, manufactured objects where the natural material of origin remains visually identifiable by its structure, grain, or texture explicitly count as Nature-Based Artefacts, fulfilling the inclusion criteria. Since nature is 'yes', I evaluate the sub-axes. A bath towel is a processed material derived from plants (Flora & Plant Derivatives) within the biotic category. Because it is a real-world physical object with mass that occupies space, it is classified as material under the Tangibility axis.",False
/home/pmonserrat/datasets/imagenet/extracted_data/n02808440/ILSVRC2012_val_00002563.JPEG,bathtub,False,,,no,none,none,"The target entity is a bathtub. The visual evidence shows a discarded, weathered bathtub placed in an outdoor setting. While the bathtub is a manufactured object, it is not a homogenous artefact because it retains some characteristics of its original material (e.g., metal or porcelain) and does not depict a natural entity. However, it is not classified as a Nature-Based Artefact because it is primarily a man-made object used for human activities and does not fulfill the criteria for nature under the provided definition. Not applicable since the entity is not classified as nature.",False
/home/pmonserrat/datasets/imagenet/extracted_data/n02814533/ILSVRC2012_val_00000175.JPEG,beach wagon,False,,,no,none,none,"The target entity is a beach wagon. The visual evidence shows a vintage car, which is a manufactured object made of metal and other synthetic materials. Since the original natural texture of the materials is completely unidentifiable and altered, and the object does not depict a natural entity, it falls strictly under the Homogenous Artefacts exclusion and fails the criteria for nature. Not applicable since the entity is not classified as nature.",False
/home/pmonserrat/datasets/imagenet/extracted_data/n02814860/ILSVRC2012_val_00000483.JPEG,beacon,False,,,no,none,none,"The target entity is a lighthouse. The visual evidence shows a man-made structure with a light source at the top. Lighthouses are human-made constructions and do not fall under the categories of flora, fauna, fungi, or natural environments. They are not classified as nature-based artefacts because they do not retain the natural material of origin in a visually identifiable way. Additionally, they are not representations of nature but rather functional structures. Not applicable since the entity is not classified as nature.",False
/home/pmonserrat/datasets/imagenet/extracted_data/n02815834/ILSVRC2012_val_00000253.JPEG,beaker,False,,,no,none,none,"The target entity is a beaker. The visual evidence shows a manufactured functional object made of glass with measurement markings. Because the original natural texture of the materials is completely unidentifiable and altered, and the object does not depict a natural entity, it falls strictly under the Homogenous Artefacts exclusion and fails the criteria for nature. Not applicable since the entity is not classified as nature.",False
/home/pmonserrat/datasets/imagenet/extracted_data/n02817516/ILSVRC2012_val_00001048.JPEG,bearskin,False,,,yes,biotic,material,"The target entity is a bearskin, which is a piece of fur typically used in military uniforms. The visual evidence shows a manufactured item made from animal fur, specifically from a bear. While the fur is derived from a natural source, it is processed and crafted into a uniform component. Nature-Based Artefacts include items where the natural material of origin remains visually identifiable by its structure, grain, or texture. In this case, the bearskin retains the natural texture and appearance of bear fur, making it a Nature-Based Artefact. Since nature is 'yes', I evaluate the sub-axes. The bearskin is derived from a non-human animal (fauna), placing it under Fauna & Animal Derivatives within the biotic category. Because it is a physical object with mass that occupies space and retains the natural texture of the bear fur, it is classified as material under the Tangibility axis.",False
/home/pmonserrat/datasets/imagenet/extracted_data/n02823428/ILSVRC2012_val_00000654.JPEG,beer bottle,False,,,no,none,none,"The target entity is a beer bottle. The visual evidence shows a manufactured container made of glass, which is a processed material derived from silica, a mineral. While the original natural texture of the materials is completely unidentifiable and altered, and the object does not depict a natural entity, it falls under the category of Processed Food & Drinks (The Ingestion Criterion) as it is an edible solid/liquid element at any processing level. However, since the primary purpose of the bottle is to contain a processed product rather than being a nature-based artefact, it does not count as nature under the provided definition. Not applicable since the entity is not classified as nature.",False
/home/pmonserrat/datasets/imagenet/extracted_data/n02823750/ILSVRC2012_val_00003782.JPEG,beer glass,False,,,yes,biotic,material,"The target entity is a glass of beer. The visual evidence shows a transparent container holding a liquid with visible bubbles and a golden hue. Beer is a processed food and drink, specifically an edible liquid element at any processing level, fulfilling the Ingestion Criterion under the Nature definition. Since nature is 'yes', I evaluate the sub-axes. Beer is a processed liquid derived from biological processes (fermentation of grains), placing it under the category of Processed Food & Drinks within the biotic category. Because the image is an unfiltered documentary depiction capturing a real-world physical object (the glass and the liquid), it is classified as material under the Tangibility axis.",False
/home/pmonserrat/datasets/imagenet/extracted_data/n02825657/ILSVRC2012_val_00001103.JPEG,bell cote,False,,,no,none,none,"The target entity is a bell cote, which is part of a clock tower. The visual evidence shows a man-made structure made of stone and metal. Since homogenous artefacts are excluded unless they depict a natural entity, and this structure does not represent a natural entity, it falls under the Homogenous Artefacts exclusion and fails the criteria for nature. Not applicable since the entity is not classified as nature.",False
/home/pmonserrat/datasets/imagenet/extracted_data/n02834397/ILSVRC2012_val_00001252.JPEG,bib,False,,,yes,biotic,material,"The target entity is a bib. The visual evidence shows a manufactured fabric item with a pattern of white circles on a blue background. Since it is a crafted or manufactured object where the natural material of origin (fabric) remains visually identifiable by its structure and texture, it counts as a Nature-Based Artefact, fulfilling the inclusion criteria. Since nature is 'yes', I evaluate the sub-axes. The bib is made of fabric, which is derived from plants (flora), placing it under Flora & Plant Derivatives within the biotic category. Because it is a physical real-world object with mass that occupies space, it is classified as material under the Tangibility axis.",False
/home/pmonserrat/datasets/imagenet/extracted_data/n02835271/ILSVRC2012_val_00000953.JPEG,bicycle-built-for-two,False,,,no,none,none,"The target entity is a bicycle-built-for-two. The visual evidence shows a manufactured functional object made of metal and other synthetic materials. Since it is a homogenous artefact where the original natural texture is completely unidentifiable and altered, and the object does not depict a natural entity, it falls strictly under the Homogenous Artefacts exclusion and fails the criteria for nature. Not applicable since the entity is not classified as nature.",False
/home/pmonserrat/datasets/imagenet/extracted_data/n02837789/ILSVRC2012_val_00000239.JPEG,bikini,False,,,no,none,none,"The target entity is a bikini. The visual evidence shows a piece of clothing worn by a person. Under the provided taxonomy, human beings and their clothing are explicitly excluded from the nature category. The bikini is a manufactured item designed for human use and does not fall under any of the more-than-human living entities, ecosystems, or natural processes defined in the taxonomy. Not applicable since the entity is not classified as nature.",False
/home/pmonserrat/datasets/imagenet/extracted_data/n02840245/ILSVRC2012_val_00003446.JPEG,binder,False,,,no,none,none,"The target entity is a binder holding a document titled 'HAM EQUIPMENT BUYER'S GUIDE'. The visual evidence shows a manufactured object made of metal and possibly leather, used for holding papers. Since homogenous artefacts are excluded unless they depict a natural entity, and this binder does not fall under any category of Nature-Based Artefacts or Representations of Nature, it is not classified as nature. Not applicable since the entity is not classified as nature.",False
/home/pmonserrat/datasets/imagenet/extracted_data/n02841315/ILSVRC2012_val_00000917.JPEG,binoculars,False,,,no,none,none,"The target entity is binoculars. The visual evidence shows a manufactured functional object used for viewing distant objects. The binoculars are made of smooth plastic and metal, with no visible natural material or texture. Since the original natural texture is completely unidentifiable and altered, and the object does not depict a natural entity, it falls strictly under the Homogenous Artefacts exclusion and fails the criteria for nature. Not applicable since the entity is not classified as nature.",False
/home/pmonserrat/datasets/imagenet/extracted_data/n02843684/ILSVRC2012_val_00000514.JPEG,birdhouse,False,,,yes,biotic,material,"The target entity is a birdhouse. The visual evidence shows a manufactured structure designed to house birds. While it is a man-made object, it is specifically designed to serve as a habitat for birds, which are non-human living entities. This makes it a Nature-Based Artefact as it directly engages with and supports a more-than-human living entity. Since nature is 'yes', I evaluate the sub-axes. A birdhouse is a structure that supports fauna (birds), placing it under Fauna & Animal Derivatives within the biotic category. Because it is a physical object made of materials (likely wood or similar) and occupies space, it is classified as material under the Tangibility axis.",False
/home/pmonserrat/datasets/imagenet/extracted_data/n02859443/ILSVRC2012_val_00000193.JPEG,boathouse,False,,,no,none,none,"The target entity is a boathouse. The visual evidence shows a built structure along the waterfront, likely used for storing boats. Boathouses are typically constructed by humans and are not classified as nature under the provided definition, as they are man-made structures and not more-than-human living entities, ecosystems, or natural processes. Not applicable since the entity is not classified as nature.",False
/home/pmonserrat/datasets/imagenet/extracted_data/n02860847/ILSVRC2012_val_00000601.JPEG,bobsled,False,,,no,none,none,"The target entity is a bobsled. The visual evidence shows a manufactured sporting vehicle designed for racing on ice tracks. It is made of materials such as metal and fiberglass, with no visible natural texture or origin. Since it is a homogenous artefact where the original natural texture is unidentifiable and the object does not depict a natural entity, it falls strictly under the Homogenous Artefacts exclusion and fails the criteria for nature. Not applicable since the entity is not classified as nature.",False
/home/pmonserrat/datasets/imagenet/extracted_data/n02865351/ILSVRC2012_val_00000763.JPEG,bolo tie,False,,,no,none,none,"The target entity is a bolo tie. The visual evidence shows a manufactured accessory consisting of a tie with a decorative knot and two metal cones. The original natural texture of the materials is completely unidentifiable and altered, and the object does not depict a natural entity. It falls strictly under the Homogenous Artefacts exclusion and fails the criteria for nature. Not applicable since the entity is not classified as nature.",False
/home/pmonserrat/datasets/imagenet/extracted_data/n02869837/ILSVRC2012_val_00000906.JPEG,bonnet,False,,,yes,biotic,material,"The target entity is a bonnet. The visual evidence shows a head covering with a floral pattern. While the bonnet is a manufactured object, it is designed to resemble and incorporate natural elements (flowers) in its pattern. This makes it a nature-based artefact, as it visually references flora. Since nature is 'yes', I evaluate the sub-axes. The bonnet features a floral pattern, placing it under Flora & Plant Derivatives within the biotic category. Because it is a physical object with mass that occupies space, it is classified as material under the Tangibility axis.",False
/home/pmonserrat/datasets/imagenet/extracted_data/n02870880/ILSVRC2012_val_00003274.JPEG,bookcase,False,,,yes,biotic,material,"The target entity is a bookcase. The visual evidence shows a manufactured structural object made of wood with clearly visible natural grain. While homogenous artefacts are excluded, manufactured objects where the natural material of origin remains visually identifiable by its grain or texture explicitly count as Nature-Based Artefacts, fulfilling the inclusion criteria. Since nature is 'yes', I evaluate the sub-axes. The bookcase is made of wood, a processed material derived from trees, placing it under Flora & Plant Derivatives within the biotic category. Because it is a real-world physical object with mass that occupies space, it is classified as material under the Tangibility axis.",False
/home/pmonserrat/datasets/imagenet/extracted_data/n02871525/ILSVRC2012_val_00000879.JPEG,bookshop,False,,,no,none,none,"The target entity is a bookshop. The visual evidence shows a commercial establishment with shelves and tables filled with books. Books are processed materials derived from plant fibers (paper) and ink, which are products of human manufacturing processes. Since the primary purpose of the bookshop is to sell human-made items and not to display natural elements or processes, it does not fall under the Nature-Based Artefacts or Representations of Nature criteria. Additionally, the bookshop itself is a constructed environment and does not meet the criteria for Nature-Based Activities or Nature-Based Artefacts. Not applicable since the entity is not classified as nature.",False
/home/pmonserrat/datasets/imagenet/extracted_data/n02877765/ILSVRC2012_val_00000634.JPEG,bottlecap,False,,,no,none,none,"The target entity is a bottlecap. The visual evidence shows a manufactured object made of metal, typically used to seal bottles. Since it is a homogenous artefact where the original natural texture is unidentifiable and the object does not depict a natural entity, it falls strictly under the Homogenous Artefacts exclusion and fails the criteria for nature. Not applicable since the entity is not classified as nature.",False
/home/pmonserrat/datasets/imagenet/extracted_data/n02879718/ILSVRC2012_val_00001354.JPEG,bow,False,,,no,none,none,"The target entity is a bow. The visual evidence shows a physical object made of wood and string, which is a manufactured item. While the materials may have natural origins, the bow itself is a crafted object and does not fall under the category of Nature-Based Artefacts as defined, since it is primarily a functional tool rather than an object where the natural material remains visually identifiable by its structure, grain, or texture. Not applicable since the entity is not classified as nature.",False
/home/pmonserrat/datasets/imagenet/extracted_data/n02883205/ILSVRC2012_val_00000126.JPEG,bow tie,False,,,no,none,none,"The target entity is a bow tie. The visual evidence shows a manufactured accessory made of fabric, typically worn around the neck. Since it is a human-made object and not a natural entity, it falls under the Homogenous Artefacts exclusion and does not count as nature. Not applicable since the entity is not classified as nature.",False
/home/pmonserrat/datasets/imagenet/extracted_data/n02892201/ILSVRC2012_val_00001145.JPEG,brass,False,,,no,none,none,"The target entity is a plaque made of brass. The visual evidence shows a manufactured object with no natural material of origin remaining visually identifiable by its structure, grain, or texture. It is a homogenous artefact where the original natural texture is completely unidentifiable and altered, and the object does not depict a natural entity. Therefore, it falls strictly under the Homogenous Artefacts exclusion and fails the criteria for nature. Not applicable since the entity is not classified as nature.",False
/home/pmonserrat/datasets/imagenet/extracted_data/n02892767/ILSVRC2012_val_00000808.JPEG,brassiere,False,,,no,none,none,"The target entity is a brassiere. The visual evidence shows a piece of clothing designed for human use, specifically for supporting the breasts. Under this classification taxonomy, human beings, human body parts, and groups of people fall under the explicit Exclusion Scope and are never classified as nature, regardless of their role or setting. Not applicable since human beings are excluded from the nature taxonomy.",False
/home/pmonserrat/datasets/imagenet/extracted_data/n02894605/ILSVRC2012_val_00000358.JPEG,breakwater,False,,,no,none,none,"The target entity is a breakwater. The visual evidence shows a man-made structure built from rocks along the shoreline. While breakwaters are human-made, they are designed to interact with natural elements like water and wind, and they are part of the coastal environment. However, under the provided taxonomy, human-made structures that are not explicitly natural artefacts or representations of nature are excluded unless they directly engage with natural elements in a way that they are considered part of the natural environment. Since breakwaters are primarily human-engineered structures and not classified as natural elements or processes, they fall under the exclusion scope. Not applicable since the entity is not classified as nature.",False
/home/pmonserrat/datasets/imagenet/extracted_data/n02895154/ILSVRC2012_val_00000080.JPEG,breastplate,False,,,no,none,none,"The target entity is a breastplate. The visual evidence shows a manufactured object made of metal, likely steel or iron, with intricate engravings. Since the original natural texture of the materials is completely unidentifiable and altered, and the object does not depict a natural entity, it falls strictly under the Homogenous Artefacts exclusion and fails the criteria for nature. Not applicable since the entity is not classified as nature.",False
/home/pmonserrat/datasets/imagenet/extracted_data/n02906734/ILSVRC2012_val_00002937.JPEG,broom,False,,,yes,biotic,material,"The target entity is a broom. The visual evidence shows a manufactured object made from natural materials, specifically straw, which is a plant derivative. Since the natural material of origin (straw) remains visually identifiable by its structure and texture, it counts as a Nature-Based Artefact, fulfilling the inclusion criteria. Since nature is 'yes', I evaluate the sub-axes. The broom is made from straw, which is a plant derivative, placing it under Flora & Plant Derivatives within the biotic category. Because it is a real-world physical object with mass that occupies space, it is classified as material under the Tangibility axis.",False
/home/pmonserrat/datasets/imagenet/extracted_data/n02909870/ILSVRC2012_val_00000226.JPEG,bucket,False,,,no,none,none,"The target entity is a bucket. The visual evidence shows a manufactured functional object made of plastic. Because the original natural texture of the materials is completely unidentifiable and altered, and the object does not depict a natural entity, it falls strictly under the Homogenous Artefacts exclusion and fails the criteria for nature. Not applicable since the entity is not classified as nature.",False
/home/pmonserrat/datasets/imagenet/extracted_data/n02910353/ILSVRC2012_val_00000558.JPEG,buckle,False,,,no,none,none,"The target entity is a buckle. The visual evidence shows a manufactured object made of metal and possibly leather. Since it is a homogenous artefact where the original natural texture is unidentifiable and the object does not depict a natural entity, it falls strictly under the Homogenous Artefacts exclusion and fails the criteria for nature. Not applicable since the entity is not classified as nature.",False
/home/pmonserrat/datasets/imagenet/extracted_data/n02916936/ILSVRC2012_val_00000366.JPEG,bulletproof vest,False,,,no,none,none,"The target entity is a bulletproof vest. The visual evidence shows a manufactured protective garment designed to absorb and distribute the force of a bullet or other projectiles. Bulletproof vests are made from synthetic materials such as Kevlar or other composite fibers, which are not derived from natural materials. Since the vest is a manufactured object where the original natural texture is completely unidentifiable and altered, and it does not depict a natural entity, it falls strictly under the Homogenous Artefacts exclusion and fails the criteria for nature. Not applicable since the entity is not classified as nature.",False
/home/pmonserrat/datasets/imagenet/extracted_data/n02917067/ILSVRC2012_val_00000562.JPEG,bullet train,False,,,no,none,none,"The target entity is a bullet train. The visual evidence shows a manufactured structural object made of metal and other synthetic materials. Because the original natural texture of the materials is completely unidentifiable and altered, and the object does not depict a natural entity, it falls strictly under the Homogenous Artefacts exclusion and fails the criteria for nature. Not applicable since the entity is not classified as nature.",False
/home/pmonserrat/datasets/imagenet/extracted_data/n02927161/ILSVRC2012_val_00000071.JPEG,butcher shop,False,,,yes,biotic,material,"The target entity is a butcher shop with several whole fish displayed on a yellow surface. The visual evidence shows non-human living organisms (fish) that are part of the Flora & Fauna category. These fish are not processed or packaged but are presented in their raw form, fulfilling the inclusion criteria for nature. Since nature is 'yes', I evaluate the sub-axes. The fish are non-human vertebrates (fauna), placing them under the biotic category. Because they are real-world physical organisms with mass that occupy space, they are classified as material under the Tangibility axis.",False
/home/pmonserrat/datasets/imagenet/extracted_data/n02930766/ILSVRC2012_val_00000056.JPEG,cab,False,,,no,none,none,"The target entity is a cab. The visual evidence shows a manufactured vehicle made primarily of metal and plastic, with no visible natural material or texture that would classify it as a nature-based artefact. Since it is a homogenous artefact with no natural origin or representation of nature, it falls under the exclusion scope for homogenous artefacts. Not applicable since the entity is not classified as nature.",False
/home/pmonserrat/datasets/imagenet/extracted_data/n02939185/ILSVRC2012_val_00000302.JPEG,caldron,False,,,yes,biotic,material,"The target entity is a caldron. The visual evidence shows a large metal pot containing a liquid with chunks of meat and vegetables. While the caldron itself is a manufactured object, it is used to contain and cook food, which is classified under Processed Food & Drinks (The Ingestion Criterion) in the Nature definition. The contents of the caldron, being a mixture of food items, fall under the category of edible substances, fulfilling the inclusion criteria for nature. Since nature is 'yes', I evaluate the sub-axes. The caldron is a container for food, which is classified under Processed Food & Drinks. The contents, being a mixture of meat and vegetables, are derived from Fauna & Plant Derivatives, placing them under the biotic category. The caldron itself, being a physical object with mass that occupies space, is classified as material under the Tangibility axis.",False
/home/pmonserrat/datasets/imagenet/extracted_data/n02948072/ILSVRC2012_val_00002596.JPEG,candle,True,False,True,no,none,none,"The target entity is a candle. The visual evidence shows a manufactured object made of wax, typically used for lighting. Candles are not classified as nature under the provided definition because they are homogenous artefacts where the original natural texture is unidentifiable and the object does not depict a natural entity. Not applicable since the entity is not classified as nature.",False
/home/pmonserrat/datasets/imagenet/extracted_data/n02950826/ILSVRC2012_val_00000392.JPEG,cannon,False,,,no,none,none,"The target entity is a cannon. The visual evidence shows a manufactured functional object made of metal and wood. Because the original natural texture of the materials is completely unidentifiable and altered, and the object does not depict a natural entity, it falls strictly under the Homogenous Artefacts exclusion and fails the criteria for nature. Not applicable since the entity is not classified as nature.",False
/home/pmonserrat/datasets/imagenet/extracted_data/n02951358/ILSVRC2012_val_00000347.JPEG,canoe,False,,,yes,none,material,"The target entity is a canoe. The visual evidence shows a manufactured boat used for water activities. While the canoe is a human-made object, it is classified as a Nature-Based Artefact because it is explicitly used within a natural environment (water) and engages with natural elements. The material of the canoe may be derived from natural resources, but the focus here is on its use in a natural setting. Since nature is 'yes', I evaluate the sub-axes. A canoe is a human-made object used in a natural environment, placing it under Nature-Based Artefacts. Because it is a physical object with mass that occupies space, it is classified as material under the Tangibility axis.",False
/home/pmonserrat/datasets/imagenet/extracted_data/n02951585/ILSVRC2012_val_00000101.JPEG,can opener,False,,,no,none,none,"The target entity is a can opener. The visual evidence shows a manufactured functional object made of metal and plastic. Because the original natural texture of the materials is completely unidentifiable and altered, and the object does not depict a natural entity, it falls strictly under the Homogenous Artefacts exclusion and fails the criteria for nature. Not applicable since the entity is not classified as nature.",False
/home/pmonserrat/datasets/imagenet/extracted_data/n02965783/ILSVRC2012_val_00000213.JPEG,car mirror,False,,,no,none,none,"The target entity is a car mirror. The visual evidence shows a manufactured functional object made of plastic and glass. Because the original natural texture of the materials is completely unidentifiable and altered, and the object does not depict a natural entity, it falls strictly under the Homogenous Artefacts exclusion and fails the criteria for nature. Not applicable since the entity is not classified as nature.",False
/home/pmonserrat/datasets/imagenet/extracted_data/n02966193/ILSVRC2012_val_00000074.JPEG,carousel,False,,,yes,biotic,immaterial,"The target entity is a carousel. The visual evidence shows a mechanical amusement ride with artificial horses and decorative elements. While the carousel itself is a manufactured object, the horses are representations of fauna. These representations fall under the category of Nature-Based Artefacts, as they depict non-human living entities. Since nature is 'yes', I evaluate the sub-axes. The carousel horses are representations of fauna (biotic category). The carousel as a whole is a physical object, but its primary purpose is representational and symbolic, making it immaterial under the Tangibility axis.",False
/home/pmonserrat/datasets/imagenet/extracted_data/n02966687/ILSVRC2012_val_00001041.JPEG,carpenter's kit,False,,,no,none,none,"The target entity is a carpenter's kit. The visual evidence shows a manufactured set of tools made primarily of metal and plastic. Since the original natural texture of the materials is completely unidentifiable and altered, and the object does not depict a natural entity, it falls strictly under the Homogenous Artefacts exclusion and fails the criteria for nature. Not applicable since the entity is not classified as nature.",False
/home/pmonserrat/datasets/imagenet/extracted_data/n02971356/ILSVRC2012_val_00000019.JPEG,carton,False,,,no,none,none,"The target entity is a carton. The visual evidence shows a manufactured structural object made of cardboard, a processed material derived from trees. While homogenous artefacts are excluded, the carton does not depict a natural entity and is primarily a functional object. Since it is a manufactured item without any natural material texture remaining visually identifiable, it falls strictly under the Homogenous Artefacts exclusion and fails the criteria for nature. Not applicable since the entity is not classified as nature.",False
/home/pmonserrat/datasets/imagenet/extracted_data/n02974003/ILSVRC2012_val_00000085.JPEG,car wheel,False,,,no,none,none,"The target entity is a car wheel. The visual evidence shows a manufactured functional object made of metal and rubber. Because the original natural texture of the materials is completely unidentifiable and altered, and the object does not depict a natural entity, it falls strictly under the Homogenous Artefacts exclusion and fails the criteria for nature. Not applicable since the entity is not classified as nature.",False
/home/pmonserrat/datasets/imagenet/extracted_data/n02977058/ILSVRC2012_val_00000580.JPEG,cash machine,False,,,no,none,none,"The target entity is a cash machine. The visual evidence shows a manufactured functional object made of metal and plastic. Because the original natural texture of the materials is completely unidentifiable and altered, and the object does not depict a natural entity, it falls strictly under the Homogenous Artefacts exclusion and fails the criteria for nature. Not applicable since the entity is not classified as nature.",False
/home/pmonserrat/datasets/imagenet/extracted_data/n02978881/ILSVRC2012_val_00000353.JPEG,cassette,False,,,no,none,none,"The target entity is a cassette. The visual evidence shows a manufactured functional object made of plastic and metal. Because the original natural texture of the materials is completely unidentifiable and altered, and the object does not depict a natural entity, it falls strictly under the Homogenous Artefacts exclusion and fails the criteria for nature. Not applicable since the entity is not classified as nature.",False
/home/pmonserrat/datasets/imagenet/extracted_data/n02979186/ILSVRC2012_val_00000557.JPEG,cassette player,False,,,no,none,none,"The target entity is a cassette player. The visual evidence shows a manufactured functional object made of plastic and metal. Because the original natural texture of the materials is completely unidentifiable and altered, and the object does not depict a natural entity, it falls strictly under the Homogenous Artefacts exclusion and fails the criteria for nature. Not applicable since the entity is not classified as nature.",False
/home/pmonserrat/datasets/imagenet/extracted_data/n02980441/ILSVRC2012_val_00000122.JPEG,castle,False,,,no,none,none,"The target entity is a castle. The visual evidence shows a large, stone-built structure with towers and battlements. Castles are human-made architectural structures and do not fall under the categories of flora, fauna, fungi, or natural processes. They are constructed by humans and are not part of the natural environment as defined by the taxonomy. Not applicable since the entity is not classified as nature.",False
/home/pmonserrat/datasets/imagenet/extracted_data/n02981792/ILSVRC2012_val_00000402.JPEG,catamaran,False,,,no,none,none,"The target entity is a catamaran. The visual evidence shows a manufactured boat with a sail, primarily made of synthetic materials such as plastic and fabric. Since it is a manufactured object and does not depict a natural entity, it falls under the Homogenous Artefacts exclusion and fails the criteria for nature. Not applicable since the entity is not classified as nature.",False
/home/pmonserrat/datasets/imagenet/extracted_data/n02988304/ILSVRC2012_val_00003491.JPEG,cd player,False,,,no,none,none,"The target entity is a CD player. The visual evidence shows a manufactured functional object made of plastic and metal components. Since the original natural texture of the materials is completely unidentifiable and altered, and the object does not depict a natural entity, it falls strictly under the Homogenous Artefacts exclusion and fails the criteria for nature. Not applicable since the entity is not classified as nature.",False
/home/pmonserrat/datasets/imagenet/extracted_data/n02992211/ILSVRC2012_val_00000108.JPEG,cello,False,,,yes,biotic,material,"The target entity is a cello. The visual evidence shows a manufactured musical instrument made of wood with clearly visible natural grain. While homogenous artefacts are excluded, manufactured objects where the natural material of origin remains visually identifiable by its grain or texture explicitly count as Nature-Based Artefacts, fulfilling the inclusion criteria. Since nature is 'yes', I evaluate the sub-axes. Wood is a processed material derived from trees, placing it under Flora & Plant Derivatives within the biotic category. Because it is a real-world physical object with mass that occupies space, it is classified as material under the Tangibility axis.",False
/home/pmonserrat/datasets/imagenet/extracted_data/n02992529/ILSVRC2012_val_00000089.JPEG,cellular telephone,False,,,no,none,none,"The target entity is a cellular telephone. The visual evidence shows a manufactured electronic device made of plastic and metal. Since the original natural texture of the materials is completely unidentifiable and altered, and the object does not depict a natural entity, it falls strictly under the Homogenous Artefacts exclusion and fails the criteria for nature. Not applicable since the entity is not classified as nature.",False
/home/pmonserrat/datasets/imagenet/extracted_data/n02999410/ILSVRC2012_val_00000376.JPEG,chain,False,,,no,none,none,"The target entity is a chain. The visual evidence shows a physical object made of metal, likely iron, with a rusted appearance. Since the chain is a manufactured object and does not depict a natural entity or process, it falls under the Homogenous Artefacts exclusion and fails the criteria for nature. Not applicable since the entity is not classified as nature.",False
/home/pmonserrat/datasets/imagenet/extracted_data/n03000134/ILSVRC2012_val_00001094.JPEG,chainlink fence,False,,,no,none,none,"The target entity is a chainlink fence. The visual evidence shows a manufactured structural object made of metal wires. Since homogenous artefacts are excluded, manufactured objects where the natural material of origin is unidentifiable and the object does not depict a natural entity are not classified as nature. Not applicable since the entity is not classified as nature.",False
/home/pmonserrat/datasets/imagenet/extracted_data/n03000247/ILSVRC2012_val_00002280.JPEG,chain mail,False,,,no,none,none,"The target entity is a pair of chain mail gloves. The visual evidence shows a manufactured object made of metal links and leather. Since the original natural texture of the materials is completely unidentifiable and altered, and the object does not depict a natural entity, it falls strictly under the Homogenous Artefacts exclusion and fails the criteria for nature. Not applicable since the entity is not classified as nature.",False
/home/pmonserrat/datasets/imagenet/extracted_data/n03000684/ILSVRC2012_val_00000537.JPEG,chain saw,False,,,no,none,none,"The target entity is a chainsaw. The visual evidence shows a manufactured functional object made of metal and plastic. Because the original natural texture of the materials is completely unidentifiable and altered, and the object does not depict a natural entity, it falls strictly under the Homogenous Artefacts exclusion and fails the criteria for nature. Not applicable since the entity is not classified as nature.",False
/home/pmonserrat/datasets/imagenet/extracted_data/n03014705/ILSVRC2012_val_00001168.JPEG,chest,False,,,yes,biotic,material,"The target entity is a chest. The visual evidence shows a manufactured structural object made of wood with clearly visible natural grain. While homogenous artefacts are excluded, manufactured objects where the natural material of origin remains visually identifiable by its grain or texture explicitly count as Nature-Based Artefacts, fulfilling the inclusion criteria. Since nature is 'yes', I evaluate the sub-axes. Wood is a processed material derived from trees, placing it under Flora & Plant Derivatives within the biotic category. Because it is a real-world physical object with mass that occupies space, it is classified as material under the Tangibility axis.",False
/home/pmonserrat/datasets/imagenet/extracted_data/n03016953/ILSVRC2012_val_00000162.JPEG,chiffonier,False,,,no,none,none,"The target entity is a 'chiffonier'. The visual evidence shows a manufactured structural object made of smooth, uniform material with no visible natural grain or texture. Since homogenous artefacts are excluded and the object does not depict a natural entity, it falls strictly under the Homogenous Artefacts exclusion and fails the criteria for nature. Not applicable since the entity is not classified as nature.",False
/home/pmonserrat/datasets/imagenet/extracted_data/n03017168/ILSVRC2012_val_00001601.JPEG,chime,False,,,no,none,none,"The target entity is a chime. The visual evidence shows a set of metal bells arranged in a structure. These are manufactured objects made of metal, which is a processed material and does not possess natural characteristics or textures. Since the original natural texture is completely unidentifiable and altered, and the object does not depict a natural entity, it falls strictly under the Homogenous Artefacts exclusion and fails the criteria for nature. Not applicable since the entity is not classified as nature.",False
/home/pmonserrat/datasets/imagenet/extracted_data/n03018349/ILSVRC2012_val_00000346.JPEG,china cabinet,False,,,yes,biotic,material,"The target entity is a china cabinet. The visual evidence shows a manufactured structural object made of wood with clearly visible natural grain. While homogenous artefacts are excluded, manufactured objects where the natural material of origin remains visually identifiable by its grain or texture explicitly count as Nature-Based Artefacts, fulfilling the inclusion criteria. Since nature is 'yes', I evaluate the sub-axes. The cabinet is made of wood, a processed material derived from trees, placing it under Flora & Plant Derivatives within the biotic category. Because it is a real-world physical object with mass that occupies space, it is classified as material under the Tangibility axis.",False
/home/pmonserrat/datasets/imagenet/extracted_data/n03026506/ILSVRC2012_val_00001908.JPEG,christmas stocking,False,,,no,none,none,"The target entity is a Christmas stocking. The visual evidence shows a handmade fabric item decorated with embroidered figures of Santa Claus and other festive elements. While the stocking is made from natural materials like cotton, it is a manufactured object designed for a specific cultural and seasonal purpose. It does not fall under the category of Nature-Based Artefacts as defined, because it is primarily a functional item rather than a representation of nature. Not applicable since the entity is not classified as nature.",False
/home/pmonserrat/datasets/imagenet/extracted_data/n03028079/ILSVRC2012_val_00003351.JPEG,church,False,,,no,none,none,"The target entity is a church. The visual evidence shows a large, constructed building with architectural features such as spires and stained glass windows. Churches are human-made structures and do not fall under the categories of flora, fauna, fungi, or natural processes. They are not classified as nature-based artefacts because they do not retain the natural material of origin in a visually identifiable way. Additionally, churches are not part of the ecosystems or environments defined by living communities. Not applicable since the entity is not classified as nature.",False
/home/pmonserrat/datasets/imagenet/extracted_data/n03032252/ILSVRC2012_val_00000086.JPEG,cinema,False,,,no,none,none,"The target entity is a cinema. The visual evidence shows a building with a sign that reads 'Cine Village' and 'Final Destination'. This is a constructed structure designed for human entertainment purposes. Since the cinema is a manufactured structural object and does not depict or reference any more-than-human living entities, ecosystems, or natural elements, it falls under the Homogenous Artefacts exclusion and fails the criteria for nature. Not applicable since the entity is not classified as nature.",False
/home/pmonserrat/datasets/imagenet/extracted_data/n03041632/ILSVRC2012_val_00000564.JPEG,cleaver,False,,,no,none,none,"The target entity is a set of cleavers and kitchen knives. The visual evidence shows manufactured functional objects made of metal and plastic. Because the original natural texture of the materials is completely unidentifiable and altered, and the object does not depict a natural entity, it falls strictly under the Homogenous Artefacts exclusion and fails the criteria for nature. Not applicable since the entity is not classified as nature.",False
/home/pmonserrat/datasets/imagenet/extracted_data/n03042490/ILSVRC2012_val_00001426.JPEG,cliff dwelling,True,False,True,yes,abiotic,material,"The target entity is a cliff dwelling. The visual evidence shows a structure built into a natural rock formation, using the geological features of the cliff. This falls under the category of Geological & Topographical Components within the Non-Living Natural Elements inclusion scope, fulfilling the criteria for nature. Since nature is 'yes', I evaluate the sub-axes. A cliff dwelling is a human-made structure within a natural geological formation, placing it under Geological & Topographical Components within the abiotic category. Because this is an unfiltered documentary photograph capturing a real-world physical landscape, it is classified as material under the Tangibility axis.",False
/home/pmonserrat/datasets/imagenet/extracted_data/n03045698/ILSVRC2012_val_00000750.JPEG,cloak,False,,,yes,biotic,material,"The target entity is a cloak. The visual evidence shows a fabric item being worn by a person. While the cloak itself is a manufactured object, it is made from natural fibers (such as wool or cotton) and is used as a garment. Since it is a nature-based artefact crafted from natural materials and retains the natural texture of its origin, it counts as Nature-Based Artefacts under the inclusion criteria. Since nature is 'yes', I evaluate the sub-axes. The cloak is made from natural fibers, placing it under Flora & Plant Derivatives within the biotic category. Because it is a physical real-world object with mass that occupies space, it is classified as material under the Tangibility axis.",False
/home/pmonserrat/datasets/imagenet/extracted_data/n03047690/ILSVRC2012_val_00001500.JPEG,clog,False,,,yes,biotic,material,"The target entity is a pair of wooden clogs with fabric straps. The visual evidence shows a manufactured object made primarily of wood, a natural material, with visible grain. Since the natural material of origin remains visually identifiable, it counts as a Nature-Based Artefact under the inclusion criteria. Since nature is 'yes', I evaluate the sub-axes. The clogs are made from wood, placing them under Flora & Plant Derivatives within the biotic category. Because they are physical objects with mass that occupy space, they are classified as material under the Tangibility axis.",False
/home/pmonserrat/datasets/imagenet/extracted_data/n03062245/ILSVRC2012_val_00000344.JPEG,cocktail shaker,False,,,no,none,none,"The target entity is a cocktail shaker. The visual evidence shows a manufactured functional object made of metal. Because the original natural texture of the materials is completely unidentifiable and altered, and the object does not depict a natural entity, it falls strictly under the Homogenous Artefacts exclusion and fails the criteria for nature. Not applicable since the entity is not classified as nature.",False
/home/pmonserrat/datasets/imagenet/extracted_data/n03063599/ILSVRC2012_val_00000164.JPEG,coffee mug,False,,,no,none,none,"The target entity is a coffee mug. The visual evidence shows a manufactured ceramic object with a printed photograph of two people. Since the mug is a homogenous artefact where the original natural texture is completely unidentifiable and altered, and it does not depict a natural entity, it falls strictly under the Homogenous Artefacts exclusion and fails the criteria for nature. Not applicable since the entity is not classified as nature.",False
/home/pmonserrat/datasets/imagenet/extracted_data/n03063689/ILSVRC2012_val_00001940.JPEG,coffeepot,False,,,no,none,none,"The target entity is a coffeepot. The visual evidence shows a manufactured functional object made of metal. Because the original natural texture of the materials is completely unidentifiable and altered, and the object does not depict a natural entity, it falls strictly under the Homogenous Artefacts exclusion and fails the criteria for nature. Not applicable since the entity is not classified as nature.",False
/home/pmonserrat/datasets/imagenet/extracted_data/n03065424/ILSVRC2012_val_00000915.JPEG,coil,False,,,no,none,none,"The target entity is a coil. The visual evidence shows a manufactured object made of blue plastic. Since the original natural texture of the materials is completely unidentifiable and altered, and the object does not depict a natural entity, it falls strictly under the Homogenous Artefacts exclusion and fails the criteria for nature. Not applicable since the entity is not classified as nature.",False
/home/pmonserrat/datasets/imagenet/extracted_data/n03075370/ILSVRC2012_val_00004971.JPEG,combination lock,False,,,no,none,none,"The target entity is a combination lock. The visual evidence shows a manufactured functional object made of metal and plastic. Because the original natural texture of the materials is completely unidentifiable and altered, and the object does not depict a natural entity, it falls strictly under the Homogenous Artefacts exclusion and fails the criteria for nature. Not applicable since the entity is not classified as nature.",False
/home/pmonserrat/datasets/imagenet/extracted_data/n03085013/ILSVRC2012_val_00000321.JPEG,computer keyboard,False,,,no,none,none,"The target entity is a computer keyboard. The visual evidence shows a manufactured functional object made of plastic and metal. Because the original natural texture of the materials is completely unidentifiable and altered, and the object does not depict a natural entity, it falls strictly under the Homogenous Artefacts exclusion and fails the criteria for nature. Not applicable since the entity is not classified as nature.",False
/home/pmonserrat/datasets/imagenet/extracted_data/n03089624/ILSVRC2012_val_00001190.JPEG,confectionery,False,,,yes,biotic,material,"The target entity is confectionery, specifically a collection of candy-coated chocolates. The visual evidence shows a manufactured product made of materials that are derived from natural sources but have undergone significant processing. Since confectionery is listed under 'Processed Food & Drinks (The Ingestion Criterion)' in the Nature definition, it counts as nature because it is an edible item at any processing level. Since nature is 'yes', I evaluate the sub-axes. Confectionery is a processed food item, placing it under the category of 'Processed Food & Drinks' within the Life Category Axis. Because it is a real-world physical object with mass that occupies space, it is classified as material under the Tangibility axis.",False
/home/pmonserrat/datasets/imagenet/extracted_data/n03095699/ILSVRC2012_val_00000403.JPEG,container ship,False,,,no,none,none,"The target entity is a container ship. The visual evidence shows a large industrial vessel designed for transporting shipping containers. This is a manufactured structural object made of metal and other synthetic materials, with no natural material or texture visibly identifiable. Since it falls under the Homogenous Artefacts exclusion and does not depict a natural entity, it fails the criteria for nature. Not applicable since the entity is not classified as nature.",False
/home/pmonserrat/datasets/imagenet/extracted_data/n03100240/ILSVRC2012_val_00001201.JPEG,convertible,False,,,no,none,none,"The target entity is a convertible car. The visual evidence shows a manufactured vehicle made primarily of metal and plastic, with no visible natural material or texture that would classify it as a Nature-Based Artefact. Since it is a homogenous artefact with no natural characteristics, it falls under the Exclusion Scope for homogenous artefacts and does not count as nature. Not applicable since the entity is not classified as nature.",False
/home/pmonserrat/datasets/imagenet/extracted_data/n03109150/ILSVRC2012_val_00000678.JPEG,corkscrew,False,,,no,none,none,"The target entity is a corkscrew. The visual evidence shows a manufactured functional object made of metal. Because the original natural texture of the materials is completely unidentifiable and altered, and the object does not depict a natural entity, it falls strictly under the Homogenous Artefacts exclusion and fails the criteria for nature. Not applicable since the entity is not classified as nature.",False
/home/pmonserrat/datasets/imagenet/extracted_data/n03110669/ILSVRC2012_val_00002171.JPEG,cornet,False,,,no,none,none,"The target entity is a cornet. The visual evidence shows a musical instrument being held by a person. Musical instruments are manufactured objects made from various materials, including metal and wood. Since the cornet is a manufactured object and not a natural entity or a representation of a natural entity, it falls under the Homogenous Artefacts exclusion and does not count as nature. Not applicable since the entity is not classified as nature.",False
/home/pmonserrat/datasets/imagenet/extracted_data/n03124043/ILSVRC2012_val_00000766.JPEG,cowboy boot,False,,,no,none,none,"The target entity is a cowboy boot. The visual evidence shows a manufactured object made of leather with decorative patterns. While the boot is made from a material derived from animals (leather), it is a processed and manufactured item. Since it is a homogenous artefact where the original natural texture is unidentifiable and altered, it falls strictly under the Homogenous Artefacts exclusion and fails the criteria for nature. Not applicable since the entity is not classified as nature.",False
/home/pmonserrat/datasets/imagenet/extracted_data/n03124170/ILSVRC2012_val_00001875.JPEG,cowboy hat,False,,,no,none,none,"The target entity is a cowboy hat. The visual evidence shows a manufactured object made of fabric and possibly a wooden or metal band. While the hat is a crafted item, it does not depict a natural entity or have a natural material of origin that remains visually identifiable by its structure, grain, or texture. It falls under the Homogenous Artefacts exclusion and does not fulfill the criteria for nature. Not applicable since the entity is not classified as nature.",False
/home/pmonserrat/datasets/imagenet/extracted_data/n03125729/ILSVRC2012_val_00000005.JPEG,cradle,False,,,no,none,none,"The target entity is a cradle. The visual evidence shows a manufactured structural object designed to hold a baby, with a purple cushion and a checkered blanket. While the cradle is made of materials like wood and fabric, it does not depict a natural entity or process and is a homogenous artefact where the natural texture is unidentifiable. Therefore, it falls under the Homogenous Artefacts exclusion and fails the criteria for nature. Not applicable since the entity is not classified as nature.",False
/home/pmonserrat/datasets/imagenet/extracted_data/n03127747/ILSVRC2012_val_00001689.JPEG,crash helmet,False,,,no,none,none,"The target entity is a crash helmet. The visual evidence shows a manufactured protective object made of materials like plastic and metal. Since the original natural texture of the materials is completely unidentifiable and altered, and the object does not depict a natural entity, it falls strictly under the Homogenous Artefacts exclusion and fails the criteria for nature. Not applicable since the entity is not classified as nature.",False
/home/pmonserrat/datasets/imagenet/extracted_data/n03127925/ILSVRC2012_val_00001411.JPEG,crate,False,,,no,none,none,"The target entity is a crate. The visual evidence shows a cardboard box being used to load items into a FedEx truck. Cardboard boxes are manufactured objects made from processed materials (paper pulp) and do not retain the natural texture of their original material. They are not classified as nature-based artefacts because the natural material of origin is unidentifiable and altered. Additionally, they do not depict a natural entity, failing the criteria for nature. Not applicable since the entity is not classified as nature.",False
/home/pmonserrat/datasets/imagenet/extracted_data/n03131574/ILSVRC2012_val_00003036.JPEG,crib,False,,,no,none,none,"The target entity is a crib. The visual evidence shows a manufactured wooden structure with a design that includes fabric with floral patterns. While the crib is made of wood, which is a natural material, the crib itself is a homogenous artefact where the original natural texture of the wood is not visually identifiable due to the finished product's design and construction. It does not depict a natural entity and falls under the Homogenous Artefacts exclusion, failing the criteria for nature. Not applicable since the entity is not classified as nature.",False
/home/pmonserrat/datasets/imagenet/extracted_data/n03133878/ILSVRC2012_val_00000534.JPEG,crock pot,False,,,no,none,none,"The target entity is a crock pot. The visual evidence shows a manufactured kitchen appliance made of metal and plastic. Since the original natural texture of the materials is completely unidentifiable and altered, and the object does not depict a natural entity, it falls strictly under the Homogenous Artefacts exclusion and fails the criteria for nature. Not applicable since the entity is not classified as nature.",False
/home/pmonserrat/datasets/imagenet/extracted_data/n03134739/ILSVRC2012_val_00000249.JPEG,croquet ball,False,,,no,none,none,"The target entity is a croquet ball. The visual evidence shows a manufactured object made of smooth plastic or similar material. Since the original natural texture of the materials is completely unidentifiable and altered, and the object does not depict a natural entity, it falls strictly under the Homogenous Artefacts exclusion and fails the criteria for nature. Not applicable since the entity is not classified as nature.",False
/home/pmonserrat/datasets/imagenet/extracted_data/n03141823/ILSVRC2012_val_00001337.JPEG,crutch,False,,,no,none,none,"The target entity is a crutch. The visual evidence shows a manufactured functional object made of wood or metal, designed to assist with mobility. Since homogenous artefacts are excluded and the object does not depict a natural entity, it falls strictly under the Homogenous Artefacts exclusion and fails the criteria for nature. Not applicable since the entity is not classified as nature.",False
/home/pmonserrat/datasets/imagenet/extracted_data/n03146219/ILSVRC2012_val_00000730.JPEG,cuirass,False,,,no,none,none,"The target entity is a cuirass, which is a type of armor. The visual evidence shows a historical military artifact made of metal and leather. While the materials are processed and not directly from nature, the cuirass is a crafted object that does not depict a natural entity. It falls under the category of homogenous artefacts where the original natural texture is unidentifiable and the object does not depict a natural entity, thus failing the criteria for nature. Not applicable since the entity is not classified as nature.",False
/home/pmonserrat/datasets/imagenet/extracted_data/n03160309/ILSVRC2012_val_00000330.JPEG,dam,False,,,no,none,none,"The target entity is a dam. The visual evidence shows a large concrete structure built across a river, designed to control water flow. While the dam itself is a human-made structure, it interacts with and modifies a natural hydrological component (the river). However, the dam as a constructed entity falls under the exclusion scope for homogenous artefacts since its original natural texture is completely unidentifiable and altered. The dam does not depict a natural entity but is an artificial creation. Not applicable since the entity is not classified as nature.",False
/home/pmonserrat/datasets/imagenet/extracted_data/n03179701/ILSVRC2012_val_00000777.JPEG,desk,False,,,no,none,none,"The target entity is a desk. The visual evidence shows a manufactured structural object made of materials like metal or plastic with no visible natural grain or texture. Since homogenous artefacts are excluded and the object does not depict a natural entity, it fails the criteria for nature. Not applicable since the entity is not classified as nature.",False
/home/pmonserrat/datasets/imagenet/extracted_data/n03180011/ILSVRC2012_val_00001246.JPEG,desktop computer,False,,,no,none,none,"The target entity is a desktop computer. The visual evidence shows a manufactured functional object made of plastic and metal. Because the original natural texture of the materials is completely unidentifiable and altered, and the object does not depict a natural entity, it falls strictly under the Homogenous Artefacts exclusion and fails the criteria for nature. Not applicable since the entity is not classified as nature.",False
/home/pmonserrat/datasets/imagenet/extracted_data/n03187595/ILSVRC2012_val_00000137.JPEG,dial telephone,False,,,no,none,none,"The target entity is a dial telephone. The visual evidence shows a manufactured object made of plastic and metal components. Since the original natural texture of the materials is completely unidentifiable and altered, and the object does not depict a natural entity, it falls strictly under the Homogenous Artefacts exclusion and fails the criteria for nature. Not applicable since the entity is not classified as nature.",False
/home/pmonserrat/datasets/imagenet/extracted_data/n03188531/ILSVRC2012_val_00000493.JPEG,diaper,False,,,no,none,none,"The target entity is a diaper. The visual evidence shows a disposable garment designed for infants, typically made from synthetic materials like plastic and absorbent fibers. Since the diaper is a manufactured item and does not fall under the categories of flora, fauna, fungi, or natural processes, it is excluded from the nature definition. Not applicable since the entity is not classified as nature.",False
/home/pmonserrat/datasets/imagenet/extracted_data/n03196217/ILSVRC2012_val_00003643.JPEG,digital clock,False,,,no,none,none,"The target entity is a digital clock. The visual evidence shows a manufactured functional object made of plastic and metal. Because the original natural texture of the materials is completely unidentifiable and altered, and the object does not depict a natural entity, it falls strictly under the Homogenous Artefacts exclusion and fails the criteria for nature. Not applicable since the entity is not classified as nature.",False
/home/pmonserrat/datasets/imagenet/extracted_data/n03197337/ILSVRC2012_val_00000339.JPEG,digital watch,False,,,no,none,none,"The target entity is a digital watch. The visual evidence shows a manufactured object made of plastic and metal components. Since the original natural texture of the materials is completely unidentifiable and altered, and the object does not depict a natural entity, it falls strictly under the Homogenous Artefacts exclusion and fails the criteria for nature. Not applicable since the entity is not classified as nature.",False
/home/pmonserrat/datasets/imagenet/extracted_data/n03201208/ILSVRC2012_val_00000241.JPEG,dining table,False,,,yes,biotic,material,"The target entity is a dining table. The visual evidence shows a manufactured structural object made of wood with clearly visible natural grain. While homogenous artefacts are excluded, manufactured objects where the natural material of origin remains visually identifiable by its grain or texture explicitly count as Nature-Based Artefacts, fulfilling the inclusion criteria. Since nature is 'yes', I evaluate the sub-axes. Wood is a processed material derived from trees, placing it under Flora & Plant Derivatives within the biotic category. Because it is a real-world physical object with mass that occupies space, it is classified as material under the Tangibility axis.",False
/home/pmonserrat/datasets/imagenet/extracted_data/n03207743/ILSVRC2012_val_00000256.JPEG,dishrag,False,,,yes,biotic,material,"The target entity is a dishrag. The visual evidence shows a hand-knitted textile item made from yarn. While the yarn may be derived from natural fibers like wool or cotton, the dishrag itself is a manufactured object. Since it is a crafted item where the natural material of origin remains visually identifiable by its structure, grain, or texture, it counts as a Nature-Based Artefact, fulfilling the inclusion criteria. Since nature is 'yes', I evaluate the sub-axes. The dishrag is a crafted object made from yarn, which is a processed material derived from plants or animals, placing it under Flora & Plant Derivatives within the biotic category. Because it is a physical three-dimensional object with mass that occupies space, it is classified as material under the Tangibility axis.",False
/home/pmonserrat/datasets/imagenet/extracted_data/n03207941/ILSVRC2012_val_00000698.JPEG,dishwasher,False,,,no,none,none,"The target entity is a dishwasher. The visual evidence shows a manufactured functional object made of metal and plastic. Because the original natural texture of the materials is completely unidentifiable and altered, and the object does not depict a natural entity, it falls strictly under the Homogenous Artefacts exclusion and fails the criteria for nature. Not applicable since the entity is not classified as nature.",False
/home/pmonserrat/datasets/imagenet/extracted_data/n03208938/ILSVRC2012_val_00002489.JPEG,disk brake,False,,,no,none,none,"The target entity is a disk brake. The visual evidence shows a mechanical component made of metal and other synthetic materials. Since the original natural texture of the materials is completely unidentifiable and altered, and the object does not depict a natural entity, it falls strictly under the Homogenous Artefacts exclusion and fails the criteria for nature. Not applicable since the entity is not classified as nature.",False
/home/pmonserrat/datasets/imagenet/extracted_data/n03216828/ILSVRC2012_val_00001729.JPEG,dock,False,,,no,none,none,"The target entity is a dock. The visual evidence shows a constructed wooden or metal structure extending into a body of water. While docks are human-made, they are considered part of the natural environment when they are integrated into a water body and used for activities like mooring ships. However, under the strict definitions provided, docks are not explicitly classified as nature because they are primarily human-made structures. Not applicable since the entity is not classified as nature.",False
/home/pmonserrat/datasets/imagenet/extracted_data/n03218198/ILSVRC2012_val_00002266.JPEG,dogsled,False,,,yes,biotic,material,"The target entity is a dogsled. The visual evidence shows a sled being pulled by dogs, which are non-human animals (fauna). Dogs are included under the Flora, Fauna, Fungi category as more-than-human living entities. The dogsled itself is a nature-based artefact since it is a physical object where the natural material of origin (wood, leather, etc.) remains visually identifiable by its structure and texture. Since nature is 'yes', I evaluate the sub-axes. The dogs are non-human vertebrates (fauna), placing them under the biotic category. The dogsled, being a physical object made from natural materials, is classified as material under the Tangibility axis.",False
/home/pmonserrat/datasets/imagenet/extracted_data/n03220513/ILSVRC2012_val_00001868.JPEG,dome,False,,,no,none,none,"The target entity is a dome. The visual evidence shows a man-made architectural structure with intricate stained glass and decorative patterns. Since homogenous artefacts are excluded, but nature-based artefacts where the natural material of origin remains visually identifiable by its structure, grain, or texture are included, this dome does not qualify as nature because it is a manufactured object without any identifiable natural material or process. Not applicable since the entity is not classified as nature.",False
/home/pmonserrat/datasets/imagenet/extracted_data/n03223299/ILSVRC2012_val_00001893.JPEG,doormat,False,,,no,none,none,"The target entity is a doormat. The visual evidence shows a manufactured object placed at the entrance of a building. The doormat is made of synthetic fibers and features a NASA logo. Since it is a manufactured object and does not depict a natural entity or have a natural material of origin that remains visually identifiable, it falls under the Homogenous Artefacts exclusion and fails the criteria for nature. Not applicable since the entity is not classified as nature.",False
/home/pmonserrat/datasets/imagenet/extracted_data/n03240683/ILSVRC2012_val_00000504.JPEG,drilling platform,False,,,no,none,none,"The target entity is a drilling platform. The visual evidence shows a large industrial structure built over water, primarily composed of metal and other synthetic materials. This structure is a manufactured object designed for human industrial activities and does not fall under the categories of flora, fauna, fungi, or natural environments. It is not a natural entity but rather a human-made construct. Not applicable since the entity is not classified as nature.",False
/home/pmonserrat/datasets/imagenet/extracted_data/n03249569/ILSVRC2012_val_00001609.JPEG,drum,False,,,no,none,none,"The target entity is a drum. The visual evidence shows a physical musical instrument being played by a person dressed in historical attire. The drum itself is a manufactured object made of materials such as wood and animal hide, which are derived from natural sources but are processed and crafted into a functional item. Since the drum is a manufactured object and does not fall under the categories of more-than-human living entities, ecosystems, or non-living natural elements and processes, it is excluded from the nature taxonomy. Not applicable since the entity is not classified as nature.",False
/home/pmonserrat/datasets/imagenet/extracted_data/n03250847/ILSVRC2012_val_00000542.JPEG,drumstick,False,,,no,none,none,"The target entity is a drumstick. The visual evidence shows wooden drumsticks, which are processed materials derived from trees. While the original natural texture of the wood is identifiable, drumsticks are manufactured objects primarily used as tools. They do not count as Nature-Based Artefacts because they are not crafted or manufactured objects where the natural material of origin remains visually identifiable by its structure, grain, or texture in a way that retains its natural essence. Instead, they are functional items derived from natural materials but are not classified as nature under this taxonomy. Not applicable since the entity is not classified as nature.",False
/home/pmonserrat/datasets/imagenet/extracted_data/n03255030/ILSVRC2012_val_00001045.JPEG,dumbbell,False,,,no,none,none,"The target entity is a dumbbell. The visual evidence shows a manufactured functional object made of metal and rubber. Because the original natural texture of the materials is completely unidentifiable and altered, and the object does not depict a natural entity, it falls strictly under the Homogenous Artefacts exclusion and fails the criteria for nature. Not applicable since the entity is not classified as nature.",False
/home/pmonserrat/datasets/imagenet/extracted_data/n03259280/ILSVRC2012_val_00000182.JPEG,dutch oven,False,,,no,none,none,"The target entity is a dutch oven. The visual evidence shows a cooking pot with food inside, but the focus is on the pot itself. A dutch oven is a manufactured functional object made of metal, typically cast iron, with no visible natural grain or texture. Since it is a homogenous artefact where the original natural texture is unidentifiable and the object does not depict a natural entity, it falls strictly under the Homogenous Artefacts exclusion and fails the criteria for nature. Not applicable since the entity is not classified as nature.",False
/home/pmonserrat/datasets/imagenet/extracted_data/n03271574/ILSVRC2012_val_00000942.JPEG,electric fan,False,,,no,none,none,"The target entity is a blacksmith's anvil. The visual evidence shows a manufactured structural object made of metal, likely iron or steel. Because the original natural texture of the materials is completely unidentifiable and altered, and the object does not depict a natural entity, it falls strictly under the Homogenous Artefacts exclusion and fails the criteria for nature. Not applicable since the entity is not classified as nature.",False
/home/pmonserrat/datasets/imagenet/extracted_data/n03272010/ILSVRC2012_val_00000374.JPEG,electric guitar,False,,,no,none,none,"The target entity is an electric guitar. The visual evidence shows a manufactured musical instrument made primarily of materials such as wood (for the body and neck) and metal (for the hardware). While the wood component may have a natural origin, the electric guitar as a whole is a processed and manufactured object. Since the original natural texture is altered and the object does not depict a natural entity, it falls under the Homogenous Artefacts exclusion and fails the criteria for nature. Not applicable since the entity is not classified as nature.",False
/home/pmonserrat/datasets/imagenet/extracted_data/n03272562/ILSVRC2012_val_00001699.JPEG,electric locomotive,False,,,no,none,none,"The target entity is an electric locomotive. The visual evidence shows a manufactured functional object made of metal and other industrial materials. Because the original natural texture of the materials is completely unidentifiable and altered, and the object does not depict a natural entity, it falls strictly under the Homogenous Artefacts exclusion and fails the criteria for nature. Not applicable since the entity is not classified as nature.",False
/home/pmonserrat/datasets/imagenet/extracted_data/n03290653/ILSVRC2012_val_00000199.JPEG,entertainment center,False,,,no,none,none,"The target entity is an entertainment center. The visual evidence shows a manufactured wooden furniture piece with compartments for a television and decorative items. While the wood may have natural origins, the entertainment center itself is a homogenous artefact where the original natural texture is unidentifiable and altered. It does not depict a natural entity, and its primary purpose is functional rather than representational. Therefore, it falls strictly under the Homogenous Artefacts exclusion and fails the criteria for nature. Not applicable since the entity is not classified as nature.",False
/home/pmonserrat/datasets/imagenet/extracted_data/n03291819/ILSVRC2012_val_00000419.JPEG,envelope,False,,,no,none,none,"The target entity is an envelope. The visual evidence shows a manufactured functional object made of paper, a processed material derived from trees. While homogenous artefacts are excluded, processed materials derived from natural origins (like paper from trees) are not explicitly classified as Nature-Based Artefacts under the provided definitions. The envelope is a utilitarian object without any direct reference to more-than-human living entities or natural processes. Not applicable since the entity is not classified as nature.",False
/home/pmonserrat/datasets/imagenet/extracted_data/n03297495/ILSVRC2012_val_00001545.JPEG,espresso maker,False,,,no,none,none,"The target entity is an espresso maker. The visual evidence shows a manufactured functional object made of metal and plastic. Because the original natural texture of the materials is completely unidentifiable and altered, and the object does not depict a natural entity, it falls strictly under the Homogenous Artefacts exclusion and fails the criteria for nature. Not applicable since the entity is not classified as nature.",False
/home/pmonserrat/datasets/imagenet/extracted_data/n03314780/ILSVRC2012_val_00000624.JPEG,face powder,False,,,yes,biotic,material,"The target entity is face powder. The visual evidence shows a compact powder container with a pressed powder inside. Face powder is a processed food & drink element, specifically an edible solid at any processing level, fulfilling the Ingestion Criterion under the Nature definition. Since nature is 'yes', I evaluate the sub-axes. Face powder is derived from processed materials, placing it under Processed Food & Drinks within the biotic category. Because it is a real-world physical product with mass that occupies space, it is classified as material under the Tangibility axis.",False
/home/pmonserrat/datasets/imagenet/extracted_data/n03325584/ILSVRC2012_val_00001256.JPEG,feather boa,False,,,yes,biotic,material,"The target entity is a feather boa. The visual evidence shows a decorative item made of artificial feathers. While feathers are derived from birds (fauna), the feathers in this context are synthetic and not a direct representation of a living organism. The feather boa is a manufactured object designed for fashion, and since it is a crafted item where the natural material of origin (feathers) is transformed and visually identifiable by its structure, it counts as a Nature-Based Artefact. Since nature is 'yes', I evaluate the sub-axes. The feather boa is made from artificial feathers, which are derived from birds (fauna), placing it under Fauna & Animal Derivatives within the biotic category. Because the boa is a physical object with mass that occupies space and is directly perceived through physical senses, it is classified as material under the Tangibility axis.",False
/home/pmonserrat/datasets/imagenet/extracted_data/n03337140/ILSVRC2012_val_00000132.JPEG,file,False,,,no,none,none,"The target entity is a file. The visual evidence shows a physical object, likely a piece of paper or a document, placed on a printer. Files, in the context of this taxonomy, are not explicitly classified under nature as they are human-made documents and do not fall into the categories of flora, fauna, fungi, or natural processes. They are considered homogenous artefacts unless they depict a natural entity, which is not the case here. Not applicable since the entity is not classified as nature.",False
/home/pmonserrat/datasets/imagenet/extracted_data/n03344393/ILSVRC2012_val_00000288.JPEG,fireboat,False,,,no,none,none,"The target entity is a fireboat. The visual evidence shows a manufactured vessel designed for firefighting purposes. While the boat is a physical object with mass and occupies space, it is a human-made structure and does not fall under the categories of flora, fauna, fungi, or natural processes. It is not a nature-based artifact as defined, since it does not retain the natural material of origin in a visually identifiable way. Therefore, it does not meet the criteria for nature under the provided taxonomy. Not applicable since the entity is not classified as nature.",False
/home/pmonserrat/datasets/imagenet/extracted_data/n03345487/ILSVRC2012_val_00000764.JPEG,fire engine,False,,,no,none,none,"The target entity is a fire engine. The visual evidence shows a manufactured functional vehicle made of metal and other synthetic materials. Because the original natural texture of the materials is completely unidentifiable and altered, and the object does not depict a natural entity, it falls strictly under the Homogenous Artefacts exclusion and fails the criteria for nature. Not applicable since the entity is not classified as nature.",False
/home/pmonserrat/datasets/imagenet/extracted_data/n03347037/ILSVRC2012_val_00000743.JPEG,fire screen,False,,,no,none,none,"The target entity is a fire screen. The visual evidence shows a manufactured metal object with decorative patterns. Since it is a homogenous artefact made of metal with no visible natural grain or texture, and it does not depict a natural entity, it falls strictly under the Homogenous Artefacts exclusion and fails the criteria for nature. Not applicable since the entity is not classified as nature.",False
/home/pmonserrat/datasets/imagenet/extracted_data/n03355925/ILSVRC2012_val_00000445.JPEG,flagpole,False,,,no,none,none,"The target entity is a flagpole with a flag. The visual evidence shows a manufactured structural object made of metal or another synthetic material. Since the original natural texture of the materials is completely unidentifiable and altered, and the object does not depict a natural entity, it falls strictly under the Homogenous Artefacts exclusion and fails the criteria for nature. Not applicable since the entity is not classified as nature.",False
/home/pmonserrat/datasets/imagenet/extracted_data/n03372029/ILSVRC2012_val_00000140.JPEG,flute,False,,,no,none,none,"The target entity is a flute. The visual evidence shows a wooden musical instrument being held by a person. While the flute is made from wood, which is a natural material, the flute itself is a manufactured object. Since the original natural texture of the wood is altered and the object does not depict a natural entity, it falls under the Homogenous Artefacts exclusion and fails the criteria for nature. Not applicable since the entity is not classified as nature.",False
/home/pmonserrat/datasets/imagenet/extracted_data/n03376595/ILSVRC2012_val_00001616.JPEG,folding chair,False,,,no,none,none,"The target entity is a folding chair. The visual evidence shows a manufactured structural object made of smooth plastic or metal. Because the original natural texture of the materials is completely unidentifiable and altered, and the object does not depict a natural entity, it falls strictly under the Homogenous Artefacts exclusion and fails the criteria for nature. Not applicable since the entity is not classified as nature.",False
/home/pmonserrat/datasets/imagenet/extracted_data/n03379051/ILSVRC2012_val_00002562.JPEG,football helmet,False,,,no,none,none,"The target entity is a football helmet. The visual evidence shows a manufactured protective sports equipment made of synthetic materials, such as plastic and metal. Since the original natural texture of the materials is completely unidentifiable and altered, and the object does not depict a natural entity, it falls strictly under the Homogenous Artefacts exclusion and fails the criteria for nature. Not applicable since the entity is not classified as nature.",False
/home/pmonserrat/datasets/imagenet/extracted_data/n03384352/ILSVRC2012_val_00001579.JPEG,forklift,False,,,no,none,none,"The target entity is a forklift. The visual evidence shows a manufactured functional object made of metal and rubber. Because the original natural texture of the materials is completely unidentifiable and altered, and the object does not depict a natural entity, it falls strictly under the Homogenous Artefacts exclusion and fails the criteria for nature. Not applicable since the entity is not classified as nature.",False
/home/pmonserrat/datasets/imagenet/extracted_data/n03388043/ILSVRC2012_val_00001018.JPEG,fountain,False,,,yes,abiotic,material,"The target entity is a fountain. The visual evidence shows a real-world flowing body of water illuminated by artificial lighting. Hydrological components (rivers, ponds, lakes, streams) are explicitly classified under Non-Living Natural Elements & Processes, fulfilling the inclusion criteria for nature. Since nature is 'yes', I evaluate the sub-axes. A fountain is a fluid flow, placing it under Hydrological Components within the abiotic category. Because the image is an unfiltered documentary depiction capturing a real-world physical environment, it is classified as material under the Tangibility axis.",False
/home/pmonserrat/datasets/imagenet/extracted_data/n03388183/ILSVRC2012_val_00002799.JPEG,fountain pen,False,,,no,none,none,"The target entity is a fountain pen. The visual evidence shows a manufactured functional object made of materials such as metal and plastic. Because the original natural texture of the materials is completely unidentifiable and altered, and the object does not depict a natural entity, it falls strictly under the Homogenous Artefacts exclusion and fails the criteria for nature. Not applicable since the entity is not classified as nature.",False
/home/pmonserrat/datasets/imagenet/extracted_data/n03388549/ILSVRC2012_val_00002945.JPEG,four-poster,False,,,yes,biotic,material,"The target entity is a four-poster bed. The visual evidence shows a manufactured structural object made of wood with clearly visible natural grain. While homogenous artefacts are excluded, manufactured objects where the natural material of origin remains visually identifiable by its grain or texture explicitly count as Nature-Based Artefacts, fulfilling the inclusion criteria. Since nature is 'yes', I evaluate the sub-axes. Wood is a processed material derived from trees, placing it under Flora & Plant Derivatives within the biotic category. Because it is a real-world physical object with mass that occupies space, it is classified as material under the Tangibility axis.",False
/home/pmonserrat/datasets/imagenet/extracted_data/n03393912/ILSVRC2012_val_00000047.JPEG,freight car,False,,,no,none,none,"The target entity is a freight car. The visual evidence shows a manufactured structural object with graffiti and painted designs on it. The original natural texture of the materials is completely unidentifiable and altered, and the object does not depict a natural entity. It falls strictly under the Homogenous Artefacts exclusion and fails the criteria for nature. Not applicable since the entity is not classified as nature.",False
/home/pmonserrat/datasets/imagenet/extracted_data/n03394916/ILSVRC2012_val_00000957.JPEG,french horn,False,,,no,none,none,"The target entity is a French horn. The visual evidence shows a musical instrument being held by a person. Musical instruments are manufactured objects and do not fall under the categories of flora, fauna, fungi, or natural processes. They are not classified as nature-based artefacts because they do not retain the natural material of origin in a visually identifiable way. Therefore, the French horn does not meet the criteria for nature under the provided taxonomy. Not applicable since the entity is not classified as nature.",False
/home/pmonserrat/datasets/imagenet/extracted_data/n03400231/ILSVRC2012_val_00000516.JPEG,frying pan,False,,,no,none,none,"The target entity is a frying pan. The visual evidence shows a manufactured functional object made of metal and possibly coated with non-stick material. Because the original natural texture of the materials is completely unidentifiable and altered, and the object does not depict a natural entity, it falls strictly under the Homogenous Artefacts exclusion and fails the criteria for nature. Not applicable since the entity is not classified as nature.",False
/home/pmonserrat/datasets/imagenet/extracted_data/n03404251/ILSVRC2012_val_00000641.JPEG,fur coat,False,,,no,none,none,"The target entity is a fur coat. The visual evidence shows a manufactured garment made from animal fur. While the fur is derived from fauna (biotic), the coat itself is a processed material and a homogenous artefact where the original natural texture is altered and not visually identifiable. It does not count as a Nature-Based Artefact because it is a manufactured object that does not retain the natural material's structure or texture. Not applicable since the entity is not classified as nature.",False
/home/pmonserrat/datasets/imagenet/extracted_data/n03417042/ILSVRC2012_val_00001144.JPEG,garbage truck,False,,,no,none,none,"The target entity is a garbage truck. The visual evidence shows a manufactured functional object made of metal and rubber. Because the original natural texture of the materials is completely unidentifiable and altered, and the object does not depict a natural entity, it falls strictly under the Homogenous Artefacts exclusion and fails the criteria for nature. Not applicable since the entity is not classified as nature.",False
/home/pmonserrat/datasets/imagenet/extracted_data/n03424325/ILSVRC2012_val_00002290.JPEG,gasmask,False,,,no,none,none,"The target entity is a gas mask. The visual evidence shows a manufactured protective device made of synthetic materials such as plastic and metal. Since the original natural texture of the materials is completely unidentifiable and altered, and the object does not depict a natural entity, it falls strictly under the Homogenous Artefacts exclusion and fails the criteria for nature. Not applicable since the entity is not classified as nature.",False
/home/pmonserrat/datasets/imagenet/extracted_data/n03425413/ILSVRC2012_val_00000732.JPEG,gas pump,False,,,no,none,none,"The target entity is a gas pump. The visual evidence shows a manufactured functional object made of metal and plastic. Because the original natural texture of the materials is completely unidentifiable and altered, and the object does not depict a natural entity, it falls strictly under the Homogenous Artefacts exclusion and fails the criteria for nature. Not applicable since the entity is not classified as nature.",False
/home/pmonserrat/datasets/imagenet/extracted_data/n03443371/ILSVRC2012_val_00000311.JPEG,goblet,False,,,no,none,none,"The target entity is a goblet. The visual evidence shows a manufactured object with intricate designs and patterns. While the goblet is made of materials that may have natural origins (such as clay or glass derived from sand), the object itself is a crafted artifact. Since it is a manufactured item and not a direct representation of a more-than-human living entity or a natural process, it does not count as nature under the provided definition. Not applicable since the entity is not classified as nature.",False
/home/pmonserrat/datasets/imagenet/extracted_data/n03444034/ILSVRC2012_val_00000032.JPEG,go-kart,False,,,no,none,none,"The target entity is a go-kart. The visual evidence shows a manufactured functional object made of metal and plastic. Because the original natural texture of the materials is completely unidentifiable and altered, and the object does not depict a natural entity, it falls strictly under the Homogenous Artefacts exclusion and fails the criteria for nature. Not applicable since the entity is not classified as nature.",False
/home/pmonserrat/datasets/imagenet/extracted_data/n03445777/ILSVRC2012_val_00002314.JPEG,golf ball,False,,,no,none,none,"The target entity is a golf ball. The visual evidence shows a manufactured object made of synthetic materials, typically plastic, with no natural material or texture visible. Since it is a homogenous artefact where the original natural texture is unidentifiable and the object does not depict a natural entity, it falls strictly under the Homogenous Artefacts exclusion and fails the criteria for nature. Not applicable since the entity is not classified as nature.",False
/home/pmonserrat/datasets/imagenet/extracted_data/n03445924/ILSVRC2012_val_00001116.JPEG,golfcart,False,,,no,none,none,"The target entity is a golf cart. The visual evidence shows a manufactured functional object made of metal and plastic. Because the original natural texture of the materials is completely unidentifiable and altered, and the object does not depict a natural entity, it falls strictly under the Homogenous Artefacts exclusion and fails the criteria for nature. Not applicable since the entity is not classified as nature.",False
/home/pmonserrat/datasets/imagenet/extracted_data/n03447447/ILSVRC2012_val_00000913.JPEG,gondola,False,,,yes,biotic,material,"The target entity is a gondola. The visual evidence shows a traditional wooden boat used for transportation on waterways. While the gondola is a manufactured object, it is made from wood, a natural material, and is used in a natural environment (waterways). However, as a crafted object where the natural material of origin (wood) remains visually identifiable by its structure and texture, it counts as a Nature-Based Artefact, fulfilling the inclusion criteria. Since nature is 'yes', I evaluate the sub-axes. The gondola is a crafted object made from wood, placing it under Flora & Plant Derivatives within the biotic category. Because it is a physical real-world object with mass that occupies space, it is classified as material under the Tangibility axis.",False
/home/pmonserrat/datasets/imagenet/extracted_data/n03447721/ILSVRC2012_val_00001052.JPEG,gong,False,,,no,none,none,"The target entity is a gong. The visual evidence shows a physical musical instrument made of metal, typically bronze or brass. Gongs are manufactured objects and do not fall under the categories of flora, fauna, fungi, or natural processes. They are not classified as nature-based artefacts because they do not retain the natural material of origin in a visually identifiable form. Therefore, it does not meet the criteria for nature. Not applicable since the entity is not classified as nature.",False
/home/pmonserrat/datasets/imagenet/extracted_data/n03450230/ILSVRC2012_val_00000780.JPEG,gown,False,,,no,none,none,"The target entity is a gown. The visual evidence shows a garment made of fabric, which is a processed material derived from plants (cotton, silk, etc.). While the gown itself is a manufactured object, it is not classified as a Nature-Based Artefact because it does not retain the natural texture of its material and is not explicitly designed to represent a natural entity. It falls under the Homogenous Artefacts exclusion scope. Not applicable since the entity is not classified as nature.",False
/home/pmonserrat/datasets/imagenet/extracted_data/n03452741/ILSVRC2012_val_00000662.JPEG,grand piano,False,,,yes,biotic,material,"The target entity is a grand piano. The visual evidence shows a manufactured structural object made of wood with clearly visible natural grain. While homogenous artefacts are excluded, manufactured objects where the natural material of origin remains visually identifiable by its grain or texture explicitly count as Nature-Based Artefacts, fulfilling the inclusion criteria. Since nature is 'yes', I evaluate the sub-axes. Wood is a processed material derived from trees, placing it under Flora & Plant Derivatives within the biotic category. Because it is a real-world physical object with mass that occupies space, it is classified as material under the Tangibility axis.",False
/home/pmonserrat/datasets/imagenet/extracted_data/n03457902/ILSVRC2012_val_00000295.JPEG,greenhouse,False,,,yes,biotic,material,"The target entity is a greenhouse. The visual evidence shows a structure designed to support plant growth, with various potted plants and hanging pots visible. Greenhouses are typically used to cultivate plants in controlled environments, which aligns with the inclusion criteria for ecosystems and environments where non-human entities exist and interact. Additionally, the presence of plants (flora) directly ties to the more-than-human living entities category. Since nature is 'yes', I evaluate the sub-axes. The greenhouse itself is a physical structure, but it is primarily used to support plant life (flora), which falls under the biotic category. The plants inside the greenhouse are real-world organisms with mass and occupy space, making them material under the Tangibility axis.",False
/home/pmonserrat/datasets/imagenet/extracted_data/n03459775/ILSVRC2012_val_00000852.JPEG,grille,False,,,no,none,none,"The target entity is a grille, specifically the front grille of a car. The visual evidence shows a manufactured structural object made of metal with a grid pattern. Since homogenous artefacts are excluded if the original natural texture is unidentifiable and the object does not depict a natural entity, this grille does not count as nature. Not applicable since the entity is not classified as nature.",False
/home/pmonserrat/datasets/imagenet/extracted_data/n03461385/ILSVRC2012_val_00000372.JPEG,grocery store,False,,,no,none,none,"The target entity is a grocery store. The visual evidence shows a commercial establishment with shelves stocked with various packaged goods. Grocery stores are human-made structures and do not fall under the categories of flora, fauna, fungi, or natural environments. They are primarily functional spaces for the sale of processed food and other items, which are not classified as nature under the provided taxonomy. Not applicable since the entity is not classified as nature.",False
/home/pmonserrat/datasets/imagenet/extracted_data/n03467068/ILSVRC2012_val_00000169.JPEG,guillotine,False,,,no,none,none,"The target entity is a guillotine. The visual evidence shows a historical execution device made of metal and wood. Since human beings and human-related instruments are explicitly excluded from the nature taxonomy, this manufactured object does not count as nature. Not applicable since the entity is not classified as nature.",False
/home/pmonserrat/datasets/imagenet/extracted_data/n03476684/ILSVRC2012_val_00000190.JPEG,hair slide,False,,,no,none,none,"The target entity is a hair slide. The visual evidence shows a manufactured object made of materials such as wood and metal. Since the original natural texture of the materials is completely unidentifiable and altered, and the object does not depict a natural entity, it falls strictly under the Homogenous Artefacts exclusion and fails the criteria for nature. Not applicable since the entity is not classified as nature.",False
/home/pmonserrat/datasets/imagenet/extracted_data/n03476991/ILSVRC2012_val_00000856.JPEG,hair spray,False,,,no,none,none,"The target entity is a can of hair spray. The visual evidence shows a manufactured functional object made of metal and plastic. Because the original natural texture of the materials is completely unidentifiable and altered, and the object does not depict a natural entity, it falls strictly under the Homogenous Artefacts exclusion and fails the criteria for nature. Not applicable since the entity is not classified as nature.",False
/home/pmonserrat/datasets/imagenet/extracted_data/n03478589/ILSVRC2012_val_00000035.JPEG,half track,False,,,no,none,none,"The target entity is a half track military vehicle. The visual evidence shows a manufactured functional object made of metal and rubber, with no visible natural material or texture. It is a homogenous artefact where the original natural texture is completely unidentifiable and altered, and the object does not depict a natural entity. Therefore, it falls strictly under the Homogenous Artefacts exclusion and fails the criteria for nature. Not applicable since the entity is not classified as nature.",False
/home/pmonserrat/datasets/imagenet/extracted_data/n03481172/ILSVRC2012_val_00000887.JPEG,hammer,False,,,no,none,none,"The target entity is a hammer. The visual evidence shows a manufactured tool made of wood and metal. While the wooden handle has a natural origin, the tool as a whole is a manufactured object where the natural texture of the materials is altered and combined with non-natural components. Since homogenous artefacts are excluded and the object does not depict a natural entity, it falls strictly under the Homogenous Artefacts exclusion and fails the criteria for nature. Not applicable since the entity is not classified as nature.",False
/home/pmonserrat/datasets/imagenet/extracted_data/n03482405/ILSVRC2012_val_00000060.JPEG,hamper,False,,,yes,biotic,material,"The target entity is a hamper. The visual evidence shows a woven basket made of natural fibers, which is a nature-based artefact. The basket is crafted from materials derived from plants, fitting the inclusion criteria for Nature-Based Artefacts. Since nature is 'yes', I evaluate the sub-axes. The basket is a physical object made from plant materials, placing it under Flora & Plant Derivatives within the biotic category. Because it is a real-world physical object with mass that occupies space, it is classified as material under the Tangibility axis.",False
/home/pmonserrat/datasets/imagenet/extracted_data/n03483316/ILSVRC2012_val_00000876.JPEG,hand blower,False,,,no,none,none,"The target entity is a hand blower. The visual evidence shows a manufactured functional object made of plastic and metal. Because the original natural texture of the materials is completely unidentifiable and altered, and the object does not depict a natural entity, it falls strictly under the Homogenous Artefacts exclusion and fails the criteria for nature. Not applicable since the entity is not classified as nature.",False
/home/pmonserrat/datasets/imagenet/extracted_data/n03485407/ILSVRC2012_val_00000149.JPEG,hand-held computer,False,,,no,none,none,"The target entity is a hand-held computer. The visual evidence shows a manufactured electronic device made of metal and plastic. Since the original natural texture of the materials is completely unidentifiable and altered, and the object does not depict a natural entity, it falls strictly under the Homogenous Artefacts exclusion and fails the criteria for nature. Not applicable since the entity is not classified as nature.",False
/home/pmonserrat/datasets/imagenet/extracted_data/n03485794/ILSVRC2012_val_00000054.JPEG,handkerchief,False,,,yes,biotic,material,"The target entity is a handkerchief. The visual evidence shows a fabric item with a floral pattern featuring roses and leaves. While the handkerchief itself is a manufactured object, it is classified as a Nature-Based Artefact because the natural material of origin (fabric, which is derived from plants) remains visually identifiable by its structure and texture. Additionally, the floral pattern explicitly references flora, fulfilling the inclusion criteria for nature. Since nature is 'yes', I evaluate the sub-axes. The handkerchief is made from fabric, which is derived from plants (flora), placing it under Flora & Plant Derivatives within the biotic category. Because it is a physical object with mass that occupies space, it is classified as material under the Tangibility axis.",False
/home/pmonserrat/datasets/imagenet/extracted_data/n03492542/ILSVRC2012_val_00000367.JPEG,hard disc,False,,,no,none,none,"The target entity is a hard disc. The visual evidence shows a manufactured electronic device with no visible natural material or texture. It is a homogenous artefact where the original natural texture is unidentifiable and the object does not depict a natural entity. Therefore, it falls strictly under the Homogenous Artefacts exclusion and fails the criteria for nature. Not applicable since the entity is not classified as nature.",False
/home/pmonserrat/datasets/imagenet/extracted_data/n03494278/ILSVRC2012_val_00001030.JPEG,harmonica,False,,,no,none,none,"The target entity is a harmonica. The visual evidence shows a manufactured musical instrument made of metal and plastic. Since the original natural texture of the materials is completely unidentifiable and altered, and the object does not depict a natural entity, it falls strictly under the Homogenous Artefacts exclusion and fails the criteria for nature. Not applicable since the entity is not classified as nature.",False
/home/pmonserrat/datasets/imagenet/extracted_data/n03495258/ILSVRC2012_val_00000448.JPEG,harp,False,,,yes,none,material,"The target entity is a harp. The visual evidence shows a large, metallic sculpture of a harp, which is a man-made object. While the harp is inspired by a natural musical instrument, it is a manufactured structure made of metal, and its primary purpose is artistic or decorative rather than functional as a musical instrument. Since it is a crafted object where the natural material of origin (metal) remains visually identifiable by its structure and texture, it counts as a Nature-Based Artefact. Since nature is 'yes', I evaluate the sub-axes. The harp is a crafted object inspired by a natural entity (a musical instrument), but it is not a direct representation of flora or fauna. It is a physical three-dimensional object with mass that occupies space, placing it under the material category under the Tangibility axis.",False
/home/pmonserrat/datasets/imagenet/extracted_data/n03496892/ILSVRC2012_val_00000015.JPEG,harvester,False,,,no,none,none,"The target entity is a harvester. The visual evidence shows a machine operating in a field of wheat. While the harvester itself is a manufactured object, it is actively engaging with a natural environment (the wheat field) and performing a process related to Flora & Plant Derivatives. However, the harvester as a standalone entity does not count as a more-than-human living organism or a natural element under the provided definition. Not applicable since the entity is not classified as nature.",False
/home/pmonserrat/datasets/imagenet/extracted_data/n03498962/ILSVRC2012_val_00002436.JPEG,hatchet,False,,,no,none,none,"The target entity is a hatchet. The visual evidence shows a manufactured functional object made of metal and wood. While the hatchet is a tool used in nature-based activities, it is a homogenous artefact where the original natural texture of the materials is completely unidentifiable and altered. It does not depict a natural entity and falls strictly under the Homogenous Artefacts exclusion, failing the criteria for nature. Not applicable since the entity is not classified as nature.",False
/home/pmonserrat/datasets/imagenet/extracted_data/n03527444/ILSVRC2012_val_00002822.JPEG,holster,False,,,no,none,none,"The target entity is a holster. The visual evidence shows a manufactured object made of leather with stitched details. While the material is derived from a natural source (plants), the object itself is a homogenous artefact where the original natural texture is completely unidentifiable and altered. It does not depict a natural entity and falls strictly under the Homogenous Artefacts exclusion, failing the criteria for nature. Not applicable since the entity is not classified as nature.",False
/home/pmonserrat/datasets/imagenet/extracted_data/n03529860/ILSVRC2012_val_00000387.JPEG,home theater,False,,,no,none,none,"The target entity is a home theater setup. The visual evidence shows a room with a large screen displaying an image, seating arrangements, and various electronic devices. The primary function of a home theater is to facilitate the viewing of media content, which is typically not a natural environment or process. The setup includes manufactured objects such as screens, seating, and electronic equipment, none of which are classified as nature-based entities under the provided taxonomy. Not applicable since the entity is not classified as nature.",False
/home/pmonserrat/datasets/imagenet/extracted_data/n03530642/ILSVRC2012_val_00001784.JPEG,honeycomb,True,False,True,yes,biotic,material,"The target entity is a honeycomb. The visual evidence shows a physical structure made by bees, consisting of hexagonal cells. Honeycombs are biological structures created by bees (fauna) and fall under the category of more-than-human living entities, specifically Fauna & Animal Derivatives. They are also considered Nature-Based Artefacts because they are crafted by living organisms and retain the natural material characteristics of beeswax. Since nature is 'yes', I evaluate the sub-axes. A honeycomb is a product of bees, which are non-human vertebrates (fauna), placing it under the biotic category. Because the honeycomb is a real-world physical object with mass that occupies space, it is classified as material under the Tangibility axis.",False
/home/pmonserrat/datasets/imagenet/extracted_data/n03532672/ILSVRC2012_val_00000575.JPEG,hook,False,,,no,none,none,"The target entity is a hook. The visual evidence shows a manufactured metal object with no natural material or texture visible. It is a functional object made of metal, which is a processed material and does not depict a natural entity. Therefore, it falls under the Homogenous Artefacts exclusion and fails the criteria for nature. Not applicable since the entity is not classified as nature.",False
/home/pmonserrat/datasets/imagenet/extracted_data/n03534580/ILSVRC2012_val_00000776.JPEG,hoopskirt,False,,,no,none,none,"The target entity is a hoopskirt. The visual evidence shows a performer wearing a hoopskirt, which is a type of costume. Since human beings and their clothing are explicitly excluded from the nature taxonomy, this entity does not count as nature. Not applicable since the entity is not classified as nature.",False
/home/pmonserrat/datasets/imagenet/extracted_data/n03535780/ILSVRC2012_val_00001827.JPEG,horizontal bar,False,,,no,none,none,"The target entity is a horizontal bar. The visual evidence shows a metallic bar used in a physical activity setting. This is a manufactured structural object made of metal, which is a processed material and does not depict a natural entity. Since it is a homogenous artefact where the original natural texture is unidentifiable and altered, it falls strictly under the Homogenous Artefacts exclusion and fails the criteria for nature. Not applicable since the entity is not classified as nature.",False
/home/pmonserrat/datasets/imagenet/extracted_data/n03538406/ILSVRC2012_val_00000752.JPEG,horse cart,False,,,yes,biotic,material,"The target entity is a horse cart. The visual evidence shows a real-world physical object consisting of a horse (a non-human vertebrate) and a cart (a manufactured structure). The horse is a living organism, which counts as nature under the provided definition. The cart, while a manufactured object, is not classified as nature because it is a homogenous artefact where the original natural texture is unidentifiable and the object does not depict a natural entity. However, since the horse is a living organism, the entire entity is classified as nature. Since nature is 'yes', I evaluate the sub-axes. The horse is a non-human vertebrate (fauna), placing it under the biotic category. The cart is a manufactured object, but since the primary focus is on the horse, which is biotic, the life category remains biotic. The horse cart is a real-world physical object with mass that occupies space, so it is classified as material under the Tangibility axis.",False
/home/pmonserrat/datasets/imagenet/extracted_data/n03544143/ILSVRC2012_val_00001943.JPEG,hourglass,True,False,True,no,none,none,"The target entity is an hourglass. The visual evidence shows a manufactured object made of glass with sand inside. While it is a representation of a natural process (the passage of time), it is a physical object made by humans and does not fall under the categories of more-than-human living entities, ecosystems, or non-living natural elements and processes. It is a homogenous artefact where the original natural texture is unidentifiable and altered, and it does not depict a natural entity. Not applicable since the entity is not classified as nature.",False
/home/pmonserrat/datasets/imagenet/extracted_data/n03584254/ILSVRC2012_val_00000647.JPEG,ipod,False,,,no,none,none,"The target entity is an iPod. The visual evidence shows a manufactured electronic device made of plastic and metal. Since the original natural texture of the materials is completely unidentifiable and altered, and the object does not depict a natural entity, it falls strictly under the Homogenous Artefacts exclusion and fails the criteria for nature. Not applicable since the entity is not classified as nature.",False
/home/pmonserrat/datasets/imagenet/extracted_data/n03584829/ILSVRC2012_val_00000208.JPEG,iron,False,,,no,none,none,"The target entity is an iron. The visual evidence shows a manufactured functional object made of metal. Since the original natural texture of the materials is completely unidentifiable and altered, and the object does not depict a natural entity, it falls strictly under the Homogenous Artefacts exclusion and fails the criteria for nature. Not applicable since the entity is not classified as nature.",False
/home/pmonserrat/datasets/imagenet/extracted_data/n03590841/ILSVRC2012_val_00000308.JPEG,jack-o'-lantern,False,,,yes,biotic,immaterial,"The target entity is a jack-o'-lantern. The visual evidence shows a carved pumpkin with a light inside, creating a glowing effect. While pumpkins are Flora & Plant Derivatives and fall under the Biotic category, the jack-o'-lantern is a crafted object where the natural material of origin (the pumpkin) remains visually identifiable by its structure and texture. However, the carved design and the addition of light make it a representation rather than a direct depiction of a natural entity. This counts as a Nature-Based Artefact, fulfilling the inclusion criteria for nature. Since nature is 'yes', I evaluate the sub-axes. The jack-o'-lantern represents a pumpkin (flora), placing its conceptual subject under the biotic category. Although the object is a physical three-dimensional item, its primary purpose is representational and symbolic, with the carved design and light adding an artistic element. Therefore, under the Tangibility rules for representations, it is classified as immaterial.",False
/home/pmonserrat/datasets/imagenet/extracted_data/n03594734/ILSVRC2012_val_00000110.JPEG,jean,False,,,no,none,none,"The target entity is 'jean'. The visual evidence shows a pair of jeans worn by a person. Jeans are a type of clothing made from processed cotton, which is a plant derivative. However, under the provided taxonomy, human beings and their clothing are explicitly excluded from the nature category. Since jeans are a manufactured item made from a natural material but are not classified as nature-based artefacts due to the exclusion of homogenous artefacts and human-related items, they do not count as nature. Not applicable since the entity is not classified as nature.",False
/home/pmonserrat/datasets/imagenet/extracted_data/n03594945/ILSVRC2012_val_00000659.JPEG,jeep,False,,,no,none,none,"The target entity is a jeep. The visual evidence shows a manufactured vehicle made of metal and other synthetic materials. Since the original natural texture of the materials is completely unidentifiable and altered, and the object does not depict a natural entity, it falls strictly under the Homogenous Artefacts exclusion and fails the criteria for nature. Not applicable since the entity is not classified as nature.",False
/home/pmonserrat/datasets/imagenet/extracted_data/n03595614/ILSVRC2012_val_00000219.JPEG,jersey,False,,,no,none,none,"The target entity is a jersey. The visual evidence shows a piece of clothing made of fabric, which is a processed material derived from cotton or synthetic fibers. Since the jersey is a manufactured item and does not depict a natural entity or environment, it falls under the Homogenous Artefacts exclusion and fails the criteria for nature. Not applicable since the entity is not classified as nature.",False
/home/pmonserrat/datasets/imagenet/extracted_data/n03598930/ILSVRC2012_val_00000607.JPEG,jigsaw puzzle,False,,,no,none,none,"The target entity is a jigsaw puzzle. The visual evidence shows a collection of interlocking pieces forming a map. While the puzzle itself is a manufactured object, it represents a geographical area, which is a natural feature. However, the puzzle pieces are not natural entities but rather a representation of a natural environment. Since the puzzle is a physical object made of materials (likely paper or cardboard) with no visible natural grain or texture, it falls under the Homogenous Artefacts exclusion and does not count as nature. Not applicable since the entity is not classified as nature.",False
/home/pmonserrat/datasets/imagenet/extracted_data/n03599486/ILSVRC2012_val_00000281.JPEG,jinrikisha,False,,,no,none,none,"The target entity is a jinrikisha, a type of rickshaw. The visual evidence shows a manufactured vehicle with a seat and canopy, typically used for transporting passengers. Since it is a manufactured object and not a natural entity, it falls under the Homogenous Artefacts exclusion. The materials used (likely metal and fabric) do not retain any natural texture that would classify it as a Nature-Based Artefact. Therefore, it does not meet the criteria for nature under the provided definition. Not applicable since the entity is not classified as nature.",False
/home/pmonserrat/datasets/imagenet/extracted_data/n03602883/ILSVRC2012_val_00000969.JPEG,joystick,False,,,no,none,none,"The target entity is a joystick. The visual evidence shows a manufactured functional object made of plastic and metal. Because the original natural texture of the materials is completely unidentifiable and altered, and the object does not depict a natural entity, it falls strictly under the Homogenous Artefacts exclusion and fails the criteria for nature. Not applicable since the entity is not classified as nature.",False
/home/pmonserrat/datasets/imagenet/extracted_data/n03617480/ILSVRC2012_val_00000900.JPEG,kimono,False,,,no,none,none,"The target entity is a kimono. The visual evidence shows a traditional garment worn by individuals. While the kimono itself is a manufactured object, it is made from fabrics that are derived from natural materials such as cotton or silk, which are processed plant or animal products. However, the kimono as a garment does not directly count as a Nature-Based Artefact under the provided taxonomy because it is a homogenous artefact where the natural texture is unidentifiable and altered. The garment's primary purpose is functional and cultural rather than representational of nature. Not applicable since the entity is not classified as nature.",False
/home/pmonserrat/datasets/imagenet/extracted_data/n03623198/ILSVRC2012_val_00000686.JPEG,knee pad,False,,,no,none,none,"The target entity is a knee pad. The visual evidence shows a manufactured functional object made of fabric and foam. Because the original natural texture of the materials is completely unidentifiable and altered, and the object does not depict a natural entity, it falls strictly under the Homogenous Artefacts exclusion and fails the criteria for nature. Not applicable since the entity is not classified as nature.",False
/home/pmonserrat/datasets/imagenet/extracted_data/n03627232/ILSVRC2012_val_00002377.JPEG,knot,False,,,no,none,none,"The target entity is a knot. The visual evidence shows a coiled rope, which is a manufactured object made from synthetic or natural fibers. Since the knot is a functional object used for securing or tying, it does not fall under the categories of more-than-human living entities, ecosystems, or natural processes. It is a processed item and does not meet the criteria for nature under the provided definition. Not applicable since the entity is not classified as nature.",False
/home/pmonserrat/datasets/imagenet/extracted_data/n03630383/ILSVRC2012_val_00002627.JPEG,lab coat,False,,,yes,biotic,material,"The target entity is a lab coat. The visual evidence shows a manufactured structural object made of fabric. While homogenous artefacts are excluded, manufactured objects where the natural material of origin remains visually identifiable by its texture explicitly count as Nature-Based Artefacts, fulfilling the inclusion criteria. Since nature is 'yes', I evaluate the sub-axes. A lab coat is made from fabric, which is derived from plants (cotton, for example), placing it under Flora & Plant Derivatives within the biotic category. Because it is a real-world physical object with mass that occupies space, it is classified as material under the Tangibility axis.",False
/home/pmonserrat/datasets/imagenet/extracted_data/n03633091/ILSVRC2012_val_00000684.JPEG,ladle,False,,,no,none,none,"The target entity is a ladle. The visual evidence shows a manufactured functional object made of metal. Because the original natural texture of the materials is completely unidentifiable and altered, and the object does not depict a natural entity, it falls strictly under the Homogenous Artefacts exclusion and fails the criteria for nature. Not applicable since the entity is not classified as nature.",False
/home/pmonserrat/datasets/imagenet/extracted_data/n03637318/ILSVRC2012_val_00000427.JPEG,lampshade,False,,,yes,biotic,material,"The target entity is a lampshade. The visual evidence shows a manufactured object made of fabric or paper, designed to cover a light source. Since it is a crafted or manufactured object where the natural material of origin (fabric or paper) remains visually identifiable by its structure, grain, or texture, it counts as a Nature-Based Artefact, fulfilling the inclusion criteria. Since nature is 'yes', I evaluate the sub-axes. The lampshade is made from materials derived from plants (fabric or paper), placing it under Flora & Plant Derivatives within the biotic category. Because it is a real-world physical object with mass that occupies space, it is classified as material under the Tangibility axis.",False
/home/pmonserrat/datasets/imagenet/extracted_data/n03642806/ILSVRC2012_val_00000151.JPEG,laptop,False,,,no,none,none,"The target entity is a laptop. The visual evidence shows a manufactured electronic device made primarily of metal and plastic, with no visible natural material or texture. Since homogenous artefacts are excluded and the object does not depict a natural entity, it fails the criteria for nature. Not applicable since the entity is not classified as nature.",False
/home/pmonserrat/datasets/imagenet/extracted_data/n03649909/ILSVRC2012_val_00000384.JPEG,lawn mower,False,,,no,none,none,"The target entity is a lawn mower. The visual evidence shows a manufactured functional object made of metal and plastic. Because the original natural texture of the materials is completely unidentifiable and altered, and the object does not depict a natural entity, it falls strictly under the Homogenous Artefacts exclusion and fails the criteria for nature. Not applicable since the entity is not classified as nature.",False
/home/pmonserrat/datasets/imagenet/extracted_data/n03657121/ILSVRC2012_val_00000359.JPEG,lens cap,False,,,no,none,none,"The target entity is a lens cap. The visual evidence shows a manufactured object made of plastic or rubber, with the brand name 'Canon' embossed on it. Since the original natural texture of the materials is completely unidentifiable and altered, and the object does not depict a natural entity, it falls strictly under the Homogenous Artefacts exclusion and fails the criteria for nature. Not applicable since the entity is not classified as nature.",False
/home/pmonserrat/datasets/imagenet/extracted_data/n03658185/ILSVRC2012_val_00001977.JPEG,letter opener,False,,,no,none,none,"The target entity is a letter opener. The visual evidence shows a manufactured functional object made of metal. Because the original natural texture of the materials is completely unidentifiable and altered, and the object does not depict a natural entity, it falls strictly under the Homogenous Artefacts exclusion and fails the criteria for nature. Not applicable since the entity is not classified as nature.",False
/home/pmonserrat/datasets/imagenet/extracted_data/n03661043/ILSVRC2012_val_00000715.JPEG,library,False,,,no,none,none,"The target entity is a library. The visual evidence shows a room with bookshelves filled with books and framed portraits on the wall. Libraries are human-made structures and do not fall under the categories of flora, fauna, fungi, or natural environments. They are not classified as nature-based artefacts or activities, nor do they represent nature in any form. Therefore, they do not meet the inclusion criteria for nature. Not applicable since the entity is not classified as nature.",False
/home/pmonserrat/datasets/imagenet/extracted_data/n03662601/ILSVRC2012_val_00000556.JPEG,lifeboat,False,,,no,none,none,"The target entity is a lifeboat. The visual evidence shows a manufactured structural object made of metal and other synthetic materials. Since it is a functional object designed for human use and does not depict or derive from any more-than-human living entities, ecosystems, or natural processes, it falls under the Homogenous Artefacts exclusion and fails the criteria for nature. Not applicable since the entity is not classified as nature.",False
/home/pmonserrat/datasets/imagenet/extracted_data/n03666591/ILSVRC2012_val_00003417.JPEG,lighter,False,,,no,none,none,"The target entity is a lighter. The visual evidence shows a manufactured functional object made of metal and plastic. Because the original natural texture of the materials is completely unidentifiable and altered, and the object does not depict a natural entity, it falls strictly under the Homogenous Artefacts exclusion and fails the criteria for nature. Not applicable since the entity is not classified as nature.",False
/home/pmonserrat/datasets/imagenet/extracted_data/n03670208/ILSVRC2012_val_00000185.JPEG,limousine,False,,,no,none,none,"The target entity is a limousine. The visual evidence shows a manufactured vehicle with a smooth, upholstered interior. The materials used, such as fabric and plastic, are processed and do not retain any visible natural texture or grain. Since the original natural texture is completely unidentifiable and altered, and the object does not depict a natural entity, it falls strictly under the Homogenous Artefacts exclusion and fails the criteria for nature. Not applicable since the entity is not classified as nature.",False
/home/pmonserrat/datasets/imagenet/extracted_data/n03673027/ILSVRC2012_val_00000664.JPEG,liner,False,,,no,none,none,"The target entity is a liner (cruise ship). The visual evidence shows a large, multi-decked vessel with balconies, seating areas, and people on board. The ship is a manufactured structural object made of metal and other synthetic materials. Since the original natural texture of the materials is completely unidentifiable and altered, and the object does not depict a natural entity, it falls strictly under the Homogenous Artefacts exclusion and fails the criteria for nature. Not applicable since the entity is not classified as nature.",False
/home/pmonserrat/datasets/imagenet/extracted_data/n03676483/ILSVRC2012_val_00000984.JPEG,lipstick,False,,,yes,biotic,material,"The target entity is a lipstick. The visual evidence shows a manufactured cosmetic product made of synthetic materials. Since it is a processed food & drink (the ingestion criterion) and edible solid element at any processing level, it falls under the inclusion scope for nature-based items. However, it is a manufactured object and not a natural entity. Since nature is 'yes', I evaluate the sub-axes. Lipstick is a processed material derived from plant or animal sources, placing it under the category of Processed Food & Drinks within the biotic category. Because it is a physical object with mass that occupies space, it is classified as material under the Tangibility axis.",False
/home/pmonserrat/datasets/imagenet/extracted_data/n03680355/ILSVRC2012_val_00000385.JPEG,loafer,False,,,yes,biotic,material,"The target entity is a loafer. The visual evidence shows a pair of shoes made of leather or a similar material, designed for casual wear. Since homogenous artefacts are excluded, manufactured objects where the natural material of origin remains visually identifiable by its grain or texture explicitly count as Nature-Based Artefacts, fulfilling the inclusion criteria. Since nature is 'yes', I evaluate the sub-axes. A loafer is a processed material derived from leather, which is an animal product (fauna), placing it under Fauna & Animal Derivatives within the biotic category. Because it is a real-world physical object with mass that occupies space, it is classified as material under the Tangibility axis.",False
/home/pmonserrat/datasets/imagenet/extracted_data/n03690938/ILSVRC2012_val_00001814.JPEG,lotion,False,,,no,none,none,"The target entity is lotion. The visual evidence shows a manufactured product made of plastic and other synthetic materials. Since the original natural texture is completely unidentifiable and altered, and the object does not depict a natural entity, it falls strictly under the Homogenous Artefacts exclusion and fails the criteria for nature. Not applicable since the entity is not classified as nature.",False
/home/pmonserrat/datasets/imagenet/extracted_data/n03691459/ILSVRC2012_val_00000109.JPEG,loudspeaker,False,,,no,none,none,"The target entity is a loudspeaker. The visual evidence shows a manufactured electronic device made primarily of metal and wood. Since the original natural texture of the materials is completely unidentifiable and altered, and the object does not depict a natural entity, it falls strictly under the Homogenous Artefacts exclusion and fails the criteria for nature. Not applicable since the entity is not classified as nature.",False
/home/pmonserrat/datasets/imagenet/extracted_data/n03692522/ILSVRC2012_val_00000999.JPEG,loupe,True,True,True,no,none,none,"The target entity is a loupe. The visual evidence shows a magnifying glass with a handle, typically used for examining small details. A loupe is a manufactured functional object made of glass and metal, with no natural material or texture remaining visually identifiable. It does not depict a natural entity and falls under the Homogenous Artefacts exclusion, failing the criteria for nature. Not applicable since the entity is not classified as nature.",False
/home/pmonserrat/datasets/imagenet/extracted_data/n03697007/ILSVRC2012_val_00000760.JPEG,lumbermill,False,,,yes,biotic,material,"The target entity is a lumbermill. The visual evidence shows a facility where logs are processed, and stacks of cut logs are visible. While the lumbermill itself is a manufactured structure, the presence of processed logs (a product of Flora & Plant Derivatives) and the setting within a natural resource extraction context count as Nature-Based Artefacts, fulfilling the inclusion criteria. Since nature is 'yes', I evaluate the sub-axes. The logs are derived from trees (Flora & Plant Derivatives) and are classified under the biotic category. The lumbermill, as a physical structure, is a real-world object with mass and occupies space, making it material under the Tangibility axis.",False
/home/pmonserrat/datasets/imagenet/extracted_data/n03706229/ILSVRC2012_val_00001229.JPEG,magnetic compass,False,,,no,none,none,"The target entity is a magnetic compass. The visual evidence shows a manufactured functional object made of metal and plastic. Because the original natural texture of the materials is completely unidentifiable and altered, and the object does not depict a natural entity, it falls strictly under the Homogenous Artefacts exclusion and fails the criteria for nature. Not applicable since the entity is not classified as nature.",False
/home/pmonserrat/datasets/imagenet/extracted_data/n03709823/ILSVRC2012_val_00000221.JPEG,mailbag,False,,,no,none,none,"The target entity is a mailbag. The visual evidence shows a manufactured object with a leopard print design. While the design may reference fauna, the bag itself is a homogenous artefact made of synthetic materials. Since the natural texture is unidentifiable and the object does not depict a natural entity, it falls strictly under the Homogenous Artefacts exclusion and fails the criteria for nature. Not applicable since the entity is not classified as nature.",False
/home/pmonserrat/datasets/imagenet/extracted_data/n03710193/ILSVRC2012_val_00000152.JPEG,mailbox,False,,,no,none,none,"The target entity is a mailbox. The visual evidence shows a manufactured functional object made of metal and plastic. Because the original natural texture of the materials is completely unidentifiable and altered, and the object does not depict a natural entity, it falls strictly under the Homogenous Artefacts exclusion and fails the criteria for nature. Not applicable since the entity is not classified as nature.",False
/home/pmonserrat/datasets/imagenet/extracted_data/n03710637/ILSVRC2012_val_00000117.JPEG,maillot,False,,,no,none,none,"The target entity is a 'maillot', which is a type of garment. The visual evidence shows a person wearing a red and white athletic outfit. Since the maillot is a manufactured clothing item made from synthetic or natural fibers, it does not fall under the categories of more-than-human living entities, ecosystems, or natural processes. It is a homogenous artefact where the original natural texture is unidentifiable and the object does not depict a natural entity. Not applicable since the entity is not classified as nature.",False
/home/pmonserrat/datasets/imagenet/extracted_data/n03717622/ILSVRC2012_val_00002223.JPEG,manhole cover,False,,,no,none,none,"The target entity is a manhole cover. The visual evidence shows a manufactured object made of metal, placed on a concrete surface. Since it is a manufactured structural object where the original natural texture is completely unidentifiable and altered, and it does not depict a natural entity, it falls strictly under the Homogenous Artefacts exclusion and fails the criteria for nature. Not applicable since the entity is not classified as nature.",False
/home/pmonserrat/datasets/imagenet/extracted_data/n03720891/ILSVRC2012_val_00000710.JPEG,maraca,False,,,yes,biotic,material,"The target entity is a maraca. The visual evidence shows a manufactured object made of wood with painted designs. While the natural material of origin (wood) is visually identifiable, the object is a crafted item used for musical purposes. Nature-Based Artefacts include crafted objects where the natural material remains visually identifiable by its structure, grain, or texture. Since the maraca is a physical object made from wood, it counts as a Nature-Based Artefact. Since nature is 'yes', I evaluate the sub-axes. The maraca is made from wood, which is a processed material derived from trees, placing it under Flora & Plant Derivatives within the biotic category. Because it is a real-world physical object with mass that occupies space, it is classified as material under the Tangibility axis.",False
/home/pmonserrat/datasets/imagenet/extracted_data/n03721384/ILSVRC2012_val_00001796.JPEG,marimba,False,,,no,none,none,"The target entity is a marimba. The visual evidence shows a musical instrument made of wooden bars and resonators. While the instrument is crafted from natural materials, it is a manufactured object where the original natural texture is altered and not visually identifiable. It does not depict a natural entity but is a functional object made by humans, falling under the Homogenous Artefacts exclusion. Not applicable since the entity is not classified as nature.",False
/home/pmonserrat/datasets/imagenet/extracted_data/n03724870/ILSVRC2012_val_00000608.JPEG,mask,False,,,no,none,none,"The target entity is a mask. The visual evidence shows a decorative object worn by a child. Masks are typically crafted from materials like fabric, plastic, or paper, and are often used for artistic, cultural, or entertainment purposes. Since masks are manufactured objects and do not fall under the categories of flora, fauna, fungi, or natural environments, they are excluded from the nature definition. Not applicable since the entity is not classified as nature.",False
/home/pmonserrat/datasets/imagenet/extracted_data/n03729826/ILSVRC2012_val_00000259.JPEG,matchstick,False,,,yes,biotic,material,"The target entity is a matchstick. The visual evidence shows a manufactured object made of wood with a chemical substance on the tip that ignites to produce flame. While the matchstick itself is a processed material derived from wood (a plant), it is primarily a manufactured item used for igniting fires. Since it is a processed food & drink (the Ingestion Criterion) and a nature-based artefact where the natural material of origin remains visually identifiable by its structure, grain, or texture, it fulfills the inclusion criteria for nature. Since nature is 'yes', I evaluate the sub-axes. The matchstick is made from wood, placing it under Flora & Plant Derivatives within the biotic category. Because it is a real-world physical object with mass that occupies space, it is classified as material under the Tangibility axis.",False
/home/pmonserrat/datasets/imagenet/extracted_data/n03733131/ILSVRC2012_val_00000120.JPEG,maypole,False,,,yes,none,material,"The target entity is a maypole. The visual evidence shows a tall pole decorated with colorful ribbons and flowers, being interacted with by people in costumes. A maypole is a nature-based artefact crafted or manufactured where the natural material of origin remains visually identifiable by its structure, grain, or texture. It is explicitly a cultural object used in nature-based activities, fulfilling the inclusion criteria for Nature-Based Artefacts. Since nature is 'yes', I evaluate the sub-axes. A maypole is a crafted object, placing it under Nature-Based Artefacts. Because it is a physical three-dimensional object with mass that occupies space, it is classified as material under the Tangibility axis.",False
/home/pmonserrat/datasets/imagenet/extracted_data/n03733281/ILSVRC2012_val_00000118.JPEG,maze,False,,,no,none,none,"The target entity is a maze. The visual evidence shows a pattern of interconnected lines forming a circular structure. This is a manufactured structural object made of metal, with no natural material or living organism involved. Since it does not depict a natural entity and is a homogenous artefact, it falls strictly under the Homogenous Artefacts exclusion and fails the criteria for nature. Not applicable since the entity is not classified as nature.",False
/home/pmonserrat/datasets/imagenet/extracted_data/n03733805/ILSVRC2012_val_00000163.JPEG,measuring cup,False,,,no,none,none,"The target entity is a measuring cup. The visual evidence shows a manufactured functional object made of clear plastic with measurement markings. Since the original natural texture of the materials is completely unidentifiable and altered, and the object does not depict a natural entity, it falls strictly under the Homogenous Artefacts exclusion and fails the criteria for nature. Not applicable since the entity is not classified as nature.",False
/home/pmonserrat/datasets/imagenet/extracted_data/n03742115/ILSVRC2012_val_00001318.JPEG,medicine chest,False,,,yes,biotic,material,"The target entity is a medicine chest. The visual evidence shows a manufactured structural object made of wood with clearly visible natural grain. While homogenous artefacts are excluded, manufactured objects where the natural material of origin remains visually identifiable by its grain or texture explicitly count as Nature-Based Artefacts, fulfilling the inclusion criteria. Since nature is 'yes', I evaluate the sub-axes. The medicine chest is a physical object made of wood, which is a processed material derived from trees, placing it under Flora & Plant Derivatives within the biotic category. Because it is a real-world physical object with mass that occupies space, it is classified as material under the Tangibility axis.",False
/home/pmonserrat/datasets/imagenet/extracted_data/n03743016/ILSVRC2012_val_00000382.JPEG,megalith,False,,,yes,abiotic,material,"The target entity is a megalith. The visual evidence shows a large, naturally occurring rock formation. Geological & Topographical Components are explicitly classified under Non-Living Natural Elements & Processes, fulfilling the inclusion criteria for nature. Since nature is 'yes', I evaluate the sub-axes. A megalith is a large-scale landform and earth structure, placing it under Geological & Topographical Components within the abiotic category. Because this is an unfiltered documentary photograph of a real-world physical landscape, it is classified as material under the Tangibility axis.",False
/home/pmonserrat/datasets/imagenet/extracted_data/n03759954/ILSVRC2012_val_00001982.JPEG,microphone,False,,,no,none,none,"The target entity is a microphone. The visual evidence shows a manufactured functional object made of plastic and metal. Because the original natural texture of the materials is completely unidentifiable and altered, and the object does not depict a natural entity, it falls strictly under the Homogenous Artefacts exclusion and fails the criteria for nature. Not applicable since the entity is not classified as nature.",False
/home/pmonserrat/datasets/imagenet/extracted_data/n03761084/ILSVRC2012_val_00000519.JPEG,microwave,False,,,no,none,none,"The target entity is a microwave. The visual evidence shows a manufactured functional object made of smooth plastic and metal. Because the original natural texture of the materials is completely unidentifiable and altered, and the object does not depict a natural entity, it falls strictly under the Homogenous Artefacts exclusion and fails the criteria for nature. Not applicable since the entity is not classified as nature.",False
/home/pmonserrat/datasets/imagenet/extracted_data/n03763968/ILSVRC2012_val_00003199.JPEG,military uniform,False,,,no,none,none,"The target entity is a military uniform. The visual evidence shows a manufactured functional object made of fabric and other materials. Since the original natural texture of the materials is completely unidentifiable and altered, and the object does not depict a natural entity, it falls strictly under the Homogenous Artefacts exclusion and fails the criteria for nature. Not applicable since the entity is not classified as nature.",False
/home/pmonserrat/datasets/imagenet/extracted_data/n03764736/ILSVRC2012_val_00001170.JPEG,milk can,False,,,no,none,none,"The target entity is a milk can. The visual evidence shows a manufactured container made of metal, with no visible natural material or texture. Since it is a homogenous artefact where the original natural texture is unidentifiable and the object does not depict a natural entity, it falls strictly under the Homogenous Artefacts exclusion and fails the criteria for nature. Not applicable since the entity is not classified as nature.",False
/home/pmonserrat/datasets/imagenet/extracted_data/n03769881/ILSVRC2012_val_00000314.JPEG,minibus,False,,,no,none,none,"The target entity is a minibus. The visual evidence shows a manufactured vehicle made of metal and plastic, with no visible natural material or texture that would classify it as a Nature-Based Artefact. Since it is a homogenous artefact with no natural characteristics, it falls under the Exclusion Scope for homogenous artefacts and does not count as nature. Not applicable since the entity is not classified as nature.",False
/home/pmonserrat/datasets/imagenet/extracted_data/n03770439/ILSVRC2012_val_00001192.JPEG,miniskirt,False,,,no,none,none,"The target entity is a miniskirt. The visual evidence shows a piece of clothing worn by a person. Under the provided taxonomy, human beings and their clothing are explicitly excluded from the nature classification. Clothing items, even if made from natural materials, are considered homogenous artefacts if they do not depict a natural entity and the original natural texture is unidentifiable. Not applicable since the entity is not classified as nature.",False
/home/pmonserrat/datasets/imagenet/extracted_data/n03770679/ILSVRC2012_val_00001722.JPEG,minivan,True,True,True,no,none,none,"The target entity is a minivan. The visual evidence shows a manufactured vehicle made primarily of metal and plastic, with no visible natural material or texture that would classify it as a Nature-Based Artefact. Since it is a homogenous artefact with no natural characteristics, it falls under the Exclusion Scope for homogenous artefacts and does not count as nature. Not applicable since the entity is not classified as nature.",False
/home/pmonserrat/datasets/imagenet/extracted_data/n03773504/ILSVRC2012_val_00000700.JPEG,missile,False,,,no,none,none,"The target entity is a missile. The visual evidence shows a manufactured object made of metal and other synthetic materials. Since the original natural texture is completely unidentifiable and altered, and the object does not depict a natural entity, it falls strictly under the Homogenous Artefacts exclusion and fails the criteria for nature. Not applicable since the entity is not classified as nature.",False
/home/pmonserrat/datasets/imagenet/extracted_data/n03775071/ILSVRC2012_val_00001574.JPEG,mitten,False,,,yes,biotic,material,"The target entity is a knitted mitten. The visual evidence shows a crafted object made of yarn, which is a processed material derived from natural fibers (typically wool or cotton). While the mitten itself is a manufactured item, it is classified as a Nature-Based Artefact because the natural material of origin (yarn) remains visually identifiable by its texture and structure. This fits within the inclusion criteria for Nature-Based Artefacts. Since nature is 'yes', I evaluate the sub-axes. The mitten is made from yarn, which is derived from Flora (plants used for fiber production), placing it under Flora & Plant Derivatives within the biotic category. Because the mitten is a physical object with mass that occupies space, it is classified as material under the Tangibility axis.",False
/home/pmonserrat/datasets/imagenet/extracted_data/n03775546/ILSVRC2012_val_00000173.JPEG,mixing bowl,False,,,no,none,none,"The target entity is a mixing bowl. The visual evidence shows a manufactured ceramic object with decorative patterns. Since it is a homogenous artefact where the original natural texture is completely unidentifiable and altered, and the object does not depict a natural entity, it falls strictly under the Homogenous Artefacts exclusion and fails the criteria for nature. Not applicable since the entity is not classified as nature.",False
/home/pmonserrat/datasets/imagenet/extracted_data/n03776460/ILSVRC2012_val_00000254.JPEG,mobile home,False,,,yes,biotic,material,"The target entity is a mobile home. The visual evidence shows a manufactured structural object made of metal and wood. While homogenous artefacts are excluded, manufactured objects where the natural material of origin remains visually identifiable by its grain or texture explicitly count as Nature-Based Artefacts, fulfilling the inclusion criteria. Since nature is 'yes', I evaluate the sub-axes. A mobile home is a manufactured structure, but it includes materials like wood, which is derived from Flora & Plant Derivatives, placing it under the biotic category. Because it is a real-world physical object with mass that occupies space, it is classified as material under the Tangibility axis.",False
/home/pmonserrat/datasets/imagenet/extracted_data/n03777568/ILSVRC2012_val_00002010.JPEG,model t,False,,,no,none,none,"The target entity is a 'Model T' car. The visual evidence shows a manufactured vehicle made of metal and rubber, with no visible natural material or texture that would classify it as a Nature-Based Artefact. It is a homogenous artefact where the original natural texture is unidentifiable and the object does not depict a natural entity. Not applicable since the entity is not classified as nature.",False
/home/pmonserrat/datasets/imagenet/extracted_data/n03777754/ILSVRC2012_val_00000222.JPEG,modem,False,,,no,none,none,"The target entity is a modem. The visual evidence shows a manufactured electronic device made of plastic and metal. Since the original natural texture of the materials is completely unidentifiable and altered, and the object does not depict a natural entity, it falls strictly under the Homogenous Artefacts exclusion and fails the criteria for nature. Not applicable since the entity is not classified as nature.",False
/home/pmonserrat/datasets/imagenet/extracted_data/n03781244/ILSVRC2012_val_00000670.JPEG,monastery,False,,,no,none,none,"The target entity is a monastery. The visual evidence shows a large stone building with architectural features such as columns and towers. While the building is constructed from natural materials like stone, it is a manufactured structural object. Homogenous artefacts are excluded if the original natural texture is unidentifiable and the object does not depict a natural entity. Since the monastery is a man-made structure and not a natural entity or environment, it does not count as nature under the provided definition. Not applicable since the entity is not classified as nature.",False
/home/pmonserrat/datasets/imagenet/extracted_data/n03782006/ILSVRC2012_val_00000119.JPEG,monitor,False,,,no,none,none,"The target entity is a monitor. The visual evidence shows a digital display screen, which is a manufactured electronic device. Since the original natural texture of the materials is completely unidentifiable and altered, and the object does not depict a natural entity, it falls strictly under the Homogenous Artefacts exclusion and fails the criteria for nature. Not applicable since the entity is not classified as nature.",False
/home/pmonserrat/datasets/imagenet/extracted_data/n03785016/ILSVRC2012_val_00000717.JPEG,moped,True,True,True,no,none,none,"The target entity is a moped. The visual evidence shows a manufactured functional object made of metal and plastic components. Because the original natural texture of the materials is completely unidentifiable and altered, and the object does not depict a natural entity, it falls strictly under the Homogenous Artefacts exclusion and fails the criteria for nature. Not applicable since the entity is not classified as nature.",False
/home/pmonserrat/datasets/imagenet/extracted_data/n03786901/ILSVRC2012_val_00000168.JPEG,mortar,False,,,no,none,none,"The target entity is a mortar. The visual evidence shows a manufactured object made of ceramic or a similar material with a smooth, painted surface. Since the original natural texture of the materials is completely unidentifiable and altered, and the object does not depict a natural entity, it falls strictly under the Homogenous Artefacts exclusion and fails the criteria for nature. Not applicable since the entity is not classified as nature.",False
/home/pmonserrat/datasets/imagenet/extracted_data/n03787032/ILSVRC2012_val_00000923.JPEG,mortarboard,False,,,yes,biotic,material,"The target entity is a mortarboard. The visual evidence shows a manufactured object made of fabric, typically used as part of academic regalia. Since it is a crafted or manufactured object where the natural material of origin (fabric) remains visually identifiable by its structure and texture, it counts as a Nature-Based Artefact, fulfilling the inclusion criteria. Since nature is 'yes', I evaluate the sub-axes. A mortarboard is a crafted object made from fabric, which is derived from plants (cotton, wool, etc.), placing it under Flora & Plant Derivatives within the biotic category. Because it is a physical three-dimensional object with mass that occupies space, it is classified as material under the Tangibility axis.",False
/home/pmonserrat/datasets/imagenet/extracted_data/n03788195/ILSVRC2012_val_00000680.JPEG,mosque,False,,,no,none,none,"The target entity is a mosque. The visual evidence shows a man-made architectural structure with minarets and domes. Since human beings and their constructed objects are explicitly excluded from the nature taxonomy, this mosque does not count as nature under the provided definition. Not applicable since the entity is not classified as nature.",False
/home/pmonserrat/datasets/imagenet/extracted_data/n03788365/ILSVRC2012_val_00000859.JPEG,mosquito net,False,,,no,none,none,"The target entity is a mosquito net. The visual evidence shows a manufactured object made of synthetic materials, designed to prevent insects from entering a space. Since it is a manufactured item and not a natural entity or process, it falls under the Homogenous Artefacts exclusion and does not count as nature. Not applicable since the entity is not classified as nature.",False
/home/pmonserrat/datasets/imagenet/extracted_data/n03791053/ILSVRC2012_val_00001892.JPEG,motor scooter,False,,,no,none,none,"The target entity is a motor scooter. The visual evidence shows a manufactured functional object made of metal, plastic, and rubber. Because the original natural texture of the materials is completely unidentifiable and altered, and the object does not depict a natural entity, it falls strictly under the Homogenous Artefacts exclusion and fails the criteria for nature. Not applicable since the entity is not classified as nature.",False
/home/pmonserrat/datasets/imagenet/extracted_data/n03792782/ILSVRC2012_val_00001659.JPEG,mountain bike,False,,,no,none,none,"The target entity is a mountain bike. The visual evidence shows a manufactured functional object made of metal and synthetic materials. Because the original natural texture of the materials is completely unidentifiable and altered, and the object does not depict a natural entity, it falls strictly under the Homogenous Artefacts exclusion and fails the criteria for nature. Not applicable since the entity is not classified as nature.",False
/home/pmonserrat/datasets/imagenet/extracted_data/n03792972/ILSVRC2012_val_00002082.JPEG,mountain tent,False,,,no,none,none,"The target entity is a mountain tent. The visual evidence shows a manufactured object placed in a natural environment. While the tent itself is a human-made structure, it is situated within a natural setting and is used for nature-based activities. However, the tent itself is not a more-than-human living entity, ecosystem, or non-living natural element as defined in the taxonomy. It is a homogenous artefact where the original natural texture is unidentifiable and the object does not depict a natural entity. Not applicable since the entity is not classified as nature.",False
/home/pmonserrat/datasets/imagenet/extracted_data/n03793489/ILSVRC2012_val_00000803.JPEG,mouse,False,,,no,none,none,"The target entity is a computer mouse. The visual evidence shows a manufactured functional object made of smooth plastic. Because the original natural texture of the materials is completely unidentifiable and altered, and the object does not depict a natural entity, it falls strictly under the Homogenous Artefacts exclusion and fails the criteria for nature. Not applicable since the entity is not classified as nature.",False
/home/pmonserrat/datasets/imagenet/extracted_data/n03794056/ILSVRC2012_val_00000009.JPEG,mousetrap,False,,,no,none,none,"The target entity is a mousetrap. The visual evidence shows a manufactured object designed to capture mice, typically made of metal and wood. Since it is a manufactured item and not a natural entity or a representation of one, it falls under the Homogenous Artefacts exclusion and does not count as nature. Not applicable since the entity is not classified as nature.",False
/home/pmonserrat/datasets/imagenet/extracted_data/n03796401/ILSVRC2012_val_00000365.JPEG,moving van,True,True,True,no,none,none,"The target entity is a moving van. The visual evidence shows a manufactured functional object made of metal and rubber, with no visible natural material or texture. It is a homogenous artefact where the original natural texture is completely unidentifiable and altered, and the object does not depict a natural entity. Therefore, it falls strictly under the Homogenous Artefacts exclusion and fails the criteria for nature. Not applicable since the entity is not classified as nature.",False
/home/pmonserrat/datasets/imagenet/extracted_data/n03803284/ILSVRC2012_val_00000277.JPEG,muzzle,False,,,no,none,none,"The target entity is a set of dog collars. The visual evidence shows manufactured objects made of plastic and metal, designed for use on animals. These items are not natural entities but are crafted to serve a functional purpose related to animals. Since they are manufactured and do not depict or represent a natural entity, they fall under the Homogenous Artefacts exclusion and are not classified as nature. Not applicable since the entity is not classified as nature.",False
/home/pmonserrat/datasets/imagenet/extracted_data/n03804744/ILSVRC2012_val_00000649.JPEG,nail,False,,,no,none,none,"The target entity is a nail. The visual evidence shows a small, metallic object with a pointed end, likely made of iron or steel. This is a manufactured object and not a natural entity. Since it does not fall under any of the categories of more-than-human living entities, ecosystems, or natural processes, it is excluded from the nature definition. Not applicable since the entity is not classified as nature.",False
/home/pmonserrat/datasets/imagenet/extracted_data/n03814639/ILSVRC2012_val_00000243.JPEG,neck brace,False,,,no,none,none,"The target entity is a neck brace. The visual evidence shows a manufactured functional object designed to support the neck. Since it is a homogenous artefact made of smooth material with no visible natural grain or texture, and it does not depict a natural entity, it falls strictly under the Homogenous Artefacts exclusion and fails the criteria for nature. Not applicable since the entity is not classified as nature.",False
/home/pmonserrat/datasets/imagenet/extracted_data/n03814906/ILSVRC2012_val_00000850.JPEG,necklace,False,,,yes,biotic,material,"The target entity is a necklace. The visual evidence shows a manufactured object composed of beads and a pendant. The beads appear to be made of various materials, including glass and possibly semi-precious stones, which are derived from natural sources. However, the necklace itself is a crafted item where the natural material of origin is visually identifiable by its structure, grain, or texture, fulfilling the inclusion criteria for Nature-Based Artefacts. Since nature is 'yes', I evaluate the sub-axes. The beads and pendant are made from materials derived from natural sources, placing them under Flora & Plant Derivatives or Geological & Mineral components within the biotic category. Because the necklace is a physical real-world object with mass that occupies space, it is classified as material under the Tangibility axis.",False
/home/pmonserrat/datasets/imagenet/extracted_data/n03825788/ILSVRC2012_val_00000540.JPEG,nipple,False,,,no,none,none,"The target entity is a nipple. The visual evidence shows a manufactured object made of silicone, which is a synthetic material. Since human body parts are explicitly excluded from the nature taxonomy, this manufactured object does not count as nature. Not applicable since the entity is not classified as nature.",False
/home/pmonserrat/datasets/imagenet/extracted_data/n03832673/ILSVRC2012_val_00000677.JPEG,notebook,False,,,no,none,none,"The target entity is a laptop displaying a webpage. The visual evidence shows a manufactured electronic device made of plastic and metal. Because the original natural texture of the materials is completely unidentifiable and altered, and the object does not depict a natural entity, it falls strictly under the Homogenous Artefacts exclusion and fails the criteria for nature. Not applicable since the entity is not classified as nature.",False
/home/pmonserrat/datasets/imagenet/extracted_data/n03837869/ILSVRC2012_val_00002278.JPEG,obelisk,False,,,no,none,none,"The target entity is an obelisk. The visual evidence shows a tall, man-made stone structure with a smooth surface and no visible natural grain or texture. Since homogenous artefacts are excluded unless they depict a natural entity, and this obelisk does not fulfill that criterion, it falls strictly under the Homogenous Artefacts exclusion and fails the criteria for nature. Not applicable since the entity is not classified as nature.",False
/home/pmonserrat/datasets/imagenet/extracted_data/n03838899/ILSVRC2012_val_00001464.JPEG,oboe,False,,,no,none,none,"The target entity is an oboe. The visual evidence shows a manufactured musical instrument made of wood with metal components. While the material originates from a natural source (wood), the instrument itself is a crafted object and does not fall under the category of Nature-Based Artefacts as defined, since it does not retain the natural texture or structure of the wood. It is a homogenous artefact where the natural texture is unidentifiable and altered. Not applicable since the entity is not classified as nature.",False
/home/pmonserrat/datasets/imagenet/extracted_data/n03840681/ILSVRC2012_val_00000521.JPEG,ocarina,False,,,yes,none,material,"The target entity is an ocarina. The visual evidence shows a small ceramic or clay musical instrument being held by a child. Nature-Based Artefacts include crafted or manufactured objects where the natural material of origin remains visually identifiable by its structure, grain, or texture. Since the ocarina is made from a natural material like clay or ceramic, it qualifies as a Nature-Based Artefact. Since nature is 'yes', I evaluate the sub-axes. The ocarina is a crafted object made from a natural material (clay or ceramic), placing it under Nature-Based Artefacts. As it is a physical object with mass that occupies space, it is classified as material under the Tangibility axis.",False
/home/pmonserrat/datasets/imagenet/extracted_data/n03841143/ILSVRC2012_val_00001380.JPEG,odometer,False,,,no,none,none,"The target entity is an odometer. The visual evidence shows a manufactured functional object made of plastic and metal, designed to display vehicle mileage. Since the original natural texture of the materials is completely unidentifiable and altered, and the object does not depict a natural entity, it falls strictly under the Homogenous Artefacts exclusion and fails the criteria for nature. Not applicable since the entity is not classified as nature.",False
/home/pmonserrat/datasets/imagenet/extracted_data/n03843555/ILSVRC2012_val_00000114.JPEG,oil filter,False,,,no,none,none,"The target entity is an oil filter. The visual evidence shows a manufactured mechanical component made of metal and plastic. Since the original natural texture of the materials is completely unidentifiable and altered, and the object does not depict a natural entity, it falls strictly under the Homogenous Artefacts exclusion and fails the criteria for nature. Not applicable since the entity is not classified as nature.",False
/home/pmonserrat/datasets/imagenet/extracted_data/n03854065/ILSVRC2012_val_00000166.JPEG,organ,False,,,no,none,none,"The target entity is a set of organ pipes. The visual evidence shows a manufactured structural object made of metal. Since homogenous artefacts are excluded and the object does not depict a natural entity, it falls strictly under the Homogenous Artefacts exclusion and fails the criteria for nature. Not applicable since the entity is not classified as nature.",False
/home/pmonserrat/datasets/imagenet/extracted_data/n03857828/ILSVRC2012_val_00001016.JPEG,oscilloscope,False,,,no,none,none,"The target entity is an oscilloscope. The visual evidence shows a manufactured electronic device used for displaying and analyzing electrical signals. It is made of materials like metal and plastic, with no natural material or living organism involved. Since it does not depict or represent any more-than-human living entity or natural process, it falls under the Homogenous Artefacts exclusion and fails the criteria for nature. Not applicable since the entity is not classified as nature.",False
/home/pmonserrat/datasets/imagenet/extracted_data/n03866082/ILSVRC2012_val_00001961.JPEG,overskirt,False,,,yes,biotic,material,"The target entity is an overskirt. The visual evidence shows a historical garment made of fabric, likely wool or a similar material. While the overskirt itself is a manufactured item, it is a nature-based artefact because it is crafted from natural materials (fabric derived from plants or animals) and retains the natural texture of the material. This fits the inclusion criteria for Nature-Based Artefacts. Since nature is 'yes', I evaluate the sub-axes. The overskirt is made from fabric, which is derived from Flora (plants) or Fauna (animals), placing it under Flora & Plant Derivatives within the biotic category. Because it is a physical real-world object with mass that occupies space, it is classified as material under the Tangibility axis.",False
/home/pmonserrat/datasets/imagenet/extracted_data/n03868242/ILSVRC2012_val_00001581.JPEG,oxcart,False,,,yes,biotic,material,"The target entity is an oxcart. The visual evidence shows a real-world physical object consisting of two oxen pulling a wooden cart. The oxen are living organisms (fauna), and the cart is a manufactured structure made of wood with visible natural grain. Since the cart is a nature-based artefact where the natural material of origin remains visually identifiable by its grain or texture, it fulfills the inclusion criteria for nature. Since nature is 'yes', I evaluate the sub-axes. The oxen are non-human vertebrates (fauna), placing them under the biotic category. The cart, being a physical object with mass that occupies space, is classified as material under the Tangibility axis.",False
/home/pmonserrat/datasets/imagenet/extracted_data/n03868863/ILSVRC2012_val_00000549.JPEG,oxygen mask,False,,,no,none,none,"The target entity is an oxygen mask. The visual evidence shows a manufactured functional object designed for human use, typically made of plastic and other synthetic materials. Since the original natural texture of the materials is completely unidentifiable and altered, and the object does not depict a natural entity, it falls strictly under the Homogenous Artefacts exclusion and fails the criteria for nature. Not applicable since the entity is not classified as nature.",False
/home/pmonserrat/datasets/imagenet/extracted_data/n03871628/ILSVRC2012_val_00002069.JPEG,packet,False,,,no,none,none,"The target entity is a packet. The visual evidence shows a manufactured packaging container, likely for tobacco products, given the branding and text. Packaging containers, unless they explicitly depict or reference a natural element, are excluded from the nature classification. The packets do not show any natural material or depict a natural entity, and they are primarily functional objects. Not applicable since the entity is not classified as nature.",False
/home/pmonserrat/datasets/imagenet/extracted_data/n03873416/ILSVRC2012_val_00003004.JPEG,paddle,False,,,no,none,none,"The target entity is a paddle. The visual evidence shows a manufactured functional object made of smooth plastic or similar material. Because the original natural texture of the materials is completely unidentifiable and altered, and the object does not depict a natural entity, it falls strictly under the Homogenous Artefacts exclusion and fails the criteria for nature. Not applicable since the entity is not classified as nature.",False
/home/pmonserrat/datasets/imagenet/extracted_data/n03874293/ILSVRC2012_val_00000264.JPEG,paddlewheel,False,,,no,none,none,"The target entity is a paddlewheel. The visual evidence shows a mechanical structure made of metal, painted red, and used for propelling a boat. Since it is a manufactured functional object made of smooth metal with no visible natural grain or texture, and it does not depict a natural entity, it falls strictly under the Homogenous Artefacts exclusion and fails the criteria for nature. Not applicable since the entity is not classified as nature.",False
/home/pmonserrat/datasets/imagenet/extracted_data/n03874599/ILSVRC2012_val_00000265.JPEG,padlock,False,,,no,none,none,"The target entity is a padlock. The visual evidence shows a manufactured functional object made of metal. Because the original natural texture of the materials is completely unidentifiable and altered, and the object does not depict a natural entity, it falls strictly under the Homogenous Artefacts exclusion and fails the criteria for nature. Not applicable since the entity is not classified as nature.",False
/home/pmonserrat/datasets/imagenet/extracted_data/n03876231/ILSVRC2012_val_00000360.JPEG,paintbrush,False,,,no,none,none,"The target entity is a paintbrush. The visual evidence shows a tool being used to apply paint to a rock surface. The paintbrush itself is a manufactured object made of materials such as wood and bristles, which are derived from natural sources but are processed and shaped for a specific function. Since the paintbrush is a manufactured item and does not fall under the categories of more-than-human living entities, ecosystems, or natural processes, it is excluded from the nature definition. Not applicable since the entity is not classified as nature.",False
/home/pmonserrat/datasets/imagenet/extracted_data/n03877472/ILSVRC2012_val_00001424.JPEG,pajama,False,,,no,none,none,"The target entity is pajamas. The visual evidence shows a pair of pants and a long-sleeve shirt worn by a child. Pajamas are manufactured clothing items made from synthetic or natural fibers, designed for sleep or lounging. Since they are human-made and not a natural entity, they fall under the Homogenous Artefacts exclusion and do not count as nature. Not applicable since the entity is not classified as nature.",False
/home/pmonserrat/datasets/imagenet/extracted_data/n03877845/ILSVRC2012_val_00003804.JPEG,palace,False,,,no,none,none,"The target entity is a palace. The visual evidence shows a man-made architectural structure with intricate carvings and design. Since human beings and their constructed environments are explicitly excluded from the nature taxonomy, this structure does not count as nature under the provided definition. Not applicable since the entity is not classified as nature.",False
/home/pmonserrat/datasets/imagenet/extracted_data/n03884397/ILSVRC2012_val_00000681.JPEG,panpipe,False,,,no,none,none,"The target entity is a panpipe. The visual evidence shows a musical instrument made of bamboo tubes. While the instrument is crafted from natural materials, it is a manufactured object and does not fall under the category of Nature-Based Artefacts as defined by the taxonomy. The natural material of origin (bamboo) is identifiable, but the object itself is a functional, processed item rather than a direct representation or part of nature. Not applicable since the entity is not classified as nature.",False
/home/pmonserrat/datasets/imagenet/extracted_data/n03887697/ILSVRC2012_val_00001833.JPEG,paper towel,False,,,no,none,none,"The target entity is a paper towel. The visual evidence shows a manufactured item made from paper, which is a processed material derived from trees. While paper towels are not natural entities themselves, they are classified under Processed Food & Drinks (The Ingestion Criterion) as edible solid or liquid elements at any processing level. However, since paper towels are not explicitly edible and are primarily used for cleaning, they do not fit into the nature definition as they are not more-than-human living entities, ecosystems, or natural processes. Not applicable since the entity is not classified as nature.",False
/home/pmonserrat/datasets/imagenet/extracted_data/n03888257/ILSVRC2012_val_00001440.JPEG,parachute,False,,,no,none,none,"The target entity is a parachute. The visual evidence shows a manufactured object used for descending from the air. Since parachutes are human-made and do not fall under the categories of flora, fauna, fungi, or natural environments, they are excluded from the nature definition. Not applicable since the entity is not classified as nature.",False
/home/pmonserrat/datasets/imagenet/extracted_data/n03888605/ILSVRC2012_val_00000240.JPEG,parallel bars,False,,,no,none,none,"The target entity is a pair of parallel bars used for exercise. The visual evidence shows a metallic structure designed for physical activities. Since parallel bars are manufactured objects and do not fall under the categories of flora, fauna, fungi, or natural environments, they are not classified as nature under the provided definition. Not applicable since the entity is not classified as nature.",False
/home/pmonserrat/datasets/imagenet/extracted_data/n03891251/ILSVRC2012_val_00000192.JPEG,park bench,False,,,yes,biotic,material,"The target entity is a park bench. The visual evidence shows a manufactured structural object made of wood with clearly visible natural grain. While homogenous artefacts are excluded, manufactured objects where the natural material of origin remains visually identifiable by its grain or texture explicitly count as Nature-Based Artefacts, fulfilling the inclusion criteria. Since nature is 'yes', I evaluate the sub-axes. Wood is a processed material derived from trees, placing it under Flora & Plant Derivatives within the biotic category. Because it is a real-world physical object with mass that occupies space, it is classified as material under the Tangibility axis.",False
/home/pmonserrat/datasets/imagenet/extracted_data/n03891332/ILSVRC2012_val_00000201.JPEG,parking meter,False,,,no,none,none,"The target entity is a parking meter. The visual evidence shows a manufactured functional object made of metal and plastic. Because the original natural texture of the materials is completely unidentifiable and altered, and the object does not depict a natural entity, it falls strictly under the Homogenous Artefacts exclusion and fails the criteria for nature. Not applicable since the entity is not classified as nature.",False
/home/pmonserrat/datasets/imagenet/extracted_data/n03895866/ILSVRC2012_val_00000096.JPEG,passenger car,False,,,no,none,none,"The target entity is a passenger car. The visual evidence shows a manufactured structural object made of metal and plastic, with no visible natural material or texture. Since homogenous artefacts are excluded and the object does not depict a natural entity, it falls strictly under the Homogenous Artefacts exclusion and fails the criteria for nature. Not applicable since the entity is not classified as nature.",False
/home/pmonserrat/datasets/imagenet/extracted_data/n03899768/ILSVRC2012_val_00001665.JPEG,patio,False,,,no,none,none,"The target entity is a patio. The visual evidence shows an outdoor seating area with tables, chairs, and umbrellas, set against a backdrop of a cityscape. A patio is a human-made structure designed for outdoor use, typically involving elements like furniture and coverings. Since it is a constructed environment and not a natural entity or process, it does not fall under the inclusion criteria for nature. Not applicable since the entity is not classified as nature.",False
/home/pmonserrat/datasets/imagenet/extracted_data/n03902125/ILSVRC2012_val_00000335.JPEG,pay-phone,False,,,no,none,none,"The target entity is a pay-phone. The visual evidence shows a manufactured structural object made of metal and glass, with no visible natural material or texture. It is a functional object designed for human use and does not depict or represent any natural entity. Therefore, it falls under the Homogenous Artefacts exclusion and fails the criteria for nature. Not applicable since the entity is not classified as nature.",False
/home/pmonserrat/datasets/imagenet/extracted_data/n03903868/ILSVRC2012_val_00002193.JPEG,pedestal,False,,,no,none,none,"The target entity is a pedestal. The visual evidence shows a manufactured structural object made of stone or concrete with no clearly visible natural grain or texture. Because the original natural texture of the materials is completely unidentifiable and altered, and the object does not depict a natural entity, it falls strictly under the Homogenous Artefacts exclusion and fails the criteria for nature. Not applicable since the entity is not classified as nature.",False
/home/pmonserrat/datasets/imagenet/extracted_data/n03908618/ILSVRC2012_val_00001265.JPEG,pencil box,False,,,no,none,none,"The target entity is a pencil box. The visual evidence shows a manufactured object with a design featuring cartoon characters and text. Since the original natural texture of the materials is completely unidentifiable and altered, and the object does not depict a natural entity, it falls strictly under the Homogenous Artefacts exclusion and fails the criteria for nature. Not applicable since the entity is not classified as nature.",False
/home/pmonserrat/datasets/imagenet/extracted_data/n03908714/ILSVRC2012_val_00004441.JPEG,pencil sharpener,False,,,no,none,none,The target entity is a pencil sharpener. The visual evidence shows a manufactured functional object made of plastic and metal. The object does not depict a natural entity and the original natural texture of the materials is completely unidentifiable and altered. It falls strictly under the Homogenous Artefacts exclusion and fails the criteria for nature. Not applicable since the entity is not classified as nature.,False
/home/pmonserrat/datasets/imagenet/extracted_data/n03916031/ILSVRC2012_val_00001754.JPEG,perfume,False,,,yes,biotic,material,"The target entity is a bottle of perfume. The visual evidence shows a manufactured container holding a liquid. Perfume is a processed food & drink element, specifically an edible liquid, at a highly processed level. It falls under the Ingestion Criterion for nature, as it is a processed edible substance. Since nature is 'yes', I evaluate the sub-axes. Perfume is a processed liquid derived from natural sources (e.g., essential oils from plants), placing it under Flora & Plant Derivatives within the biotic category. Because it is a real-world physical object with mass that occupies space, it is classified as material under the Tangibility axis.",False
/home/pmonserrat/datasets/imagenet/extracted_data/n03920288/ILSVRC2012_val_00000465.JPEG,petri dish,False,,,no,none,none,"The target entity is a petri dish. The visual evidence shows a manufactured container typically used for holding and growing microorganisms. Since the petri dish is a manufactured object made of materials like plastic or glass, and it does not depict a natural entity or have a natural material of origin that remains visually identifiable, it falls under the Homogenous Artefacts exclusion and fails the criteria for nature. Not applicable since the entity is not classified as nature.",False
/home/pmonserrat/datasets/imagenet/extracted_data/n03924679/ILSVRC2012_val_00000489.JPEG,photocopier,False,,,no,none,none,"The target entity is a photocopier. The visual evidence shows a manufactured functional object made of metal and plastic. Because the original natural texture of the materials is completely unidentifiable and altered, and the object does not depict a natural entity, it falls strictly under the Homogenous Artefacts exclusion and fails the criteria for nature. Not applicable since the entity is not classified as nature.",False
/home/pmonserrat/datasets/imagenet/extracted_data/n03929660/ILSVRC2012_val_00001365.JPEG,pick,False,,,yes,none,material,"The target entity is a set of decorative earrings. The visual evidence shows that these are manufactured objects designed to resemble the flags of different countries. While they are crafted from materials that may have natural origins (e.g., glass or metal), the primary purpose of these items is representational, depicting national flags rather than being natural entities themselves. They fall under the category of Nature-Based Artefacts as they visually represent more-than-human living entities (in this case, national symbols derived from historical and cultural contexts). Since nature is 'yes', I evaluate the sub-axes. These earrings are representations of national flags, which are cultural symbols rather than direct depictions of flora or fauna. However, they are crafted objects that visually reference more-than-human categories, placing them under Representations of Nature. Because they are physical objects with mass and occupy space, they are classified as material under the Tangibility axis.",False
/home/pmonserrat/datasets/imagenet/extracted_data/n03929855/ILSVRC2012_val_00000834.JPEG,pickelhaube,False,,,no,none,none,"The target entity is a 'pickelhaube,' which is a type of military helmet. The visual evidence shows it as part of a uniform worn by individuals. Under the provided taxonomy, human beings and their attire are explicitly excluded from the nature classification. The pickelhaube, being a manufactured item designed for human use, does not fall under the categories of more-than-human living entities, ecosystems, or natural processes. Not applicable since the entity is not classified as nature.",False
/home/pmonserrat/datasets/imagenet/extracted_data/n03930313/ILSVRC2012_val_00000626.JPEG,picket fence,False,,,yes,biotic,material,"The target entity is a picket fence. The visual evidence shows a manufactured structural object made of wood with clearly visible natural grain. While homogenous artefacts are excluded, manufactured objects where the natural material of origin remains visually identifiable by its grain or texture explicitly count as Nature-Based Artefacts, fulfilling the inclusion criteria. Since nature is 'yes', I evaluate the sub-axes. Wood is a processed material derived from trees, placing it under Flora & Plant Derivatives within the biotic category. Because it is a real-world physical object with mass that occupies space, it is classified as material under the Tangibility axis.",False
/home/pmonserrat/datasets/imagenet/extracted_data/n03930630/ILSVRC2012_val_00000049.JPEG,pickup,False,,,no,none,none,"The target entity is a pickup truck. The visual evidence shows a manufactured vehicle made primarily of metal and rubber, with no visible natural material or texture that would classify it as a Nature-Based Artefact. Since it is a homogenous artefact with no natural characteristics, it falls under the Exclusion Scope for homogenous artefacts and does not count as nature. Not applicable since the entity is not classified as nature.",False
/home/pmonserrat/datasets/imagenet/extracted_data/n03933933/ILSVRC2012_val_00000121.JPEG,pier,False,,,no,none,none,"The target entity is a pier. The visual evidence shows a constructed wooden structure extending over a body of water. While the pier itself is a human-made object, it is built using natural materials (wood) and is situated in a natural environment (water). However, since the pier is primarily a human-made structure and not a natural entity itself, it falls under the exclusion of homogenous artefacts where the original natural texture is unidentifiable and the object does not depict a natural entity. Not applicable since the entity is not classified as nature.",False
/home/pmonserrat/datasets/imagenet/extracted_data/n03935335/ILSVRC2012_val_00001023.JPEG,piggy bank,True,True,False,yes,biotic,immaterial,"The target entity is a piggy bank. The visual evidence shows a ceramic figurine shaped like a pig. While homogenous artefacts are excluded, manufactured objects where the natural material of origin remains visually identifiable by its structure, grain, or texture explicitly count as Nature-Based Artefacts, fulfilling the inclusion criteria. Since nature is 'yes', I evaluate the sub-axes. The piggy bank is a ceramic object, which is a processed material derived from clay, a natural substance. However, the primary purpose of the piggy bank is representational, as it is designed to depict a pig (fauna). Therefore, it is classified as immaterial under the Tangibility axis because its primary purpose is symbolic rather than physical presence.",False
/home/pmonserrat/datasets/imagenet/extracted_data/n03937543/ILSVRC2012_val_00000112.JPEG,pill bottle,False,,,no,none,none,"The target entity is a pill bottle. The visual evidence shows a manufactured container with a label, containing pills. Since the original natural texture of the materials is completely unidentifiable and altered, and the object does not depict a natural entity, it falls strictly under the Homogenous Artefacts exclusion and fails the criteria for nature. Not applicable since the entity is not classified as nature.",False
/home/pmonserrat/datasets/imagenet/extracted_data/n03938244/ILSVRC2012_val_00000438.JPEG,pillow,False,,,yes,biotic,immaterial,"The target entity is a pillow. The visual evidence shows a manufactured object with a printed design of a bear and the word 'forest'. This is a stylized artistic depiction rather than a real-world physical organism or natural element. While the design references nature, it is a representation and not a physical manifestation of a more-than-human living entity or natural process. Since nature is 'yes', I evaluate the sub-axes. The pillow features a representation of a bear (fauna) and a forest, placing its conceptual subject under the biotic category. However, because this is a fabricated artistic depiction rather than a physical real-world organism, it is classified as immaterial under the Tangibility axis.",False
/home/pmonserrat/datasets/imagenet/extracted_data/n03942813/ILSVRC2012_val_00000428.JPEG,ping-pong ball,False,,,no,none,none,"The target entity is a ping-pong ball. The visual evidence shows a small, manufactured spherical object used in the game of table tennis. It is made of plastic and rubber materials, which are processed and do not have a natural origin. Since it is a manufactured object and not a natural entity, it falls under the Homogenous Artefacts exclusion and does not count as nature. Not applicable since the entity is not classified as nature.",False
/home/pmonserrat/datasets/imagenet/extracted_data/n03944341/ILSVRC2012_val_00000991.JPEG,pinwheel,False,,,yes,none,material,"The target entity is a pinwheel. The visual evidence shows a manufactured object with fabric blades decorated with floral patterns. While the pinwheel is a physical object, it is not a natural entity but a crafted item. However, it is a Nature-Based Artefact because the fabric blades have a floral design that references flora, fulfilling the inclusion criteria for nature-based artefacts. Since nature is 'yes', I evaluate the sub-axes. The pinwheel is a crafted object with a floral design, placing it under Representations of Nature. Because it is a physical object with mass that occupies space, it is classified as material under the Tangibility axis.",False
/home/pmonserrat/datasets/imagenet/extracted_data/n03947888/ILSVRC2012_val_00000966.JPEG,pirate,False,,,no,none,none,"The target entity is a pirate. The visual evidence shows a human figure dressed in a costume that includes a hat and a coat, typically associated with pirates. Under this classification taxonomy, human beings, human body parts, and groups of people fall under the explicit Exclusion Scope and are never classified as nature, regardless of their role or setting. Not applicable since human beings are excluded from the nature taxonomy.",False
/home/pmonserrat/datasets/imagenet/extracted_data/n03950228/ILSVRC2012_val_00000046.JPEG,pitcher,False,,,no,none,none,"The target entity is a pitcher. The visual evidence shows a manufactured ceramic object with a glossy finish. Since the original natural texture of the materials (clay) is completely unidentifiable and altered, and the object does not depict a natural entity, it falls strictly under the Homogenous Artefacts exclusion and fails the criteria for nature. Not applicable since the entity is not classified as nature.",False
/home/pmonserrat/datasets/imagenet/extracted_data/n03954731/ILSVRC2012_val_00000144.JPEG,plane,False,,,yes,biotic,material,"The target entity is a wooden plane. The visual evidence shows a physical object made of wood with clearly visible natural grain. While homogenous artefacts are excluded, manufactured objects where the natural material of origin remains visually identifiable by its grain or texture explicitly count as Nature-Based Artefacts, fulfilling the inclusion criteria. Since nature is 'yes', I evaluate the sub-axes. A wooden plane is a physical object made from wood, which is a processed material derived from trees, placing it under Flora & Plant Derivatives within the biotic category. Because it is a real-world physical object with mass that occupies space, it is classified as material under the Tangibility axis.",False
/home/pmonserrat/datasets/imagenet/extracted_data/n03956157/ILSVRC2012_val_00000024.JPEG,planetarium,False,,,no,none,none,"The target entity is a planetarium. The visual evidence shows a large, dome-shaped building with a modern architectural design. A planetarium is a facility designed to project images of the night sky onto a dome, typically used for educational and entertainment purposes related to astronomy. Since it is a constructed building and not a natural entity or environment, it does not fall under the inclusion criteria for nature. Not applicable since the entity is not classified as nature.",False
/home/pmonserrat/datasets/imagenet/extracted_data/n03958227/ILSVRC2012_val_00000722.JPEG,plastic bag,False,,,no,none,none,"The target entity is a plastic bag. The visual evidence shows a manufactured functional object made of smooth plastic. Because the original natural texture of the materials is completely unidentifiable and altered, and the object does not depict a natural entity, it falls strictly under the Homogenous Artefacts exclusion and fails the criteria for nature. Not applicable since the entity is not classified as nature.",False
/home/pmonserrat/datasets/imagenet/extracted_data/n03961711/ILSVRC2012_val_00001853.JPEG,plate rack,False,,,no,none,none,"The target entity is a plate rack. The visual evidence shows a manufactured structural object designed to hold plates. The materials appear to be metal or plastic, with no visible natural grain or texture that would classify it as a nature-based artefact. Since it is a homogenous artefact without identifiable natural material, it falls under the exclusion scope for nature. Not applicable since the entity is not classified as nature.",False
/home/pmonserrat/datasets/imagenet/extracted_data/n03967562/ILSVRC2012_val_00000292.JPEG,plow,False,,,no,none,none,"The target entity is a plow. The visual evidence shows a farming implement used in agriculture. While the plow itself is a manufactured object, it is used in conjunction with natural processes and environments (e.g., tilling soil). However, the plow as a standalone object does not fit into the categories of Nature-Based Artefacts or Representations of Nature, as it is primarily a tool designed for human use and does not inherently possess natural characteristics. Not applicable since the entity is not classified as nature.",False
/home/pmonserrat/datasets/imagenet/extracted_data/n03970156/ILSVRC2012_val_00002729.JPEG,plunger,False,,,no,none,none,"The target entity is a plunger. The visual evidence shows a manufactured functional object made of plastic and metal. Because the original natural texture of the materials is completely unidentifiable and altered, and the object does not depict a natural entity, it falls strictly under the Homogenous Artefacts exclusion and fails the criteria for nature. Not applicable since the entity is not classified as nature.",False
/home/pmonserrat/datasets/imagenet/extracted_data/n03976467/ILSVRC2012_val_00000765.JPEG,polaroid camera,False,,,no,none,none,"The target entity is a Polaroid camera. The visual evidence shows a manufactured functional object made of materials such as metal and leather. The original natural texture of the materials is completely unidentifiable and altered, and the object does not depict a natural entity. It falls strictly under the Homogenous Artefacts exclusion and fails the criteria for nature. Not applicable since the entity is not classified as nature.",False
/home/pmonserrat/datasets/imagenet/extracted_data/n03976657/ILSVRC2012_val_00000334.JPEG,pole,False,,,no,none,none,"The target entity is a pole. The visual evidence shows a manufactured structural object made of metal or painted wood with no visible natural grain or texture. Because the original natural texture of the materials is completely unidentifiable and altered, and the object does not depict a natural entity, it falls strictly under the Homogenous Artefacts exclusion and fails the criteria for nature. Not applicable since the entity is not classified as nature.",False
/home/pmonserrat/datasets/imagenet/extracted_data/n03977966/ILSVRC2012_val_00000452.JPEG,police van,True,True,True,no,none,none,"The target entity is a police van. The visual evidence shows a manufactured functional object made of metal and plastic. Because the original natural texture of the materials is completely unidentifiable and altered, and the object does not depict a natural entity, it falls strictly under the Homogenous Artefacts exclusion and fails the criteria for nature. Not applicable since the entity is not classified as nature.",False
/home/pmonserrat/datasets/imagenet/extracted_data/n03980874/ILSVRC2012_val_00004159.JPEG,poncho,False,,,no,none,none,"The target entity is a poncho. The visual evidence shows a manufactured garment made of fabric. Since the original natural texture of the materials is completely unidentifiable and altered, and the object does not depict a natural entity, it falls strictly under the Homogenous Artefacts exclusion and fails the criteria for nature. Not applicable since the entity is not classified as nature.",False
/home/pmonserrat/datasets/imagenet/extracted_data/n03982430/ILSVRC2012_val_00002385.JPEG,pool table,False,,,yes,biotic,material,"The target entity is a pool table. The visual evidence shows a manufactured structural object made of wood with clearly visible natural grain. While homogenous artefacts are excluded, manufactured objects where the natural material of origin remains visually identifiable by its grain or texture explicitly count as Nature-Based Artefacts, fulfilling the inclusion criteria. Since nature is 'yes', I evaluate the sub-axes. The pool table is a physical object made from wood, which is a processed material derived from trees, placing it under Flora & Plant Derivatives within the biotic category. Because it is a real-world physical object with mass that occupies space, it is classified as material under the Tangibility axis.",False
/home/pmonserrat/datasets/imagenet/extracted_data/n03983396/ILSVRC2012_val_00001970.JPEG,pop bottle,False,,,no,none,none,"The target entity is a pop bottle. The visual evidence shows a manufactured container made of glass or plastic, designed to hold a liquid product. Since the original natural texture of the materials is completely unidentifiable and altered, and the object does not depict a natural entity, it falls strictly under the Homogenous Artefacts exclusion and fails the criteria for nature. Not applicable since the entity is not classified as nature.",False
/home/pmonserrat/datasets/imagenet/extracted_data/n03991062/ILSVRC2012_val_00001919.JPEG,pot,False,,,yes,none,material,"The target entity is a pot. The visual evidence shows a ceramic container with a natural clay texture, which is a manufactured object. However, since the natural material of origin (clay) remains visually identifiable by its structure and texture, it counts as a Nature-Based Artefact under the inclusion criteria. Since nature is 'yes', I evaluate the sub-axes. The pot is a manufactured object made from clay, which is a processed material derived from geological components. It is classified as material under the Tangibility axis because it is a real-world physical object with mass that occupies space.",False
/home/pmonserrat/datasets/imagenet/extracted_data/n03992509/ILSVRC2012_val_00000458.JPEG,potter's wheel,False,,,no,none,none,"The target entity is a potter's wheel. The visual evidence shows a tool used in the process of shaping clay into pottery. The potter's wheel itself is a manufactured object, but it is used in conjunction with natural materials (clay) and is part of a process that creates nature-based artefacts (pottery). However, the potter's wheel as an object does not directly count as nature under the provided definition because it is a manufactured tool without a natural material of origin that remains visually identifiable. Not applicable since the entity is not classified as nature.",False
/home/pmonserrat/datasets/imagenet/extracted_data/n03995372/ILSVRC2012_val_00000589.JPEG,power drill,False,,,no,none,none,"The target entity is a power drill. The visual evidence shows a manufactured functional object made of plastic and metal. Because the original natural texture of the materials is completely unidentifiable and altered, and the object does not depict a natural entity, it falls strictly under the Homogenous Artefacts exclusion and fails the criteria for nature. Not applicable since the entity is not classified as nature.",False
/home/pmonserrat/datasets/imagenet/extracted_data/n03998194/ILSVRC2012_val_00000230.JPEG,prayer rug,False,,,yes,biotic,material,"The target entity is a prayer rug. The visual evidence shows a collection of intricately designed rugs laid out on a green carpet. Prayer rugs are crafted or manufactured objects where the natural material of origin remains visually identifiable by its structure, grain, or texture. They are explicitly classified as Nature-Based Artefacts under the inclusion criteria for nature. Since nature is 'yes', I evaluate the sub-axes. Prayer rugs are crafted objects made from natural materials like cotton or wool, which are derived from plants or animals, placing them under Flora & Plant Derivatives or Fauna & Animal Derivatives within the biotic category. Because these rugs are physical objects with mass that occupy space, they are classified as material under the Tangibility axis.",False
/home/pmonserrat/datasets/imagenet/extracted_data/n04004767/ILSVRC2012_val_00002985.JPEG,printer,False,,,no,none,none,"The target entity is a printer. The visual evidence shows a manufactured functional object made of metal and plastic. Because the original natural texture of the materials is completely unidentifiable and altered, and the object does not depict a natural entity, it falls strictly under the Homogenous Artefacts exclusion and fails the criteria for nature. Not applicable since the entity is not classified as nature.",False
/home/pmonserrat/datasets/imagenet/extracted_data/n04005630/ILSVRC2012_val_00002554.JPEG,prison,False,,,no,none,none,"The target entity is a prison. The visual evidence shows a constructed building with cells, which is a human-made structure. Under the provided taxonomy, human-made structures that do not depict or derive from natural entities or processes are classified under Homogenous Artefacts and are explicitly excluded from nature. Prisons are designed for human use and administration, and they do not fall under any of the more-than-human living entities, ecosystems, or natural processes defined in the taxonomy. Not applicable since the entity is not classified as nature.",False
/home/pmonserrat/datasets/imagenet/extracted_data/n04008634/ILSVRC2012_val_00000468.JPEG,projectile,False,,,no,none,none,"The target entity is a rocket. The visual evidence shows a manufactured structural object made of metal and other synthetic materials. Since the original natural texture of the materials is completely unidentifiable and altered, and the object does not depict a natural entity, it falls strictly under the Homogenous Artefacts exclusion and fails the criteria for nature. Not applicable since the entity is not classified as nature.",False
/home/pmonserrat/datasets/imagenet/extracted_data/n04009552/ILSVRC2012_val_00001253.JPEG,projector,False,,,no,none,none,"The target entity is a projector. The visual evidence shows a manufactured electronic device made of metal and plastic components. Since the original natural texture of the materials is completely unidentifiable and altered, and the object does not depict a natural entity, it falls strictly under the Homogenous Artefacts exclusion and fails the criteria for nature. Not applicable since the entity is not classified as nature.",False
/home/pmonserrat/datasets/imagenet/extracted_data/n04019541/ILSVRC2012_val_00000454.JPEG,puck,False,,,no,none,none,"The target entity is a puck. The visual evidence shows a small, round object on the ice, typically used in ice hockey. While the puck itself is a manufactured object, it is not classified as a Nature-Based Artefact because it does not retain the natural material of origin in a visually identifiable way. It is a standard sports equipment item, not a representation or derivative of nature. Not applicable since the entity is not classified as nature.",False
/home/pmonserrat/datasets/imagenet/extracted_data/n04023962/ILSVRC2012_val_00002782.JPEG,punching bag,False,,,no,none,none,"The target entity is a punching bag. The visual evidence shows a manufactured object typically used for physical training. Since it is a homogenous artefact made of synthetic materials without any natural texture or origin, it falls under the Homogenous Artefacts exclusion and does not count as nature. Not applicable since the entity is not classified as nature.",False
/home/pmonserrat/datasets/imagenet/extracted_data/n04026417/ILSVRC2012_val_00001343.JPEG,purse,False,,,no,none,none,"The target entity is a purse. The visual evidence shows a manufactured functional object made of smooth plastic and metal. Because the original natural texture of the materials is completely unidentifiable and altered, and the object does not depict a natural entity, it falls strictly under the Homogenous Artefacts exclusion and fails the criteria for nature. Not applicable since the entity is not classified as nature.",False
/home/pmonserrat/datasets/imagenet/extracted_data/n04033901/ILSVRC2012_val_00001345.JPEG,quill,False,,,yes,biotic,material,"The target entity is a feather. The visual evidence shows a natural object derived from a bird, which is a non-human vertebrate (fauna). Feathers are biological products of birds and fall under the category of Fauna & Animal Derivatives within the biotic category, fulfilling the inclusion criteria for nature. Since nature is 'yes', I evaluate the sub-axes. A feather is a biological product of a bird, placing it under Fauna & Animal Derivatives within the biotic category. Because the image shows a real-world physical object with mass that occupies space, it is classified as material under the Tangibility axis.",False
/home/pmonserrat/datasets/imagenet/extracted_data/n04033995/ILSVRC2012_val_00000260.JPEG,quilt,False,,,no,none,none,"The target entity is a quilt. The visual evidence shows a manufactured textile object made of fabric. While quilts are made from natural fibers like cotton or wool, they are processed and do not retain the natural texture of the original materials. They are considered homogenous artefacts where the natural texture is unidentifiable and the object does not depict a natural entity, thus failing the criteria for nature. Not applicable since the entity is not classified as nature.",False
/home/pmonserrat/datasets/imagenet/extracted_data/n04037443/ILSVRC2012_val_00000135.JPEG,racer,False,,,no,none,none,"The target entity is a 'racer'. The visual evidence shows a red race car in motion on a track. The race car is a manufactured object made of materials such as metal and plastic, with no visible natural texture or origin. Since it is a homogenous artefact where the original natural texture is unidentifiable and the object does not depict a natural entity, it falls strictly under the Homogenous Artefacts exclusion and fails the criteria for nature. Not applicable since the entity is not classified as nature.",False
/home/pmonserrat/datasets/imagenet/extracted_data/n04039381/ILSVRC2012_val_00001786.JPEG,racket,False,,,no,none,none,"The target entity is a racket. The visual evidence shows a manufactured object with a frame and strings, likely used for a sport or activity. The materials appear to be synthetic, such as metal and synthetic strings, with no visible natural grain or texture that would classify it as a nature-based artefact. Since it is a homogenous artefact without natural material characteristics, it does not meet the criteria for nature under the provided taxonomy. Not applicable since the entity is not classified as nature.",False
/home/pmonserrat/datasets/imagenet/extracted_data/n04040759/ILSVRC2012_val_00000770.JPEG,radiator,False,,,no,none,none,"The target entity is a radiator. The visual evidence shows a manufactured functional object made of metal, likely steel or cast iron, with a painted surface. Since the original natural texture of the materials is completely unidentifiable and altered, and the object does not depict a natural entity, it falls strictly under the Homogenous Artefacts exclusion and fails the criteria for nature. Not applicable since the entity is not classified as nature.",False
/home/pmonserrat/datasets/imagenet/extracted_data/n04041544/ILSVRC2012_val_00001346.JPEG,radio,False,,,no,none,none,"The target entity is a radio. The visual evidence shows a manufactured electronic device with no natural material or living organism present. It is a homogenous artefact where the original natural texture is completely unidentifiable and altered, and the object does not depict a natural entity. Therefore, it falls strictly under the Homogenous Artefacts exclusion and fails the criteria for nature. Not applicable since the entity is not classified as nature.",False
/home/pmonserrat/datasets/imagenet/extracted_data/n04044716/ILSVRC2012_val_00002046.JPEG,radio telescope,False,,,no,none,none,"The target entity is a radio telescope. The visual evidence shows a large, man-made structure designed for scientific purposes. Since it is a manufactured object and not a natural entity, it falls under the Homogenous Artefacts exclusion and does not count as nature. Not applicable since the entity is not classified as nature.",False
/home/pmonserrat/datasets/imagenet/extracted_data/n04049303/ILSVRC2012_val_00000042.JPEG,rain barrel,False,,,no,none,none,"The target entity is a rain barrel. The visual evidence shows a manufactured container made of plastic, used to collect rainwater from a downspout. While the barrel itself is a manufactured object, it is designed to collect and store water, which is a natural element. However, the barrel as an object does not count as nature under the provided definition because it is a homogenous artefact where the original natural texture is unidentifiable and the object does not depict a natural entity. Not applicable since the entity is not classified as nature.",False
/home/pmonserrat/datasets/imagenet/extracted_data/n04065272/ILSVRC2012_val_00000014.JPEG,recreational vehicle,False,,,no,none,none,"The target entity is a recreational vehicle. The visual evidence shows a manufactured functional object made of metal and other synthetic materials. Because the original natural texture of the materials is completely unidentifiable and altered, and the object does not depict a natural entity, it falls strictly under the Homogenous Artefacts exclusion and fails the criteria for nature. Not applicable since the entity is not classified as nature.",False
/home/pmonserrat/datasets/imagenet/extracted_data/n04067472/ILSVRC2012_val_00000473.JPEG,reel,False,,,no,none,none,"The target entity is a fishing reel. The visual evidence shows a manufactured functional object made of metal and plastic. Because the original natural texture of the materials is completely unidentifiable and altered, and the object does not depict a natural entity, it falls strictly under the Homogenous Artefacts exclusion and fails the criteria for nature. Not applicable since the entity is not classified as nature.",False
/home/pmonserrat/datasets/imagenet/extracted_data/n04069434/ILSVRC2012_val_00001085.JPEG,reflex camera,False,,,no,none,none,"The target entity is a reflex camera. The visual evidence shows a manufactured functional object made of plastic and metal. Because the original natural texture of the materials is completely unidentifiable and altered, and the object does not depict a natural entity, it falls strictly under the Homogenous Artefacts exclusion and fails the criteria for nature. Not applicable since the entity is not classified as nature.",False
/home/pmonserrat/datasets/imagenet/extracted_data/n04070727/ILSVRC2012_val_00000331.JPEG,refrigerator,False,,,no,none,none,"The target entity is a refrigerator. The visual evidence shows a manufactured functional object made of metal and plastic. Because the original natural texture of the materials is completely unidentifiable and altered, and the object does not depict a natural entity, it falls strictly under the Homogenous Artefacts exclusion and fails the criteria for nature. Not applicable since the entity is not classified as nature.",False
/home/pmonserrat/datasets/imagenet/extracted_data/n04074963/ILSVRC2012_val_00000275.JPEG,remote control,False,,,no,none,none,"The target entity is a remote control. The visual evidence shows a manufactured functional object made of plastic and metal. Because the original natural texture of the materials is completely unidentifiable and altered, and the object does not depict a natural entity, it falls strictly under the Homogenous Artefacts exclusion and fails the criteria for nature. Not applicable since the entity is not classified as nature.",False
/home/pmonserrat/datasets/imagenet/extracted_data/n04081281/ILSVRC2012_val_00000591.JPEG,restaurant,False,,,no,none,none,"The target entity is a restaurant. The visual evidence shows an indoor dining establishment with tables, chairs, and a bar area. Restaurants are human-made structures and environments, primarily serving as places for social interaction and food service. They do not fall under the categories of more-than-human living entities, ecosystems, or natural processes as defined in the taxonomy. Additionally, they are not classified as nature-based artefacts or activities since they are primarily human constructs without a direct natural element as their core function. Not applicable since the entity is not classified as nature.",False
/home/pmonserrat/datasets/imagenet/extracted_data/n04086273/ILSVRC2012_val_00000158.JPEG,revolver,False,,,no,none,none,"The target entity is a revolver. The visual evidence shows a manufactured functional object made of metal and wood. The original natural texture of the materials is completely unidentifiable and altered, and the object does not depict a natural entity. It falls strictly under the Homogenous Artefacts exclusion and fails the criteria for nature. Not applicable since the entity is not classified as nature.",False
/home/pmonserrat/datasets/imagenet/extracted_data/n04090263/ILSVRC2012_val_00000244.JPEG,rifle,False,,,no,none,none,"The target entity is a rifle. The visual evidence shows a manufactured functional object made of metal and possibly wood. Since the original natural texture of the materials is completely unidentifiable and altered, and the object does not depict a natural entity, it falls strictly under the Homogenous Artefacts exclusion and fails the criteria for nature. Not applicable since the entity is not classified as nature.",False
/home/pmonserrat/datasets/imagenet/extracted_data/n04099969/ILSVRC2012_val_00000421.JPEG,rocking chair,False,,,yes,biotic,material,"The target entity is a rocking chair. The visual evidence shows a manufactured structural object made of wood with clearly visible natural grain. While homogenous artefacts are excluded, manufactured objects where the natural material of origin remains visually identifiable by its grain or texture explicitly count as Nature-Based Artefacts, fulfilling the inclusion criteria. Since nature is 'yes', I evaluate the sub-axes. Wood is a processed material derived from trees, placing it under Flora & Plant Derivatives within the biotic category. Because it is a real-world physical object with mass that occupies space, it is classified as material under the Tangibility axis.",False
/home/pmonserrat/datasets/imagenet/extracted_data/n04111531/ILSVRC2012_val_00001625.JPEG,rotisserie,False,,,yes,biotic,material,"The target entity is a rotisserie with chickens being cooked. The visual evidence shows a real-world physical object (rotisserie) with chickens, which are non-human vertebrates (fauna). The chickens are being processed for consumption, placing them under the category of Processed Food & Drinks (The Ingestion Criterion). Since the chickens are living organisms and the rotisserie is a tool used in their preparation, the chickens count as nature under the provided definition. Since nature is 'yes', I evaluate the sub-axes. The chickens are non-human vertebrates (fauna), placing them under the biotic category. The rotisserie itself is a manufactured object, but the chickens are real-world physical organisms with mass that occupy space, making them classified as material under the Tangibility axis.",False
/home/pmonserrat/datasets/imagenet/extracted_data/n04116512/ILSVRC2012_val_00000453.JPEG,rubber eraser,False,,,no,none,none,"The target entity is a rubber eraser. The visual evidence shows a manufactured object made of rubber, which is a synthetic material. Since rubber is not a natural material and the object does not depict a natural entity, it falls under the Homogenous Artefacts exclusion and fails the criteria for nature. Not applicable since the entity is not classified as nature.",False
/home/pmonserrat/datasets/imagenet/extracted_data/n04118538/ILSVRC2012_val_00001497.JPEG,rugby ball,False,,,no,none,none,"The target entity is a rugby ball. The visual evidence shows a manufactured sports object made of synthetic materials, typically leather or synthetic leather, with no visible natural grain or texture. Since it is a homogenous artefact where the original natural texture is unidentifiable and the object does not depict a natural entity, it falls strictly under the Homogenous Artefacts exclusion and fails the criteria for nature. Not applicable since the entity is not classified as nature.",False
/home/pmonserrat/datasets/imagenet/extracted_data/n04118776/ILSVRC2012_val_00001210.JPEG,rule,False,,,no,none,none,"The target entity is a pencil and a ruler. The visual evidence shows manufactured objects made of wood and plastic. While the pencil has a natural wood component, the ruler is made of plastic. Both items are homogenous artefacts where the original natural texture is unidentifiable and the objects do not depict a natural entity. They fall strictly under the Homogenous Artefacts exclusion and fail the criteria for nature. Not applicable since the entity is not classified as nature.",False
/home/pmonserrat/datasets/imagenet/extracted_data/n04120489/ILSVRC2012_val_00001465.JPEG,running shoe,False,,,no,none,none,"The target entity is a running shoe. The visual evidence shows a manufactured functional object made of synthetic materials such as rubber and fabric. Since the original natural texture of the materials is completely unidentifiable and altered, and the object does not depict a natural entity, it falls strictly under the Homogenous Artefacts exclusion and fails the criteria for nature. Not applicable since the entity is not classified as nature.",False
/home/pmonserrat/datasets/imagenet/extracted_data/n04125021/ILSVRC2012_val_00000143.JPEG,safe,False,,,no,none,none,"The target entity is a safe. The visual evidence shows a manufactured structural object made of metal and plastic. Because the original natural texture of the materials is completely unidentifiable and altered, and the object does not depict a natural entity, it falls strictly under the Homogenous Artefacts exclusion and fails the criteria for nature. Not applicable since the entity is not classified as nature.",False
/home/pmonserrat/datasets/imagenet/extracted_data/n04127249/ILSVRC2012_val_00002068.JPEG,safety pin,False,,,no,none,none,"The target entity is a safety pin. The visual evidence shows a manufactured functional object made of stainless steel. Because the original natural texture of the materials is completely unidentifiable and altered, and the object does not depict a natural entity, it falls strictly under the Homogenous Artefacts exclusion and fails the criteria for nature. Not applicable since the entity is not classified as nature.",False
/home/pmonserrat/datasets/imagenet/extracted_data/n04131690/ILSVRC2012_val_00000792.JPEG,saltshaker,False,,,no,none,none,"The target entity is a saltshaker. The visual evidence shows a manufactured object made of ceramic or porcelain, with a design that includes a blue stripe. Since the original natural texture of the materials is completely unidentifiable and altered, and the object does not depict a natural entity, it falls strictly under the Homogenous Artefacts exclusion and fails the criteria for nature. Not applicable since the entity is not classified as nature.",False
/home/pmonserrat/datasets/imagenet/extracted_data/n04133789/ILSVRC2012_val_00002426.JPEG,sandal,False,,,no,none,none,"The target entity is a sandal. The visual evidence shows a manufactured functional object made of leather and other materials. Because the original natural texture of the materials is completely unidentifiable and altered, and the object does not depict a natural entity, it falls strictly under the Homogenous Artefacts exclusion and fails the criteria for nature. Not applicable since the entity is not classified as nature.",False
/home/pmonserrat/datasets/imagenet/extracted_data/n04136333/ILSVRC2012_val_00000442.JPEG,sarong,False,,,yes,biotic,material,"The target entity is a sarong. The visual evidence shows a piece of fabric with a colorful wavy pattern. While the sarong is made from natural fibers like cotton or silk, it is a manufactured garment. Since it is a crafted or manufactured object where the natural material of origin remains visually identifiable by its structure, grain, or texture, it counts as a Nature-Based Artefact, fulfilling the inclusion criteria. Since nature is 'yes', I evaluate the sub-axes. A sarong is a piece of fabric derived from plants (flora), placing it under Flora & Plant Derivatives within the biotic category. Because it is a physical real-world object with mass that occupies space, it is classified as material under the Tangibility axis.",False
/home/pmonserrat/datasets/imagenet/extracted_data/n04141076/ILSVRC2012_val_00000614.JPEG,sax,False,,,no,none,none,"The target entity is a saxophone. The visual evidence shows a musical instrument being played by a person. While the saxophone is a manufactured object, it is not a nature-based artefact as defined in the taxonomy. It does not have a natural material of origin that remains visually identifiable by its grain or texture, and it does not depict a natural entity. Therefore, it falls under the Homogenous Artefacts exclusion and fails the criteria for nature. Not applicable since the entity is not classified as nature.",False
/home/pmonserrat/datasets/imagenet/extracted_data/n04141327/ILSVRC2012_val_00000039.JPEG,scabbard,False,,,no,none,none,"The target entity is a scabbard. The visual evidence shows a manufactured object designed to hold a knife or sword. While it is made of materials that may have natural origins (such as leather), the scabbard itself is a crafted item where the natural texture is not visually identifiable and the object does not depict a natural entity. It falls under the Homogenous Artefacts exclusion and fails the criteria for nature. Not applicable since the entity is not classified as nature.",False
/home/pmonserrat/datasets/imagenet/extracted_data/n04141975/ILSVRC2012_val_00001091.JPEG,scale,False,,,no,none,none,"The target entity is a scale. The visual evidence shows a mechanical device used for weighing objects. This is a manufactured functional object made of metal and plastic, with no natural material or texture visible. Since it does not depict a natural entity and falls under the Homogenous Artefacts exclusion, it is not classified as nature. Not applicable since the entity is not classified as nature.",False
/home/pmonserrat/datasets/imagenet/extracted_data/n04146614/ILSVRC2012_val_00001736.JPEG,school bus,False,,,no,none,none,"The target entity is a school bus. The visual evidence shows a manufactured functional object made of metal and rubber, with no visible natural material or texture. Since homogenous artefacts are excluded and the object does not depict a natural entity, it falls strictly under the Homogenous Artefacts exclusion and fails the criteria for nature. Not applicable since the entity is not classified as nature.",False
/home/pmonserrat/datasets/imagenet/extracted_data/n04147183/ILSVRC2012_val_00000094.JPEG,schooner,False,,,no,none,none,"The target entity is a schooner. The visual evidence shows a sailboat with sails unfurled on the water. While the schooner itself is a manufactured object, it is operating within a natural environment (the sea) and is not a homogenous artefact. However, the schooner is a human-made vessel and does not fall under the categories of flora, fauna, fungi, or natural processes. It is a representation of human engineering and technology rather than a natural entity. Not applicable since the entity is not classified as nature.",False
/home/pmonserrat/datasets/imagenet/extracted_data/n04149813/ILSVRC2012_val_00000167.JPEG,scoreboard,False,,,no,none,none,"The target entity is a scoreboard. The visual evidence shows a digital display board showing sports scores and player names. This is a manufactured functional object made of electronic components and materials such as plastic and metal. The original natural texture of the materials is completely unidentifiable and altered, and the object does not depict a natural entity. It falls strictly under the Homogenous Artefacts exclusion and fails the criteria for nature. Not applicable since the entity is not classified as nature.",False
/home/pmonserrat/datasets/imagenet/extracted_data/n04152593/ILSVRC2012_val_00001269.JPEG,screen,False,,,no,none,none,"The target entity is a screen displaying a television program. The visual evidence shows a manufactured electronic device showing an image of a car on a road, which is a representation of a real-world scene. Since the screen itself is a manufactured object and the content displayed is a representation, it falls under the category of Representations of Nature. However, the screen as a physical object does not possess physical presence or occupy space in the real world in the same way as natural entities. Not applicable since the entity is not classified as nature.",False
/home/pmonserrat/datasets/imagenet/extracted_data/n04153751/ILSVRC2012_val_00001639.JPEG,screw,False,,,no,none,none,"The target entity is a screw. The visual evidence shows a manufactured functional object made of metal. Because the original natural texture of the materials is completely unidentifiable and altered, and the object does not depict a natural entity, it falls strictly under the Homogenous Artefacts exclusion and fails the criteria for nature. Not applicable since the entity is not classified as nature.",False
/home/pmonserrat/datasets/imagenet/extracted_data/n04154565/ILSVRC2012_val_00000310.JPEG,screwdriver,False,,,no,none,none,"The target entity is a screwdriver. The visual evidence shows a manufactured functional object made of metal and plastic. Because the original natural texture of the materials is completely unidentifiable and altered, and the object does not depict a natural entity, it falls strictly under the Homogenous Artefacts exclusion and fails the criteria for nature. Not applicable since the entity is not classified as nature.",False
/home/pmonserrat/datasets/imagenet/extracted_data/n04162706/ILSVRC2012_val_00001792.JPEG,seat belt,False,,,no,none,none,"The target entity is a seat belt. The visual evidence shows a manufactured functional object made of synthetic materials such as plastic and metal. Because the original natural texture of the materials is completely unidentifiable and altered, and the object does not depict a natural entity, it falls strictly under the Homogenous Artefacts exclusion and fails the criteria for nature. Not applicable since the entity is not classified as nature.",False
/home/pmonserrat/datasets/imagenet/extracted_data/n04179913/ILSVRC2012_val_00000377.JPEG,sewing machine,False,,,no,none,none,"The target entity is a sewing machine. The visual evidence shows a manufactured functional object made of metal and possibly other synthetic materials. Since the original natural texture of the materials is completely unidentifiable and altered, and the object does not depict a natural entity, it falls strictly under the Homogenous Artefacts exclusion and fails the criteria for nature. Not applicable since the entity is not classified as nature.",False
/home/pmonserrat/datasets/imagenet/extracted_data/n04192698/ILSVRC2012_val_00000232.JPEG,shield,False,,,no,none,none,"The target entity is a shield. The visual evidence shows a manufactured protective object made of metal, specifically labeled 'POLIZIA'. Since homogenous artefacts are excluded, manufactured objects where the natural material of origin is unidentifiable and the object does not depict a natural entity fail the criteria for nature. Not applicable since the entity is not classified as nature.",False
/home/pmonserrat/datasets/imagenet/extracted_data/n04200800/ILSVRC2012_val_00000083.JPEG,shoe shop,False,,,no,none,none,"The target entity is a shoe shop. The visual evidence shows a retail environment with shelves displaying various shoes and bags. The shop itself is a commercial establishment, not a natural entity or environment. Under the provided taxonomy, human-made commercial spaces and their contents do not fall under the categories of Nature, Biotic, or Abiotic. The shop and its items are manufactured and do not meet the criteria for more-than-human living entities, ecosystems, or natural processes. Not applicable since the entity is not classified as nature.",False
/home/pmonserrat/datasets/imagenet/extracted_data/n04201297/ILSVRC2012_val_00000159.JPEG,shoji,False,,,yes,biotic,material,"The target entity is a shoji. The visual evidence shows a traditional Japanese room divider made of wood and paper. While the primary material is wood, which is a processed material derived from trees, the shoji itself is a manufactured structural object. However, the natural material of origin (wood) remains visually identifiable by its grain and texture. Since homogenous artefacts are excluded, manufactured objects where the natural material of origin remains visually identifiable by its grain or texture explicitly count as Nature-Based Artefacts, fulfilling the inclusion criteria. Since nature is 'yes', I evaluate the sub-axes. The shoji is made of wood, which is a processed material derived from trees, placing it under Flora & Plant Derivatives within the biotic category. Because it is a real-world physical object with mass that occupies space, it is classified as material under the Tangibility axis.",False
/home/pmonserrat/datasets/imagenet/extracted_data/n04204238/ILSVRC2012_val_00000629.JPEG,shopping basket,False,,,no,none,none,"The target entity is a shopping basket. The visual evidence shows a manufactured functional object made of metal wire and plastic. Because the original natural texture of the materials is completely unidentifiable and altered, and the object does not depict a natural entity, it falls strictly under the Homogenous Artefacts exclusion and fails the criteria for nature. Not applicable since the entity is not classified as nature.",False
/home/pmonserrat/datasets/imagenet/extracted_data/n04204347/ILSVRC2012_val_00001316.JPEG,shopping cart,False,,,no,none,none,"The target entity is a shopping cart. The visual evidence shows a manufactured functional object made of metal and plastic. Because the original natural texture of the materials is completely unidentifiable and altered, and the object does not depict a natural entity, it falls strictly under the Homogenous Artefacts exclusion and fails the criteria for nature. Not applicable since the entity is not classified as nature.",False
/home/pmonserrat/datasets/imagenet/extracted_data/n04208210/ILSVRC2012_val_00002065.JPEG,shovel,False,,,no,none,none,"The target entity is a shovel. The visual evidence shows a manufactured functional object made of metal and plastic. Because the original natural texture of the materials is completely unidentifiable and altered, and the object does not depict a natural entity, it falls strictly under the Homogenous Artefacts exclusion and fails the criteria for nature. Not applicable since the entity is not classified as nature.",False
/home/pmonserrat/datasets/imagenet/extracted_data/n04209133/ILSVRC2012_val_00002394.JPEG,shower cap,False,,,no,none,none,"The target entity is a shower cap. The visual evidence shows a manufactured fabric item designed to cover the head. Since it is a homogenous artefact where the original natural texture is completely unidentifiable and altered, and the object does not depict a natural entity, it falls strictly under the Homogenous Artefacts exclusion and fails the criteria for nature. Not applicable since the entity is not classified as nature.",False
/home/pmonserrat/datasets/imagenet/extracted_data/n04209239/ILSVRC2012_val_00000527.JPEG,shower curtain,False,,,no,none,none,"The target entity is a shower curtain with a painted design. The visual evidence shows a manufactured object made of fabric, with a painted image of a human face and marine life. Since the original natural texture of the materials is completely unidentifiable and altered, and the object does not depict a natural entity, it falls strictly under the Homogenous Artefacts exclusion and fails the criteria for nature. Not applicable since the entity is not classified as nature.",False
/home/pmonserrat/datasets/imagenet/extracted_data/n04228054/ILSVRC2012_val_00000568.JPEG,ski,False,,,no,none,none,"The target entity is a ski. The visual evidence shows a manufactured functional object made of materials like metal and plastic. Since the original natural texture of the materials is completely unidentifiable and altered, and the object does not depict a natural entity, it falls strictly under the Homogenous Artefacts exclusion and fails the criteria for nature. Not applicable since the entity is not classified as nature.",False
/home/pmonserrat/datasets/imagenet/extracted_data/n04229816/ILSVRC2012_val_00000550.JPEG,ski mask,False,,,no,none,none,"The target entity is a ski mask. The visual evidence shows a manufactured functional object made of fabric or synthetic material. Since the original natural texture of the materials is completely unidentifiable and altered, and the object does not depict a natural entity, it falls strictly under the Homogenous Artefacts exclusion and fails the criteria for nature. Not applicable since the entity is not classified as nature.",False
/home/pmonserrat/datasets/imagenet/extracted_data/n04235860/ILSVRC2012_val_00001395.JPEG,sleeping bag,False,,,no,none,none,"The target entity is a sleeping bag. The visual evidence shows a manufactured object designed for warmth and comfort, typically made from synthetic materials like polyester or nylon. Since it is a manufactured item and does not depict a natural entity or have a natural material of origin that remains visually identifiable, it falls under the Homogenous Artefacts exclusion and fails the criteria for nature. Not applicable since the entity is not classified as nature.",False
/home/pmonserrat/datasets/imagenet/extracted_data/n04238763/ILSVRC2012_val_00000266.JPEG,slide rule,False,,,no,none,none,"The target entity is a slide rule. The visual evidence shows a manufactured functional object made of metal and plastic. Because the original natural texture of the materials is completely unidentifiable and altered, and the object does not depict a natural entity, it falls strictly under the Homogenous Artefacts exclusion and fails the criteria for nature. Not applicable since the entity is not classified as nature.",False
/home/pmonserrat/datasets/imagenet/extracted_data/n04239074/ILSVRC2012_val_00002286.JPEG,sliding door,False,,,no,none,none,"The target entity is a sliding door. The visual evidence shows a manufactured structural object made of glass and metal frames. Since the original natural texture of the materials is completely unidentifiable and altered, and the object does not depict a natural entity, it falls strictly under the Homogenous Artefacts exclusion and fails the criteria for nature. Not applicable since the entity is not classified as nature.",False
/home/pmonserrat/datasets/imagenet/extracted_data/n04243546/ILSVRC2012_val_00000857.JPEG,slot,False,,,no,none,none,"The target entity is a slot machine. The visual evidence shows a manufactured functional object made of metal and plastic. Because the original natural texture of the materials is completely unidentifiable and altered, and the object does not depict a natural entity, it falls strictly under the Homogenous Artefacts exclusion and fails the criteria for nature. Not applicable since the entity is not classified as nature.",False
/home/pmonserrat/datasets/imagenet/extracted_data/n04251144/ILSVRC2012_val_00000508.JPEG,snorkel,False,,,no,none,none,"The target entity is a snorkel. The visual evidence shows a person using a snorkel while underwater, interacting with a coral reef ecosystem. The snorkel itself is a manufactured object, but it is being used in a natural environment. However, the snorkel as an object does not fall under the categories of more-than-human living entities, ecosystems, or non-living natural elements directly. It is a tool used by humans and does not fit into the nature categories defined. Not applicable since the entity is not classified as nature.",False
/home/pmonserrat/datasets/imagenet/extracted_data/n04252077/ILSVRC2012_val_00000131.JPEG,snowmobile,False,,,no,none,none,"The target entity is a snowmobile. The visual evidence shows a manufactured vehicle designed for snow travel. Since it is a manufactured object made of materials like metal and plastic, and does not depict a natural entity or have a natural material of origin that remains visually identifiable, it falls under the Homogenous Artefacts exclusion and fails the criteria for nature. Not applicable since the entity is not classified as nature.",False
/home/pmonserrat/datasets/imagenet/extracted_data/n04252225/ILSVRC2012_val_00000767.JPEG,snowplow,False,,,no,none,none,"The target entity is a snowplow. The visual evidence shows a manufactured vehicle designed for clearing snow. Since it is a manufactured object made primarily of metal and rubber, with no visible natural material or texture that remains identifiable, it falls under the Homogenous Artefacts exclusion and does not count as nature. Not applicable since the entity is not classified as nature.",False
/home/pmonserrat/datasets/imagenet/extracted_data/n04254120/ILSVRC2012_val_00003585.JPEG,soap dispenser,False,,,no,none,none,"The target entity is a soap dispenser. The visual evidence shows a manufactured functional object made of smooth plastic. Because the original natural texture of the materials is completely unidentifiable and altered, and the object does not depict a natural entity, it falls strictly under the Homogenous Artefacts exclusion and fails the criteria for nature. Not applicable since the entity is not classified as nature.",False
/home/pmonserrat/datasets/imagenet/extracted_data/n04254680/ILSVRC2012_val_00002349.JPEG,soccer ball,False,,,no,none,none,"The target entity is a soccer ball. The visual evidence shows a manufactured object used in sports. Since it is a manufactured item and not a natural entity, it falls under the Homogenous Artefacts exclusion and does not count as nature. Not applicable since the entity is not classified as nature.",False
/home/pmonserrat/datasets/imagenet/extracted_data/n04254777/ILSVRC2012_val_00000936.JPEG,sock,False,,,no,none,none,"The target entity is a sock. The visual evidence shows a manufactured textile item designed to cover the foot. Socks are made from synthetic or natural fibers, but they do not retain the natural texture or characteristics of the original material. They are homogenous artefacts where the natural texture is unidentifiable and the object does not depict a natural entity. Therefore, they fall strictly under the Homogenous Artefacts exclusion and fail the criteria for nature. Not applicable since the entity is not classified as nature.",False
/home/pmonserrat/datasets/imagenet/extracted_data/n04258138/ILSVRC2012_val_00000897.JPEG,solar dish,False,,,no,none,none,"The target entity is a solar dish. The visual evidence shows a manufactured functional object made of metal and other materials designed to collect solar energy. Since the original natural texture of the materials is completely unidentifiable and altered, and the object does not depict a natural entity, it falls strictly under the Homogenous Artefacts exclusion and fails the criteria for nature. Not applicable since the entity is not classified as nature.",False
/home/pmonserrat/datasets/imagenet/extracted_data/n04259630/ILSVRC2012_val_00002335.JPEG,sombrero,False,,,yes,biotic,material,"The target entity is a sombrero. The visual evidence shows a handcrafted object made from natural materials, specifically woven straw with painted designs. Since it is a crafted or manufactured object where the natural material of origin (straw) remains visually identifiable by its structure and texture, it counts as a Nature-Based Artefact, fulfilling the inclusion criteria. Since nature is 'yes', I evaluate the sub-axes. The sombrero is a crafted object made from straw (a plant derivative), placing it under Flora & Plant Derivatives within the biotic category. Because it is a physical three-dimensional object with mass that occupies space, it is classified as material under the Tangibility axis.",False
/home/pmonserrat/datasets/imagenet/extracted_data/n04263257/ILSVRC2012_val_00000004.JPEG,soup bowl,False,,,yes,biotic,material,"The target entity is a soup bowl. The visual evidence shows a manufactured ceramic object with a floral design. While the bowl itself is a crafted item, it is used to contain a processed food item (soup), which is classified under Processed Food & Drinks (The Ingestion Criterion) in the Nature definition. The soup, being a processed food, counts as nature under the taxonomy. Since nature is 'yes', I evaluate the sub-axes. The soup is a processed food item, placing it under the category of Processed Food & Drinks within the biotic category. The bowl, being a physical object with mass that occupies space, is classified as material under the Tangibility axis.",False
/home/pmonserrat/datasets/imagenet/extracted_data/n04264628/ILSVRC2012_val_00001672.JPEG,space bar,False,,,no,none,none,"The target entity is a space bar on a typewriter. The visual evidence shows a manufactured functional object made of smooth plastic and metal. Because the original natural texture of the materials is completely unidentifiable and altered, and the object does not depict a natural entity, it falls strictly under the Homogenous Artefacts exclusion and fails the criteria for nature. Not applicable since the entity is not classified as nature.",False
/home/pmonserrat/datasets/imagenet/extracted_data/n04265275/ILSVRC2012_val_00004382.JPEG,space heater,False,,,no,none,none,"The target entity is a space heater. The visual evidence shows a manufactured functional object made of plastic and metal. Because the original natural texture of the materials is completely unidentifiable and altered, and the object does not depict a natural entity, it falls strictly under the Homogenous Artefacts exclusion and fails the criteria for nature. Not applicable since the entity is not classified as nature.",False
/home/pmonserrat/datasets/imagenet/extracted_data/n04266014/ILSVRC2012_val_00000559.JPEG,space shuttle,False,,,no,none,none,"The target entity is a space shuttle. The visual evidence shows a manufactured structural object made of metal and composite materials. Since the original natural texture of the materials is completely unidentifiable and altered, and the object does not depict a natural entity, it falls strictly under the Homogenous Artefacts exclusion and fails the criteria for nature. Not applicable since the entity is not classified as nature.",False
/home/pmonserrat/datasets/imagenet/extracted_data/n04270147/ILSVRC2012_val_00001587.JPEG,spatula,False,,,no,none,none,"The target entity is a spatula. The visual evidence shows a manufactured kitchen utensil made of metal or plastic. Since homogenous artefacts are excluded and the object does not depict a natural entity, it falls strictly under the Homogenous Artefacts exclusion and fails the criteria for nature. Not applicable since the entity is not classified as nature.",False
/home/pmonserrat/datasets/imagenet/extracted_data/n04273569/ILSVRC2012_val_00000901.JPEG,speedboat,False,,,no,none,none,"The target entity is a speedboat. The visual evidence shows a manufactured functional object made of materials such as metal and plastic. Since the original natural texture of the materials is completely unidentifiable and altered, and the object does not depict a natural entity, it falls strictly under the Homogenous Artefacts exclusion and fails the criteria for nature. Not applicable since the entity is not classified as nature.",False
/home/pmonserrat/datasets/imagenet/extracted_data/n04275548/ILSVRC2012_val_00002128.JPEG,spider web,True,False,True,yes,biotic,material,"The target entity is a spider web. The visual evidence shows a real-world structure created by a spider, a non-human organism. The web is a physical entity that occupies space and has mass, and it is directly perceived through physical senses. It is a product of a living organism's biological process, fitting the inclusion criteria for nature. Since nature is 'yes', I evaluate the sub-axes. The spider web is a product of a spider (fauna), placing it under the biotic category. Because the image captures a real-world physical object with mass that occupies space, it is classified as material under the Tangibility axis.",False
/home/pmonserrat/datasets/imagenet/extracted_data/n04277352/ILSVRC2012_val_00000349.JPEG,spindle,False,,,yes,biotic,material,"The target entity is a spindle. The visual evidence shows a wooden spindle with a natural grain, used for spinning yarn. Since it is a crafted object where the natural material of origin (wood) remains visually identifiable by its grain, it counts as a Nature-Based Artefact, fulfilling the inclusion criteria. Since nature is 'yes', I evaluate the sub-axes. The spindle is made from wood, which is a processed material derived from trees, placing it under Flora & Plant Derivatives within the biotic category. Because it is a real-world physical object with mass that occupies space, it is classified as material under the Tangibility axis.",False
/home/pmonserrat/datasets/imagenet/extracted_data/n04285008/ILSVRC2012_val_00001247.JPEG,sports car,False,,,no,none,none,"The target entity is a sports car. The visual evidence shows a manufactured vehicle made of metal and other synthetic materials. Since the original natural texture of the materials is completely unidentifiable and altered, and the object does not depict a natural entity, it falls strictly under the Homogenous Artefacts exclusion and fails the criteria for nature. Not applicable since the entity is not classified as nature.",False
/home/pmonserrat/datasets/imagenet/extracted_data/n04286575/ILSVRC2012_val_00000345.JPEG,spotlight,False,,,no,none,none,"The target entity is a spotlight. The visual evidence shows a manufactured functional object made of metal and glass components. Because the original natural texture of the materials is completely unidentifiable and altered, and the object does not depict a natural entity, it falls strictly under the Homogenous Artefacts exclusion and fails the criteria for nature. Not applicable since the entity is not classified as nature.",False
/home/pmonserrat/datasets/imagenet/extracted_data/n04296562/ILSVRC2012_val_00001388.JPEG,stage,False,,,no,none,none,"The target entity is a stage. The visual evidence shows a constructed platform with equipment such as speakers and lighting rigs. This is a manufactured structural object designed for human use and does not have a natural material of origin that remains visually identifiable by its grain or texture. It falls under the Homogenous Artefacts exclusion and does not depict a natural entity, failing the criteria for nature. Not applicable since the entity is not classified as nature.",False
/home/pmonserrat/datasets/imagenet/extracted_data/n04310018/ILSVRC2012_val_00000544.JPEG,steam locomotive,False,,,no,none,none,"The target entity is a steam locomotive. The visual evidence shows a manufactured functional object made of metal and other industrial materials. Since the original natural texture of the materials is completely unidentifiable and altered, and the object does not depict a natural entity, it falls strictly under the Homogenous Artefacts exclusion and fails the criteria for nature. Not applicable since the entity is not classified as nature.",False
/home/pmonserrat/datasets/imagenet/extracted_data/n04311004/ILSVRC2012_val_00000271.JPEG,steel arch bridge,False,,,no,none,none,"The target entity is a steel arch bridge. The visual evidence shows a man-made structure made of steel and concrete. Since homogenous artefacts are excluded and the original natural texture of the materials is completely unidentifiable and altered, and the object does not depict a natural entity, it falls strictly under the Homogenous Artefacts exclusion and fails the criteria for nature. Not applicable since the entity is not classified as nature.",False
/home/pmonserrat/datasets/imagenet/extracted_data/n04311174/ILSVRC2012_val_00000842.JPEG,steel drum,False,,,no,none,none,"The target entity is a steel drum. The visual evidence shows a manufactured musical instrument made of metal. Since the original natural texture of the materials is completely unidentifiable and altered, and the object does not depict a natural entity, it falls strictly under the Homogenous Artefacts exclusion and fails the criteria for nature. Not applicable since the entity is not classified as nature.",False
/home/pmonserrat/datasets/imagenet/extracted_data/n04317175/ILSVRC2012_val_00001183.JPEG,stethoscope,False,,,no,none,none,"The target entity is a stethoscope. The visual evidence shows a manufactured medical instrument made of metal and rubber. Since homogenous artefacts are excluded and the object does not depict a natural entity, it falls strictly under the Homogenous Artefacts exclusion and fails the criteria for nature. Not applicable since the entity is not classified as nature.",False
/home/pmonserrat/datasets/imagenet/extracted_data/n04325704/ILSVRC2012_val_00001059.JPEG,stole,False,,,yes,biotic,material,"The target entity is a crocheted shawl. The visual evidence shows a handmade textile item made of yarn. While the shawl is crafted by humans, it is made from natural fibers (yarn) and retains the natural texture of the material. Since it is a nature-based artefact where the natural material of origin remains visually identifiable by its structure, grain, or texture, it fulfills the inclusion criteria for nature. Since nature is 'yes', I evaluate the sub-axes. The shawl is made from yarn, which is derived from natural fibers (such as wool or cotton), placing it under Flora & Plant Derivatives within the biotic category. Because it is a real-world physical object with mass that occupies space, it is classified as material under the Tangibility axis.",False
/home/pmonserrat/datasets/imagenet/extracted_data/n04326547/ILSVRC2012_val_00000171.JPEG,stone wall,True,False,True,yes,abiotic,material,"The target entity is a stone wall. The visual evidence shows a structure composed of large, irregularly shaped rocks. Geological & Topographical Components, such as rocks and soil, are explicitly classified under Non-Living Natural Elements & Processes, fulfilling the inclusion criteria for nature. Since nature is 'yes', I evaluate the sub-axes. A stone wall is a large-scale landform and earth structure, placing it under Geological & Topographical Components within the abiotic category. Because this is an unfiltered documentary photograph of a real-world physical landscape, it is classified as material under the Tangibility axis.",False
/home/pmonserrat/datasets/imagenet/extracted_data/n04328186/ILSVRC2012_val_00000290.JPEG,stopwatch,False,,,no,none,none,"The target entity is a stopwatch. The visual evidence shows a manufactured functional object made of plastic and metal. Because the original natural texture of the materials is completely unidentifiable and altered, and the object does not depict a natural entity, it falls strictly under the Homogenous Artefacts exclusion and fails the criteria for nature. Not applicable since the entity is not classified as nature.",False
/home/pmonserrat/datasets/imagenet/extracted_data/n04330267/ILSVRC2012_val_00000205.JPEG,stove,False,,,no,none,none,"The target entity is a stove. The visual evidence shows a manufactured functional object made of metal and plastic. Because the original natural texture of the materials is completely unidentifiable and altered, and the object does not depict a natural entity, it falls strictly under the Homogenous Artefacts exclusion and fails the criteria for nature. Not applicable since the entity is not classified as nature.",False
/home/pmonserrat/datasets/imagenet/extracted_data/n04332243/ILSVRC2012_val_00001470.JPEG,strainer,False,,,no,none,none,"The target entity is a strainer. The visual evidence shows a kitchen utensil made of metal with holes, used for filtering liquids. Since it is a manufactured object and does not depict or represent a natural entity, it falls under the Homogenous Artefacts exclusion and fails the criteria for nature. Not applicable since the entity is not classified as nature.",False
/home/pmonserrat/datasets/imagenet/extracted_data/n04335435/ILSVRC2012_val_00000714.JPEG,streetcar,False,,,no,none,none,"The target entity is a streetcar. The visual evidence shows a manufactured functional object made of metal and glass, with no visible natural material or texture. It is a homogenous artefact where the original natural texture is completely unidentifiable and altered, and the object does not depict a natural entity. Therefore, it falls strictly under the Homogenous Artefacts exclusion and fails the criteria for nature. Not applicable since the entity is not classified as nature.",False
/home/pmonserrat/datasets/imagenet/extracted_data/n04336792/ILSVRC2012_val_00000535.JPEG,stretcher,False,,,no,none,none,"The target entity is a stretcher. The visual evidence shows a manufactured functional object made of fabric and metal. Because the original natural texture of the materials is completely unidentifiable and altered, and the object does not depict a natural entity, it falls strictly under the Homogenous Artefacts exclusion and fails the criteria for nature. Not applicable since the entity is not classified as nature.",False
/home/pmonserrat/datasets/imagenet/extracted_data/n04344873/ILSVRC2012_val_00001811.JPEG,studio couch,False,,,no,none,none,"The target entity is a studio couch. The visual evidence shows a manufactured structural object made of materials like fabric and metal, with no visible natural grain or texture that would indicate a natural material of origin. Since homogenous artefacts are excluded and the object does not depict a natural entity, it fails the criteria for nature. Not applicable since the entity is not classified as nature.",False
/home/pmonserrat/datasets/imagenet/extracted_data/n04346328/ILSVRC2012_val_00000522.JPEG,stupa,False,,,no,none,none,"The target entity is a stupa. The visual evidence shows a man-made structure with intricate architectural details, primarily constructed from materials such as gold leaf, wood, and possibly stone. While the structure may be inspired by natural forms or have cultural significance related to nature, it is a manufactured object. Since homogenous artefacts are excluded unless they depict a natural entity, and this stupa does not explicitly depict flora, fauna, or natural processes, it falls under the exclusion scope for homogenous artefacts. Not applicable since the entity is not classified as nature.",False
/home/pmonserrat/datasets/imagenet/extracted_data/n04347754/ILSVRC2012_val_00000595.JPEG,submarine,False,,,no,none,none,"The target entity is a submarine. The visual evidence shows a manufactured structural object made of metal, designed for underwater travel. Since it is a manufactured object where the original natural texture is completely unidentifiable and altered, and it does not depict a natural entity, it falls strictly under the Homogenous Artefacts exclusion and fails the criteria for nature. Not applicable since the entity is not classified as nature.",False
/home/pmonserrat/datasets/imagenet/extracted_data/n04350905/ILSVRC2012_val_00000380.JPEG,suit,False,,,no,none,none,"The target entity is a suit. The visual evidence shows a manufactured functional object made of fabric, typically derived from cotton or synthetic materials. Since the original natural texture of the materials is completely unidentifiable and altered, and the object does not depict a natural entity, it falls strictly under the Homogenous Artefacts exclusion and fails the criteria for nature. Not applicable since the entity is not classified as nature.",False
/home/pmonserrat/datasets/imagenet/extracted_data/n04355338/ILSVRC2012_val_00002015.JPEG,sundial,False,,,no,none,none,"The target entity is a sundial. The visual evidence shows a man-made structure with markings and numbers used to tell time based on the position of the sun. While sundials are tools that interact with natural elements (the sun), they are manufactured objects and do not fall under the category of more-than-human living entities or natural processes. They are considered artefacts and not part of the natural environment itself. Not applicable since the entity is not classified as nature.",False
/home/pmonserrat/datasets/imagenet/extracted_data/n04355933/ILSVRC2012_val_00000413.JPEG,sunglass,False,,,no,none,none,"The target entity is a pair of sunglasses. The visual evidence shows a manufactured object designed to protect the eyes from sunlight. Sunglasses are made of materials like plastic or metal, which are processed and do not retain any natural texture or form of living organisms. They do not fall under any of the categories of Nature-Based Artefacts or Representations of Nature as defined in the taxonomy. Not applicable since the entity is not classified as nature.",False
/home/pmonserrat/datasets/imagenet/extracted_data/n04356056/ILSVRC2012_val_00000815.JPEG,sunglasses,False,,,no,none,none,"The target entity is a pair of sunglasses. The visual evidence shows a manufactured object made of plastic and metal frames. Since the original natural texture of the materials is completely unidentifiable and altered, and the object does not depict a natural entity, it falls strictly under the Homogenous Artefacts exclusion and fails the criteria for nature. Not applicable since the entity is not classified as nature.",False
/home/pmonserrat/datasets/imagenet/extracted_data/n04357314/ILSVRC2012_val_00001102.JPEG,sunscreen,False,,,no,none,none,"The target entity is sunscreen. The visual evidence shows a manufactured product made of plastic and other synthetic materials. Sunscreen is a processed food & drink (The Ingestion Criterion) as it is edible and applied to the skin. However, it is not a natural substance but a man-made product designed to protect the skin from the sun's harmful rays. Since it is a manufactured item and not a natural entity, it falls under the exclusion scope for homogenous artefacts. Not applicable since the entity is not classified as nature.",False
/home/pmonserrat/datasets/imagenet/extracted_data/n04366367/ILSVRC2012_val_00000778.JPEG,suspension bridge,False,,,no,none,none,"The target entity is a suspension bridge. The visual evidence shows a man-made structure made of metal and wood, designed for transportation across a physical space. Since homogenous artefacts are excluded and the bridge does not depict a natural entity, it falls strictly under the Homogenous Artefacts exclusion and fails the criteria for nature. Not applicable since the entity is not classified as nature.",False
/home/pmonserrat/datasets/imagenet/extracted_data/n04367480/ILSVRC2012_val_00000701.JPEG,swab,False,,,no,none,none,"The target entity is a swab. The visual evidence shows a manufactured object used for cleaning or collecting samples. It is made of plastic and metal, with no natural material or texture visible. Since it is a homogenous artefact with no natural characteristics, it falls under the exclusion scope for nature. Not applicable since the entity is not classified as nature.",False
/home/pmonserrat/datasets/imagenet/extracted_data/n04370456/ILSVRC2012_val_00000070.JPEG,sweatshirt,False,,,no,none,none,"The target entity is a sweatshirt. The visual evidence shows a manufactured functional object made of fabric. Since the original natural texture of the materials is completely unidentifiable and altered, and the object does not depict a natural entity, it falls strictly under the Homogenous Artefacts exclusion and fails the criteria for nature. Not applicable since the entity is not classified as nature.",False
/home/pmonserrat/datasets/imagenet/extracted_data/n04371430/ILSVRC2012_val_00000065.JPEG,swimming trunks,False,,,no,none,none,"The target entity is a pair of swimming trunks. The visual evidence shows a piece of clothing designed for swimming, typically made from synthetic or textile materials. Since swimming trunks are manufactured items and do not fall under the categories of flora, fauna, fungi, or natural processes, they are excluded from the nature definition. Not applicable since the entity is not classified as nature.",False
/home/pmonserrat/datasets/imagenet/extracted_data/n04371774/ILSVRC2012_val_00001086.JPEG,swing,False,,,no,none,none,"The target entity is a swing. The visual evidence shows a playground structure designed for children to sit and swing back and forth. Swings are manufactured objects made of materials like metal and plastic, which are not natural materials. They do not fall under the categories of more-than-human living entities, ecosystems, or natural processes. Therefore, they are classified as homogenous artefacts and are excluded from the nature taxonomy. Not applicable since the entity is not classified as nature.",False
/home/pmonserrat/datasets/imagenet/extracted_data/n04372370/ILSVRC2012_val_00000053.JPEG,switch,False,,,no,none,none,"The target entity is a light switch. The visual evidence shows a manufactured functional object made of plastic and metal. Because the original natural texture of the materials is completely unidentifiable and altered, and the object does not depict a natural entity, it falls strictly under the Homogenous Artefacts exclusion and fails the criteria for nature. Not applicable since the entity is not classified as nature.",False
/home/pmonserrat/datasets/imagenet/extracted_data/n04376876/ILSVRC2012_val_00002160.JPEG,syringe,False,,,no,none,none,"The target entity is a syringe. The visual evidence shows a manufactured functional object made of plastic and metal. Because the original natural texture of the materials is completely unidentifiable and altered, and the object does not depict a natural entity, it falls strictly under the Homogenous Artefacts exclusion and fails the criteria for nature. Not applicable since the entity is not classified as nature.",False
/home/pmonserrat/datasets/imagenet/extracted_data/n04380533/ILSVRC2012_val_00000026.JPEG,table lamp,False,,,no,none,none,"The target entity is a table lamp. The visual evidence shows a manufactured object made of metal and glass, with a wooden table beneath it. The materials used (metal, glass, wood) are processed and do not retain their original natural textures in a visually identifiable way. Since the object is a manufactured homogenous artefact without any natural material grain or texture remaining visually identifiable, it falls under the Homogenous Artefacts exclusion and does not count as nature. Not applicable since the entity is not classified as nature.",False
/home/pmonserrat/datasets/imagenet/extracted_data/n04389033/ILSVRC2012_val_00002120.JPEG,tank,False,,,no,none,none,"The target entity is a tank. The visual evidence shows a large, metallic military vehicle with a prominent cannon. Tanks are manufactured structural objects made primarily of metal and other synthetic materials. Since the original natural texture of the materials is completely unidentifiable and altered, and the object does not depict a natural entity, it falls strictly under the Homogenous Artefacts exclusion and fails the criteria for nature. Not applicable since the entity is not classified as nature.",False
/home/pmonserrat/datasets/imagenet/extracted_data/n04392985/ILSVRC2012_val_00000627.JPEG,tape player,False,,,no,none,none,"The target entity is a tape player. The visual evidence shows a manufactured electronic device made of plastic and metal components. Since the original natural texture of the materials is completely unidentifiable and altered, and the object does not depict a natural entity, it falls strictly under the Homogenous Artefacts exclusion and fails the criteria for nature. Not applicable since the entity is not classified as nature.",False
/home/pmonserrat/datasets/imagenet/extracted_data/n04398044/ILSVRC2012_val_00000464.JPEG,teapot,False,,,yes,biotic,immaterial,"The target entity is a teapot. The visual evidence shows a manufactured object designed to resemble a teapot, with decorative elements such as flowers and butterflies. While the teapot itself is a functional object, it is crafted to depict a nature-inspired design. Since it is a three-dimensional object shaped to represent a natural entity (a teapot, which is a functional item but often associated with nature due to its use in serving tea and its decorative aspects), it falls under the category of Nature-Based Artefacts. This classification is based on the explicit depiction and representation of natural elements. Since nature is 'yes', I evaluate the sub-axes. The teapot is a three-dimensional object designed to represent a functional item often associated with nature (tea service). However, its primary purpose is representational and symbolic, as it is decorated with floral and butterfly motifs. Therefore, it is classified as immaterial under the Tangibility axis because it is a crafted object whose primary purpose is to depict natural elements rather than being a physical real-world organism or process.",False
/home/pmonserrat/datasets/imagenet/extracted_data/n04399382/ILSVRC2012_val_00000602.JPEG,teddy,True,True,False,yes,biotic,immaterial,"The target entity is a teddy bear. The visual evidence shows a plush toy made of fabric, designed to resemble a bear. While the material is synthetic and not a natural entity, the object is a representation of a non-human living entity (fauna). According to the taxonomy, explicit animal depictions in the form of figurines or statues count as Representations of Nature, fulfilling the inclusion criteria. Since nature is 'yes', I evaluate the sub-axes. The teddy bear represents a bear (fauna), placing its conceptual subject under the biotic category. Although the teddy bear is a physical three-dimensional object, its primary purpose is representational and symbolic; therefore, under the Tangibility rules for representations, it is classified as immaterial.",False
/home/pmonserrat/datasets/imagenet/extracted_data/n04404412/ILSVRC2012_val_00001532.JPEG,television,False,,,no,none,none,"The target entity is a television. The visual evidence shows a manufactured electronic device displaying a baseball game. The television itself is a homogenous artefact made of materials like plastic and metal, with no natural material or texture visible. It does not depict a natural entity and falls under the Homogenous Artefacts exclusion, failing the criteria for nature. Not applicable since the entity is not classified as nature.",False
/home/pmonserrat/datasets/imagenet/extracted_data/n04409515/ILSVRC2012_val_00000123.JPEG,tennis ball,False,,,no,none,none,"The target entity is a tennis ball. The visual evidence shows a manufactured object made of synthetic materials, typically rubber or a similar compound, with branding and text. Since it is a manufactured item and does not depict or represent a natural entity, it falls under the Homogenous Artefacts exclusion and fails the criteria for nature. Not applicable since the entity is not classified as nature.",False
/home/pmonserrat/datasets/imagenet/extracted_data/n04417672/ILSVRC2012_val_00003312.JPEG,thatch,True,False,True,yes,biotic,material,"The target entity is a thatched structure. The visual evidence shows a roof made of dried plant material, such as straw or reeds, which is a common method of constructing shelters in various cultures. This falls under Nature-Based Artefacts as it is crafted from natural materials where the original natural texture remains visually identifiable by its structure and texture. Since nature is 'yes', I evaluate the sub-axes. The thatched material is derived from plants (flora), placing it under Flora & Plant Derivatives within the biotic category. Because the thatched structure is a real-world physical object with mass that occupies space, it is classified as material under the Tangibility axis.",False
/home/pmonserrat/datasets/imagenet/extracted_data/n04418357/ILSVRC2012_val_00002206.JPEG,theater curtain,False,,,no,none,none,"The target entity is a theater curtain. The visual evidence shows a fabric curtain used in a theater setting. The curtain is a manufactured object made from textile materials, which are derived from plants (cotton, silk, etc.). However, the curtain itself is a homogenous artefact where the original natural texture is unidentifiable and altered. It does not depict a natural entity and falls under the exclusion scope for homogenous artefacts. Not applicable since the entity is not classified as nature.",False
/home/pmonserrat/datasets/imagenet/extracted_data/n04423845/ILSVRC2012_val_00001263.JPEG,thimble,False,,,no,none,none,"The target entity is a thimble. The visual evidence shows a small, manufactured object designed to fit over a finger, typically used in sewing. It is made of materials like plastic or metal, with no visible natural grain or texture that would classify it as a nature-based artefact. Since it is a homogenous artefact without natural material characteristics and does not depict a natural entity, it falls under the exclusion scope for nature. Not applicable since the entity is not classified as nature.",False
/home/pmonserrat/datasets/imagenet/extracted_data/n04428191/ILSVRC2012_val_00000416.JPEG,thresher,False,,,no,none,none,"The target entity is a thresher, a machine used in agriculture to separate grain from chaff. The visual evidence shows a mechanical device made of metal and other industrial materials. Since the thresher is a manufactured object and not a natural entity, it falls under the Homogenous Artefacts exclusion and does not count as nature. Not applicable since the entity is not classified as nature.",False
/home/pmonserrat/datasets/imagenet/extracted_data/n04429376/ILSVRC2012_val_00001160.JPEG,throne,False,,,no,none,none,"The target entity is a throne. The visual evidence shows a highly ornate and crafted object made of materials such as wood, fabric, and possibly metal. While the throne is a manufactured object, it is designed to represent a seat of authority and is often associated with historical or cultural contexts. However, under the provided taxonomy, homogenous artefacts (manufactured structural or functional objects where the original natural texture is unidentifiable) are excluded from nature. Since the throne is a crafted object without a clear natural material origin and does not depict a natural entity, it falls under the Homogenous Artefacts exclusion. Not applicable since the entity is not classified as nature.",False
/home/pmonserrat/datasets/imagenet/extracted_data/n04435653/ILSVRC2012_val_00000030.JPEG,tile roof,False,,,no,none,none,"The target entity is a tile roof. The visual evidence shows a manufactured structural object made of clay tiles with a distinct pattern and color. While the materials are derived from natural resources (clay), the object itself is a manufactured artefact where the original natural texture is completely unidentifiable and altered. It does not depict a natural entity but is a man-made structure, falling strictly under the Homogenous Artefacts exclusion and failing the criteria for nature. Not applicable since the entity is not classified as nature.",False
/home/pmonserrat/datasets/imagenet/extracted_data/n04442312/ILSVRC2012_val_00000737.JPEG,toaster,False,,,no,none,none,"The target entity is a toaster. The visual evidence shows a manufactured functional object made of smooth plastic and metal. Because the original natural texture of the materials is completely unidentifiable and altered, and the object does not depict a natural entity, it falls strictly under the Homogenous Artefacts exclusion and fails the criteria for nature. Not applicable since the entity is not classified as nature.",False
/home/pmonserrat/datasets/imagenet/extracted_data/n04443257/ILSVRC2012_val_00000561.JPEG,tobacco shop,False,,,yes,biotic,material,"The target entity is a tobacco shop sign. The visual evidence shows a wooden sign with carved leaves and cigars, which are derived from the Flora & Plant Derivatives category. However, the sign itself is a manufactured object and not a direct representation of a natural entity. Since the sign is a crafted object where the natural material of origin (wood) remains visually identifiable by its grain, it counts as a Nature-Based Artefact. Since nature is 'yes', I evaluate the sub-axes. The sign is a physical object made of wood, which is a processed material derived from trees, placing it under Flora & Plant Derivatives within the biotic category. Because it is a real-world physical object with mass that occupies space, it is classified as material under the Tangibility axis.",False
/home/pmonserrat/datasets/imagenet/extracted_data/n04447861/ILSVRC2012_val_00000449.JPEG,toilet seat,False,,,no,none,none,"The target entity is a toilet seat. The visual evidence shows a manufactured functional object made of smooth plastic. Because the original natural texture of the materials is completely unidentifiable and altered, and the object does not depict a natural entity, it falls strictly under the Homogenous Artefacts exclusion and fails the criteria for nature. Not applicable since the entity is not classified as nature.",False
/home/pmonserrat/datasets/imagenet/extracted_data/n04456115/ILSVRC2012_val_00001008.JPEG,torch,False,,,yes,abiotic,material,"The target entity is a torch. The visual evidence shows a physical object with flames, which is a representation of fire. Fire is a natural process, but the torch itself is a manufactured object. Since the torch is a tool used to represent or symbolize fire, it falls under Nature-Based Artefacts as it explicitly engages with a natural element. Since nature is 'yes', I evaluate the sub-axes. The torch is a physical object made of materials (likely wood or metal) that have been shaped to produce fire, a natural process. This makes it a representation of an abiotic natural element (fire). Because the torch is a physical object with mass that occupies space, it is classified as material under the Tangibility axis.",False
/home/pmonserrat/datasets/imagenet/extracted_data/n04458633/ILSVRC2012_val_00000525.JPEG,totem pole,False,,,yes,biotic,immaterial,"The target entity is a totem pole. The visual evidence shows a carved wooden structure with intricate designs and figures. While the totem pole is a manufactured object, it is crafted from wood, a natural material, and its design is based on natural entities (e.g., animals, ancestors). Nature-Based Artefacts are defined as crafted or manufactured objects where the natural material of origin remains visually identifiable by its structure, grain, or texture. Since the totem pole clearly shows the natural grain of the wood and depicts natural entities, it counts as a Nature-Based Artefact. Since nature is 'yes', I evaluate the sub-axes. The totem pole is made from wood, which is derived from trees (Flora & Plant Derivatives), placing it under the biotic category. Although the totem pole is a physical object, its primary purpose is representational and symbolic, depicting natural entities. Therefore, it is classified as immaterial under the Tangibility axis.",False
/home/pmonserrat/datasets/imagenet/extracted_data/n04461696/ILSVRC2012_val_00000671.JPEG,tow truck,False,,,no,none,none,"The target entity is a tow truck. The visual evidence shows a manufactured functional vehicle made of metal and rubber, with no visible natural material or texture that remains identifiable. Since it is a homogenous artefact where the original natural texture is unidentifiable and the object does not depict a natural entity, it falls strictly under the Homogenous Artefacts exclusion and fails the criteria for nature. Not applicable since the entity is not classified as nature.",False
/home/pmonserrat/datasets/imagenet/extracted_data/n04462240/ILSVRC2012_val_00000261.JPEG,toyshop,False,,,no,none,none,"The target entity is a toyshop. The visual evidence shows a collection of teddy bears, which are manufactured objects designed to resemble animals. While the bears themselves are representations of fauna, the shop itself is a commercial establishment that sells these items. Under the provided taxonomy, human beings and commercial establishments are explicitly excluded from the nature category. Additionally, the shop does not directly depict or engage with natural elements or processes. Not applicable since the entity is not classified as nature.",False
/home/pmonserrat/datasets/imagenet/extracted_data/n04465501/ILSVRC2012_val_00000294.JPEG,tractor,False,,,no,none,none,"The target entity is a tractor. The visual evidence shows a manufactured functional object made of metal and rubber. Because the original natural texture of the materials is completely unidentifiable and altered, and the object does not depict a natural entity, it falls strictly under the Homogenous Artefacts exclusion and fails the criteria for nature. Not applicable since the entity is not classified as nature.",False
/home/pmonserrat/datasets/imagenet/extracted_data/n04467665/ILSVRC2012_val_00000187.JPEG,trailer truck,False,,,no,none,none,"The target entity is a trailer truck. The visual evidence shows a manufactured functional object made of metal and rubber. Because the original natural texture of the materials is completely unidentifiable and altered, and the object does not depict a natural entity, it falls strictly under the Homogenous Artefacts exclusion and fails the criteria for nature. Not applicable since the entity is not classified as nature.",False
/home/pmonserrat/datasets/imagenet/extracted_data/n04476259/ILSVRC2012_val_00000513.JPEG,tray,False,,,no,none,none,"The target entity is a tray. The visual evidence shows a manufactured structural object made of metal, likely stainless steel, with a reflective surface. Since the original natural texture of the materials is completely unidentifiable and altered, and the object does not depict a natural entity, it falls strictly under the Homogenous Artefacts exclusion and fails the criteria for nature. Not applicable since the entity is not classified as nature.",False
/home/pmonserrat/datasets/imagenet/extracted_data/n04479046/ILSVRC2012_val_00000291.JPEG,trench coat,False,,,yes,biotic,material,"The target entity is a trench coat. The visual evidence shows a manufactured functional object made of fabric. While homogenous artefacts are excluded, manufactured objects where the natural material of origin remains visually identifiable by its structure, grain, or texture explicitly count as Nature-Based Artefacts, fulfilling the inclusion criteria. Since nature is 'yes', I evaluate the sub-axes. A trench coat is made from fabric, which is derived from plants (cotton, wool, etc.), placing it under Flora & Plant Derivatives within the biotic category. Because it is a real-world physical object with mass that occupies space, it is classified as material under the Tangibility axis.",False
/home/pmonserrat/datasets/imagenet/extracted_data/n04482393/ILSVRC2012_val_00000069.JPEG,tricycle,False,,,no,none,none,"The target entity is a tricycle. The visual evidence shows a manufactured functional object made of metal and plastic. Because the original natural texture of the materials is completely unidentifiable and altered, and the object does not depict a natural entity, it falls strictly under the Homogenous Artefacts exclusion and fails the criteria for nature. Not applicable since the entity is not classified as nature.",False
/home/pmonserrat/datasets/imagenet/extracted_data/n04483307/ILSVRC2012_val_00001519.JPEG,trimaran,False,,,no,none,none,"The target entity is a trimaran. The visual evidence shows a manufactured boat with a hull and sails, situated on a beach. While the boat is a man-made object, it is not classified as a homogenous artefact because it does not depict a natural entity and its primary purpose is functional rather than representational. However, the boat itself is not a natural entity under the provided taxonomy, as it is a human-made structure. Not applicable since the entity is not classified as nature.",False
/home/pmonserrat/datasets/imagenet/extracted_data/n04485082/ILSVRC2012_val_00000059.JPEG,tripod,False,,,no,none,none,"The target entity is a tripod. The visual evidence shows a manufactured structural object made of metal, likely aluminum or steel, with a smooth surface and no visible natural grain or texture. Since homogenous artefacts are excluded and the object does not depict a natural entity, it falls strictly under the Homogenous Artefacts exclusion and fails the criteria for nature. Not applicable since the entity is not classified as nature.",False
/home/pmonserrat/datasets/imagenet/extracted_data/n04486054/ILSVRC2012_val_00001325.JPEG,triumphal arch,False,,,no,none,none,"The target entity is a triumphal arch. The visual evidence shows a large, stone structure with intricate carvings and sculptures. This is a manufactured architectural object made of stone, which is a processed material derived from geological formations. While the original natural texture of the stone is unidentifiable and altered, the structure itself is a representation of human-made art and architecture. Since it does not depict a natural entity and falls under the Homogenous Artefacts exclusion, it does not count as nature. Not applicable since the entity is not classified as nature.",False
/home/pmonserrat/datasets/imagenet/extracted_data/n04487081/ILSVRC2012_val_00000573.JPEG,trolleybus,False,,,no,none,none,"The target entity is a trolleybus. The visual evidence shows a manufactured functional object made of metal and plastic, designed for public transportation. Since it is a manufactured structural object where the original natural texture is completely unidentifiable and altered, and the object does not depict a natural entity, it falls strictly under the Homogenous Artefacts exclusion and fails the criteria for nature. Not applicable since the entity is not classified as nature.",False
/home/pmonserrat/datasets/imagenet/extracted_data/n04487394/ILSVRC2012_val_00000146.JPEG,trombone,False,,,no,none,none,"The target entity is a trombone. The visual evidence shows a musical instrument made of metal, which is a manufactured object. Since the original natural texture of the materials is completely unidentifiable and altered, and the object does not depict a natural entity, it falls strictly under the Homogenous Artefacts exclusion and fails the criteria for nature. Not applicable since the entity is not classified as nature.",False
/home/pmonserrat/datasets/imagenet/extracted_data/n04493381/ILSVRC2012_val_00000874.JPEG,tub,False,,,no,none,none,"The target entity is a bathtub. The visual evidence shows a manufactured structural object made of materials like porcelain or plastic, with no visible natural grain or texture. Since homogenous artefacts are excluded and the object does not depict a natural entity, it fails the criteria for nature. Not applicable since the entity is not classified as nature.",False
/home/pmonserrat/datasets/imagenet/extracted_data/n04501370/ILSVRC2012_val_00001750.JPEG,turnstile,False,,,no,none,none,"The target entity is a turnstile. The visual evidence shows a manufactured structural object made of metal, designed for controlling access in a public space. Because the original natural texture of the materials is completely unidentifiable and altered, and the object does not depict a natural entity, it falls strictly under the Homogenous Artefacts exclusion and fails the criteria for nature. Not applicable since the entity is not classified as nature.",False
/home/pmonserrat/datasets/imagenet/extracted_data/n04505470/ILSVRC2012_val_00000104.JPEG,typewriter keyboard,False,,,no,none,none,"The target entity is a typewriter keyboard. The visual evidence shows a manufactured functional object made of metal and possibly other synthetic materials. Since the original natural texture of the materials is completely unidentifiable and altered, and the object does not depict a natural entity, it falls strictly under the Homogenous Artefacts exclusion and fails the criteria for nature. Not applicable since the entity is not classified as nature.",False
/home/pmonserrat/datasets/imagenet/extracted_data/n04507155/ILSVRC2012_val_00000381.JPEG,umbrella,False,,,no,none,none,"The target entity is an umbrella. The visual evidence shows a manufactured object designed to provide protection from rain or sun. While the umbrella is made of materials that may have natural origins (such as cotton for the fabric or wood for the handle), it is a manufactured item and does not fall under the category of Nature-Based Artefacts as defined by the taxonomy. The original natural texture is altered and unidentifiable, and it does not depict a natural entity. Not applicable since the entity is not classified as nature.",False
/home/pmonserrat/datasets/imagenet/extracted_data/n04509417/ILSVRC2012_val_00002599.JPEG,unicycle,False,,,no,none,none,"The target entity is a unicycle. The visual evidence shows a manufactured functional object made of metal and possibly other materials. Since the original natural texture of the materials is completely unidentifiable and altered, and the object does not depict a natural entity, it falls strictly under the Homogenous Artefacts exclusion and fails the criteria for nature. Not applicable since the entity is not classified as nature.",False
/home/pmonserrat/datasets/imagenet/extracted_data/n04515003/ILSVRC2012_val_00000284.JPEG,upright,False,,,yes,biotic,material,"The target entity is a piano. The visual evidence shows a manufactured musical instrument made of wood with clearly visible natural grain. While homogenous artefacts are excluded, manufactured objects where the natural material of origin remains visually identifiable by its grain or texture explicitly count as Nature-Based Artefacts, fulfilling the inclusion criteria. Since nature is 'yes', I evaluate the sub-axes. Wood is a processed material derived from trees, placing it under Flora & Plant Derivatives within the biotic category. Because it is a real-world physical object with mass that occupies space, it is classified as material under the Tangibility axis.",False
/home/pmonserrat/datasets/imagenet/extracted_data/n04517823/ILSVRC2012_val_00000712.JPEG,vacuum,False,,,no,none,none,"The target entity is a vacuum cleaner. The visual evidence shows a manufactured functional object made of smooth plastic and metal. Because the original natural texture of the materials is completely unidentifiable and altered, and the object does not depict a natural entity, it falls strictly under the Homogenous Artefacts exclusion and fails the criteria for nature. Not applicable since the entity is not classified as nature.",False
/home/pmonserrat/datasets/imagenet/extracted_data/n04522168/ILSVRC2012_val_00000895.JPEG,vase,False,,,no,none,none,"The target entity is a vase. The visual evidence shows a manufactured object made of ceramic material with a painted design. While the vase is a crafted object, it does not depict a natural entity or have a natural material of origin that remains visually identifiable by its grain or texture. It falls under the Homogenous Artefacts exclusion and fails the criteria for nature. Not applicable since the entity is not classified as nature.",False
/home/pmonserrat/datasets/imagenet/extracted_data/n04523525/ILSVRC2012_val_00001002.JPEG,vault,False,,,yes,abiotic,material,"The target entity is a vault. The visual evidence shows a structural element made of stone with clearly visible natural texture and grain. While homogenous artefacts are excluded, manufactured objects where the natural material of origin remains visually identifiable by its grain or texture explicitly count as Nature-Based Artefacts, fulfilling the inclusion criteria. Since nature is 'yes', I evaluate the sub-axes. Stone is a processed material derived from geological formations, placing it under Geological & Topographical Components within the abiotic category. Because the image is an unfiltered documentary depiction capturing a real-world physical structure, it is classified as material under the Tangibility axis.",False
/home/pmonserrat/datasets/imagenet/extracted_data/n04525038/ILSVRC2012_val_00000433.JPEG,velvet,False,,,no,none,none,"The target entity is a bag with a fabric cover. The visual evidence shows a manufactured object with a design that includes floral and abstract patterns. Since the bag is a manufactured item and the natural material of origin (fabric) is not visually identifiable by its grain or texture, it falls under the Homogenous Artefacts exclusion and fails the criteria for nature. Not applicable since the entity is not classified as nature.",False
/home/pmonserrat/datasets/imagenet/extracted_data/n04525305/ILSVRC2012_val_00001881.JPEG,vending machine,False,,,no,none,none,"The target entity is a vending machine. The visual evidence shows a manufactured functional object made of metal and plastic. Because the original natural texture of the materials is completely unidentifiable and altered, and the object does not depict a natural entity, it falls strictly under the Homogenous Artefacts exclusion and fails the criteria for nature. Not applicable since the entity is not classified as nature.",False
/home/pmonserrat/datasets/imagenet/extracted_data/n04532106/ILSVRC2012_val_00000036.JPEG,vestment,False,,,no,none,none,"The target entity is a figurine of a person in elaborate historical attire. The visual evidence shows a crafted object designed to represent a human figure, which falls under the Exclusion Scope for human beings. Human individuals, body parts, or groups of people are explicitly excluded from the nature taxonomy, regardless of their role or setting. Not applicable since the entity is not classified as nature.",False
/home/pmonserrat/datasets/imagenet/extracted_data/n04532670/ILSVRC2012_val_00000296.JPEG,viaduct,False,,,no,none,none,"The target entity is a viaduct. The visual evidence shows a man-made structure built to support a railway or road above a lower level, typically a valley or a body of water. Since the viaduct is a constructed human-made object and not a natural entity, it falls under the Homogenous Artefacts exclusion and fails the criteria for nature. Not applicable since the entity is not classified as nature.",False
/home/pmonserrat/datasets/imagenet/extracted_data/n04536866/ILSVRC2012_val_00000212.JPEG,violin,False,,,yes,biotic,material,"The target entity is a violin. The visual evidence shows a physical musical instrument made of wood with visible grain. While the violin is a manufactured object, it is classified as a Nature-Based Artefact because the natural material of origin (wood) remains visually identifiable by its grain or texture, fulfilling the inclusion criteria. Since nature is 'yes', I evaluate the sub-axes. The violin is made from wood, which is a processed material derived from trees, placing it under Flora & Plant Derivatives within the biotic category. Because it is a real-world physical object with mass that occupies space, it is classified as material under the Tangibility axis.",False
/home/pmonserrat/datasets/imagenet/extracted_data/n04540053/ILSVRC2012_val_00001680.JPEG,volleyball,False,,,no,none,none,"The target entity is a volleyball. The visual evidence shows a sports ball used in a game. Volleyballs are manufactured objects made of synthetic materials and do not fall under the categories of flora, fauna, fungi, or natural processes. They are not nature-based artefacts or representations of nature, as they do not depict or derive from natural entities. Not applicable since the entity is not classified as nature.",False
/home/pmonserrat/datasets/imagenet/extracted_data/n04542943/ILSVRC2012_val_00000797.JPEG,waffle iron,False,,,no,none,none,"The target entity is a waffle iron. The visual evidence shows a manufactured functional object made of metal and plastic. Because the original natural texture of the materials is completely unidentifiable and altered, and the object does not depict a natural entity, it falls strictly under the Homogenous Artefacts exclusion and fails the criteria for nature. Not applicable since the entity is not classified as nature.",False
/home/pmonserrat/datasets/imagenet/extracted_data/n04548280/ILSVRC2012_val_00004307.JPEG,wall clock,False,,,no,none,none,"The target entity is a wall clock. The visual evidence shows a manufactured functional object made of metal and glass. Because the original natural texture of the materials is completely unidentifiable and altered, and the object does not depict a natural entity, it falls strictly under the Homogenous Artefacts exclusion and fails the criteria for nature. Not applicable since the entity is not classified as nature.",False
/home/pmonserrat/datasets/imagenet/extracted_data/n04548362/ILSVRC2012_val_00000866.JPEG,wallet,False,,,no,none,none,"The target entity is a wallet. The visual evidence shows a manufactured functional object made of leather and fabric. Because the original natural texture of the materials is completely unidentifiable and altered, and the object does not depict a natural entity, it falls strictly under the Homogenous Artefacts exclusion and fails the criteria for nature. Not applicable since the entity is not classified as nature.",False
/home/pmonserrat/datasets/imagenet/extracted_data/n04550184/ILSVRC2012_val_00000482.JPEG,wardrobe,False,,,yes,biotic,material,"The target entity is a wardrobe. The visual evidence shows a manufactured structural object made of wood with clearly visible natural grain. While homogenous artefacts are excluded, manufactured objects where the natural material of origin remains visually identifiable by its grain or texture explicitly count as Nature-Based Artefacts, fulfilling the inclusion criteria. Since nature is 'yes', I evaluate the sub-axes. Wood is a processed material derived from trees, placing it under Flora & Plant Derivatives within the biotic category. Because it is a real-world physical object with mass that occupies space, it is classified as material under the Tangibility axis.",False
/home/pmonserrat/datasets/imagenet/extracted_data/n04552348/ILSVRC2012_val_00000369.JPEG,warplane,False,,,no,none,none,"The target entity is a warplane. The visual evidence shows a military aircraft, which is a manufactured object made of metal and other synthetic materials. Since it is a manufactured object and does not depict a natural entity, it falls under the Homogenous Artefacts exclusion and fails the criteria for nature. Not applicable since the entity is not classified as nature.",False
/home/pmonserrat/datasets/imagenet/extracted_data/n04553703/ILSVRC2012_val_00000538.JPEG,washbasin,False,,,no,none,none,"The target entity is a washbasin. The visual evidence shows a manufactured functional object made of smooth plastic and metal. Because the original natural texture of the materials is completely unidentifiable and altered, and the object does not depict a natural entity, it falls strictly under the Homogenous Artefacts exclusion and fails the criteria for nature. Not applicable since the entity is not classified as nature.",False
/home/pmonserrat/datasets/imagenet/extracted_data/n04554684/ILSVRC2012_val_00000280.JPEG,washer,False,,,no,none,none,"The target entity is a washer. The visual evidence shows a manufactured functional appliance made of metal and plastic. Because the original natural texture of the materials is completely unidentifiable and altered, and the object does not depict a natural entity, it falls strictly under the Homogenous Artefacts exclusion and fails the criteria for nature. Not applicable since the entity is not classified as nature.",False
/home/pmonserrat/datasets/imagenet/extracted_data/n04557648/ILSVRC2012_val_00000745.JPEG,water bottle,False,,,no,none,none,"The target entity is a water bottle. The visual evidence shows a manufactured functional object made of plastic or glass, which are processed materials. Since the original natural texture of the materials is completely unidentifiable and altered, and the object does not depict a natural entity, it falls strictly under the Homogenous Artefacts exclusion and fails the criteria for nature. Not applicable since the entity is not classified as nature.",False
/home/pmonserrat/datasets/imagenet/extracted_data/n04560804/ILSVRC2012_val_00000286.JPEG,water jug,False,,,no,none,none,"The target entity is a water jug. The visual evidence shows a transparent container with a metallic lid, likely made of plastic or metal. Since it is a manufactured object and does not depict a natural entity, it falls under the Homogenous Artefacts exclusion and fails the criteria for nature. Not applicable since the entity is not classified as nature.",False
/home/pmonserrat/datasets/imagenet/extracted_data/n04562935/ILSVRC2012_val_00000586.JPEG,water tower,False,,,no,none,none,"The target entity is a water tower. The visual evidence shows a manufactured structural object made of metal, designed to hold water. Since it is a manufactured object and not a natural entity, it falls under the Homogenous Artefacts exclusion and fails the criteria for nature. Not applicable since the entity is not classified as nature.",False
/home/pmonserrat/datasets/imagenet/extracted_data/n04579145/ILSVRC2012_val_00002867.JPEG,whiskey jug,False,,,no,none,none,"The target entity is a whiskey jug. The visual evidence shows a manufactured container made of ceramic or porcelain with a wooden stopper. While the jug is used to hold a processed food/drink (whiskey), the jug itself is a manufactured object. Since the original natural texture of the materials (ceramic/pottery and wood) is unidentifiable and altered, and the object does not depict a natural entity, it falls strictly under the Homogenous Artefacts exclusion and fails the criteria for nature. Not applicable since the entity is not classified as nature.",False
/home/pmonserrat/datasets/imagenet/extracted_data/n04579432/ILSVRC2012_val_00000497.JPEG,whistle,False,,,no,none,none,"The target entity is a whistle. The visual evidence shows a manufactured object made of plastic, which is a synthetic material. Since the original natural texture is completely unidentifiable and altered, and the object does not depict a natural entity, it falls strictly under the Homogenous Artefacts exclusion and fails the criteria for nature. Not applicable since the entity is not classified as nature.",False
/home/pmonserrat/datasets/imagenet/extracted_data/n04584207/ILSVRC2012_val_00000854.JPEG,wig,False,,,yes,biotic,immaterial,"The target entity is a wig. The visual evidence shows a hairpiece designed to resemble human hair, placed on a mannequin. While the wig itself is a manufactured object, it is a representation of a natural entity (human hair). Since it is a crafted object that mimics a natural feature, it falls under Nature-Based Artefacts, fulfilling the inclusion criteria for nature. Since nature is 'yes', I evaluate the sub-axes. The wig represents human hair (fauna), placing its conceptual subject under the biotic category. Although the wig is a physical three-dimensional object, its primary purpose is representational and symbolic; therefore, under the Tangibility rules for representations, it is classified as immaterial.",False
/home/pmonserrat/datasets/imagenet/extracted_data/n04589890/ILSVRC2012_val_00000351.JPEG,window screen,False,,,no,none,none,"The target entity is a window screen. The visual evidence shows a mesh screen covering a window, which is a manufactured object. Since the original natural texture of the materials is completely unidentifiable and altered, and the object does not depict a natural entity, it falls strictly under the Homogenous Artefacts exclusion and fails the criteria for nature. Not applicable since the entity is not classified as nature.",False
/home/pmonserrat/datasets/imagenet/extracted_data/n04590129/ILSVRC2012_val_00000587.JPEG,window shade,False,,,no,none,none,"The target entity is a window shade. The visual evidence shows a manufactured object made of materials such as fabric or plastic, with no visible natural grain or texture that would classify it as a nature-based artefact. Since it is a homogenous artefact without natural material characteristics, it falls under the exclusion scope for nature. Not applicable since the entity is not classified as nature.",False
/home/pmonserrat/datasets/imagenet/extracted_data/n04591157/ILSVRC2012_val_00000106.JPEG,windsor tie,False,,,no,none,none,"The target entity is a 'windsor tie'. The visual evidence shows a manufactured functional object made of fabric with a pattern. Since it is a homogenous artefact where the original natural texture is unidentifiable and the object does not depict a natural entity, it falls strictly under the Homogenous Artefacts exclusion and fails the criteria for nature. Not applicable since the entity is not classified as nature.",False
/home/pmonserrat/datasets/imagenet/extracted_data/n04591713/ILSVRC2012_val_00000805.JPEG,wine bottle,False,,,yes,biotic,material,"The target entity is a wine bottle. The visual evidence shows a manufactured container made of glass with a metallic foil covering the top. While the bottle itself is a processed item, it is used to hold a processed food & drink (wine) that is derived from grapes, which are part of the Flora & Plant Derivatives category. Since the wine inside is a processed food & drink, the bottle falls under the category of Nature-Based Artefacts as it is used to contain a natural product. Since nature is 'yes', I evaluate the sub-axes. The wine bottle is a physical object made of glass and metal, which are processed materials. However, its primary purpose is to contain a processed food & drink (wine) derived from plants. Therefore, it is classified as material under the Tangibility axis because it is a real-world physical object with mass that occupies space.",False
/home/pmonserrat/datasets/imagenet/extracted_data/n04592741/ILSVRC2012_val_00001901.JPEG,wing,False,,,no,none,none,"The target entity is a jet aircraft. The visual evidence shows a manufactured functional object made of metal and composite materials. Because the original natural texture of the materials is completely unidentifiable and altered, and the object does not depict a natural entity, it falls strictly under the Homogenous Artefacts exclusion and fails the criteria for nature. Not applicable since the entity is not classified as nature.",False
/home/pmonserrat/datasets/imagenet/extracted_data/n04596742/ILSVRC2012_val_00001328.JPEG,wok,False,,,no,none,none,"The target entity is a wok. The visual evidence shows a black cooking pot used for preparing food. While the wok is a manufactured object, it is not classified as a nature-based artefact because it does not depict or derive from a natural entity or process. It is a homogenous artefact where the original natural texture is unidentifiable and the object does not explicitly reference a natural entity. Not applicable since the entity is not classified as nature.",False
/home/pmonserrat/datasets/imagenet/extracted_data/n04597913/ILSVRC2012_val_00002685.JPEG,wooden spoon,True,False,True,yes,biotic,material,"The target entity is a wooden spoon. The visual evidence shows a manufactured object made of wood with clearly visible natural grain and floral decorations. Since the natural material of origin (wood) remains visually identifiable by its grain and texture, it counts as a Nature-Based Artefact, fulfilling the inclusion criteria. Since nature is 'yes', I evaluate the sub-axes. The wooden spoon is a physical object made from wood, which is a processed material derived from trees, placing it under Flora & Plant Derivatives within the biotic category. Because it is a real-world physical object with mass that occupies space, it is classified as material under the Tangibility axis.",False
/home/pmonserrat/datasets/imagenet/extracted_data/n04599235/ILSVRC2012_val_00001208.JPEG,wool,False,,,yes,biotic,material,"The target entity is wool, which is a natural fiber obtained from the fleece of sheep and other animals. Wool is classified under Flora & Plant Derivatives within the Biotic category as it is a product derived from living organisms. Since wool is a processed material that retains its natural origin and texture, it counts as Nature-Based Artefacts. Since nature is 'yes', I evaluate the sub-axes. Wool is a processed material derived from animals (fauna), placing it under Fauna & Animal Derivatives within the biotic category. Because it is a real-world physical object with mass that occupies space, it is classified as material under the Tangibility axis.",False
/home/pmonserrat/datasets/imagenet/extracted_data/n04604644/ILSVRC2012_val_00000437.JPEG,worm fence,False,,,yes,biotic,material,"The target entity is a 'worm fence'. The visual evidence shows a structure made of intertwined wooden sticks. While the fence is a manufactured object, the natural material of origin (wood) remains visually identifiable by its grain and texture. Manufactured objects where the natural material of origin remains visually identifiable by its structure, grain, or texture explicitly count as Nature-Based Artefacts, fulfilling the inclusion criteria. Since nature is 'yes', I evaluate the sub-axes. The fence is made from wood, which is a processed material derived from trees, placing it under Flora & Plant Derivatives within the biotic category. Because it is a real-world physical object with mass that occupies space, it is classified as material under the Tangibility axis.",False
/home/pmonserrat/datasets/imagenet/extracted_data/n04606251/ILSVRC2012_val_00001034.JPEG,wreck,False,,,no,none,none,"The target entity is a wreck. The visual evidence shows a submerged, decomposed structure that appears to be a man-made object, likely a ship or vehicle, covered in marine growth. Since the wreck is a decomposed man-made structure, it does not fit into the categories of flora, fauna, fungi, or natural environments. It is also not a natural process or element, and it does not qualify as a nature-based artifact because it is not crafted or manufactured with identifiable natural material. Therefore, it does not count as nature under the provided definition. Not applicable since the entity is not classified as nature.",False
/home/pmonserrat/datasets/imagenet/extracted_data/n04612504/ILSVRC2012_val_00003145.JPEG,yawl,False,,,no,none,none,"The target entity is a sailboat. The visual evidence shows a manufactured vessel made of materials such as wood and fabric. While the boat is a human-made object, it is used in a natural environment (water) and is not classified as a homogenous artefact because it does not completely obscure the natural materials of its construction. However, it does not fall under the category of Nature-Based Artefacts as defined, since it is primarily a functional object rather than one that retains a natural form or texture. Not applicable since the entity is not classified as nature.",False
/home/pmonserrat/datasets/imagenet/extracted_data/n04613696/ILSVRC2012_val_00000460.JPEG,yurt,False,,,yes,biotic,material,"The target entity is a yurt. The visual evidence shows a manufactured structure made of fabric and wooden poles. While homogenous artefacts are excluded, manufactured objects where the natural material of origin remains visually identifiable by its structure, grain, or texture explicitly count as Nature-Based Artefacts, fulfilling the inclusion criteria. Since nature is 'yes', I evaluate the sub-axes. A yurt is a man-made structure, but it is made from natural materials like wood and fabric, which are derived from flora. Because it is a physical object with mass that occupies space, it is classified as material under the Tangibility axis.",False
/home/pmonserrat/datasets/imagenet/extracted_data/n06359193/ILSVRC2012_val_00000830.JPEG,web site,False,,,no,none,none,"The target entity is a website. The visual evidence shows a digital interface with text and images, but it does not depict any more-than-human living entities, ecosystems, or natural processes directly. Websites are typically considered as digital constructs and do not fall under the categories of nature as defined by the taxonomy. Not applicable since the entity is not classified as nature.",False
/home/pmonserrat/datasets/imagenet/extracted_data/n06596364/ILSVRC2012_val_00000985.JPEG,comic book,False,,,no,none,none,"The target entity is a comic book. The visual evidence shows a printed publication featuring illustrated characters and scenes. While comic books may depict flora, fauna, or natural environments, they are primarily fictional representations and not direct depictions of real-world natural entities. They fall under the category of artistic and cultural representations, which are considered immaterial under the Tangibility axis. Not applicable since the entity is not classified as nature.",False
/home/pmonserrat/datasets/imagenet/extracted_data/n06785654/ILSVRC2012_val_00002362.JPEG,crossword puzzle,False,,,no,none,none,"The target entity is a crossword puzzle. The visual evidence shows a printed grid with letters and words, which is a manufactured object. Since it does not depict or represent any more-than-human living entities, natural environments, or processes, and is not a natural material or substance, it does not fall under the inclusion criteria for nature. Not applicable since the entity is not classified as nature.",False
/home/pmonserrat/datasets/imagenet/extracted_data/n06794110/ILSVRC2012_val_00000903.JPEG,street sign,False,,,no,none,none,"The target entity is a street sign. The visual evidence shows a manufactured functional object made of metal and plastic. Because the original natural texture of the materials is completely unidentifiable and altered, and the object does not depict a natural entity, it falls strictly under the Homogenous Artefacts exclusion and fails the criteria for nature. Not applicable since the entity is not classified as nature.",False
/home/pmonserrat/datasets/imagenet/extracted_data/n06874185/ILSVRC2012_val_00000274.JPEG,traffic light,False,,,no,none,none,"The target entity is a traffic light. The visual evidence shows a manufactured functional object made of metal and plastic. Because the original natural texture of the materials is completely unidentifiable and altered, and the object does not depict a natural entity, it falls strictly under the Homogenous Artefacts exclusion and fails the criteria for nature. Not applicable since the entity is not classified as nature.",False
/home/pmonserrat/datasets/imagenet/extracted_data/n07248320/ILSVRC2012_val_00000980.JPEG,book jacket,False,,,no,none,none,"The target entity is a book jacket. The visual evidence shows a manufactured object designed to cover a book, featuring a printed pattern and text. Since the original natural texture of the materials is completely unidentifiable and altered, and the object does not depict a natural entity, it falls strictly under the Homogenous Artefacts exclusion and fails the criteria for nature. Not applicable since the entity is not classified as nature.",False
/home/pmonserrat/datasets/imagenet/extracted_data/n07565083/ILSVRC2012_val_00000209.JPEG,menu,False,,,yes,biotic,immaterial,"The target entity is a menu. The visual evidence shows a printed list of food items with prices. A menu is a processed document listing edible items, which falls under the category of Processed Food & Drinks (The Ingestion Criterion) in the Nature definition. Since it explicitly lists food items, it is considered a representation of edible elements. Since nature is 'yes', I evaluate the sub-axes. The menu lists various food items such as French Fries, Buffalo Wings, and Caesar Salad, which are derived from Flora & Fauna (plants and animals). As the menu is a printed document, it is classified as immaterial under the Tangibility axis because it is a representation rather than a physical real-world object.",False
/home/pmonserrat/datasets/imagenet/extracted_data/n07579787/ILSVRC2012_val_00001611.JPEG,plate,False,,,yes,biotic,material,"The target entity is a plate of food. The visual evidence shows a variety of edible items, including meats, vegetables, and pasta, which are processed food elements. According to the taxonomy, processed food and drinks, regardless of their processing level, are classified under the Ingestion Criterion as nature because they are edible solid or liquid elements. Since nature is 'yes', I evaluate the sub-axes. The items on the plate include Flora & Plant Derivatives (vegetables, pasta) and Fauna & Animal Derivatives (meats), placing them under the biotic category. The plate itself is a physical object with mass that occupies space, but since it is primarily used to hold food and does not depict a natural entity, it is not classified under Nature-Based Artefacts. The focus is on the food items, which are real-world physical objects with mass, occupying space, and can be directly perceived through physical senses.",False
/home/pmonserrat/datasets/imagenet/extracted_data/n07583066/ILSVRC2012_val_00000728.JPEG,guacamole,True,True,True,yes,biotic,material,"The target entity is guacamole. The visual evidence shows a prepared dish made from mashed avocados, which are a plant-derived food. Guacamole is classified under Processed Food & Drinks (The Ingestion Criterion) as it is an edible solid element at any processing level. Since it is derived from a more-than-human living organism (avocado), it fulfills the inclusion criteria for nature. Since nature is 'yes', I evaluate the sub-axes. Guacamole is a processed food derived from avocados, placing it under Flora & Plant Derivatives within the biotic category. Because it is a real-world physical object with mass that occupies space, it is classified as material under the Tangibility axis.",False
/home/pmonserrat/datasets/imagenet/extracted_data/n07584110/ILSVRC2012_val_00000267.JPEG,consomme,True,True,True,yes,biotic,material,"The target entity is a bowl of consommé. The visual evidence shows a prepared dish containing broth and garnished with herbs and possibly meat or vegetables. Processed food and drinks, including edible solid or liquid elements at any processing level, are classified under the Ingestion Criterion, fulfilling the inclusion criteria for nature. Since nature is 'yes', I evaluate the sub-axes. Consommé is a processed food item, placing it under the category of Processed Food & Drinks within the Life Category Axis. Because it is a real-world physical object with mass that occupies space, it is classified as material under the Tangibility axis.",False
/home/pmonserrat/datasets/imagenet/extracted_data/n07590611/ILSVRC2012_val_00001512.JPEG,hot pot,True,True,True,yes,biotic,material,"The target entity is a hot pot. The visual evidence shows a prepared dish with ingredients such as tofu and vegetables in a broth. Processed food and drinks, including edible solid or liquid elements at any processing level, are classified under the Ingestion Criterion, fulfilling the inclusion criteria for nature. Since nature is 'yes', I evaluate the sub-axes. The hot pot contains ingredients derived from plants and possibly animals (e.g., tofu, vegetables), placing it under Flora & Plant Derivatives or Fauna & Animal Derivatives within the biotic category. Because it is a real-world physical object with mass that occupies space, it is classified as material under the Tangibility axis.",False
/home/pmonserrat/datasets/imagenet/extracted_data/n07613480/ILSVRC2012_val_00000620.JPEG,trifle,True,True,True,yes,biotic,material,"The target entity is a trifle dessert. The visual evidence shows a layered dessert with cake, cream, and fruit toppings. Processed food and drinks, including edible solid or liquid elements at any processing level, are classified under the Ingestion Criterion of Nature. Since the trifle is a prepared food item, it falls under the category of Processed Food & Drinks, fulfilling the inclusion criteria for nature. Since nature is 'yes', I evaluate the sub-axes. A trifle is a dessert made from processed ingredients, placing it under Flora & Plant Derivatives within the biotic category. Because it is a real-world physical object with mass that occupies space, it is classified as material under the Tangibility axis.",False
/home/pmonserrat/datasets/imagenet/extracted_data/n07614500/ILSVRC2012_val_00000574.JPEG,ice cream,True,True,True,yes,none,material,"The target entity is ice cream. The visual evidence shows a dessert made from processed dairy products, fruits, and whipped cream. Ice cream is classified under Processed Food & Drinks (The Ingestion Criterion) as it is an edible solid or liquid element at any processing level. This fulfills the inclusion criteria for nature as it is a processed food product derived from natural ingredients. Since nature is 'yes', I evaluate the sub-axes. Ice cream is a processed food product, placing it under the category of Processed Food & Drinks within the ingestion criterion. Because it is a real-world physical object with mass that occupies space, it is classified as material under the Tangibility axis.",False
/home/pmonserrat/datasets/imagenet/extracted_data/n07615774/ILSVRC2012_val_00002619.JPEG,ice lolly,True,True,True,yes,biotic,material,"The target entity is an ice lolly. The visual evidence shows a frozen treat held by a child. Ice lollies are processed food items made from water and other ingredients, which are derived from natural sources but are not living organisms. They fall under the category of Processed Food & Drinks (The Ingestion Criterion) within the Nature definition, as they are edible solid elements at any processing level. Since nature is 'yes', I evaluate the sub-axes. An ice lolly is a processed food item, placing it under the category of Processed Food & Drinks within the Life Category Axis. Because it is a real-world physical object with mass that occupies space, it is classified as material under the Tangibility axis.",False
/home/pmonserrat/datasets/imagenet/extracted_data/n07684084/ILSVRC2012_val_00000820.JPEG,french loaf,True,True,True,yes,biotic,material,"The target entity is a French loaf. The visual evidence shows a baked bread product. Processed food items, specifically edible solid elements at any processing level, are classified under the Ingestion Criterion within the Nature definition, fulfilling the inclusion criteria for nature. Since nature is 'yes', I evaluate the sub-axes. A French loaf is a processed food item derived from plant materials (flour, water, yeast, etc.), placing it under Flora & Plant Derivatives within the biotic category. Because it is a real-world physical object with mass that occupies space, it is classified as material under the Tangibility axis.",False
/home/pmonserrat/datasets/imagenet/extracted_data/n07693725/ILSVRC2012_val_00001405.JPEG,bagel,True,True,True,yes,biotic,material,"The target entity is a bagel. The visual evidence shows a processed food item, specifically a baked good. According to the taxonomy, processed food and drinks, regardless of their processing level, are classified under the Ingestion Criterion as nature. This includes edible solid or liquid elements. Since nature is 'yes', I evaluate the sub-axes. A bagel is a processed food item derived from grains (flora), placing it under Flora & Plant Derivatives within the biotic category. Because it is a real-world physical object with mass that occupies space, it is classified as material under the Tangibility axis.",False
/home/pmonserrat/datasets/imagenet/extracted_data/n07695742/ILSVRC2012_val_00000891.JPEG,pretzel,True,True,True,yes,biotic,material,"The target entity is a pretzel. The visual evidence shows a stack of pretzels, which are processed food items made from dough. Pretzels are edible solid elements at any processing level, fulfilling the Ingestion Criterion under the Nature definition. They are classified as Processed Food & Drinks, which is part of the Nature inclusion scope. Since nature is 'yes', I evaluate the sub-axes. Pretzels are processed food items derived from wheat (a plant), placing them under Flora & Plant Derivatives within the biotic category. Because they are real-world physical objects with mass that occupy space, they are classified as material under the Tangibility axis.",False
/home/pmonserrat/datasets/imagenet/extracted_data/n07697313/ILSVRC2012_val_00002226.JPEG,cheeseburger,True,True,True,yes,biotic,material,"The target entity is a cheeseburger. The visual evidence shows a food item composed of a cooked beef patty, cheese, onions, lettuce, tomato, and buns. Processed food and drinks, including edible solid or liquid elements at any processing level, are classified under the Ingestion Criterion in the Nature definition. Since the cheeseburger is a processed food item, it falls under the category of Nature-Based Artefacts. Since nature is 'yes', I evaluate the sub-axes. The cheeseburger is a processed food item, placing it under the category of Processed Food & Drinks within the biotic category. Because it is a real-world physical object with mass that occupies space, it is classified as material under the Tangibility axis.",False
/home/pmonserrat/datasets/imagenet/extracted_data/n07697537/ILSVRC2012_val_00000129.JPEG,hotdog,True,True,True,yes,biotic,material,"The target entity is a hotdog. The visual evidence shows a processed food item consisting of a sausage (typically a processed meat product) placed in a bun and topped with condiments like lettuce, tomatoes, and sauce. Processed food items, especially those that are edible solid or liquid elements at any processing level, are classified under the Ingestion Criterion in the Nature definition. Since the hotdog is a food item derived from biological processes (animal husbandry and agriculture), it counts as nature. Since nature is 'yes', I evaluate the sub-axes. A hotdog is a processed food item, specifically a sausage (fauna derivative) and bun (flora derivative), placing it under Flora & Plant Derivatives and Fauna & Animal Derivatives within the biotic category. Because it is a real-world physical object with mass that occupies space, it is classified as material under the Tangibility axis.",False
/home/pmonserrat/datasets/imagenet/extracted_data/n07711569/ILSVRC2012_val_00000183.JPEG,mashed potato,True,True,True,yes,biotic,material,"The target entity is mashed potato. The visual evidence shows a prepared food item made from potatoes, which are a plant derivative. Processed food and drinks, including mashed potatoes, are explicitly classified under the Ingestion Criterion as edible solid elements at any processing level, fulfilling the inclusion criteria for nature. Since nature is 'yes', I evaluate the sub-axes. Mashed potatoes are derived from potatoes (Flora & Plant Derivatives) and fall under the biotic category. Because the mashed potatoes are a real-world physical object with mass that occupies space, they are classified as material under the Tangibility axis.",False
/home/pmonserrat/datasets/imagenet/extracted_data/n07714571/ILSVRC2012_val_00001826.JPEG,head cabbage,True,True,True,yes,biotic,material,"The target entity is a head of cabbage. The visual evidence shows a real-world plant with large green leaves growing in soil. This is a more-than-human living organism (flora) and falls under the inclusion scope for Flora & Plant Derivatives, fulfilling the criteria for nature. Since nature is 'yes', I evaluate the sub-axes. A head of cabbage is a plant, placing it under Flora & Plant Derivatives within the biotic category. Because it is a real-world physical object with mass that occupies space, it is classified as material under the Tangibility axis.",False
/home/pmonserrat/datasets/imagenet/extracted_data/n07714990/ILSVRC2012_val_00000155.JPEG,broccoli,True,True,True,yes,biotic,material,"The target entity is broccoli. The visual evidence shows a real-world plant with visible stalks and leaves. Broccoli is a cultivated plant, which falls under Flora & Plant Derivatives within the inclusion scope of More-Than-Human Living Entities. It is a living organism and part of the natural environment, fulfilling the criteria for nature. Since nature is 'yes', I evaluate the sub-axes. Broccoli is a plant, placing it under Flora & Plant Derivatives within the biotic category. Because it is a real-world physical object with mass that occupies space, it is classified as material under the Tangibility axis.",False
/home/pmonserrat/datasets/imagenet/extracted_data/n07715103/ILSVRC2012_val_00000332.JPEG,cauliflower,True,True,True,yes,biotic,material,"The target entity is cauliflower. The visual evidence shows a real-world physical plant with green leaves and a white head. Cauliflower is a cultivated non-human organism, placing it under Flora & Plant Derivatives within the more-than-human living entities, fulfilling the inclusion criteria for nature. Since nature is 'yes', I evaluate the sub-axes. Cauliflower is a plant, placing it under Flora & Plant Derivatives within the biotic category. Because it is a real-world physical object with mass that occupies space, it is classified as material under the Tangibility axis.",False
/home/pmonserrat/datasets/imagenet/extracted_data/n07716358/ILSVRC2012_val_00000554.JPEG,zucchini,True,True,True,yes,biotic,material,"The target entity is a zucchini. The visual evidence shows a real-world physical object, a vegetable, which is a more-than-human living entity. Zucchinis are cultivated plants, falling under Flora & Plant Derivatives, fulfilling the inclusion criteria for nature. Since nature is 'yes', I evaluate the sub-axes. A zucchini is a plant-derived food item, placing it under Flora & Plant Derivatives within the biotic category. Because it is a real-world physical object with mass that occupies space, it is classified as material under the Tangibility axis.",False
/home/pmonserrat/datasets/imagenet/extracted_data/n07716906/ILSVRC2012_val_00000461.JPEG,spaghetti squash,True,True,True,yes,biotic,material,"The target entity is a spaghetti squash. The visual evidence shows a real-world physical object, a plant-derived food item, which is a cultivated non-human organism. It falls under Flora & Plant Derivatives within the more-than-human living entities, fulfilling the inclusion criteria for nature. Since nature is 'yes', I evaluate the sub-axes. A spaghetti squash is a plant-derived food item, placing it under Flora & Plant Derivatives within the biotic category. Because it is a real-world physical object with mass that occupies space, it is classified as material under the Tangibility axis.",False
/home/pmonserrat/datasets/imagenet/extracted_data/n07717410/ILSVRC2012_val_00001932.JPEG,acorn squash,True,True,True,yes,biotic,material,"The target entity is an acorn squash. The visual evidence shows a real-world physical object, a plant-derived food item. Acorn squash is a cultivated non-human organism, placing it under Flora & Plant Derivatives within the inclusion scope of Nature-Based Artefacts. Since it is a real-world physical object with mass that occupies space, it fulfills the criteria for nature. Since nature is 'yes', I evaluate the sub-axes. An acorn squash is a plant-derived food item, placing it under Flora & Plant Derivatives within the biotic category. Because it is a real-world physical object with mass that occupies space, it is classified as material under the Tangibility axis.",False
/home/pmonserrat/datasets/imagenet/extracted_data/n07717556/ILSVRC2012_val_00000674.JPEG,butternut squash,True,True,True,yes,biotic,material,"The target entity is a butternut squash. The visual evidence shows a real-world physical object with a tangible form, mass, and presence. Butternut squash is a cultivated plant derivative, specifically a type of winter squash, which falls under Flora & Plant Derivatives within the more-than-human living entities. It is a tangible, edible item that is directly derived from a living organism, fulfilling the inclusion criteria for nature. Since nature is 'yes', I evaluate the sub-axes. Butternut squash is a plant-derived food item, placing it under Flora & Plant Derivatives within the biotic category. Because it is a real-world physical object with mass that occupies space, it is classified as material under the Tangibility axis.",False
/home/pmonserrat/datasets/imagenet/extracted_data/n07718472/ILSVRC2012_val_00000463.JPEG,cucumber,True,True,True,yes,biotic,material,"The target entity is a cucumber. The visual evidence shows a real-world physical object, a vegetable, which is a more-than-human living entity. Cucumbers are part of the Flora category, fulfilling the inclusion criteria for nature. Since nature is 'yes', I evaluate the sub-axes. A cucumber is a plant-derived food, placing it under Flora & Plant Derivatives within the biotic category. Because it is a real-world physical object with mass that occupies space, it is classified as material under the Tangibility axis.",False
/home/pmonserrat/datasets/imagenet/extracted_data/n07718747/ILSVRC2012_val_00000443.JPEG,artichoke,True,True,True,yes,biotic,material,"The target entity is an artichoke. The visual evidence shows a real-world plant with visible natural structure and texture. Artichokes are wild or cultivated non-human organisms, specifically plants, which fall under the Flora category within the inclusion scope of More-Than-Human Living Entities. This fulfills the criteria for nature. Since nature is 'yes', I evaluate the sub-axes. An artichoke is a plant, placing it under Flora & Plant Derivatives within the biotic category. Because it is a real-world physical object with mass that occupies space, it is classified as material under the Tangibility axis.",False
/home/pmonserrat/datasets/imagenet/extracted_data/n07720875/ILSVRC2012_val_00000423.JPEG,bell pepper,True,True,True,yes,biotic,material,"The target entity is an orange bell pepper. The visual evidence shows a real-world physical object, a plant-derived food item. Bell peppers are cultivated plants, placing them under Flora & Plant Derivatives within the inclusion scope of Nature. They are tangible, real-world organisms. Since nature is 'yes', I evaluate the sub-axes. An orange bell pepper is a cultivated plant product, placing it under Flora & Plant Derivatives within the biotic category. Because it is a real-world physical object with mass that occupies space, it is classified as material under the Tangibility axis.",False
/home/pmonserrat/datasets/imagenet/extracted_data/n07730033/ILSVRC2012_val_00000881.JPEG,cardoon,True,True,True,yes,biotic,material,"The target entity is a cardoon plant. The visual evidence shows a real-world plant with visible purple flowers and green leaves. Flora & Plant Derivatives are explicitly classified under More-Than-Human Living Entities, fulfilling the inclusion criteria for nature. Since nature is 'yes', I evaluate the sub-axes. A cardoon is a plant, placing it under Flora & Plant Derivatives within the biotic category. Because it is a real-world physical organism with mass that occupies space, it is classified as material under the Tangibility axis.",False
/home/pmonserrat/datasets/imagenet/extracted_data/n07734744/ILSVRC2012_val_00002490.JPEG,mushroom,True,True,True,yes,biotic,material,"The target entity is a mushroom. The visual evidence shows a real-world organism growing in a natural environment, surrounded by leaves and soil. Mushrooms are classified under Fungi & Microorganisms within the More-Than-Human Living Entities, fulfilling the inclusion criteria for nature. Since nature is 'yes', I evaluate the sub-axes. A mushroom is a wild, non-human organism (fungi), placing it under the biotic category. Because it is a real-world physical object with mass that occupies space, it is classified as material under the Tangibility axis.",False
/home/pmonserrat/datasets/imagenet/extracted_data/n07742313/ILSVRC2012_val_00000023.JPEG,granny smith,True,True,True,yes,biotic,material,"The target entity is a Granny Smith apple. The visual evidence shows a real-world physical object, specifically a green apple with a label. Apples are cultivated plants and fall under Flora & Plant Derivatives within the more-than-human living entities, fulfilling the inclusion criteria for nature. Since nature is 'yes', I evaluate the sub-axes. A Granny Smith apple is a cultivated plant product, placing it under Flora & Plant Derivatives within the biotic category. Because it is a real-world physical object with mass that occupies space, it is classified as material under the Tangibility axis.",False
/home/pmonserrat/datasets/imagenet/extracted_data/n07745940/ILSVRC2012_val_00000099.JPEG,strawberry,True,True,True,yes,biotic,material,"The target entity is a strawberry. The visual evidence shows a real-world, unfiltered photograph of a ripe strawberry hanging from a plant. Strawberries are wild or cultivated non-human organisms (Flora) and fall under the inclusion scope of More-Than-Human Living Entities. They are also part of the Flora & Plant Derivatives category within the biotic category, as they are living organisms. Since the image captures a real-world physical object with mass and presence, it is classified as material under the Tangibility axis. Since nature is 'yes', I evaluate the sub-axes. A strawberry is a non-human plant (flora), placing it under the biotic category. Because the image is an unfiltered documentary depiction capturing a real-world physical organism, it is classified as material under the Tangibility axis.",False
/home/pmonserrat/datasets/imagenet/extracted_data/n07747607/ILSVRC2012_val_00001406.JPEG,orange,True,True,True,yes,biotic,material,"The target entity is an orange. The visual evidence shows a real-world physical object, specifically a fruit, which is a more-than-human living entity. Oranges are classified under Flora & Plant Derivatives within the biotic category, fulfilling the inclusion criteria for nature. Since nature is 'yes', I evaluate the sub-axes. An orange is a plant-derived food, placing it under Flora & Plant Derivatives within the biotic category. Because it is a real-world physical object with mass that occupies space, it is classified as material under the Tangibility axis.",False
/home/pmonserrat/datasets/imagenet/extracted_data/n07749582/ILSVRC2012_val_00000711.JPEG,lemon,True,True,True,yes,biotic,material,"The target entity is a lemon. The visual evidence shows a real-world physical object, a lemon, which is a fruit. Lemons are classified under Flora & Plant Derivatives within the more-than-human living entities, fulfilling the inclusion criteria for nature. Since nature is 'yes', I evaluate the sub-axes. A lemon is a plant-derived product, placing it under the biotic category. Because it is a real-world physical object with mass that occupies space, it is classified as material under the Tangibility axis.",False
/home/pmonserrat/datasets/imagenet/extracted_data/n07753113/ILSVRC2012_val_00002124.JPEG,fig,True,True,True,yes,biotic,material,"The target entity is a bird perched on a plant. The visual evidence shows a real-world organism, specifically a non-human vertebrate (fauna), which is a living organism. This falls under the inclusion criteria for More-Than-Human Living Entities, fulfilling the nature definition. Since nature is 'yes', I evaluate the sub-axes. The bird is a non-human vertebrate (fauna), placing it under the biotic category. The image is an unfiltered documentary photograph capturing a real-world physical organism, which is classified as material under the Tangibility axis.",False
/home/pmonserrat/datasets/imagenet/extracted_data/n07753275/ILSVRC2012_val_00001479.JPEG,pineapple,True,True,True,yes,biotic,material,"The target entity is a pineapple. The visual evidence shows a real-world physical object with a distinct natural structure and texture. Pineapples are cultivated plants, falling under Flora & Plant Derivatives within the more-than-human living entities, fulfilling the inclusion criteria for nature. Since nature is 'yes', I evaluate the sub-axes. A pineapple is a plant-derived food item, placing it under Flora & Plant Derivatives within the biotic category. Because it is a real-world physical object with mass that occupies space, it is classified as material under the Tangibility axis.",False
/home/pmonserrat/datasets/imagenet/extracted_data/n07753592/ILSVRC2012_val_00000605.JPEG,banana,True,True,True,yes,biotic,material,"The target entity is a banana. The visual evidence shows a real-world physical object, a fruit, which is a more-than-human living entity (Flora & Plant Derivatives). Bananas are wild or cultivated plants, fulfilling the inclusion criteria for nature. Since nature is 'yes', I evaluate the sub-axes. A banana is a plant-derived food, placing it under Flora & Plant Derivatives within the biotic category. Because it is a real-world physical object with mass that occupies space, it is classified as material under the Tangibility axis.",False
/home/pmonserrat/datasets/imagenet/extracted_data/n07754684/ILSVRC2012_val_00000691.JPEG,jackfruit,True,True,True,yes,biotic,material,"The target entity is a jackfruit. The visual evidence shows a real-world physical object, a fruit, hanging from a tree. Jackfruits are wild or cultivated non-human organisms, specifically plants, which fall under the Flora & Plant Derivatives category within the inclusion scope of More-Than-Human Living Entities. This fulfills the criteria for nature. Since nature is 'yes', I evaluate the sub-axes. A jackfruit is a plant-derived product, placing it under Flora & Plant Derivatives within the biotic category. Because it is a real-world physical object with mass that occupies space, it is classified as material under the Tangibility axis.",False
/home/pmonserrat/datasets/imagenet/extracted_data/n07760859/ILSVRC2012_val_00000798.JPEG,custard apple,True,True,True,yes,biotic,material,"The target entity is a custard apple. The visual evidence shows a real-world physical object, specifically a fruit, which is a more-than-human living entity. Custard apple is a plant-derived food, fulfilling the inclusion criteria for Flora & Plant Derivatives within the biotic category. Since nature is 'yes', I evaluate the sub-axes. A custard apple is a plant-derived food, placing it under Flora & Plant Derivatives within the biotic category. Because it is a real-world physical object with mass that occupies space, it is classified as material under the Tangibility axis.",False
/home/pmonserrat/datasets/imagenet/extracted_data/n07768694/ILSVRC2012_val_00001514.JPEG,pomegranate,True,True,True,yes,biotic,material,"The target entity is a pomegranate. The visual evidence shows a real-world, physical fruit with a distinct natural structure and texture. Pomegranates are classified under Flora & Plant Derivatives within the more-than-human living entities, fulfilling the inclusion criteria for nature. Since nature is 'yes', I evaluate the sub-axes. A pomegranate is a plant-derived food, placing it under Flora & Plant Derivatives within the biotic category. Because it is a real-world physical object with mass that occupies space, it is classified as material under the Tangibility axis.",False
/home/pmonserrat/datasets/imagenet/extracted_data/n07802026/ILSVRC2012_val_00000816.JPEG,hay,True,True,True,yes,biotic,material,"The target entity is hay. The visual evidence shows a stack of hay bales in front of a brick building. Hay is a processed plant material derived from grasses or other plants, specifically used as animal feed. It falls under the category of Flora & Plant Derivatives within the more-than-human living entities, as it originates from plants and is a processed form of plant material. Since nature is 'yes', I evaluate the sub-axes. Hay is a processed plant material, placing it under Flora & Plant Derivatives within the biotic category. Because it is a real-world physical object with mass that occupies space, it is classified as material under the Tangibility axis.",False
/home/pmonserrat/datasets/imagenet/extracted_data/n07831146/ILSVRC2012_val_00000116.JPEG,carbonara,True,True,True,yes,biotic,material,"The target entity is carbonara, a type of pasta dish. The visual evidence shows a prepared meal consisting of cooked pasta and a sauce, which includes ingredients like eggs and possibly pancetta or bacon. Processed food and drinks, specifically those that are edible and at any processing level, are classified under the Ingestion Criterion in the Nature definition. Since carbonara is a processed food item, it counts as nature under the provided definition. Since nature is 'yes', I evaluate the sub-axes. Carbonara is a processed food item, placing it under Processed Food & Drinks within the Life Category Axis. Because it is a real-world physical object with mass that occupies space, it is classified as material under the Tangibility axis.",False
/home/pmonserrat/datasets/imagenet/extracted_data/n07836838/ILSVRC2012_val_00000782.JPEG,chocolate sauce,True,True,True,yes,biotic,material,"The target entity is chocolate sauce. The visual evidence shows a liquid substance applied to a human-like figure. Chocolate sauce is a processed food product derived from cocoa beans, which are part of the Flora & Plant Derivatives category. Since it is a processed edible item, it falls under the Ingestion Criterion and is classified as nature. Since nature is 'yes', I evaluate the sub-axes. Chocolate sauce is a processed food product derived from cocoa beans, placing it under Flora & Plant Derivatives within the biotic category. Because it is a real-world physical substance with mass that occupies space, it is classified as material under the Tangibility axis.",False
/home/pmonserrat/datasets/imagenet/extracted_data/n07860988/ILSVRC2012_val_00000543.JPEG,dough,True,True,True,yes,biotic,material,"The target entity is dough. The visual evidence shows a physical substance that is a mixture of flour and water, typically used for baking bread. Dough is classified under Processed Food & Drinks (The Ingestion Criterion) as it is an edible solid element at any processing level. Since it is a processed food product derived from natural ingredients (flour and water), it counts as nature under the provided definition. Since nature is 'yes', I evaluate the sub-axes. Dough is a processed food product derived from Flora (flour) and is classified under the biotic category. Because it is a real-world physical object with mass that occupies space, it is classified as material under the Tangibility axis.",False
/home/pmonserrat/datasets/imagenet/extracted_data/n07871810/ILSVRC2012_val_00001115.JPEG,meat loaf,True,True,True,yes,biotic,material,"The target entity is a meat loaf. The visual evidence shows a cooked food item made from meat, typically beef, and possibly other ingredients like breadcrumbs or herbs. Since meat loaf is a processed food item derived from animal products, it falls under the category of Processed Food & Drinks (The Ingestion Criterion) within the Nature definition, as it is an edible solid element at any processing level. Since nature is 'yes', I evaluate the sub-axes. Meat loaf is derived from fauna (biotic category) as it is made from animal tissue. Because it is a real-world physical object with mass that occupies space and can be directly perceived through physical senses, it is classified as material under the Tangibility axis.",False
/home/pmonserrat/datasets/imagenet/extracted_data/n07873807/ILSVRC2012_val_00000773.JPEG,pizza,True,True,True,yes,biotic,material,"The target entity is a pizza. The visual evidence shows a prepared food item with various toppings such as tomatoes, olives, green peppers, onions, and sausage. According to the taxonomy, processed food and drinks, specifically edible solid or liquid elements at any processing level, count as nature under the Ingestion Criterion. Since pizza is a processed food item made from natural ingredients, it falls under the category of nature. Since nature is 'yes', I evaluate the sub-axes. Pizza is a processed food item derived from natural ingredients such as tomatoes, olives, and other vegetables, placing it under Flora & Plant Derivatives within the biotic category. Because it is a real-world physical object with mass that occupies space, it is classified as material under the Tangibility axis.",False
/home/pmonserrat/datasets/imagenet/extracted_data/n07875152/ILSVRC2012_val_00000491.JPEG,potpie,True,True,True,yes,biotic,material,"The target entity is a potpie. The visual evidence shows a prepared food item, which is a processed edible solid. According to the taxonomy, processed food and drinks, regardless of their processing level, are classified under the Ingestion Criterion as nature because they are edible elements. Since nature is 'yes', I evaluate the sub-axes. A potpie is a processed food item, placing it under Processed Food & Drinks within the biotic category. Because it is a real-world physical object with mass that occupies space, it is classified as material under the Tangibility axis.",False
/home/pmonserrat/datasets/imagenet/extracted_data/n07880968/ILSVRC2012_val_00000572.JPEG,burrito,True,True,True,yes,biotic,material,"The target entity is a burrito. The visual evidence shows a food item wrapped in foil and paper, containing ingredients such as meat and vegetables. Processed food and drinks, including edible solid items at any processing level, are classified under the Ingestion Criterion, fulfilling the inclusion criteria for nature. Since nature is 'yes', I evaluate the sub-axes. A burrito is a processed food item derived from plant materials (such as tortillas) and animal derivatives (such as meat), placing it under Flora & Plant Derivatives and Fauna & Animal Derivatives within the biotic category. Because it is a real-world physical object with mass that occupies space, it is classified as material under the Tangibility axis.",False
/home/pmonserrat/datasets/imagenet/extracted_data/n07892512/ILSVRC2012_val_00001064.JPEG,red wine,True,True,True,yes,biotic,material,"The target entity is red wine. The visual evidence shows a glass containing a dark liquid, which is red wine. Processed Food & Drinks (The Ingestion Criterion) explicitly include edible solid or liquid elements at any processing level, such as pasta, cooked meats, canned tuna, sugar, coffee, butter, liqueur, and red wine. Since red wine is a processed liquid derived from grapes (a more-than-human living entity), it fulfills the inclusion criteria for nature. Since nature is 'yes', I evaluate the sub-axes. Red wine is a processed liquid derived from grapes, placing it under Flora & Plant Derivatives within the biotic category. Because it is a real-world physical object with mass that occupies space, it is classified as material under the Tangibility axis.",False
/home/pmonserrat/datasets/imagenet/extracted_data/n07920052/ILSVRC2012_val_00002934.JPEG,espresso,True,True,True,yes,biotic,material,"The target entity is a cup of espresso. The visual evidence shows a liquid in a ceramic cup. Espresso is a processed food item derived from coffee beans, which are a product of Flora & Plant Derivatives. Since it is an edible solid/liquid element at any processing level, it falls under the category of Processed Food & Drinks (The Ingestion Criterion), fulfilling the inclusion criteria for nature. Since nature is 'yes', I evaluate the sub-axes. Espresso is a processed food item derived from coffee beans, placing it under Flora & Plant Derivatives within the biotic category. Because it is a real-world physical object with mass that occupies space, it is classified as material under the Tangibility axis.",False
/home/pmonserrat/datasets/imagenet/extracted_data/n07930864/ILSVRC2012_val_00001726.JPEG,cup,False,,,no,none,none,"The target entity is a cup. The visual evidence shows a manufactured ceramic object with a floral design. While homogenous artefacts are excluded, the cup does not depict a natural entity and is made from processed materials. It is a functional object and does not fall under Nature-Based Artefacts or Representations of Nature as defined in the taxonomy. Not applicable since the entity is not classified as nature.",False
/home/pmonserrat/datasets/imagenet/extracted_data/n07932039/ILSVRC2012_val_00000139.JPEG,eggnog,True,True,True,yes,biotic,material,"The target entity is eggnog. The visual evidence shows a prepared beverage in a glass, likely containing ingredients such as milk, eggs, and spices. Processed food and drinks, specifically edible solid or liquid elements at any processing level, are classified under the Ingestion Criterion in the Nature definition. Since eggnog is a consumable product derived from biological processes involving animals (eggs) and plants (milk), it falls under the category of Nature-Based Artefacts. Since nature is 'yes', I evaluate the sub-axes. Eggnog is a processed food product derived from animal (eggs) and plant (milk) sources, placing it under Fauna & Animal Derivatives and Flora & Plant Derivatives within the biotic category. Because it is a real-world physical object with mass that occupies space, it is classified as material under the Tangibility axis.",False
/home/pmonserrat/datasets/imagenet/extracted_data/n09193705/ILSVRC2012_val_00000002.JPEG,alp,True,False,True,yes,abiotic,material,"The target entity is an alpine landscape with snow-covered mountains. The visual evidence shows a real-world physical environment characterized by geological formations and hydrological components (snow). These elements fall under the Non-Living Natural Elements & Processes, fulfilling the inclusion criteria for nature. Since nature is 'yes', I evaluate the sub-axes. The landscape, including the mountains and snow, is a large-scale landform and earth structure, placing it under Geological & Topographical Components within the abiotic category. Because this is an unfiltered documentary photograph capturing a real-world physical environment, it is classified as material under the Tangibility axis.",False
/home/pmonserrat/datasets/imagenet/extracted_data/n09229709/ILSVRC2012_val_00000697.JPEG,bubble,False,,,yes,abiotic,material,"The target entity is a bubble. The visual evidence shows spherical droplets of water suspended in the air, reflecting light. These are non-living physical elements resulting from a natural process (e.g., evaporation or condensation), and they are part of the hydrological components. Since bubbles are transient physical phenomena, they fall under the Non-Living Natural Elements & Processes, fulfilling the inclusion criteria for nature. Since nature is 'yes', I evaluate the sub-axes. Bubbles are hydrological components, placing them under the abiotic category. Because the image captures a real-world physical occurrence (water droplets in the air), it is classified as material under the Tangibility axis.",False
/home/pmonserrat/datasets/imagenet/extracted_data/n09246464/ILSVRC2012_val_00001444.JPEG,cliff,True,False,True,yes,abiotic,material,"The target entity is a cliff. The visual evidence shows a large, natural rock formation with distinct layers and erosion patterns. Geological & Topographical Components are explicitly classified under Non-Living Natural Elements & Processes, fulfilling the inclusion criteria for nature. Since nature is 'yes', I evaluate the sub-axes. A cliff is a large-scale landform and earth structure, placing it under Geological & Topographical Components within the abiotic category. Because this is an unfiltered documentary photograph of a real-world physical landscape, it is classified as material under the Tangibility axis.",False
/home/pmonserrat/datasets/imagenet/extracted_data/n09256479/ILSVRC2012_val_00000235.JPEG,coral reef,True,True,True,yes,biotic,material,"The target entity is a coral reef. The visual evidence shows a real-world underwater ecosystem composed of various types of corals and marine life. Coral reefs are explicitly classified under Ecosystems & Environments within the Non-Living Natural Elements & Processes inclusion scope, fulfilling the criteria for nature. Since nature is 'yes', I evaluate the sub-axes. A coral reef is a biological ecosystem defined by living communities of corals and other marine organisms, placing it under Biological Ecosystems within the biotic category. Because the image captures a real-world physical environment with tangible mass and presence, it is classified as material under the Tangibility axis.",False
/home/pmonserrat/datasets/imagenet/extracted_data/n09288635/ILSVRC2012_val_00000394.JPEG,geyser,True,False,True,yes,abiotic,material,"The target entity is a geyser. The visual evidence shows a natural hydrothermal feature where water is ejected from the ground. Geysers are classified under Hydrological Components within the Non-Living Natural Elements & Processes, fulfilling the inclusion criteria for nature. Since nature is 'yes', I evaluate the sub-axes. A geyser is a hydrological phenomenon, placing it under Hydrological Components within the abiotic category. Because the image is an unfiltered documentary photograph capturing a real-world physical environment, it is classified as material under the Tangibility axis.",False
/home/pmonserrat/datasets/imagenet/extracted_data/n09332890/ILSVRC2012_val_00000150.JPEG,lakeside,True,False,True,yes,abiotic,material,"The target entity is a lakeside. The visual evidence shows a natural shoreline with water and sand, characteristic of a coastal or lakeshore environment. This falls under the category of Ecosystems & Environments, specifically a natural or semi-natural environment where non-human entities exist and interact, fulfilling the inclusion criteria for nature. Since nature is 'yes', I evaluate the sub-axes. A lakeside is a natural environment, placing it under Ecosystems & Environments within the abiotic category. Because the image captures a real-world physical landscape, it is classified as material under the Tangibility axis.",False
/home/pmonserrat/datasets/imagenet/extracted_data/n09399592/ILSVRC2012_val_00002476.JPEG,promontory,True,False,True,yes,abiotic,material,"The target entity is a promontory. The visual evidence shows a large rocky cliff extending into the sea. Geological & Topographical Components, such as large-scale landforms and earth structures, are explicitly classified under Non-Living Natural Elements & Processes, fulfilling the inclusion criteria for nature. Since nature is 'yes', I evaluate the sub-axes. A promontory is a large-scale landform and earth structure, placing it under Geological & Topographical Components within the abiotic category. Because this is an unfiltered documentary photograph capturing a real-world physical landscape, it is classified as material under the Tangibility axis.",False
/home/pmonserrat/datasets/imagenet/extracted_data/n09421951/ILSVRC2012_val_00000145.JPEG,sandbar,True,False,True,yes,abiotic,material,"The target entity is a sandbar. The visual evidence shows a natural formation of sand within a body of water, likely formed by the deposition of sediment. Geological & Topographical Components, including sand, are explicitly classified under Non-Living Natural Elements & Processes, fulfilling the inclusion criteria for nature. Since nature is 'yes', I evaluate the sub-axes. A sandbar is a geological formation, placing it under Geological & Topographical Components within the abiotic category. Because this is an unfiltered documentary photograph capturing a real-world physical landscape, it is classified as material under the Tangibility axis.",False
/home/pmonserrat/datasets/imagenet/extracted_data/n09428293/ILSVRC2012_val_00000214.JPEG,seashore,True,False,True,yes,abiotic,material,"The target entity is a seashore. The visual evidence shows a natural coastal environment with sand, water, and a sunset. This setting includes hydrological and geological components, which are explicitly classified under Non-Living Natural Elements & Processes, fulfilling the inclusion criteria for nature. Since nature is 'yes', I evaluate the sub-axes. A seashore is a coastal area characterized by its hydrological and geological features, placing it under Hydrological Components within the abiotic category. Because the image is an unfiltered documentary depiction capturing a real-world physical environment, it is classified as material under the Tangibility axis.",False
/home/pmonserrat/datasets/imagenet/extracted_data/n09468604/ILSVRC2012_val_00000313.JPEG,valley,True,False,True,yes,abiotic,material,"The target entity is a valley. The visual evidence shows a natural landscape with a river flowing through a green valley surrounded by hills and trees. This falls under the category of Geological & Topographical Components within the Non-Living Natural Elements inclusion scope, fulfilling the criteria for nature. Since nature is 'yes', I evaluate the sub-axes. A valley is a large-scale landform, placing it under Geological & Topographical Components within the abiotic category. Because this is an unfiltered documentary photograph capturing a real-world physical landscape, it is classified as material under the Tangibility axis.",False
/home/pmonserrat/datasets/imagenet/extracted_data/n09472597/ILSVRC2012_val_00002103.JPEG,volcano,True,False,True,yes,abiotic,material,"The target entity is a volcano. The visual evidence shows a real-world geological formation with snow-capped peaks and surrounding landscape. Geological & Topographical Components, including large-scale landforms and earth structures, are explicitly classified under Non-Living Natural Elements & Processes, fulfilling the inclusion criteria for nature. Since nature is 'yes', I evaluate the sub-axes. A volcano is a geological feature, placing it under Geological & Topographical Components within the abiotic category. Because this is an unfiltered documentary photograph capturing a real-world physical landscape, it is classified as material under the Tangibility axis.",False
/home/pmonserrat/datasets/imagenet/extracted_data/n09835506/ILSVRC2012_val_00000034.JPEG,ballplayer,False,,,no,none,none,"The target entity is a ballplayer. The visual evidence shows a human being in the act of playing baseball. Under this classification taxonomy, human beings, human body parts, and groups of people fall under the explicit Exclusion Scope and are never classified as nature, regardless of their role or setting. Not applicable since human beings are excluded from the nature taxonomy.",False
/home/pmonserrat/datasets/imagenet/extracted_data/n10148035/ILSVRC2012_val_00000341.JPEG,groom,False,,,no,none,none,"The target entity is a groom. The visual evidence shows a human being wearing a suit and a boutonniere. Under this classification taxonomy, human beings, human body parts, and groups of people fall under the explicit Exclusion Scope and are never classified as nature, regardless of their role or setting. Not applicable since human beings are excluded from the nature taxonomy.",False
/home/pmonserrat/datasets/imagenet/extracted_data/n10565667/ILSVRC2012_val_00000255.JPEG,scuba diver,False,,,no,none,none,"The target entity is a scuba diver. The visual evidence shows a human wearing a wetsuit and mask, engaged in an activity within a natural environment (water). Under this classification taxonomy, human beings, human body parts, and groups of people fall under the explicit Exclusion Scope and are never classified as nature, regardless of their role or setting. Not applicable since human beings are excluded from the nature taxonomy.",False
/home/pmonserrat/datasets/imagenet/extracted_data/n11879895/ILSVRC2012_val_00000216.JPEG,rapeseed,True,True,True,yes,biotic,material,"The target entity is rapeseed. The visual evidence shows a field of yellow flowering plants, which are a type of cultivated flora. Cultivated plants fall under the category of Flora & Plant Derivatives, fulfilling the inclusion criteria for nature. Since nature is 'yes', I evaluate the sub-axes. Rapeseed is a plant, placing it under Flora & Plant Derivatives within the biotic category. Because it is a real-world physical organism with mass that occupies space, it is classified as material under the Tangibility axis.",False
/home/pmonserrat/datasets/imagenet/extracted_data/n11939491/ILSVRC2012_val_00004514.JPEG,daisy,True,True,True,yes,biotic,material,"The target entity is a daisy. The visual evidence shows a real-world photograph of actual flowers. Daisies are wild or cultivated non-human plants, explicitly classified under Flora & Plant Derivatives within the inclusion scope of More-Than-Human Living Entities. This fulfills the criteria for nature. Since nature is 'yes', I evaluate the sub-axes. A daisy is a plant, placing it under Flora & Plant Derivatives within the biotic category. Because the image is an unfiltered documentary photograph capturing a real-world physical organism, it is classified as material under the Tangibility axis.",False
/home/pmonserrat/datasets/imagenet/extracted_data/n12057211/ILSVRC2012_val_00000551.JPEG,yellow lady's slipper,True,True,True,yes,biotic,material,"The target entity is a yellow lady's slipper. The visual evidence shows a real-world plant with a distinctive yellow flower. This falls under Flora & Plant Derivatives within the inclusion scope of More-Than-Human Living Entities, fulfilling the criteria for nature. Since nature is 'yes', I evaluate the sub-axes. A yellow lady's slipper is a wild or cultivated plant, placing it under Flora & Plant Derivatives within the biotic category. Because it is a real-world physical organism with mass that occupies space, it is classified as material under the Tangibility axis.",False
/home/pmonserrat/datasets/imagenet/extracted_data/n12144580/ILSVRC2012_val_00000484.JPEG,corn,True,True,True,yes,biotic,material,"The target entity is corn. The visual evidence shows physical corn cobs packaged in plastic bags. Corn is a cultivated plant, which falls under Flora & Plant Derivatives within the more-than-human living entities, fulfilling the inclusion criteria for nature. Since nature is 'yes', I evaluate the sub-axes. Corn is a plant-derived food, placing it under Flora & Plant Derivatives within the biotic category. Because the image captures real-world physical objects with mass that occupy space, it is classified as material under the Tangibility axis.",False
/home/pmonserrat/datasets/imagenet/extracted_data/n12267677/ILSVRC2012_val_00001058.JPEG,acorn,True,True,True,yes,biotic,material,"The target entity is an acorn. The visual evidence shows a real-world physical object, specifically the seed of an oak tree. Acorns are classified under Flora & Plant Derivatives within the more-than-human living entities, fulfilling the inclusion criteria for nature. Since nature is 'yes', I evaluate the sub-axes. An acorn is a seed from a tree (flora), placing it under the biotic category. Because it is a real-world physical object with mass that occupies space, it is classified as material under the Tangibility axis.",False
/home/pmonserrat/datasets/imagenet/extracted_data/n12620546/ILSVRC2012_val_00000251.JPEG,hip,True,True,True,yes,biotic,material,"The target entity is a tomato plant with ripe tomatoes. The visual evidence shows real-world plants and fruits, which are more-than-human living organisms. Flora and plant derivatives are explicitly classified under the inclusion criteria for nature, fulfilling the criteria for nature. Since nature is 'yes', I evaluate the sub-axes. Tomatoes are plant-derived foods, placing them under Flora & Plant Derivatives within the biotic category. Because the image captures a real-world physical environment with tangible objects, it is classified as material under the Tangibility axis.",False
/home/pmonserrat/datasets/imagenet/extracted_data/n12768682/ILSVRC2012_val_00001120.JPEG,buckeye,True,True,True,yes,biotic,material,"The target entity is a buckeye, which is a type of fruit from the Ohio buckeye tree (Aesculus flava). The visual evidence shows a real-world physical object with a spiky exterior, hanging from a branch with green leaves. Buckeyes are non-human living organisms, specifically plant derivatives, fulfilling the inclusion criteria for nature. Since nature is 'yes', I evaluate the sub-axes. A buckeye is a fruit derived from a plant, placing it under Flora & Plant Derivatives within the biotic category. Because it is a real-world physical object with mass that occupies space, it is classified as material under the Tangibility axis.",False
/home/pmonserrat/datasets/imagenet/extracted_data/n12985857/ILSVRC2012_val_00000304.JPEG,coral fungus,True,True,True,yes,biotic,material,"The target entity is a coral fungus. The visual evidence shows a biological organism that is a type of fungus, which is a more-than-human living entity. Fungi are explicitly included in the taxonomy under Flora & Plant Derivatives or Fungi & Microorganisms, fulfilling the inclusion criteria for nature. Since nature is 'yes', I evaluate the sub-axes. A coral fungus is a type of fungus, placing it under Fungi & Microorganisms within the biotic category. Because the image captures a real-world physical organism with mass that occupies space, it is classified as material under the Tangibility axis.",False
/home/pmonserrat/datasets/imagenet/extracted_data/n12998815/ILSVRC2012_val_00000731.JPEG,agaric,True,True,True,yes,biotic,material,"The target entity is an agaric mushroom. The visual evidence shows a real-world organism with a red cap and white spots, growing in a natural environment with grass and fallen leaves. Agarics are wild, non-human fungi, which fall under the More-Than-Human Living Entities category, fulfilling the inclusion criteria for nature. Since nature is 'yes', I evaluate the sub-axes. An agaric mushroom is a wild, non-human fungus, placing it under Fungi & Microorganisms within the biotic category. Because it is a real-world physical organism with mass that occupies space, it is classified as material under the Tangibility axis.",False
/home/pmonserrat/datasets/imagenet/extracted_data/n13037406/ILSVRC2012_val_00000200.JPEG,gyromitra,True,True,True,yes,biotic,material,"The target entity is a Gyromitra, a type of mushroom. The visual evidence shows a real-world organism growing in a forest environment. Fungi are explicitly classified under More-Than-Human Living Entities within the Flora & Plant Derivatives inclusion scope, fulfilling the criteria for nature. Since nature is 'yes', I evaluate the sub-axes. A Gyromitra is a type of fungus, placing it under Fungi & Microorganisms within the biotic category. Because the image captures a real-world physical organism with mass that occupies space, it is classified as material under the Tangibility axis.",False
/home/pmonserrat/datasets/imagenet/extracted_data/n13040303/ILSVRC2012_val_00000058.JPEG,stinkhorn,True,True,True,yes,biotic,material,"The target entity is a stinkhorn mushroom. The visual evidence shows a real-world organism growing in soil, surrounded by green leaves. Fungi are explicitly classified under More-Than-Human Living Entities (Flora, Fauna, Fungi) in the inclusion scope, fulfilling the criteria for nature. Since nature is 'yes', I evaluate the sub-axes. A stinkhorn is a type of fungus, placing it under Fungi & Microorganisms within the biotic category. Because the image captures a real-world physical organism with mass that occupies space, it is classified as material under the Tangibility axis.",False
/home/pmonserrat/datasets/imagenet/extracted_data/n13044778/ILSVRC2012_val_00000755.JPEG,earthstar,True,True,True,yes,biotic,material,"The target entity is an earthstar mushroom. The visual evidence shows a real-world organism growing among leaves and soil. Earthstars are wild fungi, which fall under the category of Fungi & Microorganisms within the inclusion scope of More-Than-Human Living Entities. This fulfills the criteria for nature. Since nature is 'yes', I evaluate the sub-axes. An earthstar is a type of fungus, placing it under Fungi & Microorganisms within the biotic category. Because the image captures a real-world physical organism with mass that occupies space, it is classified as material under the Tangibility axis.",False
/home/pmonserrat/datasets/imagenet/extracted_data/n13052670/ILSVRC2012_val_00002167.JPEG,hen-of-the-woods,True,True,True,yes,biotic,material,"The target entity is a 'hen-of-the-woods' mushroom. The visual evidence shows a real-world biological organism, specifically a type of fungus, growing among fallen leaves. Fungi are explicitly included in the More-Than-Human Living Entities category under Flora, fulfilling the inclusion criteria for nature. Since nature is 'yes', I evaluate the sub-axes. A 'hen-of-the-woods' is a type of fungus, placing it under Fungi & Microorganisms within the biotic category. Because it is a real-world physical organism with mass that occupies space, it is classified as material under the Tangibility axis.",False
/home/pmonserrat/datasets/imagenet/extracted_data/n13054560/ILSVRC2012_val_00001362.JPEG,bolete,True,True,True,yes,biotic,material,"The target entity is a bolete mushroom. The visual evidence shows a real-world organism growing in a grassy environment. Fungi are explicitly classified under More-Than-Human Living Entities (Fungi) within the inclusion scope of nature, fulfilling the criteria for nature. Since nature is 'yes', I evaluate the sub-axes. A bolete is a type of wild mushroom, placing it under Fungi & Microorganisms within the biotic category. Because the image captures a real-world physical organism with mass that occupies space, it is classified as material under the Tangibility axis.",False
/home/pmonserrat/datasets/imagenet/extracted_data/n13133613/ILSVRC2012_val_00000408.JPEG,ear,True,True,True,yes,biotic,material,"The target entity is corn. The visual evidence shows a real-world physical object made of plant material. Corn is a cultivated plant, placing it under Flora & Plant Derivatives within the biotic category, fulfilling the inclusion criteria for nature. Since nature is 'yes', I evaluate the sub-axes. Corn is a plant-derived food, placing it under Flora & Plant Derivatives within the biotic category. Because it is a real-world physical object with mass that occupies space, it is classified as material under the Tangibility axis.",False
/home/pmonserrat/datasets/imagenet/extracted_data/n15075141/ILSVRC2012_val_00001079.JPEG,toilet tissue,False,,,no,none,none,"The target entity is toilet tissue. The visual evidence shows a manufactured functional object made of paper, which is a processed material derived from trees. While toilet tissue is a processed food & drink (The Ingestion Criterion), it is not a natural entity but a product of human manufacturing. It does not fall under the categories of more-than-human living entities, ecosystems, or non-living natural elements and processes as defined by the taxonomy. Not applicable since the entity is not classified as nature.",False
