image_path,class_name,gt_nature,gt_biotic,gt_material,pred_nature,pred_biotic,pred_material,reasoning,parse_failed
/home/pmonserrat/datasets/imagenet/extracted_data/n01440764/ILSVRC2012_val_00000293.JPEG,tench,True,True,True,yes,biotic,material,"The target is a tench, which is a type of fish. Fish are non-human living entities (fauna) and are explicitly included in the definition of nature. The image shows a real, physical instance of this organism. Since nature is 'yes', I evaluate the sub-axes. A tench is a living organism (fauna), making it biotic. The fish is a physical entity occupying space and having mass, making it material.",False
/home/pmonserrat/datasets/imagenet/extracted_data/n01443537/ILSVRC2012_val_00000236.JPEG,goldfish,True,True,True,yes,biotic,material,"The target is a goldfish. Goldfish are non-human living entities (fauna) that are domesticated, which falls directly under the definition of nature. Since nature is 'yes', I evaluate the sub-axes. A goldfish is a living organism (fauna), making it biotic. The image shows a physical, tangible fish, making it material.",False
/home/pmonserrat/datasets/imagenet/extracted_data/n01484850/ILSVRC2012_val_00002338.JPEG,great white shark,True,True,True,yes,biotic,material,"The target is a great white shark. This is a non-human living entity (fauna) found in a natural environment (the ocean), which falls directly under the definition of nature. Since nature is 'yes', I evaluate the sub-axes. A shark is a living organism (fauna), making it biotic. The image is a photograph of the actual shark in the ocean, meaning it has physical presence and occupies space, making it material.",False
/home/pmonserrat/datasets/imagenet/extracted_data/n01491361/ILSVRC2012_val_00002922.JPEG,tiger shark,True,True,True,yes,biotic,material,"The target is a tiger shark. It is a non-human living entity (fauna) found in a natural marine environment, which directly falls under the definition of nature. Since nature is 'yes', I evaluate the sub-axes. A shark is a living organism (fauna), making it biotic. The image is a photograph of a real, physical shark occupying space, making it material.",False
/home/pmonserrat/datasets/imagenet/extracted_data/n01494475/ILSVRC2012_val_00001676.JPEG,hammerhead,True,True,True,yes,biotic,material,"The target is a hammerhead, which is a type of fish (fauna). The image shows a real, physical specimen being held, which falls under the definition of non-human living entities, fulfilling the criteria for nature. Since nature is 'yes', I evaluate the sub-axes. A fish is a living organism (fauna), making it biotic. The fish is a physical object with mass that occupies space, making it material.",False
/home/pmonserrat/datasets/imagenet/extracted_data/n01496331/ILSVRC2012_val_00000921.JPEG,electric ray,True,True,True,yes,biotic,material,"The target is an electric ray, which is a type of fish (fauna). As a non-human living entity found in a natural environment (coral reef/seabed), it falls under the definition of nature. Since nature is 'yes', I evaluate the sub-axes. An electric ray is a living organism (fauna), making it biotic. The image shows a physical organism occupying space, making it material.",False
/home/pmonserrat/datasets/imagenet/extracted_data/n01498041/ILSVRC2012_val_00001935.JPEG,stingray,True,True,True,yes,biotic,material,"The target is a stingray, which is a non-human living entity (fauna). Since it is depicted in a photograph of a real underwater environment, it falls under the definition of a non-human living entity in a natural environment, thus counting as nature. Since nature is 'yes', I evaluate the sub-axes. A stingray is a fauna, making it biotic. As a physical organism present in the environment, it occupies space and has mass, making it material.",False
/home/pmonserrat/datasets/imagenet/extracted_data/n01514668/ILSVRC2012_val_00000329.JPEG,cock,True,True,True,yes,biotic,material,"The target is a 'cock', which refers to a male chicken. Chickens are non-human living entities (fauna) and are explicitly included in the definition of nature, regardless of whether they are wild or domesticated. Since nature is 'yes', I evaluate the sub-axes. A chicken is a living organism (fauna), making it biotic. The image shows a real, physically present bird, meaning it occupies space and has mass, making it material.",False
/home/pmonserrat/datasets/imagenet/extracted_data/n01514859/ILSVRC2012_val_00001114.JPEG,hen,True,True,True,yes,biotic,material,"The target is a hen, which is a non-human living entity (fauna). Since the image shows a real, physically present instance of a domesticated bird, it falls under the definition of nature. Since nature is 'yes', I evaluate the sub-axes. A hen is a living organism (fauna), making it biotic. The hen is a physical animal that occupies space and has mass, making it material.",False
/home/pmonserrat/datasets/imagenet/extracted_data/n01518878/ILSVRC2012_val_00001031.JPEG,ostrich,True,True,True,yes,biotic,material,"The target is an ostrich. Ostriches are non-human living entities (fauna), which are explicitly included in the definition of Nature. Since nature is 'yes', I evaluate the sub-axes. An ostrich is a living organism (fauna), making it biotic. The image shows a real, physically present instance of the animal, making it material.",False
/home/pmonserrat/datasets/imagenet/extracted_data/n01530575/ILSVRC2012_val_00000651.JPEG,brambling,True,True,True,yes,biotic,material,"The target is a brambling bird. As a non-human living entity (fauna), it falls under the definition of nature, regardless of its environment (snowy ground). Since nature is 'yes', I evaluate the sub-axes. A bird is a living organism (fauna), making it biotic. The image shows a physical bird present in the environment, meaning it has physical presence and mass, making it material.",False
/home/pmonserrat/datasets/imagenet/extracted_data/n01531178/ILSVRC2012_val_00000570.JPEG,goldfinch,True,True,True,yes,biotic,material,"The target is a goldfinch, which is a non-human living entity (fauna). This falls directly under the definition of nature, as it is a wild bird present in a natural environment (the foliage). Since nature is 'yes', I evaluate the sub-axes. A goldfinch is a living organism (fauna), making it biotic. The image is a photograph of the actual bird, meaning it has physical presence and occupies space, making it material.",False
/home/pmonserrat/datasets/imagenet/extracted_data/n01532829/ILSVRC2012_val_00000873.JPEG,house finch,True,True,True,yes,biotic,material,"The target is a house finch. The visual evidence shows a real, living bird, which falls under the category of non-human living entities (fauna). This directly meets the definition of nature. Since nature is 'yes', I evaluate the sub-axes. A bird is a living organism (fauna), making it biotic. The bird is a physical entity that occupies space and has mass, making it material.",False
/home/pmonserrat/datasets/imagenet/extracted_data/n01534433/ILSVRC2012_val_00000247.JPEG,junco,True,True,True,yes,biotic,material,"The target is a junco, which is a non-human living entity (fauna). The image provides a clear, physical depiction of this organism in its natural environment, fulfilling the criteria for nature. Since nature is 'yes', I evaluate the sub-axes. A junco is a bird (fauna), making it biotic. The image shows a real, physical bird occupying space, making it material.",False
/home/pmonserrat/datasets/imagenet/extracted_data/n01537544/ILSVRC2012_val_00000414.JPEG,indigo bunting,True,True,True,yes,biotic,material,"The target is an indigo bunting, which is a non-human living entity (fauna). The image is a photograph of a real bird in a natural setting, which directly falls under the definition of non-human living entities, thus counting as nature. Since nature is 'yes', I evaluate the sub-axes. A bird is a fauna, making it biotic. Since the image is a photograph of a physical, living organism occupying space, it is material.",False
/home/pmonserrat/datasets/imagenet/extracted_data/n01558993/ILSVRC2012_val_00001598.JPEG,robin,True,True,True,yes,biotic,material,"The target is a robin, which is a non-human living entity (fauna). This falls directly under the definition of nature, as it is a wild bird present in a natural/semi-natural environment (the grass/garden). Since nature is 'yes', I evaluate the sub-axes. A robin is a living organism (fauna), making it biotic. The image shows a real, physically present bird, making it material.",False
/home/pmonserrat/datasets/imagenet/extracted_data/n01560419/ILSVRC2012_val_00000198.JPEG,bulbul,True,True,True,yes,biotic,material,"The target is a bulbul, which is a non-human living entity (fauna). This falls directly under the definition of nature, as it is a wild bird. Since nature is 'yes', I evaluate the sub-axes. A bird is a fauna, making it biotic. The image is a photograph of a real, physical bird, meaning it occupies space and has mass, making it material.",False
/home/pmonserrat/datasets/imagenet/extracted_data/n01580077/ILSVRC2012_val_00000880.JPEG,jay,True,True,True,yes,biotic,material,"The target is a jay, which is a non-human living entity (fauna). The image provides a clear, physical depiction of this bird in a natural setting, fulfilling the criteria for nature. Since nature is 'yes', I evaluate the sub-axes. A jay is a bird (fauna), making it biotic. The image shows a real, physical bird occupying space, making it material.",False
/home/pmonserrat/datasets/imagenet/extracted_data/n01582220/ILSVRC2012_val_00000476.JPEG,magpie,True,True,True,yes,biotic,material,"The target is a magpie, which is a non-human living entity (fauna). The image provides a clear, physical depiction of this bird in its natural environment, fulfilling the criteria for nature. Since nature is 'yes', I evaluate the sub-axes. A magpie is a bird, which falls under natural or semi-natural fauna, making it biotic. The bird is a physical organism occupying space, making it material.",False
/home/pmonserrat/datasets/imagenet/extracted_data/n01592084/ILSVRC2012_val_00000837.JPEG,chickadee,True,True,True,yes,biotic,material,"The target is a chickadee, which is a non-human living entity (fauna). This falls directly under the definition of nature. Since nature is 'yes', I evaluate the sub-axes. A chickadee is a living organism (fauna), making it biotic. The image is a photograph of the actual bird, meaning it has physical presence and occupies space, making it material.",False
/home/pmonserrat/datasets/imagenet/extracted_data/n01601694/ILSVRC2012_val_00000962.JPEG,water ouzel,True,True,True,yes,biotic,material,"The target entity is 'water ouzel'. 'Water' refers to a hydrological component, which is explicitly included in the definition of nature. 'Ouzel' refers to a type of bird (fauna), which is a non-human living entity and is also included in the definition of nature. Since both components are natural elements, the combined entity counts as nature. Since nature is 'yes', I evaluate the sub-axes. The bird (ouzel) is a living organism (fauna), making it biotic. The water is a non-living hydrological component, making it abiotic. Because the image depicts a real, physical instance of both the bird and the water, the entity is material.",False
/home/pmonserrat/datasets/imagenet/extracted_data/n01608432/ILSVRC2012_val_00000073.JPEG,kite,True,True,True,no,none,none,"The target entity is a kite (the object being flown). While kites are manufactured, the visual evidence does not show a kite made from a clearly identifiable natural material (like wood grain or distinct stone texture). It appears to be made of fabric/synthetic material, which does not meet the 'Nature-Based Artefacts' criteria. Furthermore, it is not an activity, a living entity, or a representation of nature in the defined sense. Not applicable since the entity is not nature.",False
/home/pmonserrat/datasets/imagenet/extracted_data/n01614925/ILSVRC2012_val_00000128.JPEG,bald eagle,True,True,True,yes,biotic,material,"The target is a bald eagle, which is a non-human living entity (fauna). Since the image is a photograph of a real, physically present instance of this animal, it falls under the definition of nature. Since nature is 'yes', I evaluate the sub-axes. A bald eagle is a fauna, making it biotic. As a real, physical bird occupying space, it is material.",False
/home/pmonserrat/datasets/imagenet/extracted_data/n01616318/ILSVRC2012_val_00000018.JPEG,vulture,True,True,True,yes,biotic,material,"The target is a vulture, which is a non-human living entity (fauna). This falls directly under the definition of nature, as it is a real, physically present instance of a living organism. Since nature is 'yes', I evaluate the sub-axes. A vulture is a fauna, making it biotic. The image is a photograph of the actual bird in flight, meaning it has physical presence and occupies space, making it material.",False
/home/pmonserrat/datasets/imagenet/extracted_data/n01622779/ILSVRC2012_val_00000318.JPEG,great grey owl,True,True,True,yes,biotic,material,"The target is a great grey owl. This is a non-human living entity (fauna). Since the image appears to be a photograph of a real owl in a natural setting, it falls under the definition of a non-human living entity, fulfilling the criteria for nature. Since nature is 'yes', I evaluate the sub-axes. An owl is a living organism (fauna), making it biotic. As a physical, living creature occupying space, it is material.",False
/home/pmonserrat/datasets/imagenet/extracted_data/n01629819/ILSVRC2012_val_00000225.JPEG,european fire salamander,True,True,True,yes,biotic,material,"The target is a European fire salamander, which is a non-human living entity (fauna). This falls directly under the definition of nature. Since nature is 'yes', I evaluate the sub-axes. The salamander is a living organism (fauna), making it biotic. The image is a photograph of the actual animal occupying space, making it material.",False
/home/pmonserrat/datasets/imagenet/extracted_data/n01630670/ILSVRC2012_val_00000498.JPEG,common newt,True,True,True,yes,biotic,material,"The target is a 'common newt', which is a non-human living entity (fauna). This falls directly under the definition of nature, as it is a wild organism. Since nature is 'yes', I evaluate the sub-axes. A newt is a living organism (fauna), making it biotic. The image shows a physical, tangible specimen, making it material.",False
/home/pmonserrat/datasets/imagenet/extracted_data/n01631663/ILSVRC2012_val_00000258.JPEG,eft,True,True,True,yes,biotic,material,"The target is an eft, which is a type of salamander, a non-human living entity (fauna). It is depicted in a natural environment (leaf litter on the ground), fulfilling the criteria for nature. Since nature is 'yes', I evaluate the sub-axes. An eft is a living organism (fauna), making it biotic. It is a physical, tangible creature occupying space, making it material.",False
/home/pmonserrat/datasets/imagenet/extracted_data/n01632458/ILSVRC2012_val_00000088.JPEG,spotted salamander,True,True,True,yes,biotic,material,"The target is a spotted salamander. This is a non-human living entity (fauna) found in a natural environment (leaf litter/forest floor), which explicitly counts as nature. Since nature is 'yes', I evaluate the sub-axes. A salamander is a living organism (fauna), making it biotic. The image shows a physical, tangible salamander present in the environment, making it material.",False
/home/pmonserrat/datasets/imagenet/extracted_data/n01632777/ILSVRC2012_val_00000052.JPEG,axolotl,True,True,True,yes,biotic,material,"The target is an axolotl, which is a type of amphibian. Non-human living entities (fauna) are explicitly included in the definition of nature, regardless of whether it is wild, domesticated, or in an aquarium setting. Since nature is 'yes', I evaluate the sub-axes. An axolotl is a living organism (fauna), making it biotic. The image shows a physical, tangible animal occupying space, making it material.",False
/home/pmonserrat/datasets/imagenet/extracted_data/n01641577/ILSVRC2012_val_00001652.JPEG,bullfrog,True,True,True,yes,biotic,material,"The target is a bullfrog, which is a non-human living entity (fauna). This falls directly under the definition of nature, as it is a wild organism present in a natural environment. Since nature is 'yes', I evaluate the sub-axes. A bullfrog is a living organism (fauna), classifying it as biotic. The image is a photograph of the actual frog, meaning it has physical presence and occupies space, classifying it as material.",False
/home/pmonserrat/datasets/imagenet/extracted_data/n01644373/ILSVRC2012_val_00000944.JPEG,tree frog,True,True,True,yes,biotic,material,"The target is a tree frog. The definition explicitly includes non-human living entities, such as individual organisms (fauna), whether wild or semi-natural. This instance is a photograph of a real, physical organism, fulfilling the criteria for nature. Since nature is 'yes', I evaluate the sub-axes. A tree frog is a living animal (fauna), making it biotic. As a physical, living organism occupying space, it is material.",False
/home/pmonserrat/datasets/imagenet/extracted_data/n01644900/ILSVRC2012_val_00000037.JPEG,tailed frog,True,True,True,yes,biotic,material,"The target is a tailed frog. This is a non-human living entity (fauna) observed in a natural or semi-natural environment (aquatic setting), which falls directly under the definition of nature. Since nature is 'yes', I evaluate the sub-axes. A frog is a living organism (fauna), making it biotic. The image is a photograph of the actual organism, meaning it has physical presence and occupies space, making it material.",False
/home/pmonserrat/datasets/imagenet/extracted_data/n01664065/ILSVRC2012_val_00000404.JPEG,loggerhead,True,True,True,yes,biotic,material,"The target is a loggerhead, which is a type of sea turtle. Non-human living entities (fauna) are explicitly included in the definition of nature, regardless of whether they are wild or domesticated. Since nature is 'yes', I evaluate the sub-axes. A loggerhead is a living animal (fauna), making it biotic. The image shows a physical, real instance of the animal occupying space, making it material.",False
/home/pmonserrat/datasets/imagenet/extracted_data/n01665541/ILSVRC2012_val_00000791.JPEG,leatherback turtle,True,True,True,yes,biotic,material,"The target is a leatherback turtle. It is a non-human living entity (fauna) found in a natural environment (the beach/sand). This directly matches the definition of nature. Since nature is 'yes', I evaluate the sub-axes. A turtle is a living organism (fauna), making it biotic. The image shows a physical, tangible turtle on the sand, making it material.",False
/home/pmonserrat/datasets/imagenet/extracted_data/n01667114/ILSVRC2012_val_00000229.JPEG,mud turtle,True,True,True,yes,biotic,material,"The target is a mud turtle. Mud turtles are non-human living entities (fauna) and are explicitly included in the definition of nature. Since nature is 'yes', I evaluate the sub-axes. A turtle is a living organism (fauna), making it biotic. The image shows a physical, tangible turtle being held, making it material.",False
/home/pmonserrat/datasets/imagenet/extracted_data/n01667778/ILSVRC2012_val_00002832.JPEG,terrapin,True,True,True,yes,biotic,material,"The target is a terrapin, which is a non-human living entity (fauna). This falls directly under the definition of nature, as it is a wild organism. Since nature is 'yes', I evaluate the sub-axes. A terrapin is a living organism (fauna), making it biotic. The image shows a physical, tangible animal occupying space, making it material.",False
/home/pmonserrat/datasets/imagenet/extracted_data/n01669191/ILSVRC2012_val_00000362.JPEG,box turtle,True,True,True,yes,biotic,material,"The target is a box turtle. Non-human living entities, such as individual organisms (fauna), are explicitly included in the definition of nature, regardless of whether they are wild or domesticated. Since nature is 'yes', I evaluate the sub-axes. A turtle is a living organism (fauna), making it biotic. The image shows a physical, real instance of the animal occupying space, making it material.",False
/home/pmonserrat/datasets/imagenet/extracted_data/n01675722/ILSVRC2012_val_00003904.JPEG,banded gecko,True,True,True,yes,biotic,material,"The target is a banded gecko, which is a non-human living entity (fauna). Individual organisms are explicitly included under the definition of Nature, fulfilling the criteria. Since nature is 'yes', I evaluate the sub-axes. A gecko is a living organism (fauna), making it biotic. The image shows a physical gecko being held, meaning it has physical presence and occupies space, making it material.",False
/home/pmonserrat/datasets/imagenet/extracted_data/n01677366/ILSVRC2012_val_00000153.JPEG,common iguana,True,True,True,yes,biotic,material,"The target is a common iguana, which is a non-human living entity (fauna). This falls directly under the definition of nature, regardless of whether it is wild or domesticated. Since nature is 'yes', I evaluate the sub-axes. An iguana is a living organism (fauna), making it biotic. The image shows a physical, tangible animal occupying space, making it material.",False
/home/pmonserrat/datasets/imagenet/extracted_data/n01682714/ILSVRC2012_val_00001931.JPEG,american chameleon,True,True,True,yes,biotic,material,"The target is an American chameleon, which is a non-human living entity (fauna). The image provides a real, physically present instance of this organism in a natural environment, fulfilling the criteria for nature. Since nature is 'yes', I evaluate the sub-axes. A chameleon is a living organism (fauna), making it biotic. The image is a photograph of the actual animal, meaning it has physical presence and occupies space, making it material.",False
/home/pmonserrat/datasets/imagenet/extracted_data/n01685808/ILSVRC2012_val_00000908.JPEG,whiptail,True,True,True,yes,biotic,material,"The target is a whiptail lizard. This is a non-human living entity (fauna) found in its natural habitat, which falls directly under the definition of nature. Since nature is 'yes', I evaluate the sub-axes. A lizard is a living organism (fauna), making it biotic. The image is a photograph of the actual physical animal, meaning it has physical presence and occupies space, making it material.",False
/home/pmonserrat/datasets/imagenet/extracted_data/n01687978/ILSVRC2012_val_00003821.JPEG,agama,True,True,True,yes,biotic,material,"The target entity is 'agama' (a lizard). The image clearly depicts a live lizard, which falls under the definition of non-human living entities (fauna), thus counting as nature. Since nature is 'yes', I evaluate the sub-axes. A lizard is a living organism (fauna), making it biotic. The lizard is a physical, tangible creature occupying space, making it material.",False
/home/pmonserrat/datasets/imagenet/extracted_data/n01688243/ILSVRC2012_val_00000297.JPEG,frilled lizard,True,True,True,yes,biotic,material,"The target is a frilled lizard. This is a non-human living entity (fauna), which is explicitly included in the definition of nature. Since nature is 'yes', I evaluate the sub-axes. A lizard is a living organism (fauna), making it biotic. The image shows a physical, real instance of the animal occupying space, making it material.",False
/home/pmonserrat/datasets/imagenet/extracted_data/n01689811/ILSVRC2012_val_00001022.JPEG,alligator lizard,True,True,True,yes,biotic,material,"The target is an alligator lizard. This is a non-human living entity (fauna), which is explicitly included under the definition of Nature. Since nature is 'yes', I evaluate the sub-axes. An alligator lizard is a living organism (fauna), making it biotic. The image shows a real, physically present instance of the animal, making it material.",False
/home/pmonserrat/datasets/imagenet/extracted_data/n01692333/ILSVRC2012_val_00001475.JPEG,gila monster,True,True,True,yes,biotic,material,"The target is a gila monster, which is a non-human living entity (fauna). This falls directly under the definition of nature, as it is a wild organism. Since nature is 'yes', I evaluate the sub-axes. A gila monster is a living animal, classifying it as biotic. The image shows a physical specimen occupying space, making it material.",False
/home/pmonserrat/datasets/imagenet/extracted_data/n01693334/ILSVRC2012_val_00000064.JPEG,green lizard,True,True,True,yes,biotic,material,"The target is a green lizard. Lizards are non-human living entities (fauna), which are explicitly included under the definition of Nature. Since nature is 'yes', I evaluate the sub-axes. A lizard is a living organism (fauna), making it biotic. The image shows a physical, real instance of the lizard occupying space, making it material.",False
/home/pmonserrat/datasets/imagenet/extracted_data/n01694178/ILSVRC2012_val_00001375.JPEG,african chameleon,True,True,True,yes,biotic,material,"The target is an African chameleon. It is a non-human living entity (fauna) present in a natural environment (the tree bark). This directly matches the definition of nature. Since nature is 'yes', I evaluate the sub-axes. A chameleon is a living organism (fauna), making it biotic. The image is a photograph of a real, physical organism occupying space, making it material.",False
/home/pmonserrat/datasets/imagenet/extracted_data/n01695060/ILSVRC2012_val_00000541.JPEG,komodo dragon,True,True,True,yes,biotic,material,"The target is a Komodo dragon. This is a non-human living entity (fauna) found in its natural habitat, which falls directly under the definition of nature. Since nature is 'yes', I evaluate the sub-axes. A Komodo dragon is a living animal (fauna), making it biotic. The image is a photograph of the actual animal, meaning it has physical presence and occupies space, making it material.",False
/home/pmonserrat/datasets/imagenet/extracted_data/n01697457/ILSVRC2012_val_00001573.JPEG,african crocodile,True,True,True,yes,biotic,material,"The target is an African crocodile. This is a non-human living entity (fauna) found in its natural environment, which explicitly counts as nature under the definition. Since nature is 'yes', I evaluate the sub-axes. A crocodile is a living organism (fauna), making it biotic. The image shows a physical, real instance of the animal, meaning it occupies space and has mass, making it material.",False
/home/pmonserrat/datasets/imagenet/extracted_data/n01698640/ILSVRC2012_val_00000090.JPEG,american alligator,True,True,True,yes,biotic,material,"The target is an American alligator. This is a non-human living entity (fauna) found in a natural environment, which explicitly counts as nature under the definition. Since nature is 'yes', I evaluate the sub-axes. An alligator is a living organism (fauna), making it biotic. The image shows a real, physically present instance of the animal, making it material.",False
/home/pmonserrat/datasets/imagenet/extracted_data/n01704323/ILSVRC2012_val_00002051.JPEG,triceratops,True,True,True,yes,biotic,material,"The target is a Triceratops model or figurine. Since the material is clearly textured to resemble a natural creature (a dinosaur), and it is a manufactured object whose natural material of origin (or representation thereof) is visually identifiable, it falls under the category of Nature-Based Artefacts. Furthermore, as a representation of a non-human living entity, it also qualifies as a representation of nature. Since nature is 'yes', I evaluate the sub-axes. A Triceratops is a representation of fauna, making it biotic. Because this is a physical, crafted object occupying space, it is material.",False
/home/pmonserrat/datasets/imagenet/extracted_data/n01728572/ILSVRC2012_val_00003569.JPEG,thunder snake,True,True,True,yes,biotic,material,"The target is a snake. Snakes are non-human living entities (fauna), which are explicitly included under the definition of Nature. The image appears to be a photograph of a real specimen. Since nature is 'yes', I evaluate the sub-axes. A snake is a living organism (fauna), making it biotic. As a physical, tangible animal, it occupies space and has mass, making it material.",False
/home/pmonserrat/datasets/imagenet/extracted_data/n01728920/ILSVRC2012_val_00001042.JPEG,ringneck snake,True,True,True,yes,biotic,material,"The target is a ringneck snake. This is a non-human living entity (fauna), which is explicitly included in the definition of Nature. Since nature is 'yes', I evaluate the sub-axes. A snake is a living organism (fauna), making it biotic. The image shows a physical snake held in a hand, meaning it has physical presence and occupies space, making it material.",False
/home/pmonserrat/datasets/imagenet/extracted_data/n01729322/ILSVRC2012_val_00002568.JPEG,hognose snake,True,True,True,yes,biotic,material,"The target is a hognose snake. This is a non-human living entity (fauna), which is explicitly included under the definition of Nature. Since nature is 'yes', I evaluate the sub-axes. A snake is a living organism (fauna), making it biotic. The image shows a physical, real instance of the snake occupying space, making it material.",False
/home/pmonserrat/datasets/imagenet/extracted_data/n01729977/ILSVRC2012_val_00000029.JPEG,green snake,True,True,True,yes,biotic,material,"The target is a green snake. Snakes are non-human living entities (fauna). Since the image depicts a real, physically present instance of a living organism, it falls under the definition of nature. Since nature is 'yes', I evaluate the sub-axes. A snake is a living organism (fauna), making it biotic. The snake is a physical entity that occupies space and has mass, making it material.",False
/home/pmonserrat/datasets/imagenet/extracted_data/n01734418/ILSVRC2012_val_00000512.JPEG,king snake,True,True,True,yes,biotic,material,"The target is a king snake. The visual evidence shows a photograph of a real, non-human living entity (fauna) in its natural habitat, which directly falls under the definition of non-human living entities counting as nature. Since nature is 'yes', I evaluate the sub-axes. A snake is a fauna, making it biotic. The image is a photograph of the actual physical snake, meaning it has physical presence and occupies space, making it material.",False
/home/pmonserrat/datasets/imagenet/extracted_data/n01735189/ILSVRC2012_val_00000006.JPEG,garter snake,True,True,True,yes,biotic,material,"The target is a garter snake. As a non-human living entity (fauna), it falls directly under the definition of nature, regardless of its environment. Since nature is 'yes', I evaluate the sub-axes. A snake is a living organism (fauna), making it biotic. The image shows a physical, real snake occupying space, making it material.",False
/home/pmonserrat/datasets/imagenet/extracted_data/n01737021/ILSVRC2012_val_00000084.JPEG,water snake,True,True,True,yes,biotic,material,"The target is a water snake. This is a non-human living entity (fauna) found in a natural environment, which explicitly counts as nature under the definition. Since nature is 'yes', I evaluate the sub-axes. A snake is a living organism (fauna), making it biotic. The image shows a real, physically present instance of the snake, making it material.",False
/home/pmonserrat/datasets/imagenet/extracted_data/n01739381/ILSVRC2012_val_00001108.JPEG,vine snake,True,True,True,yes,biotic,material,"The target is a vine snake. The visual evidence shows a living reptile, which falls under the category of non-human living entities (fauna). This directly meets the definition of nature. Since nature is 'yes', I evaluate the sub-axes. A snake is a living organism (fauna), making it biotic. The snake is a physical, tangible creature occupying space, making it material.",False
/home/pmonserrat/datasets/imagenet/extracted_data/n01740131/ILSVRC2012_val_00000337.JPEG,night snake,True,True,True,yes,biotic,material,"The target is a 'night snake'. The image displays a clear, physical photograph of a snake, which is a non-human living entity (fauna). This directly falls under the definition of non-human living entities, thus counting as nature. Since nature is 'yes', I evaluate the sub-axes. A snake is a living organism (fauna), making it biotic. The image is a photograph of a real, physical snake, meaning it occupies space and has mass, making it material.",False
/home/pmonserrat/datasets/imagenet/extracted_data/n01742172/ILSVRC2012_val_00000786.JPEG,boa constrictor,True,True,True,yes,biotic,material,"The target is a boa constrictor. It is a non-human living entity (fauna), which is explicitly included in the definition of Nature. Since nature is 'yes', I evaluate the sub-axes. A boa constrictor is a living organism (fauna), making it biotic. The image is a photograph of the actual snake, meaning it has physical presence and occupies space, making it material.",False
/home/pmonserrat/datasets/imagenet/extracted_data/n01744401/ILSVRC2012_val_00000688.JPEG,rock python,True,True,True,yes,biotic,material,"The target is a rock python. This is a non-human living entity (fauna), and the image provides a real, physically present instance of this organism, which explicitly counts as nature. Since nature is 'yes', I evaluate the sub-axes. A python is a living organism (fauna), making it biotic. The image shows a real, physical snake occupying space, making it material.",False
/home/pmonserrat/datasets/imagenet/extracted_data/n01748264/ILSVRC2012_val_00003143.JPEG,indian cobra,True,True,True,yes,biotic,material,"The target is an Indian cobra, which is a non-human living entity (fauna). This falls directly under the definition of nature. Since nature is 'yes', I evaluate the sub-axes. A cobra is a living organism (fauna), making it biotic. The image shows a physical, real snake occupying space, making it material.",False
/home/pmonserrat/datasets/imagenet/extracted_data/n01749939/ILSVRC2012_val_00000298.JPEG,green mamba,True,True,True,yes,biotic,material,"The target is a green mamba, which is a non-human living entity (fauna). The image provides a clear, physical depiction of this organism, which falls under the definition of non-human living entities, thus counting as nature. Since nature is 'yes', I evaluate the sub-axes. A mamba is a living animal (fauna), making it biotic. The image shows a real, physical snake occupying space, making it material.",False
/home/pmonserrat/datasets/imagenet/extracted_data/n01751748/ILSVRC2012_val_00000001.JPEG,sea snake,True,True,True,yes,biotic,material,"The target is a sea snake. Sea snakes are non-human living entities (fauna) found in natural environments, which explicitly count as nature under the definition. Since nature is 'yes', I evaluate the sub-axes. A sea snake is a living organism (fauna), making it biotic. The image shows a physical, tangible snake on the sand, making it material.",False
/home/pmonserrat/datasets/imagenet/extracted_data/n01753488/ILSVRC2012_val_00001582.JPEG,horned viper,True,True,True,yes,biotic,material,"The target is a horned viper, which is a non-human living entity (fauna). This falls directly under the definition of nature, as it is a wild organism. Since nature is 'yes', I evaluate the sub-axes. A viper is a living organism (fauna), making it biotic. The image is a photograph of a real, physical snake, meaning it occupies space and has mass, making it material.",False
/home/pmonserrat/datasets/imagenet/extracted_data/n01755581/ILSVRC2012_val_00000749.JPEG,diamondback,True,True,True,yes,biotic,material,"The target is a diamondback rattlesnake. As a non-human living entity (fauna), it falls directly under the definition of nature. Since nature is 'yes', I evaluate the sub-axes. A snake is a living organism (fauna), making it biotic. The image shows a physical, tangible snake, making it material.",False
/home/pmonserrat/datasets/imagenet/extracted_data/n01756291/ILSVRC2012_val_00001706.JPEG,sidewinder,True,True,True,yes,biotic,material,"The target is a sidewinder, which is a type of snake (fauna). As a non-human living entity, it falls under the definition of nature. The image appears to be a scientific or photographic representation of a real organism. Since nature is 'yes', I evaluate the sub-axes. A snake is a living organism (fauna), making it biotic. The image depicts a physical, tangible organism, making it material.",False
/home/pmonserrat/datasets/imagenet/extracted_data/n01768244/ILSVRC2012_val_00000299.JPEG,trilobite,True,True,True,yes,biotic,material,"The target is a trilobite fossil embedded in rock. Fossils represent the preserved remains of past life forms. Since trilobites are extinct organisms (fauna), and their preserved remains are part of geological material, this falls under the scope of natural elements and processes, specifically representing a past biotic entity within a geological context. Since nature is 'yes', I evaluate the sub-axes. A trilobite is a fossilized organism, which is the material result of a biotic process (life). Therefore, it is biotic. The fossil itself is a physical impression/remains embedded in rock, meaning it has physical presence and occupies space, making it material.",False
/home/pmonserrat/datasets/imagenet/extracted_data/n01770081/ILSVRC2012_val_00000107.JPEG,harvestman,True,True,True,yes,biotic,material,"The target is a harvestman, which is a type of arachnid (fauna). Non-human living entities are explicitly included in the definition of nature, fulfilling the criteria. Since nature is 'yes', I evaluate the sub-axes. A harvestman is a living organism (fauna), making it biotic. The image is a close-up photograph of the actual organism, meaning it has physical presence and occupies space, making it material.",False
/home/pmonserrat/datasets/imagenet/extracted_data/n01770393/ILSVRC2012_val_00001007.JPEG,scorpion,True,True,True,yes,biotic,material,"The target is a scorpion. Scorpions are non-human living entities (fauna), which are explicitly included under the definition of Nature. Since nature is 'yes', I evaluate the sub-axes. A scorpion is a living organism (fauna), making it biotic. The image shows a physical, real instance of the organism, meaning it occupies space and has mass, making it material.",False
/home/pmonserrat/datasets/imagenet/extracted_data/n01773157/ILSVRC2012_val_00001037.JPEG,black and gold garden spider,True,True,True,yes,biotic,material,"The target is a garden spider. Individual organisms, such as fauna, are explicitly included under the definition of nature, regardless of whether they are wild or domesticated. Since nature is 'yes', I evaluate the sub-axes. A spider is a fauna (animal), making it biotic. The image shows a real, physically present instance of the spider, making it material.",False
/home/pmonserrat/datasets/imagenet/extracted_data/n01773549/ILSVRC2012_val_00002688.JPEG,barn spider,True,True,True,yes,biotic,material,"The target is a barn spider. Barn spiders are non-human living entities (fauna), which are explicitly included under the definition of Nature. Since nature is 'yes', I evaluate the sub-axes. A spider is a living organism (fauna), making it biotic. The image shows a photograph of a real, physical spider, meaning it occupies space and has mass, making it material.",False
/home/pmonserrat/datasets/imagenet/extracted_data/n01773797/ILSVRC2012_val_00000040.JPEG,garden spider,True,True,True,yes,biotic,material,"The target is a garden spider. The visual evidence shows a real, non-human living entity (fauna) present in a natural environment, which directly falls under the definition of non-human living entities, thus counting as nature. Since nature is 'yes', I evaluate the sub-axes. A spider is a fauna, making it biotic. The image depicts a physical, tangible organism occupying space, making it material.",False
/home/pmonserrat/datasets/imagenet/extracted_data/n01774384/ILSVRC2012_val_00001150.JPEG,black widow,True,True,True,yes,biotic,material,"The target is a black widow spider. This is a non-human living entity (fauna), which is explicitly included in the definition of Nature. Since nature is 'yes', I evaluate the sub-axes. A spider is a fauna, making it biotic. The image is a photograph of the actual spider, meaning it has physical presence and occupies space, making it material.",False
/home/pmonserrat/datasets/imagenet/extracted_data/n01774750/ILSVRC2012_val_00000396.JPEG,tarantula,True,True,True,yes,biotic,material,"The target is a tarantula, which is a non-human living entity (fauna). This falls directly under the definition of nature, regardless of whether it is wild or kept in an enclosure. Since nature is 'yes', I evaluate the sub-axes. A tarantula is a living organism (fauna), making it biotic. The image shows a physical, tangible specimen occupying space, making it material.",False
/home/pmonserrat/datasets/imagenet/extracted_data/n01775062/ILSVRC2012_val_00000218.JPEG,wolf spider,True,True,True,yes,biotic,material,"The target is a wolf spider. This is a non-human living entity (fauna), and the image provides a real, physically present instance of this organism, which directly falls under the definition of nature. Since nature is 'yes', I evaluate the sub-axes. A spider is a fauna, making it biotic. The image is a photograph of the actual spider, meaning it has physical presence and occupies space, making it material.",False
/home/pmonserrat/datasets/imagenet/extracted_data/n01776313/ILSVRC2012_val_00000679.JPEG,tick,True,True,True,yes,biotic,material,"The target is a tick (Ixodes ricinus). Ticks are non-human living entities (fauna), which are explicitly included under the definition of Nature. Since nature is 'yes', I evaluate the sub-axes. A tick is a living organism (fauna), making it biotic. The image shows a physical specimen, meaning it has physical presence and occupies space, making it material.",False
/home/pmonserrat/datasets/imagenet/extracted_data/n01784675/ILSVRC2012_val_00003981.JPEG,centipede,True,True,True,yes,biotic,material,"The target is a centipede. Centipedes are non-human living entities (fauna), which are explicitly included under the definition of Nature. Since nature is 'yes', I evaluate the sub-axes. A centipede is a living organism (fauna), making it biotic. The image shows a physical, real instance of the organism occupying space, making it material.",False
/home/pmonserrat/datasets/imagenet/extracted_data/n01795545/ILSVRC2012_val_00000075.JPEG,black grouse,True,True,True,yes,biotic,material,"The target is a black grouse, which is a non-human living entity (fauna). This falls directly under the definition of nature, as it is a wild organism. Since nature is 'yes', I evaluate the sub-axes. A black grouse is a living animal (fauna), making it biotic. The image shows a photograph of a real, physical bird occupying space, making it material.",False
/home/pmonserrat/datasets/imagenet/extracted_data/n01796340/ILSVRC2012_val_00000860.JPEG,ptarmigan,True,True,True,yes,biotic,material,"The target is a ptarmigan, which is a type of bird (fauna). Non-human living entities, whether wild or domesticated, are explicitly included in the definition of nature. Since nature is 'yes', I evaluate the sub-axes. A ptarmigan is a living organism (fauna), making it biotic. The image shows a real, physically present instance of the bird, making it material.",False
/home/pmonserrat/datasets/imagenet/extracted_data/n01797886/ILSVRC2012_val_00002539.JPEG,ruffed grouse,True,True,True,yes,biotic,material,"The target is a ruffed grouse, which is a non-human living entity (fauna). Individual organisms are explicitly included under the definition of Nature, fulfilling the criteria. Since nature is 'yes', I evaluate the sub-axes. A grouse is a living animal (fauna), making it biotic. The image shows a real, physical instance of the bird, meaning it occupies space and has mass, making it material.",False
/home/pmonserrat/datasets/imagenet/extracted_data/n01798484/ILSVRC2012_val_00001461.JPEG,prairie chicken,True,True,True,yes,biotic,material,"The target entity is a prairie chicken. Prairie chickens are non-human living entities (fauna) found in natural environments, which explicitly counts as nature under the definition. Since nature is 'yes', I evaluate the sub-axes. A prairie chicken is a wild animal (fauna), making it biotic. The image is a photograph of the actual living organisms, meaning they have physical presence and occupy space, making them material.",False
/home/pmonserrat/datasets/imagenet/extracted_data/n01806143/ILSVRC2012_val_00001146.JPEG,peacock,True,True,True,yes,biotic,material,"The target is a peacock. It is a non-human living entity (fauna). Since it is a real, physically present instance, it falls under the definition of nature. Since nature is 'yes', I evaluate the sub-axes. A peacock is a living organism (fauna), making it biotic. The image shows a physical bird occupying space, making it material.",False
/home/pmonserrat/datasets/imagenet/extracted_data/n01806567/ILSVRC2012_val_00003015.JPEG,quail,True,True,True,yes,biotic,material,"The target is a quail, which is a non-human living entity (fauna). This falls directly under the definition of non-human living entities included in Nature. Since nature is 'yes', I evaluate the sub-axes. A quail is a living organism (fauna), making it biotic. The image shows a real, physically present instance of the bird, making it material.",False
/home/pmonserrat/datasets/imagenet/extracted_data/n01807496/ILSVRC2012_val_00000576.JPEG,partridge,True,True,True,yes,biotic,material,"The target is a partridge, which is a non-human living entity (fauna). Since it is a real, physically present instance of a wild animal, it falls under the definition of nature. Since nature is 'yes', I evaluate the sub-axes. A partridge is a living organism (fauna), making it biotic. As a physical bird occupying space, it is material.",False
/home/pmonserrat/datasets/imagenet/extracted_data/n01817953/ILSVRC2012_val_00001629.JPEG,african grey,True,True,True,yes,biotic,material,"The target is an African Grey parrot. This is a non-human living entity (fauna), which is explicitly included in the definition of nature. Since nature is 'yes', I evaluate the sub-axes. A parrot is a living organism (fauna), making it biotic. The image shows a real, physical bird, which occupies space and has mass, making it material.",False
/home/pmonserrat/datasets/imagenet/extracted_data/n01818515/ILSVRC2012_val_00001163.JPEG,macaw,True,True,True,yes,biotic,material,"The target is a macaw, which is a non-human living entity (fauna). The image appears to be a high-quality rendering or photograph of a real bird, fitting the definition of a living organism, thus counting as nature. Since nature is 'yes', I evaluate the sub-axes. A macaw is a bird (fauna), making it biotic. As it is a physical, tangible bird, it is material.",False
/home/pmonserrat/datasets/imagenet/extracted_data/n01819313/ILSVRC2012_val_00001288.JPEG,sulphur-crested cockatoo,True,True,True,yes,biotic,material,"The target is a sulphur-crested cockatoo, which is a non-human living entity (fauna). This falls directly under the definition of nature. Since nature is 'yes', I evaluate the sub-axes. A cockatoo is a bird (fauna), making it biotic. The image shows a real, physical bird occupying space, making it material.",False
/home/pmonserrat/datasets/imagenet/extracted_data/n01820546/ILSVRC2012_val_00001749.JPEG,lorikeet,True,True,True,yes,biotic,material,"The target is a lorikeet, which is a type of bird (fauna). Non-human living entities, whether wild or domesticated, are explicitly included in the definition of nature. Since nature is 'yes', I evaluate the sub-axes. A lorikeet is a living organism (fauna), making it biotic. The image is a photograph of a real, physical bird, meaning it occupies space and has mass, making it material.",False
/home/pmonserrat/datasets/imagenet/extracted_data/n01824575/ILSVRC2012_val_00000370.JPEG,coucal,True,True,True,yes,biotic,material,"The target is a coucal, which is a type of bird. Non-human living entities (fauna) are explicitly included in the definition of nature, fulfilling the criteria. Since nature is 'yes', I evaluate the sub-axes. A coucal is a living organism (fauna), making it biotic. The image is a photograph of a real, physical bird, meaning it occupies space and has mass, making it material.",False
/home/pmonserrat/datasets/imagenet/extracted_data/n01828970/ILSVRC2012_val_00000051.JPEG,bee eater,True,True,True,yes,biotic,material,"The target is a bee eater, which is a non-human living entity (fauna). The image provides a clear, physical depiction of this organism in its natural environment, fulfilling the criteria for nature. Since nature is 'yes', I evaluate the sub-axes. A bee eater is a living animal (fauna), making it biotic. The image shows a real, physical bird occupying space, making it material.",False
/home/pmonserrat/datasets/imagenet/extracted_data/n01829413/ILSVRC2012_val_00002100.JPEG,hornbill,True,True,True,yes,biotic,material,"The target is a hornbill. It is a non-human living entity (fauna) present in a natural environment (grass/dirt), which directly falls under the definition of nature. Since nature is 'yes', I evaluate the sub-axes. A hornbill is a living organism (fauna), making it biotic. The image is a photograph of a real, physical bird, meaning it occupies space and has mass, making it material.",False
/home/pmonserrat/datasets/imagenet/extracted_data/n01833805/ILSVRC2012_val_00002974.JPEG,hummingbird,True,True,True,yes,biotic,material,"The target is a hummingbird, which is a non-human living entity (fauna). This falls directly under the definition of nature. Since nature is 'yes', I evaluate the sub-axes. A hummingbird is a living organism (fauna), making it biotic. The image is a photograph of a real, physically present instance of the bird, meaning it occupies space and has mass, making it material.",False
/home/pmonserrat/datasets/imagenet/extracted_data/n01843065/ILSVRC2012_val_00002326.JPEG,jacamar,True,True,True,yes,biotic,material,"The target is a jacamar, which is a non-human living entity (fauna). The image provides a clear, physical depiction of this bird in its natural environment, fulfilling the criteria for nature. Since nature is 'yes', I evaluate the sub-axes. A jacamar is a bird, which falls under natural or semi-natural fauna, making it biotic. The bird is a physical organism occupying space, making it material.",False
/home/pmonserrat/datasets/imagenet/extracted_data/n01843383/ILSVRC2012_val_00000952.JPEG,toucan,True,True,True,yes,biotic,material,"The target is a toucan, which is a non-human living entity (fauna). The image depicts a real, physically present instance of this animal in its natural environment, fulfilling the criteria for nature. Since nature is 'yes', I evaluate the sub-axes. A toucan is a living organism (fauna), making it biotic. As a real, physical animal occupying space, it is material.",False
/home/pmonserrat/datasets/imagenet/extracted_data/n01847000/ILSVRC2012_val_00000415.JPEG,drake,True,True,True,yes,biotic,material,"The target is a 'drake', which refers to a male duck. The image clearly depicts several ducks in a natural body of water. As a non-human living entity (fauna), this falls under the definition of nature. Since nature is 'yes', I evaluate the sub-axes. Ducks are fauna, making them biotic. The image shows the actual physical ducks in the water, meaning they have physical presence and mass, making them material.",False
/home/pmonserrat/datasets/imagenet/extracted_data/n01855032/ILSVRC2012_val_00002309.JPEG,red-breasted merganser,True,True,True,yes,biotic,material,"The target is a red-breasted merganser, which is a non-human living entity (fauna). The image provides a clear, physical depiction of this bird in its natural environment, fulfilling the criteria for nature. Since nature is 'yes', I evaluate the sub-axes. A bird is a fauna, making it biotic. The bird is a physical organism occupying space, making it material.",False
/home/pmonserrat/datasets/imagenet/extracted_data/n01855672/ILSVRC2012_val_00000547.JPEG,goose,True,True,True,yes,biotic,material,"The target is a goose. The visual evidence shows a real, non-human living entity (fauna) present in a natural/semi-natural environment (grass/park setting). This directly matches the definition of non-human living entities and ecosystems, fulfilling the criteria for nature. Since nature is 'yes', I evaluate the sub-axes. A goose is a living animal (fauna), making it biotic. The goose is a physical organism that occupies space and has mass, making it material.",False
/home/pmonserrat/datasets/imagenet/extracted_data/n01860187/ILSVRC2012_val_00000466.JPEG,black swan,True,True,True,yes,biotic,material,"The target is a black swan, which is a non-human living entity (fauna). This falls directly under the definition of nature, as it is a real, physically present instance of a living organism. Since nature is 'yes', I evaluate the sub-axes. A swan is a living organism (fauna), making it biotic. The image is a photograph of the actual bird, meaning it has physical presence and occupies space, making it material.",False
/home/pmonserrat/datasets/imagenet/extracted_data/n01871265/ILSVRC2012_val_00000067.JPEG,tusker,True,False,True,yes,biotic,material,"The target is a tusker (an elephant). Elephants are non-human living entities (fauna), which are explicitly included in the definition of nature. Since nature is 'yes', I evaluate the sub-axes. An elephant is a living organism (fauna), making it biotic. The image shows a real, physically present instance of the animal, making it material.",False
/home/pmonserrat/datasets/imagenet/extracted_data/n01872401/ILSVRC2012_val_00000319.JPEG,echidna,True,True,True,yes,biotic,material,"The target is an echidna, which is a non-human living entity (fauna). Since it is a real, physically present instance of an organism, it falls under the definition of nature. Since nature is 'yes', I evaluate the sub-axes. An echidna is a living animal, classifying it as biotic. As a physical, living organism occupying space, it is material.",False
/home/pmonserrat/datasets/imagenet/extracted_data/n01873310/ILSVRC2012_val_00000189.JPEG,platypus,True,True,True,yes,biotic,material,"The target is a platypus, which is a non-human living entity (fauna). Since it is depicted in a photograph within its natural environment (a body of water), it falls under the definition of non-human living entities and is a literal, physical instance, fulfilling the criteria for nature. Since nature is 'yes', I evaluate the sub-axes. A platypus is a living animal (fauna), making it biotic. As it is a physical organism present in the image, it has mass and occupies space, making it material.",False
/home/pmonserrat/datasets/imagenet/extracted_data/n01877812/ILSVRC2012_val_00000655.JPEG,wallaby,True,True,True,yes,biotic,material,"The target is a wallaby, which is a non-human living entity (fauna). Since it is depicted as a real, physically present instance in a natural environment, it meets the definition of nature. Since nature is 'yes', I evaluate the sub-axes. A wallaby is a fauna, making it biotic. As a living organism occupying space, it has a physical presence, making it material.",False
/home/pmonserrat/datasets/imagenet/extracted_data/n01882714/ILSVRC2012_val_00000970.JPEG,koala,True,True,True,yes,biotic,material,"The target is a koala. Koalas are non-human living entities (fauna) found in a natural environment (a tree). This directly matches the definition of nature. Since nature is 'yes', I evaluate the sub-axes. A koala is a living organism (fauna), making it biotic. The image shows a real, physical koala in a tree, meaning it has physical presence and mass, making it material.",False
/home/pmonserrat/datasets/imagenet/extracted_data/n01883070/ILSVRC2012_val_00001933.JPEG,wombat,True,True,True,yes,biotic,material,"The target is a wombat, which is a non-human living entity (fauna). This falls directly under the definition of nature, as it is a wild animal present in a natural/semi-natural environment (the grass). Since nature is 'yes', I evaluate the sub-axes. A wombat is a fauna, making it biotic. The image shows a physical, real animal occupying space, making it material.",False
/home/pmonserrat/datasets/imagenet/extracted_data/n01910747/ILSVRC2012_val_00000063.JPEG,jellyfish,True,True,True,yes,biotic,material,"The target is a jellyfish. Jellyfish are non-human living entities (fauna) found in marine environments, which falls directly under the definition of nature. Since nature is 'yes', I evaluate the sub-axes. A jellyfish is a living organism (fauna), making it biotic. The image shows a physical, observable organism in the water, meaning it has physical presence and mass, making it material.",False
/home/pmonserrat/datasets/imagenet/extracted_data/n01914609/ILSVRC2012_val_00000017.JPEG,sea anemone,True,True,True,yes,biotic,material,"The target is a sea anemone. Sea anemones are non-human living entities (fauna) found in marine environments, which falls directly under the definition of nature. Since nature is 'yes', I evaluate the sub-axes. A sea anemone is a living organism (fauna), making it biotic. The image shows a physical, tangible organism occupying space, making it material.",False
/home/pmonserrat/datasets/imagenet/extracted_data/n01917289/ILSVRC2012_val_00000011.JPEG,brain coral,True,True,True,yes,biotic,material,"The target is 'brain coral'. Coral is a type of marine invertebrate (fauna/flora derivative) that forms part of a natural ecosystem. As a non-human living entity found in a natural environment, it meets the definition of nature. Since nature is 'yes', I evaluate the sub-axes. Coral is a living organism (fauna/flora derivative), making it biotic. The image shows a physical, tangible organism occupying space, making it material.",False
/home/pmonserrat/datasets/imagenet/extracted_data/n01924916/ILSVRC2012_val_00003054.JPEG,flatworm,True,True,True,yes,biotic,material,"The target is a flatworm. Flatworms are non-human living entities (fauna/organisms), which are explicitly included under the definition of Nature. Since nature is 'yes', I evaluate the sub-axes. A flatworm is a living organism, classifying it as biotic. The image is a close-up photograph of the actual organism, meaning it has physical presence and occupies space, classifying it as material.",False
/home/pmonserrat/datasets/imagenet/extracted_data/n01930112/ILSVRC2012_val_00000836.JPEG,nematode,True,True,True,yes,biotic,material,"The target is a nematode, which is a type of organism (worm). Non-human living entities, such as individual organisms, are explicitly included under the definition of nature. The image provides a microscopic view of these organisms. Since nature is 'yes', I evaluate the sub-axes. A nematode is a living organism (fauna/organism), making it biotic. The image is a direct, physical photograph of the organism, meaning it has physical presence and occupies space, making it material.",False
/home/pmonserrat/datasets/imagenet/extracted_data/n01943899/ILSVRC2012_val_00000781.JPEG,conch,True,True,True,yes,biotic,material,"The target is a conch shell. A conch is the external structure of a mollusc (fauna). While the shell itself is mineralized, it originates from a living organism, and the definition includes non-human living entities (fauna) and their derivatives. As a physical remnant of a natural organism, it counts as nature. Since nature is 'yes', I evaluate the sub-axes. The conch is a remnant of a mollusc, which is fauna, making it biotic. It is a physical object occupying space and having mass, making it material.",False
/home/pmonserrat/datasets/imagenet/extracted_data/n01944390/ILSVRC2012_val_00001268.JPEG,snail,True,True,True,yes,biotic,material,"The target is a snail. Snails are non-human living entities (fauna), which are explicitly included under the definition of Nature. Since nature is 'yes', I evaluate the sub-axes. A snail is a living organism (fauna), making it biotic. The image shows a physical snail occupying space, making it material.",False
/home/pmonserrat/datasets/imagenet/extracted_data/n01945685/ILSVRC2012_val_00000546.JPEG,slug,True,True,True,yes,biotic,material,"The target is a slug. Slugs are non-human living entities (fauna), which are explicitly included under the definition of Nature. Since nature is 'yes', I evaluate the sub-axes. A slug is a living organism (fauna), making it biotic. The image shows a real, physical slug occupying space, making it material.",False
/home/pmonserrat/datasets/imagenet/extracted_data/n01950731/ILSVRC2012_val_00000154.JPEG,sea slug,True,True,True,yes,biotic,material,"The target is a sea slug. Sea slugs are non-human living entities (fauna) found in a natural marine environment, which directly falls under the definition of nature. Since nature is 'yes', I evaluate the sub-axes. A sea slug is a living organism (fauna), making it biotic. The image is a photograph of the actual organism occupying space, making it material.",False
/home/pmonserrat/datasets/imagenet/extracted_data/n01955084/ILSVRC2012_val_00000689.JPEG,chiton,True,True,True,yes,biotic,material,"The target is a chiton, which is a type of mollusc. Non-human living entities, including fauna, are explicitly included in the definition of nature. Since nature is 'yes', I evaluate the sub-axes. A chiton is a living organism (fauna), making it biotic. The image shows a physical specimen in its natural environment, meaning it has physical presence and mass, making it material.",False
/home/pmonserrat/datasets/imagenet/extracted_data/n01968897/ILSVRC2012_val_00001356.JPEG,chambered nautilus,True,True,True,yes,biotic,material,"The target entity is a chambered nautilus, which is a type of mollusc (fauna). As a non-human living entity, it falls under the definition of nature. Since nature is 'yes', I evaluate the sub-axes. A chambered nautilus is a living organism (fauna), making it biotic. The image shows a physical specimen occupying space, making it material.",False
/home/pmonserrat/datasets/imagenet/extracted_data/n01978287/ILSVRC2012_val_00000195.JPEG,dungeness crab,True,True,True,yes,biotic,material,"The target is a dungeness crab. This is a non-human living entity (fauna). Since it is a real, physically present instance of a living organism, it falls under the definition of nature. Since nature is 'yes', I evaluate the sub-axes. A crab is a fauna, making it biotic. The image shows a physical crab occupying space, making it material.",False
/home/pmonserrat/datasets/imagenet/extracted_data/n01978455/ILSVRC2012_val_00002684.JPEG,rock crab,True,True,True,yes,biotic,material,"The target is a rock crab. This is a non-human living entity (fauna) found in a natural environment (beach/rocky area), which explicitly counts as nature under the definition. Since nature is 'yes', I evaluate the sub-axes. A crab is a fauna, making it biotic. The image shows a physical, real instance of the crab, meaning it has physical presence and mass, making it material.",False
/home/pmonserrat/datasets/imagenet/extracted_data/n01980166/ILSVRC2012_val_00000818.JPEG,fiddler crab,True,True,True,yes,biotic,material,"The target is a fiddler crab, which is a non-human living entity (fauna). This falls directly under the definition of nature, as it is a wild organism. Since nature is 'yes', I evaluate the sub-axes. A crab is a fauna, making it biotic. The image is a photograph of a real, physical organism occupying space, making it material.",False
/home/pmonserrat/datasets/imagenet/extracted_data/n01981276/ILSVRC2012_val_00000238.JPEG,king crab,True,True,True,yes,biotic,material,"The target is a king crab. King crabs are non-human living entities (fauna) and are explicitly included in the definition of nature. Since nature is 'yes', I evaluate the sub-axes. A king crab is a fauna, making it biotic. The image shows a physical, tangible crab held by a person, making it material.",False
/home/pmonserrat/datasets/imagenet/extracted_data/n01983481/ILSVRC2012_val_00000111.JPEG,american lobster,True,True,True,yes,biotic,material,"The target is an American lobster. Lobsters are non-human living entities (fauna). Since the image depicts a real, physical lobster, it falls under the definition of non-human living entities, fulfilling the criteria for nature. Since nature is 'yes', I evaluate the sub-axes. A lobster is a fauna, making it biotic. The lobster is a physical organism that occupies space and has mass, making it material.",False
/home/pmonserrat/datasets/imagenet/extracted_data/n01984695/ILSVRC2012_val_00002152.JPEG,spiny lobster,True,True,True,yes,biotic,material,"The target is a spiny lobster. Spiny lobster is a type of fauna (a non-human living entity), which is explicitly included in the definition of nature. Since nature is 'yes', I evaluate the sub-axes. A spiny lobster is a living organism (fauna), making it biotic. The image shows the actual physical lobsters, which occupy space and have mass, making them material.",False
/home/pmonserrat/datasets/imagenet/extracted_data/n01985128/ILSVRC2012_val_00001381.JPEG,crayfish,True,True,True,yes,biotic,material,"The target is a crayfish. Crayfish are non-human living entities (fauna), which are explicitly included under the definition of Nature. Since nature is 'yes', I evaluate the sub-axes. A crayfish is a living organism (fauna), making it biotic. The image is a photograph of a physical organism occupying space, making it material.",False
/home/pmonserrat/datasets/imagenet/extracted_data/n01986214/ILSVRC2012_val_00000231.JPEG,hermit crab,True,True,True,yes,biotic,material,"The target entity is a hermit crab. Hermit crabs are non-human living entities (fauna), which are explicitly included in the definition of nature. Since nature is 'yes', I evaluate the sub-axes. A hermit crab is a living organism (fauna), making it biotic. The image shows a physical crab and its shell, which occupies space and has mass, making it material.",False
/home/pmonserrat/datasets/imagenet/extracted_data/n01990800/ILSVRC2012_val_00000669.JPEG,isopod,True,True,True,yes,biotic,material,"The target is an isopod, which is a type of crustacean (arthropod). Non-human living entities, including fauna, are explicitly included in the definition of nature. Since nature is 'yes', I evaluate the sub-axes. An isopod is a living organism (fauna), making it biotic. The image shows a photograph of a real, physical organism occupying space, making it material.",False
/home/pmonserrat/datasets/imagenet/extracted_data/n02002556/ILSVRC2012_val_00000690.JPEG,white stork,True,True,True,yes,biotic,material,"The target is a white stork, which is a non-human living entity (fauna). This falls directly under the definition of nature, as it is a wild organism. Since nature is 'yes', I evaluate the sub-axes. A stork is a living animal (fauna), making it biotic. The image shows a physical, real bird occupying space, making it material.",False
/home/pmonserrat/datasets/imagenet/extracted_data/n02002724/ILSVRC2012_val_00001068.JPEG,black stork,True,True,True,yes,biotic,material,"The target is a black stork, which is a non-human living entity (fauna). This falls directly under the definition of nature, as it is a wild organism present in a semi-natural environment (the garden/pond area). Since nature is 'yes', I evaluate the sub-axes. A stork is a living organism (fauna), making it biotic. The image shows a real, physically present bird, making it material.",False
/home/pmonserrat/datasets/imagenet/extracted_data/n02006656/ILSVRC2012_val_00000043.JPEG,spoonbill,True,True,True,yes,biotic,material,"The target is a spoonbill, which is a non-human living entity (fauna). The image provides a real, physically present instance of this organism, which directly falls under the definition of nature. Since nature is 'yes', I evaluate the sub-axes. A spoonbill is a bird (fauna), making it biotic. As a living organism occupying space, it has a physical presence, making it material.",False
/home/pmonserrat/datasets/imagenet/extracted_data/n02007558/ILSVRC2012_val_00000356.JPEG,flamingo,True,True,True,yes,biotic,material,"The target is a flamingo, which is a non-human living entity (fauna). This falls directly under the definition of nature, as it is a real, physically present instance of a living organism. Since nature is 'yes', I evaluate the sub-axes. A flamingo is a living animal (fauna), making it biotic. The image is a photograph of the actual bird, meaning it has physical presence and occupies space, making it material.",False
/home/pmonserrat/datasets/imagenet/extracted_data/n02009229/ILSVRC2012_val_00000794.JPEG,little blue heron,True,True,True,yes,biotic,material,"The target is a little blue heron. This is a non-human living entity (fauna) captured in a photograph, which falls directly under the definition of nature. Since nature is 'yes', I evaluate the sub-axes. A heron is a living organism (fauna), making it biotic. The image is a photograph of a real, physical bird occupying space, making it material.",False
/home/pmonserrat/datasets/imagenet/extracted_data/n02009912/ILSVRC2012_val_00001067.JPEG,american egret,True,True,True,yes,biotic,material,"The target is an American Egret, which is a non-human living entity (fauna). This falls directly under the definition of nature, as it is a wild bird. Since nature is 'yes', I evaluate the sub-axes. An egret is a living organism (fauna), making it biotic. The image is a photograph of a real, physical bird occupying space, making it material.",False
/home/pmonserrat/datasets/imagenet/extracted_data/n02011460/ILSVRC2012_val_00000363.JPEG,bittern,True,True,True,yes,biotic,material,"The target is a bittern, which is a non-human living entity (fauna). The image is a photograph of a real, wild bird in its natural habitat, which directly falls under the definition of nature. Since nature is 'yes', I evaluate the sub-axes. A bird is a fauna, making it biotic. The image is a photograph of a physical organism occupying space, making it material.",False
/home/pmonserrat/datasets/imagenet/extracted_data/n02012849/ILSVRC2012_val_00000389.JPEG,crane,True,True,True,yes,biotic,material,"The target is a crane (bird). The image shows a real, living bird in a natural environment. Non-human living entities (fauna) are explicitly included in the definition of nature. Since nature is 'yes', I evaluate the sub-axes. A crane is a bird, which falls under natural or semi-natural fauna, making it biotic. As a physical, living organism occupying space, it is material.",False
/home/pmonserrat/datasets/imagenet/extracted_data/n02013706/ILSVRC2012_val_00002126.JPEG,limpkin,True,True,True,yes,biotic,material,"The target is a limpkin, which is a type of bird (fauna). Non-human living entities are explicitly included in the definition of nature, fulfilling the criteria. Since nature is 'yes', I evaluate the sub-axes. A limpkin is a living organism (fauna), making it biotic. The image shows a real, physical bird in its environment, meaning it has physical presence and mass, making it material.",False
/home/pmonserrat/datasets/imagenet/extracted_data/n02017213/ILSVRC2012_val_00003399.JPEG,european gallinule,True,True,True,yes,biotic,material,"The target is a European gallinule, which is a non-human living entity (fauna). This falls directly under the definition of nature. Since nature is 'yes', I evaluate the sub-axes. A gallinule is a living organism (fauna), making it biotic. The image is a photograph of a real, physical bird occupying space, making it material.",False
/home/pmonserrat/datasets/imagenet/extracted_data/n02018207/ILSVRC2012_val_00000825.JPEG,american coot,True,True,True,yes,biotic,material,"The target entity is an 'american coot', which is a specific type of bird. Non-human living entities (fauna) are explicitly included in the definition of nature, and this image depicts a real, physical instance of such an entity. Since nature is 'yes', I evaluate the sub-axes. A bird is a living organism (fauna), making it biotic. The image shows a real, physical bird occupying space, making it material.",False
/home/pmonserrat/datasets/imagenet/extracted_data/n02018795/ILSVRC2012_val_00001073.JPEG,bustard,True,True,True,yes,biotic,material,"The target is a bustard, which is a non-human living entity (fauna). The image provides a real, physically present instance of this animal in its natural environment, fulfilling the criteria for nature. Since nature is 'yes', I evaluate the sub-axes. A bustard is a fauna, making it biotic. The image shows a real, physical bird occupying space, making it material.",False
/home/pmonserrat/datasets/imagenet/extracted_data/n02025239/ILSVRC2012_val_00001800.JPEG,ruddy turnstone,True,True,True,yes,biotic,material,"The target is a ruddy turnstone, which is a species of bird. Non-human living entities (fauna) are explicitly included in the definition of nature, fulfilling the criteria. Since nature is 'yes', I evaluate the sub-axes. A bird is a living organism (fauna), making it biotic. The image shows a real, physically present instance of the bird, making it material.",False
/home/pmonserrat/datasets/imagenet/extracted_data/n02027492/ILSVRC2012_val_00000177.JPEG,red-backed sandpiper,True,True,True,yes,biotic,material,"The target is a red-backed sandpiper, which is a non-human living entity (fauna). This falls directly under the definition of nature, as it is a wild bird. Since nature is 'yes', I evaluate the sub-axes. A bird is a fauna, making it biotic. The image is a photograph of a real, physical bird occupying space, making it material.",False
/home/pmonserrat/datasets/imagenet/extracted_data/n02028035/ILSVRC2012_val_00000470.JPEG,redshank,True,True,True,yes,biotic,material,"The target is a redshank, which is a non-human living entity (fauna). Individual organisms are explicitly included under the definition of nature. Since nature is 'yes', I evaluate the sub-axes. A bird is a fauna, making it biotic. The image is a photograph of a real, physical bird, meaning it occupies space and has mass, making it material.",False
/home/pmonserrat/datasets/imagenet/extracted_data/n02033041/ILSVRC2012_val_00000098.JPEG,dowitcher,True,True,True,yes,biotic,material,"The target is a dowitcher, which is a type of bird. Non-human living entities (fauna) are explicitly included in the definition of nature, whether wild or domesticated, fulfilling the criteria. Since nature is 'yes', I evaluate the sub-axes. A bird is a living organism (fauna), making it biotic. The image is a photograph of a real, physical bird, meaning it occupies space and has mass, making it material.",False
/home/pmonserrat/datasets/imagenet/extracted_data/n02037110/ILSVRC2012_val_00000548.JPEG,oystercatcher,True,True,True,yes,biotic,material,"The target is an oystercatcher, which is a non-human living entity (fauna). This falls directly under the definition of nature. Since nature is 'yes', I evaluate the sub-axes. An oystercatcher is a living organism (fauna), making it biotic. The image shows a real, physically present instance of the bird, making it material.",False
/home/pmonserrat/datasets/imagenet/extracted_data/n02051845/ILSVRC2012_val_00003147.JPEG,pelican,True,True,True,yes,biotic,material,"The target is a pelican. It is a non-human living entity (fauna) present in a natural environment (beach/water), which explicitly counts as nature under the definition. Since nature is 'yes', I evaluate the sub-axes. A pelican is a living organism (fauna), making it biotic. The image shows a real, physical bird occupying space, making it material.",False
/home/pmonserrat/datasets/imagenet/extracted_data/n02056570/ILSVRC2012_val_00001056.JPEG,king penguin,True,True,True,yes,biotic,material,"The target is a king penguin. It is a non-human living entity (fauna). Since it is depicted in a photograph of a real-world environment, it is a literal, physically present instance of a living organism, fulfilling the criteria for nature. Since nature is 'yes', I evaluate the sub-axes. A penguin is a fauna, making it biotic. As it is a physical organism present in the scene, it is material.",False
/home/pmonserrat/datasets/imagenet/extracted_data/n02058221/ILSVRC2012_val_00000207.JPEG,albatross,True,True,True,yes,biotic,material,"The target is an albatross, which is a non-human living entity (fauna). Since it is depicted in a natural, wild setting, it falls under the definition of non-human living entities in nature. Since nature is 'yes', I evaluate the sub-axes. An albatross is a living organism (fauna), making it biotic. The image shows a physical bird in a real environment, meaning it has physical presence and mass, making it material.",False
/home/pmonserrat/datasets/imagenet/extracted_data/n02066245/ILSVRC2012_val_00000016.JPEG,grey whale,True,True,True,yes,biotic,material,"The target is a grey whale. Grey whales are non-human living entities (fauna). Since the image depicts a real, physically present instance of this organism, it falls under the definition of nature. Since nature is 'yes', I evaluate the sub-axes. A whale is a fauna, which is a living organism, making it biotic. The whale is a physical, tangible entity that occupies space and has mass, making it material.",False
/home/pmonserrat/datasets/imagenet/extracted_data/n02071294/ILSVRC2012_val_00000545.JPEG,killer whale,True,True,True,yes,biotic,material,"The target entity is a killer whale. Killer whales are non-human living entities (fauna) and are explicitly included in the definition of nature. Since nature is 'yes', I evaluate the sub-axes. A killer whale is a living organism (fauna), making it biotic. The image shows a real, physical animal in the water, meaning it has physical presence and mass, making it material.",False
/home/pmonserrat/datasets/imagenet/extracted_data/n02074367/ILSVRC2012_val_00000072.JPEG,dugong,True,True,True,yes,biotic,material,"The target is a dugong, which is a marine mammal. Non-human living entities (fauna) are explicitly included in the definition of nature, and this image shows a real, physical instance of such an entity. Since nature is 'yes', I evaluate the sub-axes. A dugong is a living animal (fauna), making it biotic. The image is a photograph of the actual animal occupying space, making it material.",False
/home/pmonserrat/datasets/imagenet/extracted_data/n02077923/ILSVRC2012_val_00000033.JPEG,sea lion,True,True,True,yes,biotic,material,"The target is a sea lion. Sea lions are non-human living entities (fauna) and are explicitly included in the definition of nature. Since nature is 'yes', I evaluate the sub-axes. A sea lion is a living organism (fauna), making it biotic. The image shows a real, physical sea lion in the water, meaning it has physical presence and mass, making it material.",False
/home/pmonserrat/datasets/imagenet/extracted_data/n02085620/ILSVRC2012_val_00001049.JPEG,chihuahua,True,True,True,yes,biotic,material,"The target is a Chihuahua, which is a specific breed of dog. Dogs are non-human living entities (fauna) and are explicitly included in the definition of nature, regardless of whether they are wild, domesticated, or bred. Since nature is 'yes', I evaluate the sub-axes. A dog is a living organism (fauna), making it biotic. The image shows a physical dog present in the scene, meaning it has physical presence and occupies space, making it material.",False
/home/pmonserrat/datasets/imagenet/extracted_data/n02085782/ILSVRC2012_val_00000462.JPEG,japanese spaniel,True,True,True,yes,biotic,material,"The target is a Japanese Spaniel, which is a non-human living entity (fauna). The image is a photograph of a real, physical dog, which falls under the definition of non-human living entities, thus counting as nature. Since nature is 'yes', I evaluate the sub-axes. A dog is a living organism (fauna), making it biotic. As a physical animal present in the scene, it occupies space and has mass, making it material.",False
/home/pmonserrat/datasets/imagenet/extracted_data/n02085936/ILSVRC2012_val_00000457.JPEG,maltese dog,True,True,True,yes,biotic,material,"The target is a Maltese dog. It is a non-human living entity (fauna) that is a real, physically present instance, which directly falls under the definition of nature. Since nature is 'yes', I evaluate the sub-axes. A dog is a living organism (fauna), making it biotic. The image is a photograph of the actual dog, meaning it has physical presence and occupies space, making it material.",False
/home/pmonserrat/datasets/imagenet/extracted_data/n02086079/ILSVRC2012_val_00001069.JPEG,pekinese,True,True,True,yes,biotic,material,"The target is a Pekinese, which is a specific breed of dog. Non-human living entities, including domesticated animals, are explicitly included under the definition of nature. Since nature is 'yes', I evaluate the sub-axes. A dog is a fauna, making it biotic. The image shows a real, physical dog, meaning it occupies space and has mass, making it material.",False
/home/pmonserrat/datasets/imagenet/extracted_data/n02086240/ILSVRC2012_val_00000907.JPEG,shih-tzu,True,True,True,yes,biotic,material,"The target is a Shih-Tzu, which is a domesticated animal (fauna). Non-human living entities, whether wild, semi-natural, or domesticated, are explicitly included in the definition of nature. Since nature is 'yes', I evaluate the sub-axes. A dog is a living organism (fauna), making it biotic. The image shows a physical, real instance of the animal, meaning it occupies space and has mass, making it material.",False
/home/pmonserrat/datasets/imagenet/extracted_data/n02086646/ILSVRC2012_val_00000613.JPEG,blenheim spaniel,True,True,True,yes,biotic,material,"The target is a Blenheim Spaniel, which is a specific type of dog. Non-human living entities, including domesticated animals, are explicitly included under the definition of nature (fauna), fulfilling the criteria. Since nature is 'yes', I evaluate the sub-axes. A dog is a living organism (fauna), making it biotic. The image shows a physical, real instance of the dog, meaning it occupies space and has mass, making it material.",False
/home/pmonserrat/datasets/imagenet/extracted_data/n02086910/ILSVRC2012_val_00001389.JPEG,papillon,True,True,True,yes,biotic,material,"The target is a 'papillon', which refers to a breed of dog. The image clearly depicts a real, living dog, which falls under the category of non-human living entities (fauna), thus fulfilling the criteria for nature. Since nature is 'yes', I evaluate the sub-axes. A dog is a living animal (fauna), making it biotic. The dog is a physical, tangible organism occupying space, making it material.",False
/home/pmonserrat/datasets/imagenet/extracted_data/n02087046/ILSVRC2012_val_00000170.JPEG,toy terrier,True,True,True,no,none,none,"The target is a 'toy terrier'. This is a manufactured object (a toy). While it depicts a dog (a living entity), it is a non-natural, artificial construct. It does not qualify as a 'Nature-Based Artefact' because it is not made from a clearly identifiable natural material (like wood or stone), and it is not a representation of nature in the sense of an artistic or fictional depiction of a real natural element; it is a manufactured plaything. Not applicable since the entity is not nature.",False
/home/pmonserrat/datasets/imagenet/extracted_data/n02087394/ILSVRC2012_val_00000077.JPEG,rhodesian ridgeback,True,True,True,yes,biotic,material,"The target is a Rhodesian Ridgeback, which is a specific breed of dog. Dogs are non-human living entities (fauna). Since the image depicts a real, physical instance of this animal in a natural environment, it counts as nature. Since nature is 'yes', I evaluate the sub-axes. A dog is a fauna, making it biotic. The image shows a physical animal occupying space, making it material.",False
/home/pmonserrat/datasets/imagenet/extracted_data/n02088094/ILSVRC2012_val_00000082.JPEG,afghan hound,True,True,True,yes,biotic,material,"The target is an Afghan Hound, which is a specific type of dog. Non-human living entities, including domesticated animals, are explicitly included under the definition of nature. The image shows a real, physical instance of this animal. Since nature is 'yes', I evaluate the sub-axes. A dog is a fauna (animal), making it biotic. The animal is physically present and occupies space, making it material.",False
/home/pmonserrat/datasets/imagenet/extracted_data/n02088238/ILSVRC2012_val_00000838.JPEG,basset,True,True,True,yes,biotic,material,"The target is a Basset Hound dog. As a non-human living entity (fauna), it falls under the definition of nature, regardless of whether it is wild or domesticated. Since nature is 'yes', I evaluate the sub-axes. A dog is a living organism (fauna), making it biotic. The image shows a physical dog occupying space, making it material.",False
/home/pmonserrat/datasets/imagenet/extracted_data/n02088364/ILSVRC2012_val_00000599.JPEG,beagle,True,True,True,yes,biotic,material,"The target is a beagle, which is a domesticated animal (fauna). Non-human living entities, whether wild, semi-natural, or domesticated, are explicitly included in the definition of nature. Since nature is 'yes', I evaluate the sub-axes. A beagle is a living organism (fauna), making it biotic. The image shows a real, physical dog occupying space, making it material.",False
/home/pmonserrat/datasets/imagenet/extracted_data/n02088466/ILSVRC2012_val_00000141.JPEG,bloodhound,True,True,True,yes,biotic,material,"The target is a bloodhound, which is a specific type of dog. Dogs are domesticated fauna, and individual organisms count as non-human living entities under the definition of nature. The image shows a real, physical instance of this animal. Since nature is 'yes', I evaluate the sub-axes. A dog is a fauna, making it biotic. The image captures the physical animal, which occupies space and has mass, making it material.",False
/home/pmonserrat/datasets/imagenet/extracted_data/n02088632/ILSVRC2012_val_00001097.JPEG,bluetick,True,True,True,yes,biotic,material,"The target entity is a 'bluetick' dog. The image shows a photograph of a real, living dog. Non-human living entities, whether wild, domesticated, or bred, are explicitly included in the definition of nature. Since nature is 'yes', I evaluate the sub-axes. A dog is a fauna, making it biotic. Since the image is a photograph of the actual physical dog, it has a physical presence and occupies space, making it material.",False
/home/pmonserrat/datasets/imagenet/extracted_data/n02089078/ILSVRC2012_val_00000327.JPEG,black-and-tan coonhound,True,True,True,yes,biotic,material,"The target is a black-and-tan coonhound. This is a non-human living entity (fauna), which is explicitly included under the definition of Nature. Since nature is 'yes', I evaluate the sub-axes. A dog is a fauna, making it biotic. The image depicts a real, physical dog, meaning it occupies space and has mass, making it material.",False
/home/pmonserrat/datasets/imagenet/extracted_data/n02089867/ILSVRC2012_val_00000511.JPEG,walker hound,True,True,True,yes,biotic,material,"The target is a 'walker hound', which is a specific type of dog. Dogs are non-human living entities (fauna) and count as nature under the definition. Since nature is 'yes', I evaluate the sub-axes. A dog is a living organism (fauna), making it biotic. The image is a photograph of a real, physical dog, meaning it occupies space and has mass, making it material.",False
/home/pmonserrat/datasets/imagenet/extracted_data/n02089973/ILSVRC2012_val_00000028.JPEG,english foxhound,True,True,True,yes,biotic,material,"The target is an English Foxhound, which is a specific type of dog. Dogs are non-human living entities (fauna) and are explicitly included in the definition of nature, regardless of whether they are wild or domesticated. Since nature is 'yes', I evaluate the sub-axes. A dog is a living organism (fauna), making it biotic. The image is a photograph of a physical dog, meaning it has physical presence and occupies space, making it material.",False
/home/pmonserrat/datasets/imagenet/extracted_data/n02090379/ILSVRC2012_val_00001267.JPEG,redbone,True,True,True,yes,biotic,material,"The target is a dog, which is a non-human living entity (fauna). This falls directly under the definition of nature. Since nature is 'yes', I evaluate the sub-axes. A dog is a living organism (fauna), making it biotic. The image shows a real, physical dog, meaning it occupies space and has mass, making it material.",False
/home/pmonserrat/datasets/imagenet/extracted_data/n02090622/ILSVRC2012_val_00001626.JPEG,borzoi,True,True,True,yes,biotic,material,"The target is a Borzoi, which is a specific breed of dog. Dogs are non-human living entities (fauna) and count as nature under the definition. Since nature is 'yes', I evaluate the sub-axes. A dog is a living organism (fauna), making it biotic. The image shows a physical photograph of the actual animals, meaning they have physical presence and mass, making them material.",False
/home/pmonserrat/datasets/imagenet/extracted_data/n02090721/ILSVRC2012_val_00001765.JPEG,irish wolfhound,True,True,True,yes,biotic,material,"The target is an Irish Wolfhound, which is a specific type of dog. Non-human living entities, including domesticated animals, are explicitly included under the definition of nature (fauna), fulfilling the criteria. Since nature is 'yes', I evaluate the sub-axes. A dog is a living organism (fauna), making it biotic. The image is a photograph of a real, physical animal, meaning it occupies space and has mass, making it material.",False
/home/pmonserrat/datasets/imagenet/extracted_data/n02091032/ILSVRC2012_val_00001825.JPEG,italian greyhound,True,True,True,yes,biotic,material,"The target is an Italian Greyhound, which is a specific type of dog. Non-human living entities, including domesticated animals, are explicitly included under the definition of nature (fauna), fulfilling the criteria. Since nature is 'yes', I evaluate the sub-axes. A dog is a living organism (fauna), making it biotic. The image shows a physical, real animal occupying space, making it material.",False
/home/pmonserrat/datasets/imagenet/extracted_data/n02091134/ILSVRC2012_val_00001846.JPEG,whippet,True,True,True,yes,biotic,material,"The target is a whippet, which is a type of dog. Dogs are domesticated fauna, and individual organisms count as non-human living entities under the definition of nature. Since nature is 'yes', I evaluate the sub-axes. A dog is a fauna, making it biotic. The image is a photograph of a real, physical animal, meaning it occupies space and has mass, making it material.",False
/home/pmonserrat/datasets/imagenet/extracted_data/n02091244/ILSVRC2012_val_00000022.JPEG,ibizan hound,True,True,True,yes,biotic,material,"The target entity is an 'Ibizan hound,' which is a specific breed of dog. Dogs are non-human living entities (fauna). Since the image depicts a real, physical instance of this animal, it falls under the definition of non-human living entities, fulfilling the criteria for nature. Since nature is 'yes', I evaluate the sub-axes. A dog is a fauna, making it biotic. The image shows a physical dog present in the environment, meaning it has physical presence and occupies space, making it material.",False
/home/pmonserrat/datasets/imagenet/extracted_data/n02091467/ILSVRC2012_val_00002328.JPEG,norwegian elkhound,True,True,True,yes,biotic,material,"The target is a Norwegian Elkhound, which is a specific type of dog. Non-human living entities, including domesticated animals, are explicitly included under the definition of nature. Since nature is 'yes', I evaluate the sub-axes. A dog is a fauna (animal), making it biotic. The image shows a real, physical animal occupying space, making it material.",False
/home/pmonserrat/datasets/imagenet/extracted_data/n02091635/ILSVRC2012_val_00000079.JPEG,otterhound,True,True,True,yes,biotic,material,"The target is an Otterhound, which is a specific type of dog. Non-human living entities, including domesticated animals, are explicitly included under the definition of nature. Since nature is 'yes', I evaluate the sub-axes. A dog is a fauna (animal), making it biotic. The image is a photograph of a real, physical dog, meaning it occupies space and has mass, making it material.",False
/home/pmonserrat/datasets/imagenet/extracted_data/n02091831/ILSVRC2012_val_00000263.JPEG,saluki,True,True,True,yes,biotic,material,"The target is a Saluki, which is a specific breed of dog. Dogs are non-human living entities (fauna) and are explicitly included in the definition of nature, as they are domesticated animals. Since nature is 'yes', I evaluate the sub-axes. A dog is a living organism (fauna), making it biotic. The image shows a photograph of a real, physical dog occupying space, making it material.",False
/home/pmonserrat/datasets/imagenet/extracted_data/n02092002/ILSVRC2012_val_00000405.JPEG,scottish deerhound,True,True,True,yes,biotic,material,"The target is a Scottish Deerhound, which is a specific type of dog. Dogs are non-human living entities (fauna) and are explicitly included under the definition of nature. The image is a photograph of a real instance. Since nature is 'yes', I evaluate the sub-axes. A dog is a living organism (fauna), making it biotic. Since the image is a photograph of the actual physical animal, it occupies space and has mass, making it material.",False
/home/pmonserrat/datasets/imagenet/extracted_data/n02092339/ILSVRC2012_val_00001385.JPEG,weimaraner,True,True,True,yes,biotic,material,"The target is a Weimaraner, which is a specific breed of dog. Dogs are non-human living entities (fauna). Since the image shows a real, physically present instance of this animal, it falls under the definition of nature. Since nature is 'yes', I evaluate the sub-axes. A dog is a fauna, making it biotic. The dog is a physical, living organism that occupies space and has mass, making it material.",False
/home/pmonserrat/datasets/imagenet/extracted_data/n02093256/ILSVRC2012_val_00000248.JPEG,staffordshire bullterrier,True,True,True,yes,biotic,material,"The target is a Staffordshire Bull Terrier, which is a non-human living entity (fauna). Since the image is a photograph of a real animal, it falls under the definition of a non-human living entity, thus counting as nature. Since nature is 'yes', I evaluate the sub-axes. A dog is a fauna, making it biotic. As a physical, living organism occupying space, it is material.",False
/home/pmonserrat/datasets/imagenet/extracted_data/n02093428/ILSVRC2012_val_00000191.JPEG,american staffordshire terrier,True,True,True,yes,biotic,material,"The target is an American Staffordshire Terrier, which is a non-human living entity (fauna). This falls under the definition of non-human living entities, fulfilling the criteria for nature. Since nature is 'yes', I evaluate the sub-axes. The dog is a living animal (fauna), making it biotic. The image shows a physical, real dog occupying space, making it material.",False
/home/pmonserrat/datasets/imagenet/extracted_data/n02093647/ILSVRC2012_val_00000883.JPEG,bedlington terrier,True,True,True,yes,biotic,material,"The target is a Bedlington Terrier, which is a specific breed of dog. Dogs are non-human living entities (fauna) and are explicitly included in the definition of nature. Since nature is 'yes', I evaluate the sub-axes. A dog is a living organism (fauna), making it biotic. The image is a photograph of a real, physical dog, meaning it occupies space and has mass, making it material.",False
/home/pmonserrat/datasets/imagenet/extracted_data/n02093754/ILSVRC2012_val_00000832.JPEG,border terrier,True,True,True,yes,biotic,material,"The target is a Border Terrier, which is a specific type of dog. Dogs are non-human living entities (fauna) and are explicitly included under the definition of nature, regardless of whether they are wild or domesticated. Since nature is 'yes', I evaluate the sub-axes. A dog is a living organism (fauna), making it biotic. The image shows a physical, real dog occupying space, making it material.",False
/home/pmonserrat/datasets/imagenet/extracted_data/n02093859/ILSVRC2012_val_00000062.JPEG,kerry blue terrier,True,True,True,yes,biotic,material,"The target is a Kerry Blue Terrier, which is a specific breed of dog. Non-human living entities, including domesticated animals, are explicitly included under the definition of nature. The image shows a real, physical instance of this animal. Since nature is 'yes', I evaluate the sub-axes. A dog is a fauna, making it biotic. The animal is physically present and occupies space, making it material.",False
/home/pmonserrat/datasets/imagenet/extracted_data/n02093991/ILSVRC2012_val_00000588.JPEG,irish terrier,True,True,True,yes,biotic,material,"The target is an Irish Terrier, which is a specific type of dog. Non-human living entities, including domesticated animals, are explicitly included under the definition of nature. The image shows a real, physical instance of these animals. Since nature is 'yes', I evaluate the sub-axes. A dog is a fauna, making it biotic. The animals are physically present in the snow, occupying space and having mass, making them material.",False
/home/pmonserrat/datasets/imagenet/extracted_data/n02094114/ILSVRC2012_val_00000391.JPEG,norfolk terrier,True,True,True,yes,biotic,material,"The target is a Norfolk Terrier, which is a specific type of dog. Non-human living entities, including domesticated animals, are explicitly included under the definition of nature (fauna), fulfilling the criteria. Since nature is 'yes', I evaluate the sub-axes. A dog is a living organism (fauna), making it biotic. The image shows a photograph of a real, physical dog occupying space, making it material.",False
/home/pmonserrat/datasets/imagenet/extracted_data/n02094258/ILSVRC2012_val_00000612.JPEG,norwich terrier,True,True,True,yes,biotic,material,"The target is a Norwich Terrier, which is a specific breed of dog. Non-human living entities, including domesticated animals, are explicitly included under the definition of nature. Since nature is 'yes', I evaluate the sub-axes. A dog is a fauna, making it biotic. The image shows a physical, real instance of the dog, meaning it has physical presence and occupies space, making it material.",False
/home/pmonserrat/datasets/imagenet/extracted_data/n02094433/ILSVRC2012_val_00000696.JPEG,yorkshire terrier,True,True,True,yes,biotic,material,"The target is a Yorkshire Terrier, which is a non-human living entity (fauna). Since it is a photograph of a real, physical animal, it falls under the definition of non-human living entities and counts as nature. Since nature is 'yes', I evaluate the sub-axes. A dog is a fauna, making it biotic. As a physical animal present in the image, it occupies space and has mass, making it material.",False
/home/pmonserrat/datasets/imagenet/extracted_data/n02095314/ILSVRC2012_val_00001001.JPEG,wire-haired fox terrier,True,True,True,yes,biotic,material,"The target is a wire-haired fox terrier. This is a non-human living entity (fauna) that is domesticated, which falls under the definition of nature. Since nature is 'yes', I evaluate the sub-axes. A dog is an animal (fauna), making it biotic. The image shows a physical dog in a physical setting, meaning it has physical presence and occupies space, making it material.",False
/home/pmonserrat/datasets/imagenet/extracted_data/n02095570/ILSVRC2012_val_00002194.JPEG,lakeland terrier,True,True,True,yes,biotic,material,"The target is a Lakeland Terrier, which is a specific breed of dog. Dogs are non-human living entities (fauna) and are explicitly included in the definition of nature. Since nature is 'yes', I evaluate the sub-axes. A dog is a living organism (fauna), making it biotic. The image shows a real, physically present instance of the dog, meaning it occupies space and has mass, making it material.",False
/home/pmonserrat/datasets/imagenet/extracted_data/n02095889/ILSVRC2012_val_00000474.JPEG,sealyham terrier,True,True,True,yes,biotic,material,"The target is a Sealyham Terrier, which is a specific breed of dog. Dogs are non-human living entities (fauna). Since the image shows a real, physically present instance of this animal, it falls under the definition of nature. Since nature is 'yes', I evaluate the sub-axes. A dog is a fauna, making it biotic. The dog is a physical, living organism that occupies space and has mass, making it material.",False
/home/pmonserrat/datasets/imagenet/extracted_data/n02096051/ILSVRC2012_val_00003002.JPEG,airedale,True,True,True,yes,biotic,material,"The target entity is a dog. The visual evidence shows a real, living animal, which falls under the category of non-human living entities (fauna) and counts as nature. Since nature is 'yes', I evaluate the sub-axes. A dog is a living organism (fauna), making it biotic. The dog is a physical, tangible animal occupying space, making it material.",False
/home/pmonserrat/datasets/imagenet/extracted_data/n02096177/ILSVRC2012_val_00000379.JPEG,cairn,True,True,True,yes,abiotic,material,"The target is a cairn, which is a human-made stack of stones. Since the stones are natural geological components, and the structure is composed of these identifiable natural materials, it qualifies as a nature-based artefact. Since nature is 'yes', I evaluate the sub-axes. The stones are geological components, making them abiotic. The cairn is a physical structure occupying space and having mass, making it material.",False
/home/pmonserrat/datasets/imagenet/extracted_data/n02096294/ILSVRC2012_val_00001564.JPEG,australian terrier,True,True,True,yes,biotic,material,"The target is an Australian Terrier, which is a non-human living entity (fauna). Since it is a real, physically present instance of an animal, it falls under the definition of nature. Since nature is 'yes', I evaluate the sub-axes. An Australian Terrier is a domesticated animal (fauna), making it biotic. The image shows a physical dog occupying space, making it material.",False
/home/pmonserrat/datasets/imagenet/extracted_data/n02096437/ILSVRC2012_val_00000279.JPEG,dandie dinmont,True,True,True,yes,biotic,material,"The target entity is a group of puppies. These are non-human living entities (fauna) that are domesticated, which falls under the definition of nature. They are physically present in the image. Since nature is 'yes', I evaluate the sub-axes. Puppies are animals (fauna), making them biotic. They are physical, living organisms occupying space, making them material.",False
/home/pmonserrat/datasets/imagenet/extracted_data/n02096585/ILSVRC2012_val_00000350.JPEG,boston bull,True,True,True,yes,biotic,material,"The target is a puppy, which is a non-human living entity (fauna). Since it is a real, physically present instance of a living organism, it falls under the definition of nature. Since nature is 'yes', I evaluate the sub-axes. A puppy is a living animal (fauna), making it biotic. As it is a physical, tangible dog occupying space, it is material.",False
/home/pmonserrat/datasets/imagenet/extracted_data/n02097047/ILSVRC2012_val_00000176.JPEG,miniature schnauzer,True,True,True,yes,biotic,material,"The target is a miniature schnauzer, which is a domesticated animal (fauna). Non-human living entities, whether wild, semi-natural, or domesticated, are explicitly included in the definition of nature. Since nature is 'yes', I evaluate the sub-axes. A dog is a living organism (fauna), making it biotic. The image is a photograph of a real, physical dog, meaning it occupies space and has mass, making it material.",False
/home/pmonserrat/datasets/imagenet/extracted_data/n02097130/ILSVRC2012_val_00002573.JPEG,giant schnauzer,True,True,True,yes,biotic,material,"The target is a giant schnauzer, which is a non-human living entity (fauna). Since the image depicts a real, physically present instance of this animal, it falls under the definition of nature. Since nature is 'yes', I evaluate the sub-axes. A dog is a fauna, making it biotic. The animal is a physical, living organism that occupies space and has mass, making it material.",False
/home/pmonserrat/datasets/imagenet/extracted_data/n02097209/ILSVRC2012_val_00000044.JPEG,standard schnauzer,True,True,True,yes,biotic,material,"The target is a standard schnauzer, which is a domesticated animal (fauna). Non-human living entities, whether wild, semi-natural, or domesticated, are explicitly included in the definition of nature. Since nature is 'yes', I evaluate the sub-axes. A dog is a living organism (fauna), making it biotic. The image shows a physical dog occupying space, making it material.",False
/home/pmonserrat/datasets/imagenet/extracted_data/n02097298/ILSVRC2012_val_00000411.JPEG,scotch terrier,True,True,True,yes,biotic,material,"The target is a Scotch Terrier, which is a specific type of dog. Non-human living entities, including domesticated animals, are explicitly included under the definition of nature. Since nature is 'yes', I evaluate the sub-axes. A dog is a fauna, making it biotic. The image shows a real, physical dog occupying space, making it material.",False
/home/pmonserrat/datasets/imagenet/extracted_data/n02097474/ILSVRC2012_val_00000802.JPEG,tibetan terrier,True,True,True,yes,biotic,material,"The target is a Tibetan Terrier, which is a specific type of dog. Dogs are non-human living entities (fauna) and are explicitly included in the definition of nature, regardless of whether they are wild or domesticated. Since nature is 'yes', I evaluate the sub-axes. A dog is a living organism (fauna), making it biotic. The image is a photograph of a real, physical dog occupying space, making it material.",False
/home/pmonserrat/datasets/imagenet/extracted_data/n02097658/ILSVRC2012_val_00000105.JPEG,silky terrier,True,True,True,yes,biotic,material,"The target is a Silky Terrier, which is a specific type of dog. Dogs are non-human living entities (fauna) and count as nature, regardless of whether they are wild, domesticated, or bred. Since nature is 'yes', I evaluate the sub-axes. A dog is a living organism (fauna), making it biotic. The image shows a physical, real dog, meaning it has physical presence and occupies space, making it material.",False
/home/pmonserrat/datasets/imagenet/extracted_data/n02098105/ILSVRC2012_val_00000748.JPEG,soft-coated wheaten terrier,True,True,True,yes,biotic,material,"The target is a 'soft-coated wheaten terrier,' which is a specific type of dog. Dogs are non-human living entities (fauna) and fall under the definition of nature. Since nature is 'yes', I evaluate the sub-axes. A dog is a living organism (fauna), making it biotic. The image shows a real, physically present instance of the dog, meaning it occupies space and has mass, making it material.",False
/home/pmonserrat/datasets/imagenet/extracted_data/n02098286/ILSVRC2012_val_00002784.JPEG,west highland white terrier,True,True,True,yes,biotic,material,"The target is a West Highland White Terrier, which is a non-human living entity (fauna). This falls directly under the definition of nature. Since nature is 'yes', I evaluate the sub-axes. A dog is a living organism (fauna), making it biotic. The image shows a physical dog, which occupies space and has mass, making it material.",False
/home/pmonserrat/datasets/imagenet/extracted_data/n02098413/ILSVRC2012_val_00001481.JPEG,lhasa,True,True,True,yes,biotic,material,"The target is a dog. Non-human living entities, including domesticated animals, are explicitly included under the definition of nature. The image shows a real, physical instance of this entity. Since nature is 'yes', I evaluate the sub-axes. A dog is a fauna, making it biotic. As a physical, living organism occupying space, it is material.",False
/home/pmonserrat/datasets/imagenet/extracted_data/n02099267/ILSVRC2012_val_00000824.JPEG,flat-coated retriever,True,True,True,yes,biotic,material,"The target is a flat-coated retriever, which is a specific type of dog. Dogs are non-human living entities (fauna) and count as nature, whether wild, domesticated, or bred. Since nature is 'yes', I evaluate the sub-axes. A dog is a living organism (fauna), making it biotic. The image shows a physical dog present in the environment, meaning it has physical presence and mass, making it material.",False
/home/pmonserrat/datasets/imagenet/extracted_data/n02099429/ILSVRC2012_val_00001434.JPEG,curly-coated retriever,True,True,True,yes,biotic,material,"The target is a curly-coated retriever, which is a specific type of dog. Dogs are non-human living entities (fauna) and are explicitly included in the definition of nature, regardless of whether they are wild or domesticated. Since nature is 'yes', I evaluate the sub-axes. A dog is a living organism (fauna), making it biotic. The image is a photograph of a real, physical dog occupying space, making it material.",False
/home/pmonserrat/datasets/imagenet/extracted_data/n02099601/ILSVRC2012_val_00001112.JPEG,golden retriever,True,True,True,yes,biotic,material,"The target is a golden retriever, which is a domesticated animal (fauna). Non-human living entities, whether wild, semi-natural, or domesticated, are explicitly included in the definition of nature. Since nature is 'yes', I evaluate the sub-axes. A dog is a living organism (fauna), making it biotic. The image shows a real, physical dog occupying space, making it material.",False
/home/pmonserrat/datasets/imagenet/extracted_data/n02099712/ILSVRC2012_val_00000375.JPEG,labrador retriever,True,True,True,yes,biotic,material,"The target is a Labrador Retriever. This is a non-human living entity (fauna) that is domesticated, which falls under the definition of nature. Since nature is 'yes', I evaluate the sub-axes. A dog is a living organism (fauna), making it biotic. The image is a photograph of a real, physical dog, meaning it occupies space and has mass, making it material.",False
/home/pmonserrat/datasets/imagenet/extracted_data/n02099849/ILSVRC2012_val_00000668.JPEG,chesapeake bay retriever,True,True,True,yes,biotic,material,"The target is a Chesapeake Bay Retriever, which is a specific breed of dog. Dogs are non-human living entities (fauna). Since the image shows a real, physically present instance of this animal, it falls under the definition of nature. Since nature is 'yes', I evaluate the sub-axes. A dog is a fauna, making it biotic. The image is a photograph of the actual animal, meaning it has physical presence and occupies space, making it material.",False
/home/pmonserrat/datasets/imagenet/extracted_data/n02100236/ILSVRC2012_val_00001070.JPEG,german short-haired pointer,True,True,True,yes,biotic,material,"The target is a German short-haired pointer, which is a specific type of domesticated animal (fauna). Non-human living entities, whether wild, semi-natural, or domesticated, are explicitly included in the definition of nature. Since nature is 'yes', I evaluate the sub-axes. A dog is a living organism (fauna), making it biotic. The image is a photograph of a real, physical dog, meaning it occupies space and has mass, making it material.",False
/home/pmonserrat/datasets/imagenet/extracted_data/n02100583/ILSVRC2012_val_00002323.JPEG,vizsla,True,True,True,yes,biotic,material,"The target is a Vizsla, which is a specific breed of dog. Dogs are non-human living entities (fauna) and are explicitly included in the definition of nature, regardless of whether they are wild, domesticated, or bred. Since nature is 'yes', I evaluate the sub-axes. A dog is a living organism (fauna), making it biotic. The image is a photograph of a physical dog, meaning it has physical presence and occupies space, making it material.",False
/home/pmonserrat/datasets/imagenet/extracted_data/n02100735/ILSVRC2012_val_00000172.JPEG,english setter,True,True,True,yes,biotic,material,"The target is an English Setter, which is a specific type of dog. Dogs are non-human living entities (fauna) and are explicitly included in the definition of nature, regardless of whether they are wild or domesticated. Since nature is 'yes', I evaluate the sub-axes. A dog is a fauna, making it biotic. The image shows a physical, real dog occupying space, making it material.",False
/home/pmonserrat/datasets/imagenet/extracted_data/n02100877/ILSVRC2012_val_00000161.JPEG,irish setter,True,True,True,yes,biotic,material,"The target is an Irish Setter, which is a specific type of dog. Non-human living entities, including domesticated animals, are explicitly included under the definition of nature. Since nature is 'yes', I evaluate the sub-axes. A dog is a fauna (animal), making it biotic. The image shows a real, physical dog occupying space, making it material.",False
/home/pmonserrat/datasets/imagenet/extracted_data/n02101006/ILSVRC2012_val_00000708.JPEG,gordon setter,True,True,True,yes,biotic,material,"The target is a Gordon Setter, which is a specific breed of dog. Dogs are non-human living entities (fauna). Since the image depicts a real, physical instance of this animal, it falls under the definition of nature. Since nature is 'yes', I evaluate the sub-axes. A dog is a fauna, making it biotic. The dog is a physical, living organism that occupies space and has mass, making it material.",False
/home/pmonserrat/datasets/imagenet/extracted_data/n02101388/ILSVRC2012_val_00000227.JPEG,brittany spaniel,True,True,True,yes,biotic,material,"The target is a Brittany Spaniel, which is a specific type of domesticated animal (fauna). Non-human living entities, whether wild, semi-natural, or domesticated, are explicitly included in the definition of nature. Since nature is 'yes', I evaluate the sub-axes. A dog is a fauna, making it biotic. The image shows a physical, real dog, which occupies space and has mass, making it material.",False
/home/pmonserrat/datasets/imagenet/extracted_data/n02101556/ILSVRC2012_val_00000643.JPEG,clumber,True,True,True,yes,biotic,material,"The target is a dog. The visual evidence shows a real, living animal (fauna) in a natural environment, which falls under the definition of non-human living entities, thus counting as nature. Since nature is 'yes', I evaluate the sub-axes. A dog is a living organism (fauna), making it biotic. The image is a photograph of the actual physical dog, meaning it has physical presence and mass, making it material.",False
/home/pmonserrat/datasets/imagenet/extracted_data/n02102040/ILSVRC2012_val_00000665.JPEG,english springer,True,True,True,yes,biotic,material,"The target is an English Springer, which is a specific type of dog. Non-human living entities, including domesticated animals, are explicitly included under the definition of nature, fulfilling the criteria. Since nature is 'yes', I evaluate the sub-axes. A dog is a fauna, making it biotic. The image is a photograph of a real, physical dog, meaning it occupies space and has mass, making it material.",False
/home/pmonserrat/datasets/imagenet/extracted_data/n02102177/ILSVRC2012_val_00002298.JPEG,welsh springer spaniel,True,True,True,yes,biotic,material,"The target is a Welsh Springer Spaniel, which is a specific type of domesticated animal (fauna). Non-human living entities, including domesticated animals, are explicitly included in the definition of nature. Since nature is 'yes', I evaluate the sub-axes. A dog is a living organism (fauna), making it biotic. The image is a photograph of a real, physical dog, meaning it occupies space and has mass, making it material.",False
/home/pmonserrat/datasets/imagenet/extracted_data/n02102318/ILSVRC2012_val_00000524.JPEG,cocker spaniel,True,True,True,yes,biotic,material,"The target is a cocker spaniel. This is a domesticated animal (fauna), which falls under the definition of non-human living entities and counts as nature. Since nature is 'yes', I evaluate the sub-axes. A dog is a living organism (fauna), making it biotic. The image shows a physical, real instance of the dog occupying space, making it material.",False
/home/pmonserrat/datasets/imagenet/extracted_data/n02102480/ILSVRC2012_val_00000539.JPEG,sussex spaniel,True,True,True,yes,biotic,material,"The target is a Sussex Spaniel, which is a domesticated animal (fauna). Non-human living entities, whether wild, semi-natural, or domesticated, are explicitly included in the definition of nature. Since nature is 'yes', I evaluate the sub-axes. A dog is a fauna, making it biotic. The image is a photograph of a physical dog, meaning it has physical presence and occupies space, making it material.",False
/home/pmonserrat/datasets/imagenet/extracted_data/n02102973/ILSVRC2012_val_00001693.JPEG,irish water spaniel,True,True,True,yes,biotic,material,"The target is an Irish Water Spaniel, which is a specific type of dog. Non-human living entities, including domesticated animals, are explicitly included under the definition of nature. Since nature is 'yes', I evaluate the sub-axes. A dog is a fauna (animal), making it biotic. The image shows a photograph of a real, physical dog, meaning it occupies space and has mass, making it material.",False
/home/pmonserrat/datasets/imagenet/extracted_data/n02104029/ILSVRC2012_val_00000507.JPEG,kuvasz,True,True,True,yes,biotic,material,"The target is a dog swimming in water. The dog is a non-human living entity (fauna), and the water is a hydrological component. Both are explicitly included in the definition of nature. Since nature is 'yes', I evaluate the sub-axes. The dog is a living organism (fauna), making it biotic. The dog is a physical, tangible animal, making it material.",False
/home/pmonserrat/datasets/imagenet/extracted_data/n02104365/ILSVRC2012_val_00000533.JPEG,schipperke,True,True,True,yes,biotic,material,"The target is a dog. The visual evidence shows a real, living animal, which falls under the category of non-human living entities (fauna) and counts as nature. Since nature is 'yes', I evaluate the sub-axes. A dog is a living organism (fauna), making it biotic. The dog is a physical, tangible animal occupying space, making it material.",False
/home/pmonserrat/datasets/imagenet/extracted_data/n02105056/ILSVRC2012_val_00001109.JPEG,groenendael,True,True,True,yes,biotic,material,"The target entity is a Groenendael dog. This is a non-human living entity (fauna) that is domesticated, which falls directly under the definition of nature. Since nature is 'yes', I evaluate the sub-axes. A dog is a living organism (fauna), making it biotic. The image shows actual, physical dogs, meaning they occupy space and have mass, making them material.",False
/home/pmonserrat/datasets/imagenet/extracted_data/n02105162/ILSVRC2012_val_00003176.JPEG,malinois,True,True,True,yes,biotic,material,"The target is a Malinois, which is a specific breed of dog. Dogs are non-human living entities (fauna) and are explicitly included in the definition of nature, regardless of whether they are wild or domesticated. Since nature is 'yes', I evaluate the sub-axes. A dog is a living organism (fauna), making it biotic. The image shows a physical dog present in the environment, meaning it occupies space and has mass, making it material.",False
/home/pmonserrat/datasets/imagenet/extracted_data/n02105251/ILSVRC2012_val_00004938.JPEG,briard,True,True,True,yes,biotic,material,"The target is a briard, which is a specific breed of dog. Dogs are non-human living entities (fauna) and count as nature under the definition. Since nature is 'yes', I evaluate the sub-axes. A dog is a living organism (fauna), making it biotic. The image shows a physical dog, which occupies space and has mass, making it material.",False
/home/pmonserrat/datasets/imagenet/extracted_data/n02105412/ILSVRC2012_val_00000113.JPEG,kelpie,True,True,True,yes,biotic,material,"The target is a dog. The visual evidence shows a real, physical dog, which falls under the category of non-human living entities (fauna) and counts as nature. Since nature is 'yes', I evaluate the sub-axes. A dog is a living organism (fauna), making it biotic. As a physical animal occupying space, it is material.",False
/home/pmonserrat/datasets/imagenet/extracted_data/n02105505/ILSVRC2012_val_00000383.JPEG,komondor,True,True,True,yes,biotic,material,"The target is a Komondor, which is a breed of dog. Dogs are non-human living entities (fauna). Since the image depicts a real, physical dog, it falls under the definition of a non-human living entity, thus counting as nature. Since nature is 'yes', I evaluate the sub-axes. A dog is a fauna, making it biotic. The dog is a physical, living organism occupying space, making it material.",False
/home/pmonserrat/datasets/imagenet/extracted_data/n02105641/ILSVRC2012_val_00002247.JPEG,old english sheepdog,True,True,True,yes,biotic,material,"The target is an Old English Sheepdog, which is a non-human living entity (fauna). Since the image is a photograph of a real animal, it falls under the definition of a non-human living entity, thus counting as nature. Since nature is 'yes', I evaluate the sub-axes. A dog is a living organism (fauna), making it biotic. As this is a photograph of a physical, tangible animal, it is material.",False
/home/pmonserrat/datasets/imagenet/extracted_data/n02105855/ILSVRC2012_val_00000003.JPEG,shetland sheepdog,True,True,True,yes,biotic,material,"The target is a Shetland Sheepdog, which is a specific type of domesticated animal (fauna). Non-human living entities, whether wild, semi-natural, or domesticated, are explicitly included in the definition of nature. Since nature is 'yes', I evaluate the sub-axes. A dog is a living organism (fauna), making it biotic. The image shows a physical, real-world instance of the animal, meaning it has physical presence and mass, making it material.",False
/home/pmonserrat/datasets/imagenet/extracted_data/n02106030/ILSVRC2012_val_00003480.JPEG,collie,True,True,True,yes,biotic,material,"The target is a Collie, which is a non-human living entity (fauna). Since it is a real, physically present instance of an animal, it falls under the definition of nature. Since nature is 'yes', I evaluate the sub-axes. A dog (Collie) is a fauna, making it biotic. The image is a photograph of a physical animal, meaning it has physical presence and occupies space, making it material.",False
/home/pmonserrat/datasets/imagenet/extracted_data/n02106166/ILSVRC2012_val_00000672.JPEG,border collie,True,True,True,yes,biotic,material,"The target is a Border Collie, which is a non-human living entity (fauna). Since it is a real, physically present instance of an organism, it falls under the definition of nature. Since nature is 'yes', I evaluate the sub-axes. A dog is a fauna, making it biotic. The image is a photograph of the actual animal, meaning it has physical presence and occupies space, making it material.",False
/home/pmonserrat/datasets/imagenet/extracted_data/n02106382/ILSVRC2012_val_00000203.JPEG,bouvier des flandres,True,True,True,yes,biotic,material,"The target is a Bouvier des Flandres, which is a specific breed of dog. As a non-human living entity (fauna), it falls under the definition of nature, regardless of whether it is wild, domesticated, or bred. Since nature is 'yes', I evaluate the sub-axes. A dog is a vertebrate animal, classifying it as biotic. The image shows a physical, real dog occupying space, making it material.",False
/home/pmonserrat/datasets/imagenet/extracted_data/n02106550/ILSVRC2012_val_00003623.JPEG,rottweiler,True,True,True,yes,biotic,material,"The target is a Rottweiler, which is a domesticated animal (fauna). Non-human living entities, whether wild, semi-natural, or domesticated, are explicitly included in the definition of nature. Since nature is 'yes', I evaluate the sub-axes. A dog is a living organism (fauna), making it biotic. The image shows a physical, real dog occupying space, making it material.",False
/home/pmonserrat/datasets/imagenet/extracted_data/n02106662/ILSVRC2012_val_00000946.JPEG,german shepherd,True,True,True,yes,biotic,material,"The target is a German Shepherd, which is a domesticated animal (fauna). Non-human living entities, whether wild, semi-natural, or domesticated, are explicitly included in the definition of nature. Since nature is 'yes', I evaluate the sub-axes. A dog is a living organism (fauna), making it biotic. The image is a photograph of a real, physical dog occupying space, making it material.",False
/home/pmonserrat/datasets/imagenet/extracted_data/n02107142/ILSVRC2012_val_00000134.JPEG,doberman,True,True,True,yes,biotic,material,"The target is a Doberman dog. The visual evidence shows a real, living animal (fauna) present in a natural/semi-natural environment (a garden/park). Individual organisms count as nature, fulfilling the criteria. Since nature is 'yes', I evaluate the sub-axes. A dog is a fauna, making it biotic. The dog is a physical, living entity occupying space, making it material.",False
/home/pmonserrat/datasets/imagenet/extracted_data/n02107312/ILSVRC2012_val_00004386.JPEG,miniature pinscher,True,True,True,yes,biotic,material,"The target is a miniature pinscher, which is a non-human living entity (fauna). Since the image depicts a real, physical instance of this animal, it falls under the definition of non-human living entities, fulfilling the criteria for nature. Since nature is 'yes', I evaluate the sub-axes. A dog is an animal (fauna), making it biotic. The image shows a physical dog occupying space, making it material.",False
/home/pmonserrat/datasets/imagenet/extracted_data/n02107574/ILSVRC2012_val_00000531.JPEG,greater swiss mountain dog,True,True,True,yes,biotic,material,"The target is a Greater Swiss Mountain Dog. This is a non-human living entity (fauna) that is domesticated, which falls under the definition of nature. Since nature is 'yes', I evaluate the sub-axes. A dog is a living organism (fauna), making it biotic. The image shows a physical dog present in the scene, meaning it occupies space and has mass, making it material.",False
/home/pmonserrat/datasets/imagenet/extracted_data/n02107683/ILSVRC2012_val_00002708.JPEG,bernese mountain dog,True,True,True,yes,biotic,material,"The target is a Bernese Mountain Dog, which is a non-human living entity (fauna). Since the image depicts a real, physically present instance of this animal, it falls under the definition of nature. Since nature is 'yes', I evaluate the sub-axes. A dog is a living organism (fauna), making it biotic. The dog is a physical animal that occupies space and has mass, making it material.",False
/home/pmonserrat/datasets/imagenet/extracted_data/n02107908/ILSVRC2012_val_00000594.JPEG,appenzeller,True,True,True,yes,biotic,material,"The target is a dog. The image shows a photograph of a real, living animal (fauna). Non-human living entities count as nature, fulfilling the criteria. Since nature is 'yes', I evaluate the sub-axes. A dog is a living organism (fauna), making it biotic. As a physical, living creature occupying space, it is material.",False
/home/pmonserrat/datasets/imagenet/extracted_data/n02108000/ILSVRC2012_val_00001005.JPEG,entlebucher,True,True,True,yes,biotic,material,"The target entity is 'Entlebucher', which refers to a specific breed of dog. The image clearly depicts a real, living dog (fauna) situated in a natural environment (grass/foliage). Therefore, the presence of the living organism fulfills the criteria for nature. Since nature is 'yes', I evaluate the sub-axes. A dog is a living animal (fauna), making it biotic. The dog is a physical, tangible organism occupying space, making it material.",False
/home/pmonserrat/datasets/imagenet/extracted_data/n02108089/ILSVRC2012_val_00000635.JPEG,boxer,True,True,True,yes,biotic,material,"The target is a boxer, which is a specific type of dog. Dogs are non-human living entities (fauna) and count as nature under the definition. Since nature is 'yes', I evaluate the sub-axes. A dog is a living organism (fauna), making it biotic. The image shows a real, physical dog occupying space, making it material.",False
/home/pmonserrat/datasets/imagenet/extracted_data/n02108422/ILSVRC2012_val_00000975.JPEG,bull mastiff,True,True,True,yes,biotic,material,"The target is a bull mastiff, which is a non-human living entity (fauna). This falls directly under the definition of nature. Since nature is 'yes', I evaluate the sub-axes. A dog is a fauna, making it biotic. The image is a photograph of a real, physical animal, meaning it occupies space and has mass, making it material.",False
/home/pmonserrat/datasets/imagenet/extracted_data/n02108551/ILSVRC2012_val_00004506.JPEG,tibetan mastiff,True,True,True,yes,biotic,material,"The target is a Tibetan Mastiff, which is a non-human living entity (fauna). Since it is a photograph of a real, physical animal, it falls under the definition of non-human living entities and counts as nature. Since nature is 'yes', I evaluate the sub-axes. A dog is a fauna, making it biotic. The image is a photograph of a physical animal, meaning it has physical presence and occupies space, making it material.",False
/home/pmonserrat/datasets/imagenet/extracted_data/n02108915/ILSVRC2012_val_00001313.JPEG,french bulldog,True,True,True,yes,biotic,material,"The target is a French Bulldog, which is a domesticated animal (fauna). Non-human living entities, whether wild, semi-natural, or domesticated, are explicitly included in the definition of nature. Since nature is 'yes', I evaluate the sub-axes. A dog is a fauna, making it biotic. The image shows a physical, real-world instance of the animal, meaning it has physical presence and occupies space, making it material.",False
/home/pmonserrat/datasets/imagenet/extracted_data/n02109047/ILSVRC2012_val_00001408.JPEG,great dane,True,True,True,yes,biotic,material,"The target is a Great Dane, which is a non-human living entity (fauna). Since the image depicts a real, physically present instance of this animal, it falls under the definition of nature. Since nature is 'yes', I evaluate the sub-axes. A dog is a fauna, making it biotic. The animal is a physical, living organism occupying space, making it material.",False
/home/pmonserrat/datasets/imagenet/extracted_data/n02109525/ILSVRC2012_val_00001937.JPEG,saint bernard,True,True,True,yes,biotic,material,"The target is a Saint Bernard dog. This is a non-human living entity (fauna) present in a natural/semi-natural environment (snowy yard), which falls under the definition of nature. Since nature is 'yes', I evaluate the sub-axes. A dog is a living organism (fauna), making it biotic. The image shows a physical dog in a real environment, meaning it has physical presence and mass, making it material.",False
/home/pmonserrat/datasets/imagenet/extracted_data/n02109961/ILSVRC2012_val_00000178.JPEG,eskimo dog,True,True,True,yes,biotic,material,"The target is an Eskimo dog (a type of dog). Dogs are non-human living entities (fauna), and the image depicts a real, physically present instance of this animal, which falls under the definition of nature. Since nature is 'yes', I evaluate the sub-axes. A dog is a fauna, making it biotic. The image shows a physical animal occupying space, making it material.",False
/home/pmonserrat/datasets/imagenet/extracted_data/n02110063/ILSVRC2012_val_00000729.JPEG,malamute,True,True,True,yes,biotic,material,"The target is a Malamute, which is a specific type of dog (fauna). As a non-human living entity, it falls under the definition of nature. Since nature is 'yes', I evaluate the sub-axes. A dog is a living organism (fauna), making it biotic. The image is a photograph of a real, physical animal, meaning it occupies space and has mass, making it material.",False
/home/pmonserrat/datasets/imagenet/extracted_data/n02110185/ILSVRC2012_val_00000269.JPEG,siberian husky,True,True,True,yes,biotic,material,"The target is a Siberian Husky, which is a domesticated animal (fauna). Non-human living entities, whether wild, semi-natural, or domesticated, are explicitly included in the definition of nature. Since nature is 'yes', I evaluate the sub-axes. A dog is a fauna, making it biotic. The image shows a real, physical dog occupying space, making it material.",False
/home/pmonserrat/datasets/imagenet/extracted_data/n02110341/ILSVRC2012_val_00001702.JPEG,dalmatian,True,True,True,yes,biotic,material,"The target is a Dalmatian dog. This is a non-human living entity (fauna) that is domesticated, which falls under the definition of nature. Since nature is 'yes', I evaluate the sub-axes. A dog is a living organism (fauna), making it biotic. The image shows a real, physical dog, meaning it occupies space and has mass, making it material.",False
/home/pmonserrat/datasets/imagenet/extracted_data/n02110627/ILSVRC2012_val_00002267.JPEG,affenpinscher,True,True,True,yes,biotic,material,"The target is an Affenpinscher, which is a specific breed of dog. Dogs are non-human living entities (fauna) and are explicitly included in the definition of nature, regardless of whether they are wild, domesticated, or bred. Since nature is 'yes', I evaluate the sub-axes. A dog is a living organism (fauna), making it biotic. The image shows a physical, tangible dog being held, meaning it occupies space and has mass, making it material.",False
/home/pmonserrat/datasets/imagenet/extracted_data/n02110806/ILSVRC2012_val_00001344.JPEG,basenji,True,True,True,yes,biotic,material,"The target is a Basenji dog. As a non-human living entity (fauna), it falls under the definition of nature, regardless of whether it is wild, domesticated, or bred. Since nature is 'yes', I evaluate the sub-axes. A dog is a living organism (fauna), making it biotic. The image shows a physical dog occupying space, making it material.",False
/home/pmonserrat/datasets/imagenet/extracted_data/n02110958/ILSVRC2012_val_00000220.JPEG,pug,True,True,True,yes,biotic,material,"The target is a pug, which is a domesticated animal (fauna). Non-human living entities, whether wild, semi-natural, or domesticated, are explicitly included in the definition of nature. Since nature is 'yes', I evaluate the sub-axes. A pug is a living organism (fauna), making it biotic. The image shows a real, physical dog occupying space, making it material.",False
/home/pmonserrat/datasets/imagenet/extracted_data/n02111129/ILSVRC2012_val_00001203.JPEG,leonberg,True,True,True,yes,biotic,material,"The target is a dog. The visual evidence shows a real, living animal (fauna). Non-human living entities count as nature, fulfilling the criteria. Since nature is 'yes', I evaluate the sub-axes. A dog is a living organism (fauna), making it biotic. The dog is a physical, tangible entity occupying space, making it material.",False
/home/pmonserrat/datasets/imagenet/extracted_data/n02111277/ILSVRC2012_val_00000045.JPEG,newfoundland,True,True,True,yes,biotic,material,"The target entity is 'newfoundland', which in this context refers to the Newfoundland dog visible in the image. The dog is a living organism (fauna), and the definition explicitly includes domesticated animals, thus fulfilling the criteria for nature. Since nature is 'yes', I evaluate the sub-axes. A dog is a fauna, making it biotic. The dog is a physical, living entity occupying space, making it material.",False
/home/pmonserrat/datasets/imagenet/extracted_data/n02111500/ILSVRC2012_val_00000174.JPEG,great pyrenees,True,True,True,yes,biotic,material,"The target is a Great Pyrenees, which is a specific breed of dog. Dogs are non-human living entities (fauna) and are explicitly included in the definition of nature, regardless of whether they are wild, domesticated, or bred. Since nature is 'yes', I evaluate the sub-axes. A dog is a living organism (fauna), making it biotic. The image shows a physical, tangible dog occupying space, making it material.",False
/home/pmonserrat/datasets/imagenet/extracted_data/n02111889/ILSVRC2012_val_00000590.JPEG,samoyed,True,True,True,yes,biotic,material,"The target is a Samoyed, which is a specific breed of dog. Dogs are non-human living entities (fauna). Since the image shows a real, physical instance of this animal, it falls under the definition of non-human living entities, fulfilling the criteria for nature. Since nature is 'yes', I evaluate the sub-axes. A dog is a fauna, making it biotic. The image depicts a real, physical animal occupying space, making it material.",False
/home/pmonserrat/datasets/imagenet/extracted_data/n02112018/ILSVRC2012_val_00000057.JPEG,pomeranian,True,True,True,yes,biotic,material,"The target is a Pomeranian, which is a specific breed of dog. Dogs are non-human living entities (fauna) and are explicitly included in the definition of nature, regardless of whether they are wild, domesticated, or bred. Since nature is 'yes', I evaluate the sub-axes. A dog is a living organism (fauna), making it biotic. The image shows a physical dog occupying space, making it material.",False
/home/pmonserrat/datasets/imagenet/extracted_data/n02112137/ILSVRC2012_val_00000355.JPEG,chow,True,True,True,yes,biotic,material,"The target is a Chow Chow dog. This is a non-human living entity (fauna) that is domesticated, which falls under the definition of nature. Since nature is 'yes', I evaluate the sub-axes. A dog is a living organism (fauna), making it biotic. The dog is a physical, tangible animal occupying space, making it material.",False
/home/pmonserrat/datasets/imagenet/extracted_data/n02112350/ILSVRC2012_val_00000658.JPEG,keeshond,True,True,True,yes,biotic,material,"The target is a Keeshond, which is a specific breed of dog. Dogs are non-human living entities (fauna) and count as nature, whether wild, semi-natural, or domesticated. Since nature is 'yes', I evaluate the sub-axes. A dog is a living organism (fauna), making it biotic. The image is a photograph of a real, physical dog, meaning it occupies space and has mass, making it material.",False
/home/pmonserrat/datasets/imagenet/extracted_data/n02112706/ILSVRC2012_val_00001568.JPEG,brabancon griffon,True,True,True,yes,biotic,material,"The target is a Brabancon griffon, which is a specific breed of dog. Dogs are non-human living entities (fauna) and count as nature, regardless of whether they are wild, domesticated, or bred. Since nature is 'yes', I evaluate the sub-axes. A dog is a living organism (fauna), making it biotic. The image shows a physical, real dog occupying space, making it material.",False
/home/pmonserrat/datasets/imagenet/extracted_data/n02113023/ILSVRC2012_val_00001096.JPEG,pembroke,True,True,True,yes,biotic,material,"The target entity is a Pembroke Welsh Corgi dog. This is a non-human living entity (fauna) that is domesticated, which falls under the definition of nature. Since nature is 'yes', I evaluate the sub-axes. A dog is a living organism (fauna), making it biotic. The image shows a real, physical dog, which occupies space and has mass, making it material.",False
/home/pmonserrat/datasets/imagenet/extracted_data/n02113186/ILSVRC2012_val_00000997.JPEG,cardigan,True,True,True,no,none,none,"The target is a cardigan worn by the dog. The cardigan is a manufactured garment, and while it is made of fibers (which can be natural, like wool, or synthetic), the visual evidence does not allow for the identification of a clearly visible natural material of origin (like wood grain or stone texture) that would qualify it as a 'Nature-Based Artefact'. It is a piece of clothing, not a natural element or a clearly identifiable natural artefact. Not applicable since the entity is not nature.",False
/home/pmonserrat/datasets/imagenet/extracted_data/n02113624/ILSVRC2012_val_00000147.JPEG,toy poodle,True,True,True,yes,biotic,material,"The target is a toy poodle, which is a domesticated animal (fauna). Non-human living entities, whether wild, semi-natural, or domesticated, are explicitly included in the definition of nature. Since nature is 'yes', I evaluate the sub-axes. A poodle is a living organism (fauna), making it biotic. The image shows a physical, real dog occupying space, making it material.",False
/home/pmonserrat/datasets/imagenet/extracted_data/n02113712/ILSVRC2012_val_00000867.JPEG,miniature poodle,True,True,True,yes,biotic,material,"The target is a miniature poodle. It is a non-human living entity (fauna). Since it is a real, physically present instance of an animal, it falls under the definition of nature. Since nature is 'yes', I evaluate the sub-axes. A poodle is a domesticated animal (fauna), making it biotic. The image shows a photograph of the actual physical dog, meaning it occupies space and has mass, making it material.",False
/home/pmonserrat/datasets/imagenet/extracted_data/n02113799/ILSVRC2012_val_00000399.JPEG,standard poodle,True,True,True,yes,biotic,material,"The target is a standard poodle, which is a domesticated animal (fauna). Non-human living entities, whether wild, semi-natural, or domesticated, are explicitly included in the definition of nature. Since nature is 'yes', I evaluate the sub-axes. A dog is a living organism (fauna), making it biotic. The image is a photograph of a real, physical dog, meaning it occupies space and has mass, making it material.",False
/home/pmonserrat/datasets/imagenet/extracted_data/n02113978/ILSVRC2012_val_00000719.JPEG,mexican hairless,True,True,True,yes,biotic,material,"The target entity is a 'mexican hairless' dog. This is a specific type of animal (fauna). Non-human living entities, whether wild, domesticated, or bred, are explicitly included under the definition of nature. Since nature is 'yes', I evaluate the sub-axes. The dog is a living organism (fauna), making it biotic. The image shows a physical dog occupying space, making it material.",False
/home/pmonserrat/datasets/imagenet/extracted_data/n02114367/ILSVRC2012_val_00000530.JPEG,timber wolf,True,True,True,yes,biotic,material,"The target is a timber wolf. Wolves are non-human living entities (fauna). Since the image depicts a real, physically present instance of this animal, it falls under the definition of nature. Since nature is 'yes', I evaluate the sub-axes. A wolf is a fauna, which is a living organism, making it biotic. The wolf is a physical animal occupying space and having mass, making it material.",False
/home/pmonserrat/datasets/imagenet/extracted_data/n02114548/ILSVRC2012_val_00000027.JPEG,white wolf,True,True,True,yes,biotic,material,"The target is a white wolf. Wolves are non-human living entities (fauna). Since the image depicts a real, physically present instance of an animal, it falls under the definition of nature. Since nature is 'yes', I evaluate the sub-axes. A wolf is a fauna, making it biotic. The image is a photograph of a real animal, meaning it has physical presence and occupies space, making it material.",False
/home/pmonserrat/datasets/imagenet/extracted_data/n02114712/ILSVRC2012_val_00003172.JPEG,red wolf,True,True,True,yes,biotic,material,"The target is a red wolf, which is a non-human living entity (fauna). The image provides a real, physically present instance of this animal in a natural environment, fulfilling the criteria for nature. Since nature is 'yes', I evaluate the sub-axes. A wolf is a fauna, making it biotic. The image shows a real, physical animal occupying space, making it material.",False
/home/pmonserrat/datasets/imagenet/extracted_data/n02114855/ILSVRC2012_val_00000156.JPEG,coyote,True,True,True,yes,biotic,material,"The target is a coyote. Coyotes are non-human living entities (fauna). Since the image is a photograph of a real animal in its natural environment, it directly falls under the definition of nature. Since nature is 'yes', I evaluate the sub-axes. A coyote is a wild animal (fauna), making it biotic. As a physical, living organism occupying space, it is material.",False
/home/pmonserrat/datasets/imagenet/extracted_data/n02115641/ILSVRC2012_val_00000604.JPEG,dingo,True,True,True,yes,biotic,material,"The target is a dingo, which is a non-human living entity (fauna). Since it is depicted in a real-world setting (grass) and appears to be a photograph of a living animal, it falls under the definition of non-human living entities, fulfilling the criteria for nature. Since nature is 'yes', I evaluate the sub-axes. A dingo is a wild animal (fauna), making it biotic. As it is a physical animal present in the image, it occupies space and has mass, making it material.",False
/home/pmonserrat/datasets/imagenet/extracted_data/n02115913/ILSVRC2012_val_00001148.JPEG,dhole,True,True,True,yes,biotic,material,"The target is a dhole, which is a wild canid. Non-human living entities, such as fauna, are explicitly included in the definition of nature. Since nature is 'yes', I evaluate the sub-axes. A dhole is a wild animal (fauna), making it biotic. The image shows a real, physically present instance of the animal, making it material.",False
/home/pmonserrat/datasets/imagenet/extracted_data/n02116738/ILSVRC2012_val_00000078.JPEG,african hunting dog,True,True,True,yes,biotic,material,"The target is an African hunting dog. This is a non-human living entity (fauna) that is present in a natural environment, directly fitting the definition of nature. Since nature is 'yes', I evaluate the sub-axes. The dog is a living organism (fauna), making it biotic. The image shows a photograph of a real, physical animal, meaning it occupies space and has mass, making it material.",False
/home/pmonserrat/datasets/imagenet/extracted_data/n02117135/ILSVRC2012_val_00000133.JPEG,hyena,True,True,True,yes,biotic,material,"The target is a hyena, which is a non-human living entity (fauna). The image presents a real, physically present instance of this animal in its natural environment, which directly falls under the definition of nature. Since nature is 'yes', I evaluate the sub-axes. A hyena is a wild animal (fauna), making it biotic. The image shows a real, physical animal occupying space, making it material.",False
/home/pmonserrat/datasets/imagenet/extracted_data/n02119022/ILSVRC2012_val_00000157.JPEG,red fox,True,True,True,yes,biotic,material,"The target is a red fox, which is a non-human living entity (fauna). This falls directly under the definition of nature, as it is a wild animal. Since nature is 'yes', I evaluate the sub-axes. A fox is a living organism (fauna), making it biotic. The image is a photograph of a real, physical animal occupying space, making it material.",False
/home/pmonserrat/datasets/imagenet/extracted_data/n02119789/ILSVRC2012_val_00000756.JPEG,kit fox,True,True,True,yes,biotic,material,"The target is a kit fox. The visual evidence shows a photograph of a real, non-human living entity (fauna). Individual organisms are explicitly included under the definition of nature. Since nature is 'yes', I evaluate the sub-axes. A fox is a wild animal (fauna), making it biotic. The image is a photograph of a physical animal occupying space, making it material.",False
/home/pmonserrat/datasets/imagenet/extracted_data/n02120079/ILSVRC2012_val_00001335.JPEG,arctic fox,True,True,True,yes,biotic,material,"The target is an arctic fox. This is a non-human living entity (fauna), which is explicitly included under the definition of Nature. Since nature is 'yes', I evaluate the sub-axes. An arctic fox is a living organism (fauna), making it biotic. The image is a photograph of a real, physical animal, meaning it occupies space and has mass, making it material.",False
/home/pmonserrat/datasets/imagenet/extracted_data/n02120505/ILSVRC2012_val_00000323.JPEG,grey fox,True,True,True,yes,biotic,material,"The target is a grey fox, which is a non-human living entity (fauna). This falls directly under the definition of nature, as it is a wild animal present in an environment. Since nature is 'yes', I evaluate the sub-axes. A fox is a living organism (fauna), making it biotic. The image shows a physical, real animal occupying space, making it material.",False
/home/pmonserrat/datasets/imagenet/extracted_data/n02123045/ILSVRC2012_val_00001341.JPEG,tabby,True,True,True,yes,biotic,material,"The target is a tabby cat. The visual evidence shows a real, living feline organism. Non-human living entities, whether wild or domesticated, are explicitly included in the definition of nature. Since nature is 'yes', I evaluate the sub-axes. A cat is a fauna, making it biotic. The cat is a physical, tangible animal occupying space, making it material.",False
/home/pmonserrat/datasets/imagenet/extracted_data/n02123159/ILSVRC2012_val_00000796.JPEG,tiger cat,True,True,True,yes,biotic,material,"The target is a cat with tiger-like markings. It is a non-human living entity (fauna). Since it is a real, physically present instance of an organism, it counts as nature. Since nature is 'yes', I evaluate the sub-axes. A cat is a living organism (fauna), making it biotic. The image is a photograph of a physical animal, meaning it has physical presence and mass, making it material.",False
/home/pmonserrat/datasets/imagenet/extracted_data/n02123394/ILSVRC2012_val_00000130.JPEG,persian cat,True,True,True,yes,biotic,material,"The target is a Persian cat. Non-human living entities, including domesticated animals, are explicitly included under the definition of nature. The image shows a real, physical instance of this entity. Since nature is 'yes', I evaluate the sub-axes. A cat is a fauna (animal), making it biotic. The cat is a physical, living organism that occupies space, making it material.",False
/home/pmonserrat/datasets/imagenet/extracted_data/n02123597/ILSVRC2012_val_00000211.JPEG,siamese cat,True,True,True,yes,biotic,material,"The target is a Siamese cat. Non-human living entities, including domesticated animals, are explicitly included under the definition of nature, fulfilling the criteria. Since nature is 'yes', I evaluate the sub-axes. A cat is a fauna (animal), making it biotic. The image shows a real, physical cat occupying space, making it material.",False
/home/pmonserrat/datasets/imagenet/extracted_data/n02124075/ILSVRC2012_val_00000709.JPEG,egyptian cat,True,True,True,yes,biotic,material,"The target is an Egyptian cat. This is a non-human living entity (fauna) that is present in the image, fulfilling the criteria for nature. Since nature is 'yes', I evaluate the sub-axes. A cat is a living organism (fauna), making it biotic. The image shows a real, physically present instance of the cat, making it material.",False
/home/pmonserrat/datasets/imagenet/extracted_data/n02125311/ILSVRC2012_val_00000012.JPEG,cougar,True,True,True,yes,biotic,material,"The target is a cougar, which is a non-human living entity (fauna). The image is a photograph of a real cougar, which falls under the definition of non-human living entities, thus counting as nature. Since nature is 'yes', I evaluate the sub-axes. A cougar is a wild animal (fauna), making it biotic. Since the image is a photograph of the actual physical animal, it has physical presence and mass, making it material.",False
/home/pmonserrat/datasets/imagenet/extracted_data/n02127052/ILSVRC2012_val_00000898.JPEG,lynx,True,True,True,yes,biotic,material,"The target is a lynx, which is a non-human living entity (fauna). Since the image depicts a real, physically present instance of this animal, it falls under the definition of nature. Since nature is 'yes', I evaluate the sub-axes. A lynx is a wild animal (fauna), making it biotic. The image is a photograph of the actual animal, meaning it has physical presence and occupies space, making it material.",False
/home/pmonserrat/datasets/imagenet/extracted_data/n02128385/ILSVRC2012_val_00000600.JPEG,leopard,True,True,True,yes,biotic,material,"The target is a leopard. It is a non-human living entity (fauna) captured in a photograph, which falls directly under the definition of nature. Since nature is 'yes', I evaluate the sub-axes. A leopard is a living organism (fauna), making it biotic. The image is a photograph of a real, physical animal, meaning it has physical presence and occupies space, making it material.",False
/home/pmonserrat/datasets/imagenet/extracted_data/n02128757/ILSVRC2012_val_00000186.JPEG,snow leopard,True,True,True,yes,biotic,material,"The target is a snow leopard. This is a non-human living entity (fauna). Since the image appears to be a realistic photograph of a living animal, it falls under the definition of a non-human living entity, fulfilling the criteria for nature. Since nature is 'yes', I evaluate the sub-axes. A snow leopard is a wild animal (fauna), making it biotic. As this is a photograph of a physical, living organism, it has a physical presence and occupies space, making it material.",False
/home/pmonserrat/datasets/imagenet/extracted_data/n02128925/ILSVRC2012_val_00000610.JPEG,jaguar,True,True,True,yes,biotic,material,"The target is a jaguar, which is a non-human living entity (fauna). Since it is depicted in a realistic photograph within a natural environment, it falls under the definition of non-human living entities, fulfilling the criteria for nature. Since nature is 'yes', I evaluate the sub-axes. A jaguar is a wild animal (fauna), making it biotic. As it is a physical, living organism occupying space, it is material.",False
/home/pmonserrat/datasets/imagenet/extracted_data/n02129165/ILSVRC2012_val_00001359.JPEG,lion,True,True,True,yes,biotic,material,"The target is a lion. Lions are non-human living entities (fauna). Since the image is a photograph of a real, physical lion, it falls under the definition of a non-human living entity, fulfilling the criteria for nature. Since nature is 'yes', I evaluate the sub-axes. A lion is a fauna, which is a living organism, making it biotic. As a physical animal present in the photograph, it occupies space and has mass, making it material.",False
/home/pmonserrat/datasets/imagenet/extracted_data/n02129604/ILSVRC2012_val_00000303.JPEG,tiger,True,True,True,yes,biotic,material,"The target is a tiger, which is a non-human living entity (fauna). This falls directly under the definition of nature. Since nature is 'yes', I evaluate the sub-axes. A tiger is a living organism (fauna), making it biotic. The image is a photograph of a real, physical animal, meaning it occupies space and has mass, making it material.",False
/home/pmonserrat/datasets/imagenet/extracted_data/n02130308/ILSVRC2012_val_00000348.JPEG,cheetah,True,True,True,yes,biotic,material,"The target is a cheetah (a specific animal). Non-human living entities, such as fauna, are explicitly included in the definition of nature, as this is a photograph of a real, physical instance. Since nature is 'yes', I evaluate the sub-axes. A cheetah is a wild animal (fauna), which falls under the biotic category. As this is a photograph of a real, physical organism occupying space, it is material.",False
/home/pmonserrat/datasets/imagenet/extracted_data/n02132136/ILSVRC2012_val_00000871.JPEG,brown bear,True,True,True,yes,biotic,material,"The target is a brown bear. The visual evidence shows a real, physical brown bear in a natural environment (a waterfall). Non-human living entities, such as fauna, are explicitly included in the definition of nature. Since nature is 'yes', I evaluate the sub-axes. A brown bear is a wild vertebrate, classifying it as biotic. As a physical, living organism occupying space, it is material.",False
/home/pmonserrat/datasets/imagenet/extracted_data/n02133161/ILSVRC2012_val_00000592.JPEG,american black bear,True,True,True,yes,biotic,material,"The target is an American black bear. This is a non-human living entity (fauna) found in a natural environment (forest/wooded area). This directly falls under the definition of nature. Since nature is 'yes', I evaluate the sub-axes. A bear is a living organism (fauna), making it biotic. The image shows a physical bear in a real setting, meaning it has physical presence and occupies space, making it material.",False
/home/pmonserrat/datasets/imagenet/extracted_data/n02134084/ILSVRC2012_val_00001498.JPEG,ice bear,True,True,True,yes,biotic,material,"The target is an ice bear (polar bear). This is a non-human living entity (fauna) found in a natural environment (snow/ice landscape), which falls directly under the definition of nature. Since nature is 'yes', I evaluate the sub-axes. A bear is a living organism (fauna), making it biotic. The image is a photograph of a real, physical animal occupying space, making it material.",False
/home/pmonserrat/datasets/imagenet/extracted_data/n02134418/ILSVRC2012_val_00001745.JPEG,sloth bear,True,True,True,yes,biotic,material,"The target is a sloth bear. It is a non-human living entity (fauna). Since it is depicted in a photograph, it is a real, physically present instance of a living organism, which falls under the definition of nature. Since nature is 'yes', I evaluate the sub-axes. A sloth bear is a living organism (fauna), making it biotic. As a physical animal present in the environment, it occupies space and has mass, making it material.",False
/home/pmonserrat/datasets/imagenet/extracted_data/n02137549/ILSVRC2012_val_00000518.JPEG,mongoose,True,True,True,yes,biotic,material,"The target is a mongoose. It is a non-human living entity (fauna) present in a natural environment, which directly falls under the definition of nature. Since nature is 'yes', I evaluate the sub-axes. A mongoose is a living organism (fauna), making it biotic. The image shows a real, physical mongoose occupying space, making it material.",False
/home/pmonserrat/datasets/imagenet/extracted_data/n02138441/ILSVRC2012_val_00000779.JPEG,meerkat,True,True,True,yes,biotic,material,"The target is a meerkat, which is a non-human living entity (fauna). This falls directly under the definition of nature, regardless of whether it is wild or domesticated. Since nature is 'yes', I evaluate the sub-axes. A meerkat is a living animal, classifying it as biotic. The image shows a physical, real-world instance of the animal, meaning it occupies space and has mass, classifying it as material.",False
/home/pmonserrat/datasets/imagenet/extracted_data/n02165105/ILSVRC2012_val_00000361.JPEG,tiger beetle,True,True,True,yes,biotic,material,"The target is a tiger beetle. This is a non-human living entity (an insect/fauna). Individual organisms are explicitly included under the definition of nature. Since nature is 'yes', I evaluate the sub-axes. A beetle is a fauna, making it biotic. The image is a photograph of a real, physical organism, meaning it occupies space and has mass, making it material.",False
/home/pmonserrat/datasets/imagenet/extracted_data/n02165456/ILSVRC2012_val_00000625.JPEG,ladybug,True,True,True,yes,biotic,material,"The target is a ladybug. Ladybugs are non-human living entities (fauna), which are explicitly included under the definition of Nature. Since nature is 'yes', I evaluate the sub-axes. A ladybug is a living organism (fauna), making it biotic. The image is a photograph of the actual organism, meaning it has physical presence and occupies space, making it material.",False
/home/pmonserrat/datasets/imagenet/extracted_data/n02167151/ILSVRC2012_val_00000956.JPEG,ground beetle,True,True,True,yes,biotic,material,"The target is a ground beetle. This is a non-human living entity (fauna), which is explicitly included in the definition of Nature. Since nature is 'yes', I evaluate the sub-axes. A ground beetle is a living organism (fauna), making it biotic. The image is a photograph of the actual beetle, meaning it has physical presence and occupies space, making it material.",False
/home/pmonserrat/datasets/imagenet/extracted_data/n02168699/ILSVRC2012_val_00000926.JPEG,long-horned beetle,True,True,True,yes,biotic,material,"The target is a long-horned beetle. This is a non-human living entity (fauna), which is explicitly included in the definition of Nature. Since nature is 'yes', I evaluate the sub-axes. A beetle is a living organism (fauna), making it biotic. The image shows a real, physical instance of the beetle, meaning it occupies space and has mass, making it material.",False
/home/pmonserrat/datasets/imagenet/extracted_data/n02169497/ILSVRC2012_val_00000510.JPEG,leaf beetle,True,True,True,yes,biotic,material,"The target is a leaf beetle. This is a non-human living entity (fauna), which is explicitly included under the definition of Nature. Since nature is 'yes', I evaluate the sub-axes. A leaf beetle is a living organism (fauna), making it biotic. The image shows a real, physically present instance of the beetle, making it material.",False
/home/pmonserrat/datasets/imagenet/extracted_data/n02172182/ILSVRC2012_val_00000342.JPEG,dung beetle,True,True,True,yes,biotic,material,"The target is a dung beetle. Dung beetles are non-human living entities (fauna), which are explicitly included under the definition of Nature. Since nature is 'yes', I evaluate the sub-axes. A dung beetle is a living organism (fauna), making it biotic. The image is a close-up photograph of the actual beetles, meaning they have a physical presence and occupy space, making them material.",False
/home/pmonserrat/datasets/imagenet/extracted_data/n02174001/ILSVRC2012_val_00000692.JPEG,rhinoceros beetle,True,True,True,yes,biotic,material,"The target is a rhinoceros beetle. This is a non-human living entity (fauna), which is explicitly included under the definition of Nature. Since nature is 'yes', I evaluate the sub-axes. A beetle is a living organism (fauna), making it biotic. The image shows a real, physical insect occupying space, making it material.",False
/home/pmonserrat/datasets/imagenet/extracted_data/n02177972/ILSVRC2012_val_00001570.JPEG,weevil,True,True,True,yes,biotic,material,"The target is a weevil, which is an insect. Non-human living entities, such as insects, are explicitly included under the definition of nature (flora, fauna, or fungi). Since nature is 'yes', I evaluate the sub-axes. A weevil is a living organism (fauna), making it biotic. The image shows a physical specimen under magnification, meaning it has physical presence and mass, making it material.",False
/home/pmonserrat/datasets/imagenet/extracted_data/n02190166/ILSVRC2012_val_00001763.JPEG,fly,True,True,True,yes,biotic,material,"The target is a fly. Flies are non-human living entities (fauna), which are explicitly included under the definition of Nature. Since nature is 'yes', I evaluate the sub-axes. A fly is a living organism (fauna), making it biotic. The image shows a physical specimen, meaning it has physical presence and occupies space, making it material.",False
/home/pmonserrat/datasets/imagenet/extracted_data/n02206856/ILSVRC2012_val_00001876.JPEG,bee,True,True,True,yes,biotic,material,"The target is a bee. Bees are non-human living entities (fauna) and are explicitly included in the definition of nature. Since nature is 'yes', I evaluate the sub-axes. A bee is a living organism (fauna), making it biotic. The image shows a real, physically present instance of the bee, making it material.",False
/home/pmonserrat/datasets/imagenet/extracted_data/n02219486/ILSVRC2012_val_00000407.JPEG,ant,True,True,True,yes,biotic,material,"The target is an ant, which is a non-human living entity (fauna). This falls directly under the definition of nature. Since nature is 'yes', I evaluate the sub-axes. An ant is a living organism (fauna), making it biotic. The image shows a real, physical ant occupying space, making it material.",False
/home/pmonserrat/datasets/imagenet/extracted_data/n02226429/ILSVRC2012_val_00000125.JPEG,grasshopper,True,True,True,yes,biotic,material,"The target is a grasshopper. It is a non-human living entity (fauna). Since it is depicted in a photograph, it is a real, physically present instance of a living organism, which explicitly counts as nature. Since nature is 'yes', I evaluate the sub-axes. A grasshopper is a fauna, making it biotic. As it is a physical insect captured in a photograph, it occupies space and has mass, making it material.",False
/home/pmonserrat/datasets/imagenet/extracted_data/n02229544/ILSVRC2012_val_00001873.JPEG,cricket,True,True,True,yes,biotic,material,"The target is a cricket. Crickets are non-human living entities (fauna) and are explicitly included in the definition of nature. Since nature is 'yes', I evaluate the sub-axes. A cricket is a living organism (fauna), making it biotic. The image shows a physical, real instance of the insect, meaning it occupies space and has mass, making it material.",False
/home/pmonserrat/datasets/imagenet/extracted_data/n02231487/ILSVRC2012_val_00001585.JPEG,walking stick,True,True,True,yes,biotic,material,"The target is a walking stick. Assuming the walking stick is made of wood (a common material for such items), and the visual evidence suggests a natural material, it qualifies as a Nature-Based Artefact where the natural material of origin (wood) is clearly visually identifiable, fulfilling the criteria for nature. Since nature is 'yes', I evaluate the sub-axes. Wood is a derivative of flora, making it biotic. The walking stick is a physical, manufactured object that occupies space, making it material.",False
/home/pmonserrat/datasets/imagenet/extracted_data/n02233338/ILSVRC2012_val_00001082.JPEG,cockroach,True,True,True,yes,biotic,material,"The target is a cockroach. Cockroaches are non-human living entities (fauna), which are explicitly included under the definition of Nature. Since nature is 'yes', I evaluate the sub-axes. A cockroach is a living organism (fauna), making it biotic. The image shows a physical, tangible insect, making it material.",False
/home/pmonserrat/datasets/imagenet/extracted_data/n02236044/ILSVRC2012_val_00000772.JPEG,mantis,True,True,True,yes,biotic,material,"The target is a mantis, which is a non-human living entity (fauna). The image appears to be a photograph of a real insect, which falls under the definition of non-human living entities, thus counting as nature. Since nature is 'yes', I evaluate the sub-axes. A mantis is an insect (fauna), making it biotic. As it is a physical, real organism occupying space, it is material.",False
/home/pmonserrat/datasets/imagenet/extracted_data/n02256656/ILSVRC2012_val_00002649.JPEG,cicada,True,True,True,yes,biotic,material,"The target is a cicada. Cicadas are non-human living entities (insects/fauna). The image provides a clear, physical depiction of this organism, which falls under the definition of non-human living entities, thus counting as nature. Since nature is 'yes', I evaluate the sub-axes. A cicada is an insect, which is a type of fauna, making it biotic. The image is a photograph of a real, physical organism, meaning it occupies space and has mass, making it material.",False
/home/pmonserrat/datasets/imagenet/extracted_data/n02259212/ILSVRC2012_val_00003032.JPEG,leafhopper,True,True,True,yes,biotic,material,"The target is a leafhopper, which is a non-human living entity (an insect/fauna). Individual organisms are explicitly included under the definition of nature. Since nature is 'yes', I evaluate the sub-axes. A leafhopper is a fauna, making it biotic. The image shows a photograph of a real, physical insect, meaning it occupies space and has mass, making it material.",False
/home/pmonserrat/datasets/imagenet/extracted_data/n02264363/ILSVRC2012_val_00001466.JPEG,lacewing,True,True,True,yes,biotic,material,"The target is a lacewing, which is a type of insect. Non-human living entities (fauna) are explicitly included under the definition of nature, fulfilling the criteria. Since nature is 'yes', I evaluate the sub-axes. A lacewing is a living organism (fauna), making it biotic. The image shows a real, physical insect, meaning it occupies space and has mass, making it material.",False
/home/pmonserrat/datasets/imagenet/extracted_data/n02268443/ILSVRC2012_val_00000418.JPEG,dragonfly,True,True,True,yes,biotic,material,"The target is a dragonfly. It is a non-human living entity (fauna). Since it is a real, physically present instance captured in a photograph, it falls under the definition of nature. Since nature is 'yes', I evaluate the sub-axes. A dragonfly is a living organism (fauna), making it biotic. As a physical insect occupying space, it is material.",False
/home/pmonserrat/datasets/imagenet/extracted_data/n02268853/ILSVRC2012_val_00000639.JPEG,damselfly,True,True,True,yes,biotic,material,"The target is a damselfly. Damselflies are non-human living entities (fauna). The image provides a clear, physical depiction of this organism, which falls under the definition of nature. Since nature is 'yes', I evaluate the sub-axes. A damselfly is a living organism (fauna), making it biotic. The image is a photograph of a real, physical insect, meaning it occupies space and has mass, making it material.",False
/home/pmonserrat/datasets/imagenet/extracted_data/n02276258/ILSVRC2012_val_00001187.JPEG,admiral,True,True,True,yes,biotic,material,"The target is a butterfly. Butterflies are non-human living entities (fauna) and are explicitly included in the definition of nature. Since nature is 'yes', I evaluate the sub-axes. A butterfly is a living organism (fauna), making it biotic. The image shows a real, physically present instance of the butterfly, making it material.",False
/home/pmonserrat/datasets/imagenet/extracted_data/n02277742/ILSVRC2012_val_00000810.JPEG,ringlet,True,True,True,yes,biotic,material,"The target entity, 'ringlet', refers to the small, spherical flower heads of the plant shown. These are parts of flora, which are explicitly included under the definition of non-human living entities and natural environments, thus counting as nature. Since nature is 'yes', I evaluate the sub-axes. The flower heads are parts of a plant (flora), which is a living organism, making it biotic. The flower heads are physical structures that occupy space and have mass, making them material.",False
/home/pmonserrat/datasets/imagenet/extracted_data/n02279972/ILSVRC2012_val_00001290.JPEG,monarch,True,True,True,yes,biotic,material,"The target is a monarch butterfly. Monarchs are non-human living entities (fauna). Since the image shows a real, physically present instance of this organism, it falls under the definition of nature. Since nature is 'yes', I evaluate the sub-axes. A monarch butterfly is a fauna, making it biotic. As it is a real, physical organism occupying space, it is material.",False
/home/pmonserrat/datasets/imagenet/extracted_data/n02280649/ILSVRC2012_val_00000031.JPEG,cabbage butterfly,True,True,True,yes,biotic,material,"The target is a cabbage butterfly. Butterflies are non-human living entities (fauna). Since the image is a photograph of a real organism, it falls under the definition of non-human living entities, thus counting as nature. Since nature is 'yes', I evaluate the sub-axes. A butterfly is a living organism (fauna), making it biotic. As a physical, living creature occupying space, it is material.",False
/home/pmonserrat/datasets/imagenet/extracted_data/n02281406/ILSVRC2012_val_00000581.JPEG,sulphur butterfly,True,True,True,yes,biotic,material,"The target is a 'sulphur butterfly'. The image clearly depicts a real, living insect (fauna) interacting with a plant (flora). Non-human living entities are explicitly included in the definition of nature. Since nature is 'yes', I evaluate the sub-axes. A butterfly is a living organism (fauna), making it biotic. The butterfly is a physical, tangible entity that occupies space, making it material.",False
/home/pmonserrat/datasets/imagenet/extracted_data/n02281787/ILSVRC2012_val_00001536.JPEG,lycaenid,True,True,True,yes,biotic,material,"The target is a lycaenid, which is a type of butterfly. Butterflies are non-human living entities (fauna). The image shows a real, physically present instance of this organism, which falls under the definition of nature. Since nature is 'yes', I evaluate the sub-axes. A butterfly is a fauna, making it biotic. The image is a photograph of the actual organism, meaning it has physical presence and occupies space, making it material.",False
/home/pmonserrat/datasets/imagenet/extracted_data/n02317335/ILSVRC2012_val_00001161.JPEG,starfish,True,True,True,yes,biotic,material,"The target is a starfish. Starfish are non-human living entities (fauna), which are explicitly included in the definition of Nature. Since nature is 'yes', I evaluate the sub-axes. A starfish is a living organism (fauna), making it biotic. The image shows a physical, tangible organism occupying space, making it material.",False
/home/pmonserrat/datasets/imagenet/extracted_data/n02319095/ILSVRC2012_val_00000138.JPEG,sea urchin,True,True,True,yes,biotic,material,"The target is a sea urchin. Sea urchins are non-human living entities (fauna) found in natural marine environments, which directly falls under the definition of nature. Since nature is 'yes', I evaluate the sub-axes. A sea urchin is a living organism (fauna), making it biotic. The image is a close-up photograph of the actual organism, meaning it has physical presence and occupies space, making it material.",False
/home/pmonserrat/datasets/imagenet/extracted_data/n02321529/ILSVRC2012_val_00000301.JPEG,sea cucumber,True,True,True,yes,biotic,material,"The target entity is a sea cucumber. Sea cucumbers are non-human living entities (fauna) found in marine environments, which falls directly under the definition of nature. Since nature is 'yes', I evaluate the sub-axes. A sea cucumber is a living organism (fauna), making it biotic. As it is a physical organism present in the environment, it has a physical presence and occupies space, making it material.",False
/home/pmonserrat/datasets/imagenet/extracted_data/n02325366/ILSVRC2012_val_00000097.JPEG,wood rabbit,True,True,True,yes,biotic,material,"The target is a rabbit, which is a non-human living entity (fauna). Since it is a real, physically present instance, it falls under the definition of nature. Since nature is 'yes', I evaluate the sub-axes. A rabbit is a living organism (fauna), making it biotic. The rabbit is a physical animal occupying space and having mass, making it material.",False
/home/pmonserrat/datasets/imagenet/extracted_data/n02326432/ILSVRC2012_val_00000644.JPEG,hare,True,True,True,yes,biotic,material,"The target is a hare. The visual evidence shows a real, non-human living entity (fauna) present in a natural environment, which directly falls under the definition of non-human living entities and fulfills the criteria for nature. Since nature is 'yes', I evaluate the sub-axes. A hare is a wild animal (fauna), making it biotic. The hare is a physical organism that occupies space and has mass, making it material.",False
/home/pmonserrat/datasets/imagenet/extracted_data/n02328150/ILSVRC2012_val_00000010.JPEG,angora,True,True,True,yes,biotic,material,"The target entity is an Angora rabbit. This is a non-human living entity (fauna) that is domesticated, which falls directly under the definition of nature. Since nature is 'yes', I evaluate the sub-axes. The rabbit is a living organism (fauna), making it biotic. The image shows a physical, tangible animal, making it material.",False
/home/pmonserrat/datasets/imagenet/extracted_data/n02342885/ILSVRC2012_val_00000617.JPEG,hamster,True,True,True,yes,biotic,material,"The target is a hamster, which is a non-human living entity (fauna). This falls directly under the definition of nature, regardless of whether it is wild or domesticated. Since nature is 'yes', I evaluate the sub-axes. A hamster is a living organism (fauna), making it biotic. The image shows a physical, tangible animal, making it material.",False
/home/pmonserrat/datasets/imagenet/extracted_data/n02346627/ILSVRC2012_val_00000007.JPEG,porcupine,True,True,True,yes,biotic,material,"The target is a porcupine. It is a non-human living entity (fauna). Since it is a real, physically present instance of an organism, it falls under the definition of nature. Since nature is 'yes', I evaluate the sub-axes. A porcupine is a living animal (fauna), making it biotic. The image shows a physical animal occupying space, making it material.",False
/home/pmonserrat/datasets/imagenet/extracted_data/n02356798/ILSVRC2012_val_00000502.JPEG,fox squirrel,True,True,True,yes,biotic,material,"The target is a fox squirrel, which is a non-human living entity (fauna). This falls directly under the definition of nature, as it is a wild organism. Since nature is 'yes', I evaluate the sub-axes. A squirrel is a living organism (fauna), making it biotic. The image shows a real, physically present instance of the animal, meaning it occupies space and has mass, making it material.",False
/home/pmonserrat/datasets/imagenet/extracted_data/n02361337/ILSVRC2012_val_00000675.JPEG,marmot,True,True,True,yes,biotic,material,"The target is a marmot, which is a non-human living entity (fauna). Since it is depicted in a real-world photograph, it is a literal instance of a living organism, fulfilling the criteria for nature. Since nature is 'yes', I evaluate the sub-axes. A marmot is a living animal (fauna), making it biotic. As a physical, living organism occupying space, it is material.",False
/home/pmonserrat/datasets/imagenet/extracted_data/n02363005/ILSVRC2012_val_00003202.JPEG,beaver,True,True,True,yes,biotic,material,"The target is a beaver. Beavers are non-human living entities (fauna) and are present in a natural environment (leaf litter/ground cover), fulfilling the criteria for nature. Since nature is 'yes', I evaluate the sub-axes. A beaver is a living organism (fauna), making it biotic. The image shows a real, physical animal occupying space, making it material.",False
/home/pmonserrat/datasets/imagenet/extracted_data/n02364673/ILSVRC2012_val_00000565.JPEG,guinea pig,True,True,True,yes,biotic,material,"The target is a guinea pig. Guinea pigs are non-human living entities (fauna) that are domesticated, which falls directly under the definition of nature. Since nature is 'yes', I evaluate the sub-axes. A guinea pig is a living organism (fauna), making it biotic. The image shows a physical, tangible animal, making it material.",False
/home/pmonserrat/datasets/imagenet/extracted_data/n02389026/ILSVRC2012_val_00000179.JPEG,sorrel,True,True,True,yes,biotic,material,"The target is 'sorrel'. Although the image provided is of a horse and does not visually contain sorrel, the prompt asks to classify the target entity 'sorrel' based on the definitions. Sorrel is a type of plant (flora). Flora is explicitly listed under Non-human living entities and is included in the BIOTIC category, thus counting as nature. Since nature is 'yes', I evaluate the sub-axes. Sorrel is a plant, which is a natural or semi-natural flora, making it biotic. As a living organism, it has a physical presence and occupies space, making it material.",False
/home/pmonserrat/datasets/imagenet/extracted_data/n02391049/ILSVRC2012_val_00002070.JPEG,zebra,True,True,True,yes,biotic,material,"The target is a zebra. Zebras are non-human living entities (fauna), which are explicitly included under the definition of Nature. Since nature is 'yes', I evaluate the sub-axes. A zebra is a living organism (fauna), making it biotic. The image is a photograph of a real, physical animal, meaning it occupies space and has mass, making it material.",False
/home/pmonserrat/datasets/imagenet/extracted_data/n02395406/ILSVRC2012_val_00000478.JPEG,hog,True,True,True,yes,biotic,material,"The target is a hog (pig). Pigs are domesticated animals, which fall under the definition of non-human living entities (fauna) that are domesticated, fulfilling the criteria for nature. Since nature is 'yes', I evaluate the sub-axes. A hog is a domesticated animal, classifying it as biotic. The image shows a physical, living animal occupying space, making it material.",False
/home/pmonserrat/datasets/imagenet/extracted_data/n02396427/ILSVRC2012_val_00002006.JPEG,wild boar,True,True,True,yes,biotic,material,"The target is a wild boar. Wild boars are non-human living entities (fauna) and are present in a natural environment (snowy ground), which directly falls under the definition of nature. Since nature is 'yes', I evaluate the sub-axes. A wild boar is a living organism (fauna), making it biotic. The image shows a real, physically present instance of the animal, making it material.",False
/home/pmonserrat/datasets/imagenet/extracted_data/n02397096/ILSVRC2012_val_00000136.JPEG,warthog,True,True,True,yes,biotic,material,"The target is a warthog, which is a non-human living entity (fauna). This falls directly under the definition of nature, regardless of whether it is wild or domesticated, fulfilling the criteria. Since nature is 'yes', I evaluate the sub-axes. A warthog is a living organism (fauna), making it biotic. The image shows a physical animal occupying space, making it material.",False
/home/pmonserrat/datasets/imagenet/extracted_data/n02398521/ILSVRC2012_val_00001066.JPEG,hippopotamus,True,True,True,yes,biotic,material,"The target is a hippopotamus. The image clearly depicts a real, non-human living entity (fauna) in its natural environment, which falls under the definition of non-human living entities and is therefore classified as nature. Since nature is 'yes', I evaluate the sub-axes. A hippopotamus is a fauna, making it biotic. The image shows a physical, real animal occupying space, making it material.",False
/home/pmonserrat/datasets/imagenet/extracted_data/n02403003/ILSVRC2012_val_00001280.JPEG,ox,True,True,True,yes,biotic,material,"The target is an ox, which is a domesticated bovine animal. Non-human living entities, including domesticated animals, are explicitly included under the definition of nature. Since nature is 'yes', I evaluate the sub-axes. An ox is a living organism (fauna), making it biotic. The image shows a real, physical animal occupying space, making it material.",False
/home/pmonserrat/datasets/imagenet/extracted_data/n02408429/ILSVRC2012_val_00000306.JPEG,water buffalo,True,True,True,yes,biotic,material,"The target is a water buffalo. It is a non-human living entity (fauna) that is present in a natural/semi-natural environment (the water/muddy bank), which directly falls under the definition of nature. Since nature is 'yes', I evaluate the sub-axes. A water buffalo is a living organism (fauna), making it biotic. The animal is physically present in the image, occupying space and having mass, making it material.",False
/home/pmonserrat/datasets/imagenet/extracted_data/n02410509/ILSVRC2012_val_00002433.JPEG,bison,True,True,True,yes,biotic,material,"The target is a bison. Bison are non-human living entities (fauna). Since the image depicts a real, physically present instance of this animal, it falls under the definition of nature. Since nature is 'yes', I evaluate the sub-axes. A bison is a living organism (fauna), making it biotic. The animal is physically present and occupies space, making it material.",False
/home/pmonserrat/datasets/imagenet/extracted_data/n02412080/ILSVRC2012_val_00001027.JPEG,ram,True,True,True,yes,biotic,material,"The target is a ram, which is a non-human living entity (fauna). The image is a photograph of a real animal, which falls under the definition of non-human living entities, thus counting as nature. Since nature is 'yes', I evaluate the sub-axes. A ram is a domesticated or wild vertebrate, classifying it as biotic. As a physical, living organism occupying space, it is material.",False
/home/pmonserrat/datasets/imagenet/extracted_data/n02415577/ILSVRC2012_val_00000100.JPEG,bighorn,True,True,True,yes,biotic,material,"The target is a bighorn, which is a type of wild fauna (animal). Non-human living entities, whether wild or domesticated, are explicitly included in the definition of nature. Since nature is 'yes', I evaluate the sub-axes. A bighorn is a living organism (fauna), making it biotic. The image shows a real, physically present instance of the animal, making it material.",False
/home/pmonserrat/datasets/imagenet/extracted_data/n02417914/ILSVRC2012_val_00000444.JPEG,ibex,True,True,True,yes,biotic,material,"The target is an ibex, which is a non-human living entity (fauna). This falls directly under the definition of nature, as it is a wild animal. Since nature is 'yes', I evaluate the sub-axes. An ibex is a living organism (fauna), making it biotic. The image is a photograph of a real, physical animal, meaning it occupies space and has mass, making it material.",False
/home/pmonserrat/datasets/imagenet/extracted_data/n02422106/ILSVRC2012_val_00001232.JPEG,hartebeest,True,True,True,yes,biotic,material,"The target is a hartebeest, which is a non-human living entity (fauna). This falls directly under the definition of nature, as it is a wild animal. Since nature is 'yes', I evaluate the sub-axes. A hartebeest is a living organism (fauna), making it biotic. The image is a photograph of the actual animal occupying space, making it material.",False
/home/pmonserrat/datasets/imagenet/extracted_data/n02422699/ILSVRC2012_val_00000127.JPEG,impala,True,True,True,yes,biotic,material,"The target is an impala, which is a non-human living entity (fauna). The image provides a real, physically present instance of this animal in its natural environment, which directly falls under the definition of nature. Since nature is 'yes', I evaluate the sub-axes. An impala is a wild animal (fauna), making it biotic. The image shows a real, physical animal occupying space, making it material.",False
/home/pmonserrat/datasets/imagenet/extracted_data/n02423022/ILSVRC2012_val_00003125.JPEG,gazelle,True,True,True,yes,biotic,material,"The target is a gazelle, which is a non-human living entity (fauna). The image provides a real, physically present instance of this animal in a natural environment, fulfilling the criteria for nature. Since nature is 'yes', I evaluate the sub-axes. A gazelle is a wild animal (fauna), making it biotic. As a living organism occupying space, it has a physical presence, making it material.",False
/home/pmonserrat/datasets/imagenet/extracted_data/n02437312/ILSVRC2012_val_00002271.JPEG,arabian camel,True,True,True,yes,biotic,material,"The target is an Arabian camel. Camels are non-human living entities (fauna), which are explicitly included under the definition of Nature. Since nature is 'yes', I evaluate the sub-axes. A camel is a living organism (fauna), making it biotic. The image shows a real, physical camel occupying space, making it material.",False
/home/pmonserrat/datasets/imagenet/extracted_data/n02437616/ILSVRC2012_val_00000343.JPEG,llama,True,True,True,yes,biotic,material,"The target is a llama. Llamas are non-human living entities (fauna) and are present in a natural environment (forest), thus fulfilling the criteria for nature. Since nature is 'yes', I evaluate the sub-axes. A llama is a living organism (fauna), making it biotic. The image shows a physical, real animal occupying space, making it material.",False
/home/pmonserrat/datasets/imagenet/extracted_data/n02441942/ILSVRC2012_val_00000723.JPEG,weasel,True,True,True,yes,biotic,material,"The target is a weasel. The visual evidence shows a real, non-human living entity (fauna) present in a natural environment (grass). Individual organisms count as nature, fulfilling the criteria. Since nature is 'yes', I evaluate the sub-axes. A weasel is a living animal (fauna), making it biotic. The image depicts a physical, real animal occupying space, making it material.",False
/home/pmonserrat/datasets/imagenet/extracted_data/n02442845/ILSVRC2012_val_00002028.JPEG,mink,True,True,True,yes,biotic,material,"The target is a mink. Minks are non-human living entities (fauna), and the image depicts a real, physical instance of this animal, which falls under the definition of nature. Since nature is 'yes', I evaluate the sub-axes. A mink is a fauna, making it biotic. The image shows a physical animal occupying space, making it material.",False
/home/pmonserrat/datasets/imagenet/extracted_data/n02443114/ILSVRC2012_val_00000055.JPEG,polecat,True,True,True,yes,biotic,material,"The target is a polecat (or similar small mammal). It is a non-human living entity (fauna). Since it is a real, physically present instance of a living organism, it meets the definition of nature. Since nature is 'yes', I evaluate the sub-axes. A polecat is a living animal, classifying it as biotic. As a physical, living organism occupying space, it is material.",False
/home/pmonserrat/datasets/imagenet/extracted_data/n02443484/ILSVRC2012_val_00000326.JPEG,black-footed ferret,True,True,True,yes,biotic,material,"The target is a black-footed ferret. This is a non-human living entity (fauna). Since it is a real, physically present instance of a wild animal, it falls under the definition of nature. Since nature is 'yes', I evaluate the sub-axes. A ferret is a wild animal (fauna), making it biotic. The image shows a physical animal occupying space, making it material.",False
/home/pmonserrat/datasets/imagenet/extracted_data/n02444819/ILSVRC2012_val_00001407.JPEG,otter,True,True,True,yes,biotic,material,"The target is an otter. Otters are non-human living entities (fauna), and the image depicts a real, physical instance of this animal, which falls under the definition of nature. Since nature is 'yes', I evaluate the sub-axes. An otter is a fauna, making it biotic. The image shows a physical animal occupying space, making it material.",False
/home/pmonserrat/datasets/imagenet/extracted_data/n02445715/ILSVRC2012_val_00000181.JPEG,skunk,True,True,True,yes,biotic,material,"The target is a skunk. It is a non-human living entity (fauna). Since it is a real, physically present instance, it meets the definition of nature. Since nature is 'yes', I evaluate the sub-axes. A skunk is a wild animal (fauna), making it biotic. The image shows a physical animal, making it material.",False
/home/pmonserrat/datasets/imagenet/extracted_data/n02447366/ILSVRC2012_val_00000726.JPEG,badger,True,True,True,yes,biotic,material,"The target is a badger. Badgers are non-human living entities (fauna), and the image presents a real, physically present instance of this animal, which falls under the definition of nature. Since nature is 'yes', I evaluate the sub-axes. A badger is a wild animal (fauna), making it biotic. The image is a photograph of a real animal, meaning it has physical presence and occupies space, making it material.",False
/home/pmonserrat/datasets/imagenet/extracted_data/n02454379/ILSVRC2012_val_00002448.JPEG,armadillo,True,True,True,yes,biotic,material,"The target is an armadillo. It is a non-human living entity (fauna) present in a natural environment (soil/undergrowth), which directly falls under the definition of nature. Since nature is 'yes', I evaluate the sub-axes. An armadillo is a living organism (fauna), making it biotic. The image shows a physical, real instance of the animal occupying space, making it material.",False
/home/pmonserrat/datasets/imagenet/extracted_data/n02457408/ILSVRC2012_val_00001442.JPEG,three-toed sloth,True,True,True,yes,biotic,material,"The target is a three-toed sloth. This is a non-human living entity (fauna) found in a natural environment (the tree/forest setting). This directly matches the definition of nature. Since nature is 'yes', I evaluate the sub-axes. A sloth is a living organism (fauna), classifying it as biotic. The image depicts a real, physical sloth occupying space, making it material.",False
/home/pmonserrat/datasets/imagenet/extracted_data/n02480495/ILSVRC2012_val_00001535.JPEG,orangutan,True,True,True,yes,biotic,material,"The target is an orangutan, which is a non-human living entity (fauna). This falls directly under the definition of nature, regardless of whether the image is a photograph or a depiction, as it represents a real organism. Since nature is 'yes', I evaluate the sub-axes. An orangutan is a living animal (fauna), making it biotic. The image is a photograph of a physical animal, meaning it has physical presence and occupies space, making it material.",False
/home/pmonserrat/datasets/imagenet/extracted_data/n02480855/ILSVRC2012_val_00000093.JPEG,gorilla,True,True,True,yes,biotic,material,"The target is a gorilla. Gorillas are non-human living entities (fauna), which are explicitly included in the definition of Nature. Since nature is 'yes', I evaluate the sub-axes. A gorilla is a living organism (fauna), making it biotic. The image is a photograph of a real, physical gorilla, meaning it occupies space and has mass, making it material.",False
/home/pmonserrat/datasets/imagenet/extracted_data/n02481823/ILSVRC2012_val_00000553.JPEG,chimpanzee,True,True,True,yes,biotic,material,"The target is a chimpanzee. Non-human living entities, such as fauna, are explicitly included in the definition of Nature. The image shows a real, physically present instance of this animal. Since nature is 'yes', I evaluate the sub-axes. A chimpanzee is a living organism (fauna), making it biotic. As a real, physical animal occupying space, it is material.",False
/home/pmonserrat/datasets/imagenet/extracted_data/n02483362/ILSVRC2012_val_00003388.JPEG,gibbon,True,True,True,yes,biotic,material,"The target is a gibbon, which is a non-human living entity (fauna). This falls directly under the definition of nature, as it is a wild animal. Since nature is 'yes', I evaluate the sub-axes. A gibbon is a living organism (fauna), making it biotic. The image is a photograph of a real, physical animal, meaning it occupies space and has mass, making it material.",False
/home/pmonserrat/datasets/imagenet/extracted_data/n02483708/ILSVRC2012_val_00000087.JPEG,siamang,True,True,True,yes,biotic,material,"The target is a Siamang, which is a type of primate (fauna). As a non-human living entity, it falls under the definition of nature. Since nature is 'yes', I evaluate the sub-axes. A Siamang is a living animal (fauna), making it biotic. The image appears to be a photograph of a real animal in its environment, meaning it has physical presence and occupies space, making it material.",False
/home/pmonserrat/datasets/imagenet/extracted_data/n02484975/ILSVRC2012_val_00000013.JPEG,guenon,True,True,True,yes,biotic,material,"The target is a guenon, which is a non-human living entity (fauna). The image is a photograph of a real animal, which falls under the definition of non-human living entities, thus counting as nature. Since nature is 'yes', I evaluate the sub-axes. A guenon is a living animal (fauna), making it biotic. Since the image is a photograph of the actual physical animal, it has physical presence and mass, making it material.",False
/home/pmonserrat/datasets/imagenet/extracted_data/n02486261/ILSVRC2012_val_00000964.JPEG,patas,True,True,True,yes,biotic,material,"The target is a monkey. Monkeys are non-human living entities (fauna), which are explicitly included in the definition of nature. Since nature is 'yes', I evaluate the sub-axes. A monkey is a living organism (fauna), making it biotic. The image shows a real, physical monkey in a natural setting, meaning it has physical presence and mass, making it material.",False
/home/pmonserrat/datasets/imagenet/extracted_data/n02486410/ILSVRC2012_val_00000486.JPEG,baboon,True,True,True,yes,biotic,material,"The target is a baboon, which is a non-human living entity (fauna). This falls directly under the definition of nature, regardless of its context in the image. Since nature is 'yes', I evaluate the sub-axes. A baboon is a living organism (fauna), making it biotic. The image shows a photograph of a real, physical baboon, meaning it occupies space and has mass, making it material.",False
/home/pmonserrat/datasets/imagenet/extracted_data/n02487347/ILSVRC2012_val_00000095.JPEG,macaque,True,True,True,yes,biotic,material,"The target is a macaque, which is a non-human living entity (fauna). Since it is a photograph of a real animal, it falls under the definition of non-human living entities, fulfilling the criteria for nature. Since nature is 'yes', I evaluate the sub-axes. A macaque is a fauna, making it biotic. As a real, physical animal present in the image, it occupies space and has mass, making it material.",False
/home/pmonserrat/datasets/imagenet/extracted_data/n02488291/ILSVRC2012_val_00001254.JPEG,langur,True,True,True,yes,biotic,material,"The target is a langur, which is a type of primate (fauna). Non-human living entities are explicitly included in the definition of nature. The image appears to be a photograph of a real animal. Since nature is 'yes', I evaluate the sub-axes. A langur is a living organism (fauna), making it biotic. As a physical, living animal captured in a photograph, it occupies space and has mass, making it material.",False
/home/pmonserrat/datasets/imagenet/extracted_data/n02488702/ILSVRC2012_val_00001095.JPEG,colobus,True,True,True,yes,biotic,material,"The target is a colobus, which is a type of primate (fauna). Non-human living entities are explicitly included in the definition of nature, fulfilling the criteria. Since nature is 'yes', I evaluate the sub-axes. A colobus is a living animal (fauna), making it biotic. The image shows a physical, real animal, making it material.",False
/home/pmonserrat/datasets/imagenet/extracted_data/n02489166/ILSVRC2012_val_00000206.JPEG,proboscis monkey,True,True,True,yes,biotic,material,"The target is a proboscis monkey. This is a non-human living entity (fauna). Since the image depicts a real, physically present instance of this animal in its natural environment, it falls under the definition of nature. Since nature is 'yes', I evaluate the sub-axes. A monkey is a fauna, which is a living organism, making it biotic. The image is a photograph of the actual animal, meaning it has physical presence and occupies space, making it material.",False
/home/pmonserrat/datasets/imagenet/extracted_data/n02490219/ILSVRC2012_val_00000520.JPEG,marmoset,True,True,True,yes,biotic,material,"The target is a marmoset, which is a non-human living entity (fauna). Since it is a real, physically present instance of an organism, it falls under the definition of nature. Since nature is 'yes', I evaluate the sub-axes. A marmoset is a living animal (fauna), making it biotic. The animal is physically present and occupies space, making it material.",False
/home/pmonserrat/datasets/imagenet/extracted_data/n02492035/ILSVRC2012_val_00002450.JPEG,capuchin,True,True,True,yes,biotic,material,"The target is a capuchin, which is a non-human living entity (fauna). The image provides a direct, physical depiction of these animals, which falls under the definition of non-human living entities, thus counting as nature. Since nature is 'yes', I evaluate the sub-axes. A capuchin is a living animal (fauna), making it biotic. The image shows the actual physical animals, meaning they occupy space and have mass, making them material.",False
/home/pmonserrat/datasets/imagenet/extracted_data/n02492660/ILSVRC2012_val_00003118.JPEG,howler monkey,True,True,True,yes,biotic,material,"The target is a howler monkey. It is a non-human living entity (fauna) found in a natural environment (tree/forest), which explicitly counts as nature under the definition. Since nature is 'yes', I evaluate the sub-axes. A howler monkey is a living organism (fauna), making it biotic. The image is a photograph of the actual animal occupying space, making it material.",False
/home/pmonserrat/datasets/imagenet/extracted_data/n02493509/ILSVRC2012_val_00000340.JPEG,titi,True,True,True,yes,biotic,material,"The target is a titi monkey. It is a non-human living entity (fauna) found in a natural environment, which directly falls under the definition of nature. Since nature is 'yes', I evaluate the sub-axes. A monkey is a living organism (fauna), making it biotic. The image is a photograph of a real, physical animal, meaning it has physical presence and mass, making it material.",False
/home/pmonserrat/datasets/imagenet/extracted_data/n02493793/ILSVRC2012_val_00003812.JPEG,spider monkey,True,True,True,yes,biotic,material,"The target is a spider monkey. This is a non-human living entity (fauna) found in a natural environment (a tree), which explicitly counts as nature under the definition. Since nature is 'yes', I evaluate the sub-axes. A spider monkey is a living organism (fauna), making it biotic. The image is a photograph of the actual animal, meaning it has physical presence and occupies space, making it material.",False
/home/pmonserrat/datasets/imagenet/extracted_data/n02494079/ILSVRC2012_val_00002011.JPEG,squirrel monkey,True,True,True,yes,biotic,material,"The target is a squirrel monkey. This is a non-human living entity (fauna) found in a natural environment, which explicitly counts as nature under the definition. Since nature is 'yes', I evaluate the sub-axes. A squirrel monkey is a living organism (fauna), making it biotic. The image shows a real, physically present animal, making it material.",False
/home/pmonserrat/datasets/imagenet/extracted_data/n02497673/ILSVRC2012_val_00000092.JPEG,madagascar cat,True,True,True,yes,biotic,material,"The target is a Madagascar cat. The image displays a photograph of a real, non-human living entity (fauna) in its natural environment, which directly falls under the definition of non-human living entities and ecosystems, thus counting as nature. Since nature is 'yes', I evaluate the sub-axes. A cat is a fauna, making it biotic. The image is a photograph of the actual animal occupying space, making it material.",False
/home/pmonserrat/datasets/imagenet/extracted_data/n02500267/ILSVRC2012_val_00001025.JPEG,indri,True,True,True,yes,biotic,material,"The target is an indri, which is a type of lemur. As a non-human living entity (fauna), it falls under the definition of nature. Since nature is 'yes', I evaluate the sub-axes. An indri is a living animal (fauna), making it biotic. The image shows a physical, real animal present in the scene, making it material.",False
/home/pmonserrat/datasets/imagenet/extracted_data/n02504013/ILSVRC2012_val_00000597.JPEG,indian elephant,True,True,True,yes,biotic,material,"The target is an Indian elephant. This is a non-human living entity (fauna) present in a natural/semi-natural environment, which directly falls under the definition of nature. Since nature is 'yes', I evaluate the sub-axes. An elephant is a living organism (fauna), making it biotic. The image shows a real, physically present animal, making it material.",False
/home/pmonserrat/datasets/imagenet/extracted_data/n02504458/ILSVRC2012_val_00001177.JPEG,african elephant,True,True,True,yes,biotic,material,"The target is an African elephant, which is a non-human living entity (fauna). This falls directly under the definition of nature. Since nature is 'yes', I evaluate the sub-axes. An elephant is a living organism (fauna), making it biotic. The image depicts a real, physical elephant in a natural environment, meaning it has physical presence and mass, making it material.",False
/home/pmonserrat/datasets/imagenet/extracted_data/n02509815/ILSVRC2012_val_00002863.JPEG,lesser panda,True,True,True,yes,biotic,material,"The target is a lesser panda. It is a non-human living entity (fauna). Since it is a real, physically present instance of an organism, it meets the definition of nature. Since nature is 'yes', I evaluate the sub-axes. A panda is a living organism (fauna), making it biotic. The image shows a photograph of a physical animal, meaning it occupies space and has mass, making it material.",False
/home/pmonserrat/datasets/imagenet/extracted_data/n02510455/ILSVRC2012_val_00000481.JPEG,giant panda,True,True,True,yes,biotic,material,"The target is a giant panda. It is a non-human living entity (fauna). Since it is a real, physically present instance of an organism, it meets the definition of nature. Since nature is 'yes', I evaluate the sub-axes. A giant panda is a living organism (fauna), making it biotic. The panda is a physical animal occupying space, making it material.",False
/home/pmonserrat/datasets/imagenet/extracted_data/n02514041/ILSVRC2012_val_00000312.JPEG,barracouta,True,True,True,yes,biotic,material,"The target is a barracuda, which is a type of fish. Non-human living entities (fauna) are explicitly included in the definition of nature, and this image depicts a real, physical instance of such an entity. Since nature is 'yes', I evaluate the sub-axes. A barracuda is a living organism (fauna), making it biotic. The image shows a physical fish existing in the water, meaning it has physical presence and mass, making it material.",False
/home/pmonserrat/datasets/imagenet/extracted_data/n02526121/ILSVRC2012_val_00000066.JPEG,eel,True,True,True,yes,biotic,material,"The target is an eel, which is a non-human living entity (fauna). This falls directly under the definition of nature, as it is a wild organism. Since nature is 'yes', I evaluate the sub-axes. An eel is a living organism (fauna), making it biotic. The image shows a real, physically present instance of the eel, making it material.",False
/home/pmonserrat/datasets/imagenet/extracted_data/n02536864/ILSVRC2012_val_00002364.JPEG,coho,True,True,True,yes,biotic,material,"The target is a 'coho', which refers to a type of salmon. The image clearly depicts a fish in an underwater environment. Non-human living entities (fauna) are explicitly included in the definition of nature. Since nature is 'yes', I evaluate the sub-axes. A fish is a living organism (fauna), making it biotic. The fish is physically present in the water, occupying space and having mass, making it material.",False
/home/pmonserrat/datasets/imagenet/extracted_data/n02606052/ILSVRC2012_val_00000124.JPEG,rock beauty,True,True,True,yes,biotic,material,"The target entity is a sea slug (nudibranch), which is a non-human living entity (fauna). It is captured in a natural marine environment, fulfilling the criteria for nature. Since nature is 'yes', I evaluate the sub-axes. The sea slug is a living organism (fauna), making it biotic. The image is a photograph of the actual organism, meaning it has physical presence and occupies space, making it material.",False
/home/pmonserrat/datasets/imagenet/extracted_data/n02607072/ILSVRC2012_val_00001176.JPEG,anemone fish,True,True,True,yes,biotic,material,"The target is an anemone fish. This is a non-human living entity (fauna) found in a natural marine environment, which falls directly under the definition of nature. Since nature is 'yes', I evaluate the sub-axes. The anemone fish is a living organism (fauna), making it biotic. The image is a photograph of a real, physical organism occupying space, making it material.",False
/home/pmonserrat/datasets/imagenet/extracted_data/n02640242/ILSVRC2012_val_00000050.JPEG,sturgeon,True,True,True,yes,biotic,material,"The target is a sturgeon, which is a type of fish (fauna). Non-human living entities, whether wild or otherwise, are explicitly included in the definition of nature. The image shows a physical specimen. Since nature is 'yes', I evaluate the sub-axes. A sturgeon is a fauna, making it biotic. The image displays a physical, tangible specimen, making it material.",False
/home/pmonserrat/datasets/imagenet/extracted_data/n02641379/ILSVRC2012_val_00001975.JPEG,gar,True,True,True,yes,biotic,material,"The target is a gar, which is a type of fish. Fish are non-human living entities (fauna), and the image depicts a real, physical instance of this organism, thus fulfilling the criteria for nature. Since nature is 'yes', I evaluate the sub-axes. A gar is a fauna, making it biotic. The image shows a physical specimen occupying space, making it material.",False
/home/pmonserrat/datasets/imagenet/extracted_data/n02643566/ILSVRC2012_val_00000196.JPEG,lionfish,True,True,True,yes,biotic,material,"The target is a lionfish. Lionfish are non-human living entities (fauna) found in marine environments. This directly falls under the definition of nature. Since nature is 'yes', I evaluate the sub-axes. A lionfish is a living organism (fauna), making it biotic. The image is a photograph of a real, physical fish occupying space, making it material.",False
/home/pmonserrat/datasets/imagenet/extracted_data/n02655020/ILSVRC2012_val_00000699.JPEG,puffer,True,True,True,yes,biotic,material,"The target is a pufferfish. It is a non-human living entity (fauna) found in an aquatic environment, which falls directly under the definition of nature. Since nature is 'yes', I evaluate the sub-axes. A pufferfish is a living organism (fauna), making it biotic. The image shows a real, physically present instance of the fish in an aquarium setting, meaning it has physical presence and mass, making it material.",False
/home/pmonserrat/datasets/imagenet/extracted_data/n02666196/ILSVRC2012_val_00000038.JPEG,abacus,False,,,no,none,none,"The target is an abacus. It is a manufactured tool made of plastic and metal. It does not consist of identifiable natural materials, nor is it a representation of a natural element, process, or organism. Therefore, it does not meet the criteria for nature. Not applicable since the entity is not nature.",False
/home/pmonserrat/datasets/imagenet/extracted_data/n02666196/ILSVRC2012_val_00000417.JPEG,abacus,False,,,no,none,none,"The target is an abacus. It is a manufactured object. While it is made of materials (likely wood or plastic/metal), the visual evidence does not show a clearly identifiable natural material of origin (like visible wood grain or stone texture) that would qualify it as a 'Nature-Based Artefact'. It is a purely functional, manufactured tool. Not applicable since the entity is not nature.",False
/home/pmonserrat/datasets/imagenet/extracted_data/n02667093/ILSVRC2012_val_00001285.JPEG,abaya,False,,,no,none,none,"The target is an 'abaya', which is a garment. It is a manufactured item made from fabric. The definition of Nature does not include general clothing unless it falls under 'Nature-Based Artefacts' (where the natural material of origin is clearly visually identifiable, e.g., visible wood grain or stone texture) or 'Processed Food & Drink'. Since the abaya is a textile item and the visual evidence does not show a clearly identifiable natural texture (like raw linen or visible animal hide), it does not meet the criteria for nature. Not applicable since the entity is not nature.",False
/home/pmonserrat/datasets/imagenet/extracted_data/n02667093/ILSVRC2012_val_00001495.JPEG,abaya,False,,,no,none,none,"The target entity is an 'abaya', which is a garment. It is a manufactured item made from fabric. Since the definition of Nature does not include general manufactured clothing unless it is a 'Nature-Based Artefact' where the natural material of origin is clearly visually identifiable (e.g., visible wood grain or stone texture), and the abaya appears to be a homogenous textile without such identifiable natural texture, it does not meet the criteria for nature. Not applicable since the entity is not nature.",False
/home/pmonserrat/datasets/imagenet/extracted_data/n02669723/ILSVRC2012_val_00000851.JPEG,academic gown,False,,,no,none,none,"The target is an academic gown. It is a manufactured garment, and while it is made of fabric (which can be derived from natural materials like wool or cotton), the visual evidence does not allow for the identification of a clearly visible natural material of origin in the way required for 'Nature-Based Artefacts' (e.g., visible wood grain or stone texture). It is a piece of clothing, not explicitly defined as nature, and does not fall under the other categories (flora, fauna, environment, etc.). Not applicable since the entity is not nature.",False
/home/pmonserrat/datasets/imagenet/extracted_data/n02669723/ILSVRC2012_val_00002220.JPEG,academic gown,False,,,no,none,none,"The target is an academic gown. It is a manufactured garment, and while it is made of fabric, the definition for 'Nature-Based Artefacts' requires the natural material of origin to be *clearly visually identifiable* (e.g., visible wood grain or stone texture). A standard academic gown fabric does not possess such a clearly identifiable natural texture, and it is not explicitly listed as a derivative of flora or fauna in a way that meets the 'Nature-Based Artefact' threshold. Not applicable since the entity is not nature.",False
/home/pmonserrat/datasets/imagenet/extracted_data/n02672831/ILSVRC2012_val_00000204.JPEG,accordion,False,,,no,none,none,"The target is an accordion. It is a manufactured musical instrument. It does not fall under any of the defined categories of nature (non-human living entities, natural environments, non-living natural elements/processes, processed food/drink, nature-based artefacts with identifiable natural material, or activities/representations of these). Not applicable since the entity is not nature.",False
/home/pmonserrat/datasets/imagenet/extracted_data/n02676566/ILSVRC2012_val_00001416.JPEG,acoustic guitar,False,,,yes,biotic,material,"The target is an acoustic guitar. It is a manufactured object, but it is constructed from natural materials (wood) whose grain and texture are visually identifiable. This fits the definition of a Nature-Based Artefact, thus counting as nature. Since nature is 'yes', I evaluate the sub-axes. The primary material (wood) is derived from flora, making it biotic. The guitar itself is a physical, tangible object that occupies space, making it material.",False
/home/pmonserrat/datasets/imagenet/extracted_data/n02687172/ILSVRC2012_val_00000289.JPEG,aircraft carrier,False,,,no,none,none,"The target is an aircraft carrier, which is a large, complex piece of military hardware. It is a purely manufactured object made of metal and composite materials. It does not fit any category of non-human living entities, natural environments, non-living natural elements/processes, processed food/drink, nature-based artefacts (as its texture is homogenous and industrial, not derived from clearly identifiable natural materials like wood or stone), or activities/representations of nature. Therefore, it does not count as nature. Not applicable since the entity is not nature.",False
/home/pmonserrat/datasets/imagenet/extracted_data/n02690373/ILSVRC2012_val_00000631.JPEG,airliner,False,,,no,none,none,"The target is an airliner. It is a complex, manufactured machine made primarily of metal and composite materials. It does not fall under any category of non-human living entities, natural environments, non-living natural elements/processes, processed food/drink, nature-based artefacts (as its texture is homogenous and not derived from clearly identifiable natural materials like wood or stone), or activities/representations of the above. Therefore, it does not count as nature. Not applicable since the entity is not nature.",False
/home/pmonserrat/datasets/imagenet/extracted_data/n02692877/ILSVRC2012_val_00001602.JPEG,airship,False,,,yes,none,immaterial,"The target is an airship depicted in a painting. The definition states that any representation of nature, including artistic depictions, counts as nature-relevant. While an airship itself is a manufactured object, its depiction within a landscape painting context, alongside natural elements like the sea and sky, falls under the broad category of artistic representation of a scene, which is covered by the final clause of the Nature Definition. Since nature is 'yes', I evaluate the sub-axes. An airship is a manufactured object, not a natural entity, so it does not fit the biotic or abiotic categories based on its inherent composition. However, as a depiction within a painting, it is an artistic representation, making it immaterial.",False
/home/pmonserrat/datasets/imagenet/extracted_data/n02699494/ILSVRC2012_val_00000932.JPEG,altar,False,,,yes,biotic,material,"The target is an 'altar' within a temple setting. While the altar itself is a constructed object, the context and the objects upon it (statues of Buddha, which represent living entities or spiritual figures derived from religious tradition) are central. The statues are representations of beings, and the entire setup is a cultural/religious representation of a sacred space interacting with spiritual concepts derived from life/existence. Given the presence of religious iconography and the nature of the objects depicted (statues of figures), this falls under the broad category of a representation of a concept or entity related to life/existence, fitting the 'representation' clause of nature. Since nature is 'yes', I evaluate the sub-axes. The primary components are statues, which are representations of beings (biotic). The altar structure itself is a manufactured object, but its function and context tie it to the represented life/spiritual elements. The statues are physical objects occupying space, making the representation material, even if the underlying concept is spiritual.",False
/home/pmonserrat/datasets/imagenet/extracted_data/n02701002/ILSVRC2012_val_00001910.JPEG,ambulance,False,,,no,none,none,"The target is an ambulance. It is a manufactured vehicle made of metal and plastic. It does not fall under any category of living entities, natural environments, non-living natural elements, processed food, nature-based artefacts (as its texture is homogenous and artificial), or activities/representations of nature. Therefore, it does not count as nature. Not applicable since the entity is not nature.",False
/home/pmonserrat/datasets/imagenet/extracted_data/n02704792/ILSVRC2012_val_00000998.JPEG,amphibian,False,,,yes,biotic,material,"The target entity is an 'amphibian'. While the image provided does not explicitly show an amphibian, the prompt requires classification based on the target entity name and the provided definitions. An amphibian is a non-human living entity (fauna), which falls under the definition of nature. Since nature is 'yes', I evaluate the sub-axes. An amphibian is a living organism (fauna), making it biotic. Assuming a real, physical amphibian is present or referenced, it would occupy space and have mass, making it material. If it were a depiction, it would be immaterial, but the default classification for a named biological entity is material unless context suggests otherwise.",False
/home/pmonserrat/datasets/imagenet/extracted_data/n02708093/ILSVRC2012_val_00001011.JPEG,analog clock,False,,,no,none,none,"The target is an analog clock. It is a manufactured object. While it has a wooden casing, the clock face itself, hands, and internal mechanisms are primarily manufactured components (metal, plastic, glass) and do not constitute a nature-based artefact where the natural material of origin is clearly visually identifiable across the whole object, nor does it represent a natural element or process. Not applicable since the entity is not nature.",False
/home/pmonserrat/datasets/imagenet/extracted_data/n02727426/ILSVRC2012_val_00002391.JPEG,apiary,False,,,yes,biotic,material,"The target entity is an apiary, which refers to the managed environment and the presence of beehives and bees. The bees are non-human living entities (fauna), and the hives/beekeeping activity takes place in a semi-natural environment (the garden/outdoor setting). This falls under the definition of non-human living entities and natural/semi-natural environments, thus counting as nature. Since nature is 'yes', I evaluate the sub-axes. The bees are fauna, making the biotic component present. The hives and the activity are physical objects and processes occurring in the environment, making the overall instance material.",False
/home/pmonserrat/datasets/imagenet/extracted_data/n02730930/ILSVRC2012_val_00000771.JPEG,apron,False,,,no,none,none,The target is an apron. It is a manufactured textile item. It does not meet the criteria for a nature-based artefact because it lacks a clearly identifiable natural material of origin (it appears to be a homogenous black fabric) and it is not a representation of nature. Not applicable since the entity is not nature.,False
/home/pmonserrat/datasets/imagenet/extracted_data/n02747177/ILSVRC2012_val_00000422.JPEG,ashcan,False,,,no,none,none,"The target is an 'ashcan' (trash receptacle). It is a manufactured object made of metal and plastic, and it does not contain any clearly identifiable natural material (like visible wood grain or stone texture) that would qualify it as a nature-based artefact. It is a purely functional, artificial object. Not applicable since the entity is not nature.",False
/home/pmonserrat/datasets/imagenet/extracted_data/n02749479/ILSVRC2012_val_00000268.JPEG,assault rifle,True,True,True,no,none,none,"The target is an assault rifle. It is a manufactured weapon made of metal and polymers. It does not fall under any category of living entities, natural environments, non-living natural elements, processed food, nature-based artefacts (as its texture is not clearly identifiable as a natural material like wood or stone), or activities/representations of nature. Therefore, it does not count as nature. Not applicable since the entity is not nature.",False
/home/pmonserrat/datasets/imagenet/extracted_data/n02769748/ILSVRC2012_val_00000459.JPEG,backpack,False,,,no,none,none,"The target is a backpack. It is a manufactured object made of synthetic fabric (nylon/polyester). It does not contain any clearly identifiable natural material of origin (like visible wood grain or stone texture) and is not a representation of nature. Therefore, it does not meet the criteria for nature-based artefacts or any other category. Not applicable since the entity is not nature.",False
/home/pmonserrat/datasets/imagenet/extracted_data/n02776631/ILSVRC2012_val_00000008.JPEG,bakery,False,,,yes,biotic,material,"The target entity is a bakery, but the image provided shows macarons, which are processed food items. The definition explicitly states that 'Processed Food & Drink (The Ingestion Criterion): Edible solid or liquid elements at any processing level count as nature.' Therefore, the food items visible in the image count as nature. Since nature is 'yes', I evaluate the sub-axes. Macarons are derived from ingredients (sugar, eggs, etc.) and are edible processed foods, which fall under the biotic category (derivatives of flora/fauna). They are physical, edible solids, making them material.",False
/home/pmonserrat/datasets/imagenet/extracted_data/n02777292/ILSVRC2012_val_00000494.JPEG,balance beam,False,,,no,none,none,"The target is a balance beam. It is a piece of sporting equipment, typically made of wood or composite materials. Since the image does not provide visual evidence of a natural material of origin (like visible wood grain or stone texture) that is clearly identifiable, and it is a manufactured object, it does not meet the criteria for a 'Nature-Based Artefact' or any other category of nature. Not applicable since the entity is not nature.",False
/home/pmonserrat/datasets/imagenet/extracted_data/n02782093/ILSVRC2012_val_00001731.JPEG,balloon,False,,,no,none,none,"The target is a balloon. These are manufactured objects, and while they are large and colorful, they are not explicitly described as being made of a visually identifiable natural material (like wood grain or stone texture) that would qualify them as a 'Nature-Based Artefact'. They are primarily synthetic objects, and they do not fall under any other category (flora, fauna, environment, etc.). Not applicable since the entity is not nature.",False
/home/pmonserrat/datasets/imagenet/extracted_data/n02783161/ILSVRC2012_val_00000721.JPEG,ballpoint,False,,,no,none,none,"The target is a ballpoint pen. It is a manufactured object made of metal and plastic. It does not possess a clearly identifiable natural material of origin (like visible wood grain or stone texture) and is not an edible item or a representation of nature, so it fails the criteria for nature. Not applicable since the entity is not nature.",False
/home/pmonserrat/datasets/imagenet/extracted_data/n02786058/ILSVRC2012_val_00000400.JPEG,band aid,False,,,no,none,none,"The target is a band aid. While a band aid is a manufactured item, it is used to cover wounds, and the definition includes 'Processed Food & Drink (The Ingestion Criterion)' which covers edible elements. However, a standard adhesive bandage is not an edible element. It is a manufactured item, and unless the material itself (like a specific natural fiber) is clearly identifiable and the item is not homogenous, it does not meet the 'Nature-Based Artefacts' criteria. Given its typical composition (plastic/adhesive), it is considered a purely artificial, non-natural product. Not applicable since the entity is not nature.",False
/home/pmonserrat/datasets/imagenet/extracted_data/n02787622/ILSVRC2012_val_00000315.JPEG,banjo,False,,,no,none,none,"The target is a banjo. It is a manufactured musical instrument. While it is constructed from materials that may have natural origins (wood), the object itself is a complex, processed artifact. It does not meet the criteria for a 'Nature-Based Artefact' because its texture is not clearly identifiable as a natural material in the way required (e.g., visible wood grain on a surface), and it is not a simple object whose natural material is the primary visual feature. Not applicable since the entity is not nature.",False
/home/pmonserrat/datasets/imagenet/extracted_data/n02788148/ILSVRC2012_val_00000272.JPEG,bannister,False,,,no,none,none,"The target is a bannister, which is a manufactured object made of metal. It does not contain any clearly identifiable natural material of origin (like visible wood grain or stone texture) that would qualify it as a 'Nature-Based Artefact' under the definition. Therefore, it does not count as nature. Not applicable since the entity is not nature.",False
/home/pmonserrat/datasets/imagenet/extracted_data/n02790996/ILSVRC2012_val_00004406.JPEG,barbell,False,,,no,none,none,"The target is a barbell, which is a piece of exercise equipment typically made of metal. It is a manufactured object, and while it is made of a material (metal), it does not meet the criteria for 'Nature-Based Artefacts' because it does not have a clearly identifiable natural material of origin (like visible wood grain or stone texture); it is a homogenous, industrial object. Not applicable since the entity is not nature.",False
/home/pmonserrat/datasets/imagenet/extracted_data/n02791124/ILSVRC2012_val_00000759.JPEG,barber chair,False,,,no,none,none,"The target is a barber chair. It is a manufactured object made of metal and leather. Since the material is not clearly identifiable as having a natural origin (like visible wood grain or stone texture) and the object is not primarily defined by its natural components, it does not meet the criteria for a Nature-Based Artefact. It is a purely manufactured item. Not applicable since the entity is not nature.",False
/home/pmonserrat/datasets/imagenet/extracted_data/n02791270/ILSVRC2012_val_00000076.JPEG,barbershop,False,,,no,none,none,"The target entity is a 'barbershop,' which is a commercial establishment or building. The definition of Nature explicitly excludes 'purely administrative or political units (e.g., a country, county, or district)' and does not include general man-made structures or businesses. Therefore, the barbershop itself does not qualify as nature. Not applicable since the entity is not nature.",False
/home/pmonserrat/datasets/imagenet/extracted_data/n02793495/ILSVRC2012_val_00000234.JPEG,barn,False,,,no,none,none,"The target is a barn. A barn is a manufactured structure, not explicitly listed as a natural element. It is not a nature-based artefact because its primary material (wood/siding) is not the focus, and it is a building, not a piece of furniture or a surface where the natural material is clearly identifiable in the context of the definition. Therefore, it does not count as nature. Not applicable since the entity is not nature.",False
/home/pmonserrat/datasets/imagenet/extracted_data/n02794156/ILSVRC2012_val_00000287.JPEG,barometer,False,,,no,none,none,"The target is a barometer. It is a manufactured instrument, not a natural element, nor is it a nature-based artefact where the natural material of origin is clearly identifiable (the casing appears metallic/brass, but the object's function is purely mechanical/instrumental, not representing a natural feature). Therefore, it does not meet the criteria for nature. Not applicable since the entity is not nature.",False
/home/pmonserrat/datasets/imagenet/extracted_data/n02795169/ILSVRC2012_val_00000687.JPEG,barrel,False,,,no,none,none,"The target is a barrel, which appears to be a metal or industrial container. There is no visual evidence suggesting it is made from a natural material (like wood with visible grain) or that it is a representation of a natural element. It appears to be a purely manufactured, homogenous object. Not applicable since the entity is not nature.",False
/home/pmonserrat/datasets/imagenet/extracted_data/n02797295/ILSVRC2012_val_00002509.JPEG,barrow,False,,,no,none,none,"The target is a 'barrow' (wheelbarrow). This is a manufactured object made of metal and wood/rubber. While it is an artefact, the visual evidence does not show a clearly identifiable natural material of origin (like visible wood grain or stone texture) that would qualify it as a 'Nature-Based Artefact'. It is primarily a piece of machinery. Not applicable since the entity is not nature.",False
/home/pmonserrat/datasets/imagenet/extracted_data/n02799071/ILSVRC2012_val_00001468.JPEG,baseball,False,,,yes,abiotic,material,"The target is a baseball. A baseball is a manufactured object, but it is composed of materials (leather, cork, etc.) that are derived from natural sources. While it is a processed item, it does not fit neatly into the 'Processed Food & Drink' criterion. However, it is a manufactured object whose primary components are derived from natural materials, and it is not a homogenous, unidentifiable texture like smooth plastic. Given the context of other criteria, and recognizing it as a physical object made from natural components, it is treated as a material object derived from nature. Since nature is 'yes', I evaluate the sub-axes. A baseball is an inanimate object made from natural materials, classifying it as abiotic. It is a physical object that occupies space and has mass, making it material.",False
/home/pmonserrat/datasets/imagenet/extracted_data/n02802426/ILSVRC2012_val_00001517.JPEG,basketball,False,,,no,none,none,"The target is a basketball. It is a manufactured object, but the definition for 'Processed Food & Drink' includes edible solid or liquid elements at any processing level. While a basketball is not typically consumed, it is a manufactured item. Crucially, it does not fit the criteria for 'Nature-Based Artefacts' as it is not made from a clearly identifiable natural material like wood or stone. It is a synthetic sporting good, and there is no other criterion met for it to count as nature. Not applicable since the entity is not nature.",False
/home/pmonserrat/datasets/imagenet/extracted_data/n02804414/ILSVRC2012_val_00000354.JPEG,bassinet,False,,,no,none,none,"The target is a bassinet. A bassinet is a piece of furniture, which is a manufactured object. It does not inherently contain identifiable natural materials (like visible wood grain or stone texture) that would qualify it as a 'Nature-Based Artefact' under the definition. It is a purely manufactured item. Not applicable since the entity is not nature.",False
/home/pmonserrat/datasets/imagenet/extracted_data/n02804610/ILSVRC2012_val_00001090.JPEG,bassoon,False,,,no,none,none,"The target is a bassoon, which is a musical instrument. It is a manufactured object. While it is made of materials (wood, metal), the definition for 'Nature-Based Artefacts' requires the natural material of origin to be *clearly visually identifiable* (e.g., visible wood grain or stone texture). The bassoon shown is a finished, manufactured instrument where the texture is that of a crafted object, not an identifiable natural surface in the required sense, and it does not fall under any other category (like processed food or a representation). Therefore, it does not count as nature. Not applicable since the entity is not nature.",False
/home/pmonserrat/datasets/imagenet/extracted_data/n02807133/ILSVRC2012_val_00001013.JPEG,bathing cap,False,,,no,none,none,"The target is a bathing cap. It is a manufactured item, typically made of synthetic materials like rubber or silicone. It does not possess a clearly identifiable natural material of origin (like visible wood grain or stone texture) and is not an edible product or a representation of nature. Therefore, it does not meet the criteria for nature. Not applicable since the entity is not nature.",False
/home/pmonserrat/datasets/imagenet/extracted_data/n02808304/ILSVRC2012_val_00001384.JPEG,bath towel,False,,,no,none,none,"The target is a bath towel. It is a manufactured textile item. It does not fall under the categories of living entities, natural environments, non-living natural elements, processed food/drink, or nature-based artefacts (as it lacks a clearly identifiable natural material texture like wood or stone). Therefore, it does not count as nature. Not applicable since the entity is not nature.",False
/home/pmonserrat/datasets/imagenet/extracted_data/n02808440/ILSVRC2012_val_00002563.JPEG,bathtub,False,,,no,none,none,"The target is a bathtub. It is a manufactured object, typically made of ceramic, fiberglass, or metal. Since the visual evidence does not show any clearly identifiable natural material of origin (like visible wood grain or stone texture), it does not qualify as a Nature-Based Artefact. It is a purely artificial object. Not applicable since the entity is not nature.",False
/home/pmonserrat/datasets/imagenet/extracted_data/n02814533/ILSVRC2012_val_00000175.JPEG,beach wagon,False,,,no,none,none,"The target is a 'beach wagon,' which is a vehicle. It is a manufactured object made of metal, rubber, and other synthetic materials. It does not contain any clearly identifiable natural material of origin (like visible wood grain or stone texture) that would qualify it as a nature-based artefact, nor does it represent any other category of nature (living entity, environment, process, etc.). Therefore, it does not count as nature. Not applicable since the entity is not nature.",False
/home/pmonserrat/datasets/imagenet/extracted_data/n02814860/ILSVRC2012_val_00000483.JPEG,beacon,False,,,no,none,none,"The target is a lighthouse beacon. A lighthouse is a man-made structure, and while it is situated in a natural environment (the sea/night sky), the beacon itself is a piece of engineered equipment. It does not fall under any of the defined categories of nature (non-human living entities, natural environments, non-living natural elements/processes, processed food, nature-based artefacts with identifiable natural material, or activities/representations of these). Not applicable since the entity is not nature.",False
/home/pmonserrat/datasets/imagenet/extracted_data/n02815834/ILSVRC2012_val_00000253.JPEG,beaker,False,,,yes,abiotic,material,"The target is a beaker containing a dark liquid. The liquid inside is a substance, and under the 'Processed Food & Drink (The Ingestion Criterion)', edible solid or liquid elements at any processing level count as nature. Even if the liquid is not food, it is a substance being analyzed in a scientific context, and the definition broadly covers natural elements and processes. Given the context of a lab setting, the liquid is treated as a substance being observed, which aligns with the scope of natural elements or processes being studied. Since nature is 'yes', I evaluate the sub-axes. The liquid is a non-living substance, classifying it as abiotic. The beaker and its contents are physical objects occupying space, making the substance material.",False
/home/pmonserrat/datasets/imagenet/extracted_data/n02817516/ILSVRC2012_val_00001048.JPEG,bearskin,False,,,yes,biotic,material,"The target entity is a 'bearskin'. A bearskin is a garment made from the pelt of a bear. The pelt is derived from a non-human living entity (fauna). This falls under the definition of non-human living entities or their derivatives, which counts as nature. Since nature is 'yes', I evaluate the sub-axes. The material is derived from an animal (fauna), making it biotic. The bearskin is a physical object that occupies space and has mass, making it material.",False
/home/pmonserrat/datasets/imagenet/extracted_data/n02823428/ILSVRC2012_val_00000654.JPEG,beer bottle,False,,,yes,biotic,material,"The target is a beer bottle. Beer is a processed food and drink, and the definition explicitly states that 'Edible solid or liquid elements at any processing level count as nature.' Therefore, the contents of the bottle qualify as nature. Since nature is 'yes', I evaluate the sub-axes. Beer is a derivative of natural ingredients (grains, hops, etc.) and is a processed food/drink, classifying it as biotic. The bottle itself contains a physical liquid, making the entity material.",False
/home/pmonserrat/datasets/imagenet/extracted_data/n02823750/ILSVRC2012_val_00003782.JPEG,beer glass,False,,,yes,biotic,material,"The target is a beer glass containing beer. Beer is a processed food and drink, and the Ingestion Criterion explicitly states that edible solid or liquid elements at any processing level count as nature. Therefore, the beer inside the glass counts as nature. Since nature is 'yes', I evaluate the sub-axes. Beer is a derivative of natural ingredients (like malted grains, hops, etc.), classifying it as a biotic element. The beer itself is a liquid that occupies space and has mass, making it material.",False
/home/pmonserrat/datasets/imagenet/extracted_data/n02825657/ILSVRC2012_val_00001103.JPEG,bell cote,False,,,no,none,none,"The target entity is a bell cote, which is a part of a large stone building. It is a manufactured architectural structure, not a natural element, nor is it a nature-based artefact as its texture is not defined by clearly identifiable natural material in the context of the definition (it is a constructed building). Therefore, it does not count as nature. Not applicable since the entity is not nature.",False
/home/pmonserrat/datasets/imagenet/extracted_data/n02834397/ILSVRC2012_val_00001252.JPEG,bib,False,,,no,none,none,"The target is a bib. It is a manufactured textile item. It does not fall under any of the defined categories of nature (non-human living entities, natural environments, non-living natural elements, processed food/drink, nature-based artefacts with identifiable natural material, or activities/representations of these). It is a purely manufactured item with a printed pattern. Not applicable since the entity is not nature.",False
/home/pmonserrat/datasets/imagenet/extracted_data/n02835271/ILSVRC2012_val_00000953.JPEG,bicycle-built-for-two,False,,,no,none,none,"The target is a 'bicycle-built-for-two'. This object is a manufactured item. While it is made of materials (metal, rubber) that originate from nature, the object itself is a complex, engineered artifact. It does not qualify as a 'Nature-Based Artefact' because its texture is not clearly identifiable as a natural material (like visible wood grain or stone texture), and it is not a representation of nature. Therefore, it does not count as nature. Not applicable since the entity is not nature.",False
/home/pmonserrat/datasets/imagenet/extracted_data/n02837789/ILSVRC2012_val_00000239.JPEG,bikini,False,,,no,none,none,"The target is a bikini worn by a person. A bikini is an article of clothing, which is a manufactured item. It does not fall under any of the defined categories of nature (non-human living entities, natural environments, non-living natural elements, processed food/drink, nature-based artefacts with identifiable natural material, or activities/representations of these). Not applicable since the entity is not nature.",False
/home/pmonserrat/datasets/imagenet/extracted_data/n02840245/ILSVRC2012_val_00003446.JPEG,binder,False,,,no,none,none,"The target is a binder, which is a manufactured object. It is not described as having a clearly identifiable natural material of origin (like visible wood grain or stone texture) and appears to be made of metal and synthetic materials, thus it does not qualify as a nature-based artefact under the definition. Not applicable since the entity is not nature.",False
/home/pmonserrat/datasets/imagenet/extracted_data/n02841315/ILSVRC2012_val_00000917.JPEG,binoculars,False,,,no,none,none,"The target is a pair of binoculars. These are manufactured objects. They are not explicitly described as being made of a clearly identifiable natural material (like visible wood grain or stone texture) in the visual evidence, nor are they an activity directly engaging with nature, nor are they a representation of nature. Therefore, they do not meet the criteria for nature-based artefacts or any other category. Not applicable since the entity is not nature.",False
/home/pmonserrat/datasets/imagenet/extracted_data/n02843684/ILSVRC2012_val_00000514.JPEG,birdhouse,False,,,no,none,none,"The target is a birdhouse. It is a manufactured object. While it is a structure, it is not explicitly described as being made of a clearly identifiable natural material (like visible wood grain or stone texture) in a way that qualifies it as a 'Nature-Based Artefact' under the definition. It appears to be a standard, painted, or composite structure, thus it does not meet the criteria for nature. Not applicable since the entity is not nature.",False
/home/pmonserrat/datasets/imagenet/extracted_data/n02859443/ILSVRC2012_val_00000193.JPEG,boathouse,False,,,no,none,none,"The target is a boathouse. A boathouse is a man-made structure, typically constructed from materials like wood or stone. Unless the structure itself is clearly identifiable as a nature-based artefact (e.g., a hut built entirely of raw, visible logs), it is considered a purely architectural or constructed object, not a natural element or a nature-based artefact under the strict definition. Not applicable since the entity is not nature.",False
/home/pmonserrat/datasets/imagenet/extracted_data/n02860847/ILSVRC2012_val_00000601.JPEG,bobsled,False,,,no,none,none,"The target is a bobsled. A bobsled is a manufactured piece of sporting equipment, typically made of metal, fiberglass, or composite materials. It does not fit the criteria for a nature-based artefact (as its texture is homogenous and not clearly derived from a natural material like wood or stone) nor does it fall under any other category of living or non-living natural elements or processes. Therefore, it does not count as nature. Not applicable since the entity is not nature.",False
/home/pmonserrat/datasets/imagenet/extracted_data/n02865351/ILSVRC2012_val_00000763.JPEG,bolo tie,False,,,yes,biotic,immaterial,"The target is a bolo tie. It is a manufactured object, but the central medallion features a depiction of a bird and a landscape, which are representations of natural elements (fauna and environment). Since the object explicitly depicts nature, it counts as a nature-relevant representation. Since nature is 'yes', I evaluate the sub-axes. The depicted bird is fauna (biotic). The tie itself is a manufactured object, and while the depiction is on a material surface, the representation of the bird and landscape is an artistic/cultural representation, making the overall depiction immaterial.",False
/home/pmonserrat/datasets/imagenet/extracted_data/n02869837/ILSVRC2012_val_00000906.JPEG,bonnet,False,,,yes,biotic,material,"The target is a bonnet decorated with a pattern featuring flowers and leaves. Since the pattern explicitly depicts flora (flowers and leaves), this counts as a representation of nature, fulfilling the criteria for nature. Since nature is 'yes', I evaluate the sub-axes. The depicted flowers and leaves are flora, making the representation biotic. The bonnet itself is a physical object worn by a person, making the representation material.",False
/home/pmonserrat/datasets/imagenet/extracted_data/n02870880/ILSVRC2012_val_00003274.JPEG,bookcase,False,,,no,none,none,"The target is a bookcase. It is a manufactured piece of furniture. While it is likely made of wood, the image does not provide sufficient visual evidence to confirm that the natural material of origin (wood grain or stone texture) is clearly identifiable, as required for 'Nature-Based Artefacts'. It appears to be a standard, finished piece of furniture. Not applicable since the entity is not nature.",False
/home/pmonserrat/datasets/imagenet/extracted_data/n02871525/ILSVRC2012_val_00000879.JPEG,bookshop,False,,,no,none,none,"The target is a 'bookshop'. A bookshop is a commercial building and an administrative/political unit for the purpose of this classification, as it is a place of commerce and organization, not a natural environment or a collection of natural elements. It does not fall under any of the defined categories of nature. Not applicable since the entity is not nature.",False
/home/pmonserrat/datasets/imagenet/extracted_data/n02877765/ILSVRC2012_val_00000634.JPEG,bottlecap,False,,,no,none,none,"The target is a bottlecap. It is a manufactured object, and while it is made of metal, the definition for 'Nature-Based Artefacts' requires the natural material of origin to be *clearly visually identifiable* (e.g., visible wood grain or stone texture). A standard metal bottlecap does not possess such an identifiable natural texture, and it is not classified as a processed food or drink derivative in a way that meets the ingestion criterion. Not applicable since the entity is not nature.",False
/home/pmonserrat/datasets/imagenet/extracted_data/n02879718/ILSVRC2012_val_00001354.JPEG,bow,False,,,yes,biotic,material,"The target is a bow, which is a tool used in the activity of archery. The definition states that 'Activities that take place in or directly engage with any of the above' count as nature. While the bow itself is a manufactured object, its context here is directly related to the activity of archery, which is considered nature-relevant. Since nature is 'yes', I evaluate the sub-axes. The bow is a manufactured object, but it is made of natural materials (wood/horn/sinew, implied by its function and appearance in this context) and is an artefact related to a nature-engaging activity. Therefore, it is considered biotic as it is derived from natural materials, and it has a physical presence, making it material.",False
/home/pmonserrat/datasets/imagenet/extracted_data/n02883205/ILSVRC2012_val_00000126.JPEG,bow tie,False,,,no,none,none,"The target is a bow tie worn by a person. It is a manufactured item, and there is no visual evidence that the bow tie itself is made from a clearly identifiable natural material (like wood grain or stone texture) that would qualify it as a Nature-Based Artefact. It appears to be made of fabric, which is not explicitly covered as a natural material in the definition unless it is a derivative of flora/fauna, which is not visually apparent. Not applicable since the entity is not nature.",False
/home/pmonserrat/datasets/imagenet/extracted_data/n02892201/ILSVRC2012_val_00001145.JPEG,brass,False,,,no,none,none,"The target is 'brass', which appears as a metallic plaque element on a monument. Brass is a mineral/metal component. While it is a manufactured object, the definition for Nature-Based Artefacts requires the 'natural material of origin is clearly visually identifiable'. Brass, as a homogenous alloy, does not exhibit a clearly identifiable natural texture like wood grain or stone texture in the way the definition implies for this category. It is a processed mineral/metal, but it does not meet the specific criteria for a Nature-Based Artefact, nor is it listed as a primary natural element like rock or oil in a way that overrides the artefact exclusion. Not applicable since the entity is not nature.",False
/home/pmonserrat/datasets/imagenet/extracted_data/n02892767/ILSVRC2012_val_00000808.JPEG,brassiere,False,,,no,none,none,"The target is a brassiere. It is a manufactured garment made of synthetic or textile materials. It does not fall under any of the defined categories of nature (non-human living entities, natural environments, non-living natural elements, processed food/drink, nature-based artefacts with identifiable natural material, or activities/representations of these). Not applicable since the entity is not nature.",False
/home/pmonserrat/datasets/imagenet/extracted_data/n02894605/ILSVRC2012_val_00000358.JPEG,breakwater,False,,,yes,abiotic,material,"The target is a breakwater, which is a structure built from large rocks placed in the sea. While it is a manufactured object, it is constructed from natural geological components (rock). The definition includes non-living natural elements and processes, and while the structure itself is artificial, its composition of visible rock texture qualifies it as a nature-based artefact. Since nature is 'yes', I evaluate the sub-axes. The breakwater is composed of rock, which is a geological component, making it abiotic. The structure is a physical arrangement of these rocks, occupying space and having mass, making it material.",False
/home/pmonserrat/datasets/imagenet/extracted_data/n02895154/ILSVRC2012_val_00000080.JPEG,breastplate,False,,,no,none,none,"The target is a breastplate, which is a piece of armor. It is a manufactured object made of metal. The definition for Nature-Based Artefacts requires that the natural material of origin be 'clearly visually identifiable' (e.g., visible wood grain or stone texture). Since the breastplate is made of metal and its texture is homogenous and industrial, it does not meet the specific criteria for a nature-based artefact, nor does it fall under any other category of nature. Not applicable since the entity is not nature.",False
/home/pmonserrat/datasets/imagenet/extracted_data/n02906734/ILSVRC2012_val_00002937.JPEG,broom,False,,,yes,biotic,material,"The target is a broom. While a broom is a manufactured object, its bristles are made from natural fibers (likely plant-based). Since the natural material of origin (the fibers) is clearly identifiable, it qualifies as a Nature-Based Artefact, fulfilling the criteria for nature. Since nature is 'yes', I evaluate the sub-axes. The bristles are derived from flora, making the material biotic. The broom itself is a physical object with mass and occupies space, making it material.",False
/home/pmonserrat/datasets/imagenet/extracted_data/n02909870/ILSVRC2012_val_00000226.JPEG,bucket,False,,,yes,biotic,material,"The target is a 'bucket'. The visual evidence shows several buckets, some appearing to be made of wood (like the woven basket-like containers) and others made of plastic (blue containers). The wooden containers are Nature-Based Artefacts because the natural material of origin (wood) is visually identifiable. The plastic buckets are purely manufactured objects with a homogenous texture, which does not meet the criteria for nature. Since nature is 'yes' due to the presence of wooden buckets, I evaluate the sub-axes. The wooden buckets are made from flora, making them biotic. They are physical objects occupying space, making them material.",False
/home/pmonserrat/datasets/imagenet/extracted_data/n02910353/ILSVRC2012_val_00000558.JPEG,buckle,False,,,no,none,none,"The target is a buckle. It is a manufactured object, and while it is attached to a belt (which is made of material), the buckle itself appears to be made of metal and enamel/plastic, which does not exhibit a clearly identifiable natural material of origin (like visible wood grain or stone texture). Therefore, it does not qualify as a nature-based artefact under the definition. Not applicable since the entity is not nature.",False
/home/pmonserrat/datasets/imagenet/extracted_data/n02916936/ILSVRC2012_val_00000366.JPEG,bulletproof vest,False,,,no,none,none,"The target is a bulletproof vest. It is a manufactured protective garment made of synthetic materials (like ballistic nylon or Kevlar). It does not contain any identifiable natural material of origin, nor is it a representation of a natural element, process, or organism. Therefore, it does not meet the criteria for nature. Not applicable since the entity is not nature.",False
/home/pmonserrat/datasets/imagenet/extracted_data/n02917067/ILSVRC2012_val_00000562.JPEG,bullet train,False,,,no,none,none,"The target is a bullet train. It is a complex, manufactured vehicle made primarily of metal and composite materials. It does not fit any category of non-human living entities, natural environments, non-living natural elements/processes, processed food/drink, nature-based artefacts (as its texture is homogenous and artificial), or an activity/representation of nature. Therefore, it does not count as nature. Not applicable since the entity is not nature.",False
/home/pmonserrat/datasets/imagenet/extracted_data/n02927161/ILSVRC2012_val_00000071.JPEG,butcher shop,False,,,yes,biotic,material,"The target entity is a collection of fish laid out for sale in a butcher shop setting. Fish are non-human living entities (fauna) and are explicitly included under the definition of nature. Furthermore, they are edible elements, falling under the 'Processed Food & Drink (The Ingestion Criterion)' if considered as prepared for sale, but primarily they are natural fauna. Since nature is 'yes', I evaluate the sub-axes. Fish are fauna, which is a living organism, making them biotic. The fish are physical, tangible objects occupying space, making them material.",False
/home/pmonserrat/datasets/imagenet/extracted_data/n02930766/ILSVRC2012_val_00000056.JPEG,cab,False,,,no,none,none,"The target is a 'cab' (taxi). It is a manufactured vehicle made primarily of metal and plastic. It does not contain any clearly identifiable natural material of origin (like visible wood grain or stone texture) that would qualify it as a nature-based artefact, nor is it a representation of nature. Therefore, it does not meet the criteria for nature. Not applicable since the entity is not nature.",False
/home/pmonserrat/datasets/imagenet/extracted_data/n02939185/ILSVRC2012_val_00000302.JPEG,caldron,False,,,yes,biotic,material,"The target is a cauldron containing a stew or soup. The contents are edible solid and liquid elements at a processing level (food), which explicitly counts as nature under the 'Processed Food & Drink (The Ingestion Criterion)' definition. Since nature is 'yes', I evaluate the sub-axes. The food within the cauldron is derived from biological matter (meat, vegetables, etc.), making it biotic. The food itself is a physical substance occupying space, making it material.",False
/home/pmonserrat/datasets/imagenet/extracted_data/n02948072/ILSVRC2012_val_00002596.JPEG,candle,True,False,True,no,none,none,"The target is a candle. While candles are typically made of wax (a natural product derived from fats/plants), the object itself is a manufactured item. It does not fall under the definition of a 'Nature-Based Artefact' because the wax is not visually identifiable in a way that shows its natural origin (it is a processed, homogenous substance in this context), nor is it listed as a processed food/drink. Therefore, it does not meet the criteria for nature. Not applicable since the entity is not nature.",False
/home/pmonserrat/datasets/imagenet/extracted_data/n02950826/ILSVRC2012_val_00000392.JPEG,cannon,False,,,no,none,none,"The target is a cannon. It is a manufactured object made of metal and wood (for the carriage). It does not fit the criteria for Nature-Based Artefacts because its texture is homogenous and industrial, not clearly identifiable as a natural material like wood grain or stone texture. It is not a representation of nature, nor is it a natural element itself, so it fails the criteria for nature. Not applicable since the entity is not nature.",False
/home/pmonserrat/datasets/imagenet/extracted_data/n02951358/ILSVRC2012_val_00000347.JPEG,canoe,False,,,yes,none,material,"The target is a canoe. While a canoe is a manufactured object, it is being used in an activity (paddling/boating) that takes place in a natural environment (the river). Furthermore, the canoe itself is a vessel used to engage with the natural environment, and its material (likely plastic or composite) is not explicitly excluded, but the activity context strongly links it to nature. Given the context of the activity taking place on the river, it is considered nature-relevant. Since nature is 'yes', I evaluate the sub-axes. The canoe is a manufactured object, but it is not a nature-based artefact where the natural material of origin is clearly identifiable (like wood grain). It is an object used in an activity, but it is not inherently biotic or abiotic itself. It has a physical presence, making it material.",False
/home/pmonserrat/datasets/imagenet/extracted_data/n02951585/ILSVRC2012_val_00000101.JPEG,can opener,False,,,no,none,none,"The target is a can opener. It is a manufactured tool made of metal and plastic. It does not fall under any of the defined categories of nature (living entities, natural environments, non-living natural elements/processes, processed food/drink, nature-based artefacts with identifiable natural material, or activities/representations thereof). Not applicable since the entity is not nature.",False
/home/pmonserrat/datasets/imagenet/extracted_data/n02965783/ILSVRC2012_val_00000213.JPEG,car mirror,False,,,no,none,none,"The target is a car mirror. It is a manufactured object made of plastic and glass. It does not possess a clearly identifiable natural material of origin (like visible wood grain or stone texture) and is not a nature-based artefact under the definition. Therefore, it does not count as nature. Not applicable since the entity is not nature.",False
/home/pmonserrat/datasets/imagenet/extracted_data/n02966193/ILSVRC2012_val_00000074.JPEG,carousel,False,,,yes,biotic,material,"The target is a carousel. While a carousel is a manufactured ride, the visual evidence shows it features sculpted horses. These horses are representations of fauna (horses). Since the definition includes any representation of nature, and the horses are clearly depicted as animals, this counts as a nature representation. Since nature is 'yes', I evaluate the sub-axes. The sculpted horses represent fauna, making the concept biotic. The carousel structure and the sculpted horses are physical, tangible objects occupying space, making it material.",False
/home/pmonserrat/datasets/imagenet/extracted_data/n02966687/ILSVRC2012_val_00001041.JPEG,carpenter's kit,False,,,no,none,none,"The target is a carpenter's kit, which consists of various tools (screwdrivers, pliers, etc.). These tools are manufactured objects made of metal and plastic. They do not contain any clearly identifiable natural material of origin (like visible wood grain or stone texture) and are not derived from natural elements, so they fail the criteria for nature-based artefacts and do not count as nature. Not applicable since the entity is not nature.",False
/home/pmonserrat/datasets/imagenet/extracted_data/n02971356/ILSVRC2012_val_00000019.JPEG,carton,False,,,no,none,none,"The target is a cardboard carton. While cardboard is derived from wood (a natural material), the object itself is a manufactured container. It does not qualify as a 'Nature-Based Artefact' because its texture is homogenous and unidentifiable as natural material in the way required (e.g., visible wood grain or stone texture). Furthermore, it is not a processed food/drink, nor is it a representation of nature. Not applicable since the entity is not nature.",False
/home/pmonserrat/datasets/imagenet/extracted_data/n02974003/ILSVRC2012_val_00000085.JPEG,car wheel,False,,,no,none,none,"The target is a car wheel, which is a manufactured component of a toy car. It is made of plastic or metal and does not possess a clearly identifiable natural material of origin (like visible wood grain or stone texture) that would qualify it as a nature-based artefact. It is a purely artificial object. Not applicable since the entity is not nature.",False
/home/pmonserrat/datasets/imagenet/extracted_data/n02977058/ILSVRC2012_val_00000580.JPEG,cash machine,False,,,no,none,none,"The target is a 'cash machine' (ATM). It is a manufactured electronic device made of metal and plastic. It does not contain any identifiable natural material, nor is it a representation of a natural element. Therefore, it does not meet the criteria for nature. Not applicable since the entity is not nature.",False
/home/pmonserrat/datasets/imagenet/extracted_data/n02978881/ILSVRC2012_val_00000353.JPEG,cassette,False,,,no,none,none,"The target is a cassette tape. It is a manufactured object made of plastic and magnetic tape. It does not fit the criteria for a nature-based artefact because its texture is homogenous and unidentifiable as a natural material, nor does it fall under any other category (flora, fauna, geological, etc.). Therefore, it does not count as nature. Not applicable since the entity is not nature.",False
/home/pmonserrat/datasets/imagenet/extracted_data/n02979186/ILSVRC2012_val_00000557.JPEG,cassette player,False,,,no,none,none,"The target is a cassette player. It is a manufactured electronic device made of plastic and metal. It does not contain any identifiable natural materials, nor is it a representation of a natural element, process, or organism. Therefore, it does not meet the criteria for nature. Not applicable since the entity is not nature.",False
/home/pmonserrat/datasets/imagenet/extracted_data/n02980441/ILSVRC2012_val_00000122.JPEG,castle,False,,,no,none,none,"The target is a castle. While a castle is a large structure, it is a manufactured building made of stone. The definition for Nature-Based Artefacts requires that the natural material of origin be *clearly visually identifiable*. While the stone is natural, the structure itself is a complex, non-natural architectural construction, and it does not fit the criteria of a natural environment, a living entity, or a simple artefact with an identifiable natural texture in the context of the provided definitions (it is not a piece of raw stone or a surface showing clear grain/texture, but a built structure). Therefore, it does not count as nature. Not applicable since the entity is not nature.",False
/home/pmonserrat/datasets/imagenet/extracted_data/n02981792/ILSVRC2012_val_00000402.JPEG,catamaran,False,,,no,none,none,"The target is a catamaran, which is a type of boat. It is a manufactured object made of materials (likely fiberglass or plastic) that do not inherently possess a clearly identifiable natural material of origin in the way required for 'Nature-Based Artefacts'. It is a purely engineered, non-natural object. Not applicable since the entity is not nature.",False
/home/pmonserrat/datasets/imagenet/extracted_data/n02988304/ILSVRC2012_val_00003491.JPEG,cd player,False,,,no,none,none,"The target is a CD player. It is a manufactured electronic device made of plastic and metal. It does not fall under any category of living entities, natural environments, non-living natural elements, processed food/drink, nature-based artefacts (as its texture is homogenous and artificial), or activities/representations of nature. Therefore, it does not count as nature. Not applicable since the entity is not nature.",False
/home/pmonserrat/datasets/imagenet/extracted_data/n02992211/ILSVRC2012_val_00000108.JPEG,cello,False,,,yes,biotic,material,"The target is a cello. While a cello is a manufactured musical instrument, the visual evidence clearly shows the body is constructed from wood with a distinct, visible wood grain texture. This qualifies it as a nature-based artefact where the natural material of origin is clearly identifiable, fulfilling the criteria for nature. Since nature is 'yes', I evaluate the sub-axes. The primary material is wood, which is a derivative of flora, making it biotic. The cello is a physical, tangible object that occupies space and has mass, making it material.",False
/home/pmonserrat/datasets/imagenet/extracted_data/n02992529/ILSVRC2012_val_00000089.JPEG,cellular telephone,False,,,no,none,none,"The target is a cellular telephone. It is a manufactured electronic device made of plastic and metal. It does not fall under any category of living entities, natural environments, non-living natural elements, processed food/drink, nature-based artefacts (as its texture is homogenous and not derived from clearly identifiable natural materials like wood or stone), or activities/representations of nature. Therefore, it does not count as nature. Not applicable since the entity is not nature.",False
/home/pmonserrat/datasets/imagenet/extracted_data/n02999410/ILSVRC2012_val_00000376.JPEG,chain,False,,,yes,abiotic,material,"The target is a chain, which appears to be made of rusted metal. While metal itself is a geological/mineral component, the chain is a manufactured object. However, the definition for 'Nature-Based Artefacts' requires the natural material of origin to be *clearly visually identifiable*. Since the chain is made of metal (a mineral), and its texture and material composition are visible (rusted metal), it qualifies as a nature-based artefact. Since nature is 'yes', I evaluate the sub-axes. Metal is a geological component, making it abiotic. The chain is a physical object that occupies space and has mass, making it material.",False
/home/pmonserrat/datasets/imagenet/extracted_data/n03000134/ILSVRC2012_val_00001094.JPEG,chainlink fence,False,,,no,none,none,"The target is a chainlink fence. This is a manufactured object made of metal wire. It does not possess a clearly identifiable natural material of origin (like visible wood grain or stone texture) that would qualify it as a 'Nature-Based Artefact'. It is a purely industrial construction, thus it does not meet the criteria for nature. Not applicable since the entity is not nature.",False
/home/pmonserrat/datasets/imagenet/extracted_data/n03000247/ILSVRC2012_val_00002280.JPEG,chain mail,False,,,no,none,none,The target is chain mail. It is a manufactured object made of metal rings. It does not fit the criteria for a Nature-Based Artefact because the metal rings do not have a 'natural material of origin' that is clearly visually identifiable in the way wood grain or stone texture would be; it is a purely industrial/crafted object. Not applicable since the entity is not nature.,False
/home/pmonserrat/datasets/imagenet/extracted_data/n03000684/ILSVRC2012_val_00000537.JPEG,chain saw,False,,,no,none,none,"The target is a chain saw. It is a manufactured tool made of metal and plastic. It does not fall under any of the defined categories of nature (non-human living entities, natural environments, non-living natural elements/processes, processed food/drink, nature-based artefacts with visible natural material, or activities/representations of these). Not applicable since the entity is not nature.",False
/home/pmonserrat/datasets/imagenet/extracted_data/n03014705/ILSVRC2012_val_00001168.JPEG,chest,False,,,yes,biotic,material,"The target is a chest. It is a manufactured object constructed from materials like wood and fabric/leather. The wood components, if visible and identifiable, would qualify as a nature-based artefact. Given the visible wood grain/texture on the sides and base, it meets the criteria for a nature-based artefact. Since nature is 'yes', I evaluate the sub-axes. The chest is a manufactured object, but its construction relies on natural materials (wood), which are derivatives of flora, making it biotic. It is a physical object that occupies space and has mass, making it material.",False
/home/pmonserrat/datasets/imagenet/extracted_data/n03016953/ILSVRC2012_val_00000162.JPEG,chiffonier,False,,,no,none,none,"The target is a 'chiffonier' (a chest of drawers). The visual evidence shows it is a piece of furniture made of wood. However, the surface appears to be a smooth, uniform laminate or painted finish, lacking any clearly identifiable natural wood grain or stone texture. Therefore, it does not qualify as a Nature-Based Artefact under the strict definition. Not applicable since the entity is not nature.",False
/home/pmonserrat/datasets/imagenet/extracted_data/n03017168/ILSVRC2012_val_00001601.JPEG,chime,False,,,no,none,none,"The target is a 'chime,' referring to the bells visible in the image. While bells are manufactured objects, they are typically made of metal (like bronze). The definition for Nature-Based Artefacts requires the natural material of origin to be *clearly visually identifiable* (e.g., visible wood grain or stone texture). The bells appear to be uniform metal objects without a clearly identifiable natural texture in this image, and they are not explicitly defined as natural elements themselves. Therefore, they do not meet the criteria for nature. Not applicable since the entity is not nature.",False
/home/pmonserrat/datasets/imagenet/extracted_data/n03018349/ILSVRC2012_val_00000346.JPEG,china cabinet,False,,,no,none,none,"The target is a china cabinet. While it is a manufactured object, the definition for 'Nature-Based Artefacts' requires that the natural material of origin be 'clearly visually identifiable' (e.g., visible wood grain or stone texture). The cabinet shown is painted white and has a homogenous, unidentifiable texture, thus it does not meet the criteria for a nature-based artefact. Not applicable since the entity is not nature.",False
/home/pmonserrat/datasets/imagenet/extracted_data/n03026506/ILSVRC2012_val_00001908.JPEG,christmas stocking,False,,,no,none,none,"The target is a Christmas stocking. It is a manufactured textile item decorated with figures (Santa Claus) and holly. It does not contain any identifiable natural material (like visible wood grain or stone texture) that would qualify it as a 'Nature-Based Artefact'. Furthermore, it is not a representation of nature (like a painting of a landscape) but a manufactured holiday item. Therefore, it does not meet the criteria for nature. Not applicable since the entity is not nature.",False
/home/pmonserrat/datasets/imagenet/extracted_data/n03028079/ILSVRC2012_val_00003351.JPEG,church,False,,,no,none,none,"The target is a church building. A church is a purely man-made, architectural structure, and it does not fall under any of the defined categories of nature (non-human living entities, natural/semi-natural environments, non-living natural elements/processes, processed food/drink, nature-based artefacts with identifiable natural material, or activities/representations of these). Not applicable since the entity is not nature.",False
/home/pmonserrat/datasets/imagenet/extracted_data/n03032252/ILSVRC2012_val_00000086.JPEG,cinema,False,,,no,none,none,"The target entity is 'cinema', referring to the building facade of a movie theater. This is a purely architectural and commercial structure, not a natural environment, living entity, or natural process. It does not qualify as a nature-based artefact because its primary visual elements (signage, structure) are not identifiable as having a natural material of origin in the required manner, nor does it depict any natural element. Not applicable since the entity is not nature.",False
/home/pmonserrat/datasets/imagenet/extracted_data/n03041632/ILSVRC2012_val_00000564.JPEG,cleaver,False,,,no,none,none,"The target is a cleaver, which is a kitchen knife. It is a manufactured tool made of metal. It does not fit any of the defined categories of nature (living entities, natural environments, non-living natural elements/processes, processed food/drink, nature-based artefacts with visible natural material, or activities/representations of these). Not applicable since the entity is not nature.",False
/home/pmonserrat/datasets/imagenet/extracted_data/n03042490/ILSVRC2012_val_00001426.JPEG,cliff dwelling,True,False,True,yes,abiotic,material,"The target is a cliff dwelling. While the dwelling itself is a human-made structure, it is built directly into and integrated with a natural geological formation (a cliff face). The surrounding environment, which is the natural rock formation, is a geological component. The structure is situated within a natural environment, and the interaction with the geological element qualifies this scene as nature-relevant. Since nature is 'yes', I evaluate the sub-axes. The primary element defining the setting is the rock/cliff, which is a geological component, making it abiotic. The dwelling itself is a constructed artifact, but its context within the natural rock face makes the overall scene nature-related. The structure and the rock are both physically present, making the scene material.",False
/home/pmonserrat/datasets/imagenet/extracted_data/n03045698/ILSVRC2012_val_00000750.JPEG,cloak,False,,,no,none,none,"The target is a 'cloak'. In the image, the cloak appears to be a piece of fabric worn by a person, and it is not visually identifiable as being made from a natural material like wood, stone, or identifiable plant fibers in a way that meets the 'Nature-Based Artefacts' criteria. It appears to be a manufactured textile, and since it is not explicitly described or visually identifiable as being made from a natural material, it does not meet the definition of nature. Not applicable since the entity is not nature.",False
/home/pmonserrat/datasets/imagenet/extracted_data/n03047690/ILSVRC2012_val_00001500.JPEG,clog,False,,,yes,biotic,material,"The target is a clog, which is a type of footwear. The visual evidence shows the clog is constructed from wood with a clearly identifiable wood grain texture. Manufactured objects where the natural material of origin is visually identifiable count as nature-based artefacts, fulfilling the criteria for nature. Since nature is 'yes', I evaluate the sub-axes. The primary material is wood, which is a derivative of flora, making it biotic. The clog is a physical object that occupies space and has mass, making it material.",False
/home/pmonserrat/datasets/imagenet/extracted_data/n03062245/ILSVRC2012_val_00000344.JPEG,cocktail shaker,False,,,no,none,none,"The target is a cocktail shaker, which is a manufactured object made of metal. It does not contain any clearly identifiable natural material of origin (like visible wood grain or stone texture) and is not a representation of nature. Therefore, it does not meet the criteria for nature-based artefacts or any other category. Not applicable since the entity is not nature.",False
/home/pmonserrat/datasets/imagenet/extracted_data/n03063599/ILSVRC2012_val_00000164.JPEG,coffee mug,False,,,no,none,none,"The target is a coffee mug. While a coffee mug is a manufactured object, the definition of 'Nature-Based Artefacts' requires the natural material of origin to be *clearly visually identifiable* (e.g., visible wood grain or stone texture). This mug appears to be standard ceramic or porcelain, and the visible surface is dominated by a photograph of people, not an identifiable natural material texture. Furthermore, the mug itself does not contain or depict any other nature elements in a way that qualifies it under the 'Processed Food & Drink' criterion (as it is empty and not food). Therefore, it does not meet the criteria for nature. Not applicable since the entity is not nature.",False
/home/pmonserrat/datasets/imagenet/extracted_data/n03063689/ILSVRC2012_val_00001940.JPEG,coffeepot,False,,,yes,none,material,"The target is a coffeepot. While a coffeepot is a manufactured object, the definition states that 'Processed Food & Drink (The Ingestion Criterion): Edible solid or liquid elements at any processing level count as nature. This explicitly includes processed foods and derivatives (e.g., pasta, a meatball, a tuna can, sugar, coffee, butter).' Since the coffeepot is designed to hold and dispense coffee (a processed food/drink derivative), and it is visually present, it is considered nature-relevant under the ingestion criterion, even if the pot itself is not made of identifiable natural material. Since nature is 'yes', I evaluate the sub-axes. The coffeepot itself is a manufactured item, but its function relates directly to processed food/drink (coffee). The pot has a physical presence and occupies space, making it material.",False
/home/pmonserrat/datasets/imagenet/extracted_data/n03065424/ILSVRC2012_val_00000915.JPEG,coil,False,,,no,none,none,"The target is a coil, which appears to be a manufactured object made of plastic or metal tubing. It does not exhibit a clearly identifiable natural material of origin (like wood grain or stone texture) and is not a representation of a natural element. Therefore, it does not meet the criteria for nature-based artefacts or any other category. Not applicable since the entity is not nature.",False
/home/pmonserrat/datasets/imagenet/extracted_data/n03075370/ILSVRC2012_val_00004971.JPEG,combination lock,False,,,no,none,none,"The target is a combination lock. It is a manufactured object made of metal and plastic. It does not fit the criteria for a nature-based artefact because its texture is homogenous and unidentifiable as a natural material, nor does it fall under any other category of nature (living entity, environment, natural process, processed food, or representation of these). Not applicable since the entity is not nature.",False
/home/pmonserrat/datasets/imagenet/extracted_data/n03085013/ILSVRC2012_val_00000321.JPEG,computer keyboard,False,,,no,none,none,"The target is a computer keyboard. It is a manufactured object made of plastic and electronic components. It does not contain any clearly identifiable natural material of origin (like visible wood grain or stone texture) and is not a representation of nature, so it fails the criteria for nature. Not applicable since the entity is not nature.",False
/home/pmonserrat/datasets/imagenet/extracted_data/n03089624/ILSVRC2012_val_00001190.JPEG,confectionery,False,,,yes,biotic,material,"The target is 'confectionery'. The definition states that 'Processed Food & Drink (The Ingestion Criterion): Edible solid or liquid elements at any processing level count as nature. This explicitly includes processed foods and derivatives (e.g., pasta, a meatball, a tuna can, sugar, coffee, butter).' Confectionery falls under the category of processed food, thus counting as nature. Since nature is 'yes', I evaluate the sub-axes. Confectionery is a derivative of plant or animal matter (sugar, cocoa, etc.), placing it under the biotic category. The items are physical, solid objects occupying space, making them material.",False
/home/pmonserrat/datasets/imagenet/extracted_data/n03095699/ILSVRC2012_val_00000403.JPEG,container ship,False,,,no,none,none,"The target is a container ship. It is a large, manufactured vessel made of metal and composite materials. It does not fall under any of the defined categories of nature, such as living entities, natural environments, non-living natural elements, processed food, nature-based artefacts (as its texture is homogenous industrial metal), or activities/representations of nature. Not applicable since the entity is not nature.",False
/home/pmonserrat/datasets/imagenet/extracted_data/n03100240/ILSVRC2012_val_00001201.JPEG,convertible,False,,,no,none,none,"The target is a convertible car. It is a manufactured vehicle made primarily of metal and plastic, which does not fall under any of the defined categories of nature (living entities, natural environments, non-living natural elements, processed food, nature-based artefacts with visible natural material, or activities/representations thereof). Not applicable since the entity is not nature.",False
/home/pmonserrat/datasets/imagenet/extracted_data/n03109150/ILSVRC2012_val_00000678.JPEG,corkscrew,False,,,no,none,none,"The target is a corkscrew. It is a manufactured tool, and while it may be made of materials derived from nature (like metal or wood handles), the object itself is a purely functional, non-natural artifact. It does not fit the definition of a nature-based artefact because it is not primarily defined by the visible natural material of origin in a way that meets the criteria (e.g., visible wood grain or stone texture). Therefore, it does not count as nature. Not applicable since the entity is not nature.",False
/home/pmonserrat/datasets/imagenet/extracted_data/n03110669/ILSVRC2012_val_00002171.JPEG,cornet,False,,,no,none,none,"The target is a cornet, which is a brass musical instrument. It is a manufactured object made of metal. Since it is not made from a clearly identifiable natural material (like visible wood grain or stone texture) and is a purely manufactured item, it does not meet the criteria for a Nature-Based Artefact, nor does it fall under any other category of nature. Not applicable since the entity is not nature.",False
/home/pmonserrat/datasets/imagenet/extracted_data/n03124043/ILSVRC2012_val_00000766.JPEG,cowboy boot,False,,,yes,biotic,material,"The target is a cowboy boot. It is a manufactured object, but the visual evidence clearly shows it is made of leather, which is a material derived from animal hides (fauna). This qualifies it as a Nature-Based Artefact where the natural material of origin is clearly visually identifiable, fulfilling the criteria for nature. Since nature is 'yes', I evaluate the sub-axes. The leather is a derivative of fauna, making it biotic. The boot itself is a physical, tangible object occupying space, making it material.",False
/home/pmonserrat/datasets/imagenet/extracted_data/n03124170/ILSVRC2012_val_00001875.JPEG,cowboy hat,False,,,no,none,none,"The target is a cowboy hat. While hats are manufactured objects, the definition for 'Nature-Based Artefacts' requires that the natural material of origin be *clearly visually identifiable* (e.g., visible wood grain or stone texture). A typical cowboy hat, even if made of felt or leather, does not inherently display a texture that meets this strict visual identification criterion in a way that distinguishes it from a generic manufactured item, unless the material itself is clearly visible and identifiable as a natural fiber/hide in a specific way not guaranteed by the general term 'cowboy hat'. Therefore, it is classified as a manufactured object without a clearly identifiable natural texture. Not applicable since the entity is not nature.",False
/home/pmonserrat/datasets/imagenet/extracted_data/n03125729/ILSVRC2012_val_00000005.JPEG,cradle,False,,,no,none,none,"The target is a cradle. While a cradle is a manufactured object, the visual evidence does not show any clearly identifiable natural material of origin (like visible wood grain or stone texture) that would qualify it as a 'Nature-Based Artefact'. It appears to be a standard piece of furniture, and the contents (baby, toys) are separate entities. Therefore, the cradle itself does not meet the criteria for nature. Not applicable since the entity is not nature.",False
/home/pmonserrat/datasets/imagenet/extracted_data/n03127747/ILSVRC2012_val_00001689.JPEG,crash helmet,False,,,no,none,none,"The target is a crash helmet. It is a manufactured object, and while it is made of materials (likely plastic/composite), the visual evidence does not show a clearly identifiable natural material of origin (like visible wood grain or stone texture) that would qualify it as a 'Nature-Based Artefact'. It is a purely manufactured item. Not applicable since the entity is not nature.",False
/home/pmonserrat/datasets/imagenet/extracted_data/n03127925/ILSVRC2012_val_00001411.JPEG,crate,False,,,yes,biotic,material,"The target is a cardboard crate/box. Cardboard is derived from wood (flora). While it is a manufactured item, the material of origin (wood pulp) is clearly identifiable as a natural material, fitting the definition of a Nature-Based Artefact. Since nature is 'yes', I evaluate the sub-axes. Cardboard is derived from flora, making it biotic. The crate is a physical, tangible object occupying space, making it material.",False
/home/pmonserrat/datasets/imagenet/extracted_data/n03131574/ILSVRC2012_val_00003036.JPEG,crib,False,,,yes,biotic,material,"The target is a crib. It is a manufactured piece of furniture made of wood. The visual evidence shows the wood has a natural texture, qualifying it as a nature-based artefact where the natural material of origin is clearly visually identifiable, thus counting as nature. Since nature is 'yes', I evaluate the sub-axes. The crib is made of wood, which is a derivative of flora, making it biotic. It is a physical object that occupies space and has mass, making it material.",False
/home/pmonserrat/datasets/imagenet/extracted_data/n03133878/ILSVRC2012_val_00000534.JPEG,crock pot,False,,,yes,biotic,material,"The target is a crock pot containing food ingredients (vegetables, etc.). The definition explicitly includes 'Processed Food & Drink (The Ingestion Criterion): Edible solid or liquid elements at any processing level count as nature.' The contents of the crock pot meet this criterion. Since nature is 'yes', I evaluate the sub-axes. The food ingredients (vegetables, etc.) are flora derivatives, making them biotic. The food itself is a physical, edible substance occupying space, making it material.",False
/home/pmonserrat/datasets/imagenet/extracted_data/n03134739/ILSVRC2012_val_00000249.JPEG,croquet ball,False,,,no,none,none,"The target is a croquet ball. It is a manufactured object, and while it is not explicitly made of a clearly identifiable natural material like wood or stone, it is an object used in an activity (croquet) that takes place in or directly engages with nature (as per the definition of activities). However, based strictly on the provided definitions, it does not fit the criteria for 'Nature-Based Artefacts' (which requires a clearly identifiable natural material) nor does it fall under any other category (flora, fauna, environment, process, food, etc.). Therefore, it is classified as not nature. Not applicable since the entity is not nature.",False
/home/pmonserrat/datasets/imagenet/extracted_data/n03141823/ILSVRC2012_val_00001337.JPEG,crutch,False,,,yes,biotic,material,"The target is a crutch. It is a manufactured object, but the visual evidence shows it is constructed from wood, and the wood grain is clearly identifiable. Nature-based artefacts where the natural material of origin is clearly visually identifiable count as nature, fulfilling the criteria. Since nature is 'yes', I evaluate the sub-axes. The crutch is made of wood, which is a derivative of flora, making it biotic. It is a physical object that occupies space and has mass, making it material.",False
/home/pmonserrat/datasets/imagenet/extracted_data/n03146219/ILSVRC2012_val_00000730.JPEG,cuirass,False,,,no,none,none,"The target is a cuirass, which is a piece of armor. It is a manufactured object, and while it is made of metal (a geological component), the object itself is a piece of crafted military equipment. It does not qualify as a 'Nature-Based Artefact' because its texture is homogenous and its primary nature is as a piece of human-made equipment, not a representation of a natural material in an identifiable way (like visible wood grain or stone texture). Therefore, it does not count as nature. Not applicable since the entity is not nature.",False
/home/pmonserrat/datasets/imagenet/extracted_data/n03160309/ILSVRC2012_val_00000330.JPEG,dam,False,,,no,none,none,"The target is a dam. A dam is a large, human-made structure, typically made of concrete or rock, designed to impound water. It is not listed as a natural element, nor is it a nature-based artefact because its texture is homogenous and artificial (concrete/stone structure, not showing natural grain or texture). Therefore, it does not meet the criteria for nature. Not applicable since the entity is not nature.",False
/home/pmonserrat/datasets/imagenet/extracted_data/n03179701/ILSVRC2012_val_00000777.JPEG,desk,False,,,no,none,none,"The target is a desk. It is a piece of furniture, typically manufactured from materials like wood or composite materials. Unless the visual evidence clearly shows a desk made of visibly identifiable natural material (like raw, unpainted wood grain), it is considered a manufactured object with a homogenous texture, which explicitly excludes it from the 'Nature-Based Artefacts' category. Based on the image, the desk appears to be a standard, smooth, manufactured surface. Not applicable since the entity is not nature.",False
/home/pmonserrat/datasets/imagenet/extracted_data/n03180011/ILSVRC2012_val_00001246.JPEG,desktop computer,False,,,no,none,none,"The target is a desktop computer. It is a manufactured electronic device made of plastic and metal. It does not fall under any category of living entities, natural environments, non-living natural elements, processed food, nature-based artefacts (as its texture is homogenous and artificial), or any representation thereof. Therefore, it does not count as nature. Not applicable since the entity is not nature.",False
/home/pmonserrat/datasets/imagenet/extracted_data/n03187595/ILSVRC2012_val_00000137.JPEG,dial telephone,False,,,no,none,none,"The target is a dial telephone. It is a manufactured electronic device made of plastic and metal. It does not fit any category of living entities, natural environments, non-living natural elements, processed food, nature-based artefacts (as its texture is homogenous and artificial), or a representation of nature. Therefore, it does not count as nature. Not applicable since the entity is not nature.",False
/home/pmonserrat/datasets/imagenet/extracted_data/n03188531/ILSVRC2012_val_00000493.JPEG,diaper,False,,,no,none,none,"The target is a diaper. It is a manufactured item made from synthetic materials (plastic, absorbent polymers) and does not fall under any of the defined categories of nature, such as non-human living entities, natural environments, non-living natural elements, processed food/drink, or nature-based artefacts with clearly identifiable natural material. Not applicable since the entity is not nature.",False
/home/pmonserrat/datasets/imagenet/extracted_data/n03196217/ILSVRC2012_val_00003643.JPEG,digital clock,False,,,no,none,none,"The target is a digital clock. It is a manufactured electronic device made of metal and plastic. It does not contain any identifiable natural materials, nor does it represent a natural element, process, or organism in any way, so it fails the criteria for nature. Not applicable since the entity is not nature.",False
/home/pmonserrat/datasets/imagenet/extracted_data/n03197337/ILSVRC2012_val_00000339.JPEG,digital watch,False,,,no,none,none,"The target is a digital watch. It is a manufactured electronic device made of materials like plastic, metal, and glass. It does not contain any identifiable natural material of origin (like visible wood grain or stone texture) and is not a representation of nature. Therefore, it does not meet the criteria for nature. Not applicable since the entity is not nature.",False
/home/pmonserrat/datasets/imagenet/extracted_data/n03201208/ILSVRC2012_val_00000241.JPEG,dining table,False,,,yes,biotic,material,"The target is a dining table. The visual evidence shows the table is made of wood with a visible grain and texture. Manufactured or crafted objects where the natural material of origin is clearly visually identifiable count as nature-based artefacts, fulfilling the criteria for nature. Since nature is 'yes', I evaluate the sub-axes. Wood is a derivative of flora, making it biotic. The table is a physical object that occupies space and has mass, making it material.",False
/home/pmonserrat/datasets/imagenet/extracted_data/n03207743/ILSVRC2012_val_00000256.JPEG,dishrag,False,,,no,none,none,"The target is a dishrag, which is a knitted textile. It is a manufactured object, and while it is made of yarn (which is derived from natural fibers like wool or cotton), the visual evidence does not show the natural material of origin (like visible wool fibers or cotton texture) in a way that meets the strict criteria for a 'Nature-Based Artefact' (which requires the natural material of origin to be *clearly visually identifiable*). Furthermore, it is not a processed food, nor does it represent a natural element or activity. Therefore, it does not count as nature. Not applicable since the entity is not nature.",False
/home/pmonserrat/datasets/imagenet/extracted_data/n03207941/ILSVRC2012_val_00000698.JPEG,dishwasher,False,,,no,none,none,"The target is a dishwasher. It is a manufactured appliance made of metal and plastic. It does not fit any category of living entities, natural environments, non-living natural elements, processed food/drink, nature-based artefacts (as its texture is homogenous and unidentifiable), or a representation of nature. Therefore, it does not count as nature. Not applicable since the entity is not nature.",False
/home/pmonserrat/datasets/imagenet/extracted_data/n03208938/ILSVRC2012_val_00002489.JPEG,disk brake,False,,,no,none,none,"The target is a 'disk brake'. This is a mechanical component made of metal and composite materials. It is a manufactured object, and unlike the 'Nature-Based Artefacts' definition, it does not have a clearly identifiable natural material of origin (like visible wood grain or stone texture) that is the primary visual feature. Therefore, it does not meet the criteria for nature. Not applicable since the entity is not nature.",False
/home/pmonserrat/datasets/imagenet/extracted_data/n03216828/ILSVRC2012_val_00001729.JPEG,dock,False,,,no,none,none,"The target is a 'dock'. A dock is a man-made structure, typically made of materials like wood or concrete, used for mooring vessels. It does not fall under the categories of non-human living entities, natural environments, non-living natural elements/processes, processed food, nature-based artefacts (as it is a functional structure, not an artefact whose natural material is clearly identifiable in the context of the definition), activities, or representations of nature. It is a purely constructed, non-natural element. Not applicable since the entity is not nature.",False
/home/pmonserrat/datasets/imagenet/extracted_data/n03218198/ILSVRC2012_val_00002266.JPEG,dogsled,False,,,yes,biotic,material,"The target is a dogsled. While the sled itself is a manufactured object, it is being used in the context of a dogsledding activity, which is explicitly listed as an activity that takes place in or directly engages with nature. Furthermore, the sled is made of materials (wood/metal) that are part of a natural activity context, and the dogs pulling it are living entities. The overall context strongly links this object to nature-based activities. Since nature is 'yes', I evaluate the sub-axes. The dogs are fauna, making them biotic. The sled itself is a manufactured object, but because it is directly engaged in a nature-based activity (dogsledding) and is a physical object, it is classified as material. The activity itself is also nature-related.",False
/home/pmonserrat/datasets/imagenet/extracted_data/n03220513/ILSVRC2012_val_00001868.JPEG,dome,False,,,yes,none,material,"The target is a dome structure featuring stained glass. While the structure itself is architectural, the stained glass panels depict various natural elements (flora, celestial bodies, etc.) and the overall design is an artistic representation of light and structure, which falls under the category of artistic representation of nature. The presence of detailed, naturalistic imagery within the dome qualifies it as nature-relevant. Since nature is 'yes', I evaluate the sub-axes. The dome is a constructed architectural element, not a natural process or entity itself. However, the stained glass depicts natural elements (flora, celestial bodies), which are biotic/abiotic. Since the dome is a physical, constructed object, it is material. Given the primary focus is the structure containing the art, and the art is the nature reference, we classify the physical object as material.",False
/home/pmonserrat/datasets/imagenet/extracted_data/n03223299/ILSVRC2012_val_00001893.JPEG,doormat,False,,,no,none,none,"The target is a doormat. Based on the visual evidence, the doormat appears to be a manufactured item, likely made of synthetic fibers or rubber, and does not display a clearly identifiable natural material of origin (like visible wood grain or stone texture). Therefore, it does not qualify as a nature-based artefact, nor does it fall under any other category of nature. Not applicable since the entity is not nature.",False
/home/pmonserrat/datasets/imagenet/extracted_data/n03240683/ILSVRC2012_val_00000504.JPEG,drilling platform,False,,,no,none,none,"The target is a drilling platform. This is a large, complex piece of industrial machinery and infrastructure. It is not a non-human living entity, nor is it a natural or semi-natural environment, hydrological component, atmospheric/geological/astrophysical element, processed food, nature-based artefact (as its texture is homogenous industrial metal, not identifiable natural material), or an activity/representation of these. Therefore, it does not meet the definition of nature. Not applicable since the entity is not nature.",False
/home/pmonserrat/datasets/imagenet/extracted_data/n03249569/ILSVRC2012_val_00001609.JPEG,drum,False,,,no,none,none,"The target is a drum, which is a musical instrument. It is a manufactured object, and while it is made of materials (likely animal skin/hide and wood/metal), the visual evidence does not clearly show the natural material of origin in a way that meets the 'Nature-Based Artefacts' criteria (i.e., it is not clearly identifiable like wood grain or stone texture). It is primarily a cultural/man-made object, not a representation of nature. Not applicable since the entity is not nature.",False
/home/pmonserrat/datasets/imagenet/extracted_data/n03250847/ILSVRC2012_val_00000542.JPEG,drumstick,False,,,yes,biotic,material,"The target is a drumstick. In the context of food preparation, a drumstick is a piece of meat, which falls under the category of 'Processed Food & Drink (The Ingestion Criterion)' as an edible solid element, thus counting as nature. Since nature is 'yes', I evaluate the sub-axes. Meat is derived from fauna, making it biotic. The drumstick is a physical, edible object that occupies space, making it material.",False
/home/pmonserrat/datasets/imagenet/extracted_data/n03255030/ILSVRC2012_val_00001045.JPEG,dumbbell,False,,,no,none,none,"The target is a dumbbell. It is a manufactured object, and while it is made of metal (a geological component), the object itself is a tool. It does not qualify as a nature-based artefact because its texture is homogenous and unidentifiable as a natural material, nor is it a representation of nature. Therefore, it does not count as nature. Not applicable since the entity is not nature.",False
/home/pmonserrat/datasets/imagenet/extracted_data/n03259280/ILSVRC2012_val_00000182.JPEG,dutch oven,False,,,yes,biotic,material,"The target is a 'dutch oven' containing stew. The stew itself contains meat (fauna derivative), potatoes and carrots (flora derivatives), and broth (a liquid element). Processed food and drink, including edible solid or liquid elements at any processing level, explicitly count as nature, fulfilling the criteria. Since nature is 'yes', I evaluate the sub-axes. The contents (meat, vegetables, broth) are derived from living organisms, making them biotic. The stew is a physical, edible substance that occupies space, making it material.",False
/home/pmonserrat/datasets/imagenet/extracted_data/n03271574/ILSVRC2012_val_00000942.JPEG,electric fan,False,,,no,none,none,"The target is an electric fan. It is a manufactured object made of metal and plastic. It does not possess any clearly identifiable natural material of origin (like visible wood grain or stone texture) and is not a representation of nature. Therefore, it does not meet the criteria for nature. Not applicable since the entity is not nature.",False
/home/pmonserrat/datasets/imagenet/extracted_data/n03272010/ILSVRC2012_val_00000374.JPEG,electric guitar,False,,,no,none,none,"The target is an electric guitar. It is a manufactured musical instrument, typically made of wood, metal, and plastic. While it is a manufactured object, the definition for 'Nature-Based Artefacts' requires the natural material of origin to be *clearly visually identifiable* (e.g., visible wood grain or stone texture). An electric guitar, especially one with modern finishes, generally has a homogenous texture that does not meet this strict visual identification criterion, and it is not primarily defined by its natural components in the way a wooden carving would be. Therefore, it does not count as nature. Not applicable since the entity is not nature.",False
/home/pmonserrat/datasets/imagenet/extracted_data/n03272562/ILSVRC2012_val_00001699.JPEG,electric locomotive,False,,,no,none,none,"The target is an electric locomotive. It is a complex piece of machinery made primarily of metal and electrical components. It does not fall under any of the defined categories of nature, such as living entities, natural environments, non-living natural elements (hydrological, atmospheric, geological, astrophysical), processed food, nature-based artefacts with identifiable natural material, or activities/representations of these. Not applicable since the entity is not nature.",False
/home/pmonserrat/datasets/imagenet/extracted_data/n03290653/ILSVRC2012_val_00000199.JPEG,entertainment center,False,,,no,none,none,"The target is an 'entertainment center,' which is a piece of furniture. It is a manufactured object, and while it may contain natural materials (like wood), the object itself is a complex, manufactured item whose primary function and form do not qualify as a nature-based artefact unless the natural material is clearly visually identifiable in a way that dominates the classification, which is not the case for the entire unit. It is primarily an artificial, non-natural object. Not applicable since the entity is not nature.",False
/home/pmonserrat/datasets/imagenet/extracted_data/n03291819/ILSVRC2012_val_00000419.JPEG,envelope,False,,,no,none,none,"The target is an envelope. It is a manufactured item, and while it is used for mail, it is made of paper, which is derived from wood (a natural material). However, the envelope itself is a processed, manufactured item whose texture is homogenous and does not clearly display the natural material of origin in a way that meets the 'Nature-Based Artefacts' criteria (which excludes homogenous, unidentifiable texture). Furthermore, it does not fall under any other category (flora, fauna, environment, etc.). Therefore, it does not count as nature. Not applicable since the entity is not nature.",False
/home/pmonserrat/datasets/imagenet/extracted_data/n03297495/ILSVRC2012_val_00001545.JPEG,espresso maker,False,,,no,none,none,"The target is an espresso maker. It is a manufactured appliance made of metal and plastic. It does not fall under the categories of non-human living entities, natural/semi-natural environments, non-living natural elements/processes, processed food/drink, nature-based artefacts (as the metal/plastic texture is homogenous and not clearly identifiable as a natural material like wood or stone), or activities/representations of nature. Therefore, it does not count as nature. Not applicable since the entity is not nature.",False
/home/pmonserrat/datasets/imagenet/extracted_data/n03314780/ILSVRC2012_val_00000624.JPEG,face powder,False,,,,,,,True
/home/pmonserrat/datasets/imagenet/extracted_data/n03325584/ILSVRC2012_val_00001256.JPEG,feather boa,False,,,no,none,none,"The target entity is a 'feather boa'. While boas are often made of real feathers (a biotic element), the item shown is a costume accessory, likely made of synthetic materials, and the feathers themselves are not depicted as natural, unaltered flora or fauna. It is a manufactured item whose primary visual characteristic is the synthetic fluff, not identifiable natural material, thus it does not meet the criteria for a Nature-Based Artefact or a direct representation of natural feathers. Not applicable since the entity is not nature.",False
/home/pmonserrat/datasets/imagenet/extracted_data/n03337140/ILSVRC2012_val_00000132.JPEG,file,False,,,no,none,none,"The target entity is a 'file' (referring to a physical document or folder). A standard office file, unless it is made of clearly identifiable natural material like untreated wood or stone, is typically made of processed paper or plastic. Since the image does not show any identifiable natural material texture on the file, and it is a manufactured office supply, it does not meet the criteria for Nature-Based Artefacts or any other category of nature. Not applicable since the entity is not nature.",False
/home/pmonserrat/datasets/imagenet/extracted_data/n03344393/ILSVRC2012_val_00000288.JPEG,fireboat,False,,,no,none,none,"The target is a fireboat. It is a large, manufactured vessel. It does not fall under any of the defined categories of nature (non-human living entities, natural environments, non-living natural elements/processes, processed food/drink, nature-based artefacts with identifiable natural material, or activities/representations of these). It is a purely artificial, industrial object. Not applicable since the entity is not nature.",False
/home/pmonserrat/datasets/imagenet/extracted_data/n03345487/ILSVRC2012_val_00000764.JPEG,fire engine,False,,,no,none,none,"The target is a fire engine. It is a complex, manufactured vehicle made primarily of metal and plastic. It does not fit the criteria for a nature-based artefact because its texture is homogenous and unidentifiable as a natural material, nor does it represent a natural process, organism, or environment. Not applicable since the entity is not nature.",False
/home/pmonserrat/datasets/imagenet/extracted_data/n03347037/ILSVRC2012_val_00000743.JPEG,fire screen,False,,,no,none,none,"The target is a fire screen, which is a manufactured metal object. It does not contain any clearly identifiable natural material of origin (like visible wood grain or stone texture) and is not a representation of a natural element. Therefore, it does not meet the criteria for nature-based artefacts or any other category. Not applicable since the entity is not nature.",False
/home/pmonserrat/datasets/imagenet/extracted_data/n03355925/ILSVRC2012_val_00000445.JPEG,flagpole,False,,,no,none,none,"The target is a flagpole. A flagpole is a manufactured object, and while it is made of material (likely metal or composite), it does not inherently possess a natural material of origin that is clearly visually identifiable (like wood grain or stone texture) to qualify as a 'Nature-Based Artefact'. It is a purely functional, artificial structure, and does not fall under any other category of nature (living entity, ecosystem, natural process, processed food, or representation of nature). Not applicable since the entity is not nature.",False
/home/pmonserrat/datasets/imagenet/extracted_data/n03372029/ILSVRC2012_val_00000140.JPEG,flute,False,,,no,none,none,"The target is a flute. It is a manufactured musical instrument. It is not explicitly described as being made of a clearly identifiable natural material (like visible wood grain or stone texture) that would qualify it as a 'Nature-Based Artefact'. It is a purely manufactured object, and thus does not meet the criteria for nature. Not applicable since the entity is not nature.",False
/home/pmonserrat/datasets/imagenet/extracted_data/n03376595/ILSVRC2012_val_00001616.JPEG,folding chair,False,,,no,none,none,"The target is a folding chair. The visual evidence shows it is a mass-produced, uniform white object, likely made of plastic or painted metal. It lacks any clearly identifiable natural material of origin (like visible wood grain or stone texture) required for it to be classified as a Nature-Based Artefact, and it is not a representation of nature. Therefore, it does not count as nature. Not applicable since the entity is not nature.",False
/home/pmonserrat/datasets/imagenet/extracted_data/n03379051/ILSVRC2012_val_00002562.JPEG,football helmet,False,,,no,none,none,"The target is a football helmet. It is a manufactured object made of synthetic materials (plastic/composite) and does not exhibit a clearly identifiable natural material of origin (like visible wood grain or stone texture). Therefore, it does not qualify as a nature-based artefact, nor does it fall under any other category of nature defined. Not applicable since the entity is not nature.",False
/home/pmonserrat/datasets/imagenet/extracted_data/n03384352/ILSVRC2012_val_00001579.JPEG,forklift,False,,,no,none,none,"The target is a forklift. It is a complex piece of industrial machinery made of metal and plastic. It does not fall under any category of non-human living entities, natural environments, non-living natural elements/processes, processed food/drink, nature-based artefacts (as its texture is homogenous and artificial), or activities/representations of nature. Therefore, it does not count as nature. Not applicable since the entity is not nature.",False
/home/pmonserrat/datasets/imagenet/extracted_data/n03388043/ILSVRC2012_val_00001018.JPEG,fountain,False,,,yes,abiotic,material,"The target is a fountain, which involves the projection of water. Water is explicitly classified as a hydrological component, and the process of the fountain is a physical manifestation of this component, thus counting as nature. Since nature is 'yes', I evaluate the sub-axes. The water in the fountain is a hydrological component, making it abiotic. The water and the structure of the fountain are physically present and occupy space, making it material.",False
/home/pmonserrat/datasets/imagenet/extracted_data/n03388183/ILSVRC2012_val_00002799.JPEG,fountain pen,False,,,no,none,none,"The target is a fountain pen. It is a manufactured object. Unless the pen is visibly constructed from a natural material like wood or stone with a clear texture, it is considered a manufactured item with a homogenous texture (metal, plastic, lacquer). Since the visual evidence does not show a clearly identifiable natural material of origin, it does not qualify as a Nature-Based Artefact, nor does it fall under any other category of nature. Not applicable since the entity is not nature.",False
/home/pmonserrat/datasets/imagenet/extracted_data/n03388549/ILSVRC2012_val_00002945.JPEG,four-poster,False,,,yes,biotic,material,"The target is a four-poster bed frame. While it is a manufactured object, the visual evidence suggests it is constructed from wood, and the structure itself is a large, tangible object. If the wood grain or texture is clearly identifiable, it qualifies as a nature-based artefact. Assuming the structure is made of wood with visible grain, it meets the criteria. Since nature is 'yes', I evaluate the sub-axes. Wood is a derivative of flora, making it biotic. The bed frame is a physical object that occupies space and has mass, making it material.",False
/home/pmonserrat/datasets/imagenet/extracted_data/n03393912/ILSVRC2012_val_00000047.JPEG,freight car,False,,,no,none,none,"The target is a freight car. It is a manufactured object made of metal, and it does not possess any identifiable natural material of origin (like visible wood grain or stone texture) that would qualify it as a nature-based artefact. It is a purely industrial artifact, thus it does not count as nature. Not applicable since the entity is not nature.",False
/home/pmonserrat/datasets/imagenet/extracted_data/n03394916/ILSVRC2012_val_00000957.JPEG,french horn,False,,,no,none,none,"The target is a french horn. It is a musical instrument, which is a manufactured object. It does not possess a clearly identifiable natural material of origin (like visible wood grain or stone texture) that would qualify it as a 'Nature-Based Artefact' under the definition. Therefore, it does not count as nature. Not applicable since the entity is not nature.",False
/home/pmonserrat/datasets/imagenet/extracted_data/n03400231/ILSVRC2012_val_00000516.JPEG,frying pan,False,,,no,none,none,"The target is a frying pan. It is a manufactured kitchen utensil, typically made of metal (like cast iron or aluminum). Since it is a homogenous, non-identifiable manufactured object without visible natural material of origin, it does not meet the criteria for a Nature-Based Artefact, nor does it fall under any other category of nature. Not applicable since the entity is not nature.",False
/home/pmonserrat/datasets/imagenet/extracted_data/n03404251/ILSVRC2012_val_00000641.JPEG,fur coat,False,,,yes,biotic,material,"The target is a fur coat. Fur is derived from animal pelts (fauna). While the coat itself is a manufactured item, the material of origin (animal fur) is a direct derivative of a living entity. The definition includes 'Natural or semi-natural fauna and derivatives' and 'Nature-Based Artefacts' where the natural material of origin is clearly visually identifiable. The fur texture is clearly identifiable as animal fur, thus counting as nature. Since nature is 'yes', I evaluate the sub-axes. The fur is a derivative of fauna, making it biotic. The coat is a physical, tangible object occupying space, making it material.",False
/home/pmonserrat/datasets/imagenet/extracted_data/n03417042/ILSVRC2012_val_00001144.JPEG,garbage truck,False,,,no,none,none,"The target is a garbage truck. It is a complex, manufactured vehicle made primarily of metal and plastic. It does not fit any category of non-human living entities, natural environments, non-living natural elements/processes, processed food/drink, nature-based artefacts (as its texture is homogenous and industrial, not derived from clearly identifiable natural materials like wood or stone), or activities/representations of nature. Therefore, it does not count as nature. Not applicable since the entity is not nature.",False
/home/pmonserrat/datasets/imagenet/extracted_data/n03424325/ILSVRC2012_val_00002290.JPEG,gasmask,False,,,no,none,none,"The target is a gasmask. It is a manufactured piece of protective equipment made of synthetic materials (rubber, plastic, metal). It does not fit any category of non-human living entities, natural environments, non-living natural elements, processed food/drink, nature-based artefacts (as the texture is homogenous and artificial), or activities/representations of nature. Therefore, it does not count as nature. Not applicable since the entity is not nature.",False
/home/pmonserrat/datasets/imagenet/extracted_data/n03425413/ILSVRC2012_val_00000732.JPEG,gas pump,False,,,no,none,none,"The target is a gas pump. It is a manufactured piece of equipment made of metal and plastic. It does not contain any clearly identifiable natural material of origin (like visible wood grain or stone texture) and is not a representation of nature. Therefore, it does not meet the criteria for nature-based artefacts or any other category of nature. Not applicable since the entity is not nature.",False
/home/pmonserrat/datasets/imagenet/extracted_data/n03443371/ILSVRC2012_val_00000311.JPEG,goblet,False,,,no,none,none,"The target is a goblet. It is a manufactured object, but the visual evidence shows it is decorated with patterns that appear to mimic natural elements (e.g., the red and black patterns on the leftmost goblet resemble organic or stylized natural forms, and the base of the central goblet has a pattern resembling organic structures). However, the goblet itself is primarily a crafted object, and the patterns are decorative rather than showing the clearly identifiable natural material of origin (like visible wood grain or stone texture) on the main body, which is likely glass or ceramic. Given the ambiguity and the lack of clearly identifiable natural material texture on the primary structure, it does not strictly meet the 'Nature-Based Artefacts' criteria. Not applicable since the entity is not nature.",False
/home/pmonserrat/datasets/imagenet/extracted_data/n03444034/ILSVRC2012_val_00000032.JPEG,go-kart,False,,,yes,none,material,"The target is a go-kart. It is a manufactured object, and while it is not explicitly made of identifiable natural materials like wood or stone, it is a machine used in an activity (go-karting). The definition includes 'Activities that take place in or directly engage with any of the above'. Since the go-kart is the primary apparatus for the activity of go-karting, and the activity itself is listed as nature-relevant, the go-kart is considered nature-relevant in this context. Since nature is 'yes', I evaluate the sub-axes. The go-kart is a manufactured object, not a living organism or a natural process, so it does not fit the biotic or abiotic categories directly. It is a physical object that occupies space and has mass, making it material.",False
/home/pmonserrat/datasets/imagenet/extracted_data/n03445777/ILSVRC2012_val_00002314.JPEG,golf ball,False,,,no,none,none,"The target is a golf ball. It is a manufactured object, but it is not explicitly described as having a natural material of origin that is visually identifiable (like wood grain or stone texture). It is a synthetic sporting good. Therefore, it does not meet the criteria for Nature-Based Artefacts, nor does it fall under any other category (flora, fauna, environment, etc.). Not applicable since the entity is not nature.",False
/home/pmonserrat/datasets/imagenet/extracted_data/n03445924/ILSVRC2012_val_00001116.JPEG,golfcart,False,,,no,none,none,"The target is a golf cart. It is a manufactured vehicle, and while it operates in a natural environment (a golf course), the golf cart itself is a purely artificial object made of materials (metal, plastic) that do not meet the criteria for 'Nature-Based Artefacts' because its texture is homogenous and unidentifiable as a natural material. It is not a representation of nature, nor is it a natural element. Not applicable since the entity is not nature.",False
/home/pmonserrat/datasets/imagenet/extracted_data/n03447447/ILSVRC2012_val_00000913.JPEG,gondola,False,,,no,none,none,The target is a gondola. A gondola is a manufactured boat. It is not explicitly defined as a nature-based artefact (which requires a clearly identifiable natural material of origin like wood grain or stone texture) nor is it a natural element. It is a purely man-made object. Not applicable since the entity is not nature.,False
/home/pmonserrat/datasets/imagenet/extracted_data/n03447721/ILSVRC2012_val_00001052.JPEG,gong,False,,,yes,abiotic,material,"The target is a gong. While a gong is a manufactured object, the visual evidence shows it is made of metal, which is a geological/mineral component. The definition includes non-living natural elements and processes, such as geological and mineral components (e.g., rock, salt, oil). Since the gong is clearly made of metal, a mineral, it qualifies as a nature-based artefact where the natural material of origin is identifiable. Since nature is 'yes', I evaluate the sub-axes. Metal is a geological component, which falls under the abiotic category. The gong is a physical object with mass and occupies space, making it material.",False
/home/pmonserrat/datasets/imagenet/extracted_data/n03450230/ILSVRC2012_val_00000780.JPEG,gown,False,,,no,none,none,"The target is a 'gown'. It is a piece of clothing, which is a manufactured textile item. It does not fall under any of the defined categories of nature (non-human living entities, natural environments, non-living natural elements, processed food/drink, nature-based artefacts with identifiable natural material, or activities/representations of these). Not applicable since the entity is not nature.",False
/home/pmonserrat/datasets/imagenet/extracted_data/n03452741/ILSVRC2012_val_00000662.JPEG,grand piano,False,,,yes,biotic,material,"The target is a grand piano. It is a manufactured object, but the visual evidence clearly shows the wooden casing with a discernible wood grain texture. Nature-based artefacts where the natural material of origin is clearly visually identifiable count as nature, fulfilling the criteria. Since nature is 'yes', I evaluate the sub-axes. The piano is an artefact made from wood (a derivative of flora), which falls under the biotic category. It is a physical object that occupies space and has mass, making it material.",False
/home/pmonserrat/datasets/imagenet/extracted_data/n03457902/ILSVRC2012_val_00000295.JPEG,greenhouse,False,,,yes,biotic,material,"The target is a greenhouse. A greenhouse is a semi-natural environment where flora is cultivated. Natural or semi-natural environments and ecosystems where such entities interact count as nature, fulfilling the criteria. Since nature is 'yes', I evaluate the sub-axes. The greenhouse contains numerous plants (flora), which are living organisms, making the environment biotic. The structure itself, while artificial, houses and supports the living elements, and the plants and soil within are physical entities, making the overall environment material.",False
/home/pmonserrat/datasets/imagenet/extracted_data/n03459775/ILSVRC2012_val_00000852.JPEG,grille,False,,,no,none,none,"The target is a grille, which is a manufactured component of a car. It is made of metal, which is a geological component. However, the grille itself is a manufactured object with a homogenous, metallic texture, and it does not qualify as a 'Nature-Based Artefact' because its natural material of origin (metal) is not clearly visually identifiable in the way required (e.g., visible wood grain or stone texture). Therefore, it does not count as nature. Not applicable since the entity is not nature.",False
/home/pmonserrat/datasets/imagenet/extracted_data/n03461385/ILSVRC2012_val_00000372.JPEG,grocery store,False,,,no,none,none,"The target entity is a 'grocery store'. The definition of nature includes 'Natural or semi-natural environments and ecosystems' but explicitly excludes 'purely administrative or political units (e.g., a country, county, or district)'. A grocery store is a commercial building and a human-made retail establishment, not a natural or semi-natural environment or ecosystem in the defined sense. While it contains food (which is nature), the entity itself is the structure/business, which does not qualify. Not applicable since the entity is not nature.",False
/home/pmonserrat/datasets/imagenet/extracted_data/n03467068/ILSVRC2012_val_00000169.JPEG,guillotine,False,,,no,none,none,"The target is a guillotine. It is a large, manufactured device made of wood and metal. It does not fit any category of living entities, natural environments, non-living natural elements, processed food, or activities related to nature. It is a purely artificial, non-natural object. Not applicable since the entity is not nature.",False
/home/pmonserrat/datasets/imagenet/extracted_data/n03476684/ILSVRC2012_val_00000190.JPEG,hair slide,False,,,no,none,none,"The target is a 'hair slide'. It is a manufactured object, likely made of metal and plastic/resin. It does not appear to be made from a clearly identifiable natural material (like visible wood grain or stone texture) and is not a representation of a natural element. Therefore, it does not meet the criteria for nature-based artefacts or any other category. Not applicable since the entity is not nature.",False
/home/pmonserrat/datasets/imagenet/extracted_data/n03476991/ILSVRC2012_val_00000856.JPEG,hair spray,False,,,no,none,none,"The target is 'hair spray'. Hair spray is a processed liquid product. The definition explicitly states that 'Processed Food & Drink (The Ingestion Criterion): Edible solid or liquid elements at any processing level count as nature. This explicitly includes processed foods and derivatives (e.g., pasta, a meatball, a tuna can, sugar, coffee, butter).' While hair spray is not typically ingested, it is a processed liquid derivative. However, the definition is highly specific to 'Edible' elements. Since hair spray is a cosmetic product and not an edible derivative, it does not meet the criteria for nature. Not applicable since the entity is not nature.",False
/home/pmonserrat/datasets/imagenet/extracted_data/n03478589/ILSVRC2012_val_00000035.JPEG,half track,False,,,no,none,none,"The target is a 'half track,' which is a military vehicle. It is a purely manufactured, mechanical object made of metal and is not derived from natural materials in a visually identifiable way (like wood grain or stone texture). Therefore, it does not meet the criteria for Nature-Based Artefacts, nor does it fall into any other category of nature. Not applicable since the entity is not nature.",False
/home/pmonserrat/datasets/imagenet/extracted_data/n03481172/ILSVRC2012_val_00000887.JPEG,hammer,False,,,yes,biotic,material,"The target is a hammer. It is a manufactured object. The visual evidence shows the handle is made of wood with a clearly identifiable wood grain texture. Nature-based artefacts where the natural material of origin is clearly visually identifiable count as nature, fulfilling the criteria. Since nature is 'yes', I evaluate the sub-axes. The wooden handle is derived from flora, making it biotic. The hammer is a physical object that occupies space and has mass, making it material.",False
/home/pmonserrat/datasets/imagenet/extracted_data/n03482405/ILSVRC2012_val_00000060.JPEG,hamper,False,,,yes,biotic,material,"The target is a hamper, which is a woven basket. The visual evidence shows the basket is made of natural woven plant material (like wicker or straw). Nature-based artefacts where the natural material of origin is clearly visually identifiable count as nature, fulfilling the criteria. Since nature is 'yes', I evaluate the sub-axes. The material is derived from flora (plants), making it biotic. The basket is a physical object that occupies space and has mass, making it material.",False
/home/pmonserrat/datasets/imagenet/extracted_data/n03483316/ILSVRC2012_val_00000876.JPEG,hand blower,False,,,no,none,none,"The target is a 'hand blower' (a personal electric fan). It is a manufactured electronic device made of plastic and metal. It does not contain any identifiable natural materials, nor does it represent a natural element, process, or organism. Therefore, it does not count as nature. Not applicable since the entity is not nature.",False
/home/pmonserrat/datasets/imagenet/extracted_data/n03485407/ILSVRC2012_val_00000149.JPEG,hand-held computer,False,,,no,none,none,"The target is a hand-held computer. It is a manufactured electronic device made of metal and plastic. It does not fall under any category of living entities, natural environments, non-living natural elements, processed food/drink, nature-based artefacts (as its texture is homogenous and unidentifiable as natural material), or activities/representations of nature. Therefore, it does not count as nature. Not applicable since the entity is not nature.",False
/home/pmonserrat/datasets/imagenet/extracted_data/n03485794/ILSVRC2012_val_00000054.JPEG,handkerchief,False,,,yes,biotic,material,"The target is a handkerchief featuring embroidered roses. The roses are a depiction of flora. Since the handkerchief is a textile item with an explicit artistic depiction of a natural element (flowers), it falls under the category of 'Any representation of the above... that explicitly refers to or depicts one of the categories above,' fulfilling the criteria for nature. Since nature is 'yes', I evaluate the sub-axes. The depicted roses are flora, which is biotic. The handkerchief itself is a physical textile object, making the representation material.",False
/home/pmonserrat/datasets/imagenet/extracted_data/n03492542/ILSVRC2012_val_00000367.JPEG,hard disc,False,,,no,none,none,"The target is a hard disc, which is a piece of electronic hardware. It is a manufactured object made of metal, plastic, and silicon, and does not contain any clearly identifiable natural material of origin (like visible wood grain or stone texture) that would qualify it as a nature-based artefact. It is a purely technological artifact. Not applicable since the entity is not nature.",False
/home/pmonserrat/datasets/imagenet/extracted_data/n03494278/ILSVRC2012_val_00001030.JPEG,harmonica,False,,,no,none,none,"The target is a harmonica. It is a manufactured musical instrument. It does not fall under the categories of non-human living entities, natural environments, non-living natural elements, processed food/drink, or nature-based artefacts (as its texture is not visibly derived from a natural material like wood grain or stone). Therefore, it does not count as nature. Not applicable since the entity is not nature.",False
/home/pmonserrat/datasets/imagenet/extracted_data/n03495258/ILSVRC2012_val_00000448.JPEG,harp,False,,,no,none,none,"The target is a harp sculpture. It is a manufactured object, but it is crafted from metal that is clearly visible and forms a distinct, recognizable shape, fitting the definition of a Nature-Based Artefact if the material itself is considered derived from nature (metal/iron). However, the definition requires the *natural material of origin* to be clearly visually identifiable (e.g., wood grain, stone texture). Since this is a fabricated metal sculpture, and the metal itself does not display a clear, identifiable natural texture in the way wood or stone does, it is classified as a purely manufactured object without the required natural material identification. Not applicable since the entity is not nature.",False
/home/pmonserrat/datasets/imagenet/extracted_data/n03496892/ILSVRC2012_val_00000015.JPEG,harvester,False,,,yes,biotic,immaterial,"The target entity is a 'harvester,' which refers to the activity of harvesting crops. The definition explicitly includes 'Activities that take place in or directly engage with any of the above' (e.g., gardening, birdwatching). Since the harvester is engaged in the activity of harvesting the wheat field, this counts as nature. Since nature is 'yes', I evaluate the sub-axes. The activity of harvesting is a process that directly engages with flora (the wheat), making the activity itself related to biotic processes. However, the activity itself is not a living organism or a non-living element, but a human action. Given the context of the activity engaging with the flora, it is best categorized as related to biotic processes. The activity itself is not a physical object or representation, but an action, which is generally considered immaterial in this context, though the activity is tied to the material environment.",False
/home/pmonserrat/datasets/imagenet/extracted_data/n03498962/ILSVRC2012_val_00002436.JPEG,hatchet,False,,,yes,none,material,"The target is a hatchet. It is a manufactured tool, but the visual evidence shows it is made of wood (the handle) and metal (the blade). Since the handle is clearly made of wood, a natural material of origin, it qualifies as a nature-based artefact, fulfilling the criteria for nature. Since nature is 'yes', I evaluate the sub-axes. The hatchet itself is a manufactured object, not a living organism or a natural process, so it is not biotic or abiotic in the strict sense of the life category axis. However, because it is a physical object occupying space, it is material.",False
/home/pmonserrat/datasets/imagenet/extracted_data/n03527444/ILSVRC2012_val_00002822.JPEG,holster,False,,,yes,biotic,material,"The target is a holster, which is a manufactured object typically made of leather. The visual evidence shows a dark, textured material consistent with leather, which is a natural material of origin (from animal hide). Since the natural material of origin is clearly visually identifiable, it qualifies as a nature-based artefact, fulfilling the criteria for nature. Since nature is 'yes', I evaluate the sub-axes. Leather is a derivative of fauna (animal hide), making it biotic. The holster is a physical object that occupies space and has mass, making it material.",False
/home/pmonserrat/datasets/imagenet/extracted_data/n03529860/ILSVRC2012_val_00000387.JPEG,home theater,False,,,yes,biotic,immaterial,"The target entity is a 'home theater' setup, which includes a large screen displaying an image of a scene (likely a fantasy or mythological landscape). The image displayed on the screen depicts figures and a landscape, which falls under the category of a representation of nature (specifically, a depiction of figures and a scene). Since the definition includes 'Any representation of the above... that explicitly refers to or depicts one of the categories above,' the content displayed on the screen counts as nature-relevant. Since nature is 'yes', I evaluate the sub-axes. The content displayed on the screen depicts figures (which are biotic entities) and a landscape (which is an ecosystem/environment, biotic/abiotic). Because the image is a digital display within a manufactured setting, it is a representation, making it immaterial.",False
/home/pmonserrat/datasets/imagenet/extracted_data/n03530642/ILSVRC2012_val_00001784.JPEG,honeycomb,True,False,True,yes,biotic,material,"The target is a honeycomb. Honey is a derivative of natural fauna (bees), and the honeycomb structure itself is a product of a natural process/organism. Furthermore, 'Processed Food & Drink' explicitly includes edible solid elements at any processing level, and honey is a natural food product. Therefore, this instance counts as nature. Since nature is 'yes', I evaluate the sub-axes. Honey is a derivative of fauna (bees), classifying it as biotic. The honeycomb structure and the honey itself are physical, edible elements that occupy space, making it material.",False
/home/pmonserrat/datasets/imagenet/extracted_data/n03532672/ILSVRC2012_val_00000575.JPEG,hook,False,,,no,none,none,"The target is a metal hook attached to industrial machinery. It is a manufactured object made of metal. Since the metal is not a naturally identifiable material in its raw form (it is processed and homogenous), it does not qualify as a 'Nature-Based Artefact' under the definition, nor does it fall into any other category of nature (living entity, environment, natural process, processed food, or representation). Not applicable since the entity is not nature.",False
/home/pmonserrat/datasets/imagenet/extracted_data/n03534580/ILSVRC2012_val_00000776.JPEG,hoopskirt,False,,,no,none,none,"The target entity is a 'hoopskirt'. A hoopskirt is a piece of clothing, typically made of fabric. It is a manufactured item and does not inherently contain identifiable natural materials or represent a natural element, process, or organism in a way that meets the strict definition of nature. Not applicable since the entity is not nature.",False
/home/pmonserrat/datasets/imagenet/extracted_data/n03535780/ILSVRC2012_val_00001827.JPEG,horizontal bar,False,,,no,none,none,"The target is a horizontal bar used for exercise. It appears to be made of metal. Since the material is a manufactured object and the texture is homogenous (metal bar), it does not meet the criteria for a 'Nature-Based Artefact' where the natural material of origin is clearly visually identifiable. Therefore, it does not count as nature. Not applicable since the entity is not nature.",False
/home/pmonserrat/datasets/imagenet/extracted_data/n03538406/ILSVRC2012_val_00000752.JPEG,horse cart,False,,,yes,biotic,material,"The target is a horse cart. This entity comprises a horse (a living organism/fauna) and a cart (a manufactured object). The horse is a non-human living entity, which counts as nature. The cart itself is a manufactured object, but since it is directly engaged with a living natural entity (the horse) and is not purely artificial, the overall entity is considered nature-relevant. Since nature is 'yes', I evaluate the sub-axes. The horse is a fauna, making it biotic. The entire assembly (horse and cart) has a physical presence and occupies space, making it material.",False
/home/pmonserrat/datasets/imagenet/extracted_data/n03544143/ILSVRC2012_val_00001943.JPEG,hourglass,True,False,True,no,none,none,"The target is an hourglass. It is a manufactured object, and while it contains sand (a geological/mineral component), the object itself is not explicitly defined as a nature-based artefact because the glass and metal components are homogenous and not visually identifiable as natural materials in the required manner. Furthermore, the sand inside is contained within a manufactured device, and the hourglass itself does not fit the definition of a nature-based artefact. Not applicable since the entity is not nature.",False
/home/pmonserrat/datasets/imagenet/extracted_data/n03584254/ILSVRC2012_val_00000647.JPEG,ipod,False,,,no,none,none,"The target is an iPod. It is a manufactured electronic device made of plastic and metal. It does not fall under any category of living entities, natural environments, non-living natural elements, processed food/drink, nature-based artefacts (as its texture is homogenous and not identifiable as a natural material), or any representation thereof. Therefore, it does not count as nature. Not applicable since the entity is not nature.",False
/home/pmonserrat/datasets/imagenet/extracted_data/n03584829/ILSVRC2012_val_00000208.JPEG,iron,False,,,no,none,none,"The target is 'iron', which is a metal. While iron is a geological/mineral component, the visual evidence shows it is part of a manufactured electric massager. The definition for Nature-Based Artefacts requires the natural material of origin to be *clearly visually identifiable* (e.g., visible wood grain or stone texture). Since this object is a homogenous, finished metal product, it does not meet the criteria for a nature-based artefact, nor is it presented as a raw geological element. Not applicable since the entity is not nature.",False
/home/pmonserrat/datasets/imagenet/extracted_data/n03590841/ILSVRC2012_val_00000308.JPEG,jack-o'-lantern,False,,,yes,biotic,material,"The target is a jack-o'-lantern, which is a carved pumpkin. Pumpkins are flora, and the resulting carved object is a representation of a natural element (the pumpkin) that is physically present. While the carving is artificial, the base material is a natural, living entity (or its derivative), and the object itself is a physical manifestation of a natural item, fitting the criteria for nature. Since nature is 'yes', I evaluate the sub-axes. The pumpkin is a plant (flora), making it biotic. The jack-o'-lantern is a physical, tangible object made from the pumpkin, making it material.",False
/home/pmonserrat/datasets/imagenet/extracted_data/n03594734/ILSVRC2012_val_00000110.JPEG,jean,False,,,no,none,none,"The target entity is 'jean', referring to the trousers worn by the individuals in the image. Jeans are a manufactured item made primarily of denim fabric, which is a processed textile. Since the material is not visibly identifiable as a natural element (like wood grain or stone texture) and is a homogenous manufactured product, it does not meet the criteria for a Nature-Based Artefact, nor does it fall under any other category of nature. Not applicable since the entity is not nature.",False
/home/pmonserrat/datasets/imagenet/extracted_data/n03594945/ILSVRC2012_val_00000659.JPEG,jeep,False,,,no,none,none,"The target is a Jeep, which is a manufactured vehicle. It is not explicitly described as having a clearly identifiable natural material of origin (like visible wood grain or stone texture) that would qualify it as a 'Nature-Based Artefact'. It is a purely manufactured object, and therefore does not meet the criteria for nature. Not applicable since the entity is not nature.",False
/home/pmonserrat/datasets/imagenet/extracted_data/n03595614/ILSVRC2012_val_00000219.JPEG,jersey,False,,,no,none,none,"The target is a 'jersey', which is a piece of clothing. It is a manufactured item made of fabric. Since the image does not provide visual evidence of a natural material of origin (like visible cotton fibers or wool texture) that is clearly identifiable, and it is not a nature-based artefact, it does not meet the criteria for nature. Not applicable since the entity is not nature.",False
/home/pmonserrat/datasets/imagenet/extracted_data/n03598930/ILSVRC2012_val_00000607.JPEG,jigsaw puzzle,False,,,no,none,none,"The target is a jigsaw puzzle depicting a map of the UK. The map itself represents geographical features, which are part of the natural environment (though this specific puzzle is a manufactured object). However, the puzzle is a manufactured item, and while it depicts a natural/geographical area, the puzzle itself is not a 'Nature-Based Artefact' because the texture is not clearly identifiable as natural material (like wood grain or stone texture) in a way that qualifies it, nor is the map depiction itself a representation of a natural process or entity in the required artistic/fictional sense; it is a functional, printed representation of a political/geographical area. Not applicable since the entity is not nature.",False
/home/pmonserrat/datasets/imagenet/extracted_data/n03599486/ILSVRC2012_val_00000281.JPEG,jinrikisha,False,,,no,none,none,"The target is a jinrikisha, which is a human-powered rickshaw. It is a manufactured vehicle. While it is a physical object, it is not explicitly described as a 'Nature-Based Artefact' because its primary construction materials (metal, wood, fabric) do not have a clearly identifiable natural texture in a way that meets the strict criteria, nor is it a representation of nature. It is a purely man-made conveyance. Not applicable since the entity is not nature.",False
/home/pmonserrat/datasets/imagenet/extracted_data/n03602883/ILSVRC2012_val_00000969.JPEG,joystick,False,,,no,none,none,"The target is a joystick, which is a manufactured electronic control device made of plastic and metal. It does not fall under any of the defined categories of nature (living entities, natural environments, non-living natural elements, processed food, nature-based artefacts with visible natural material, or activities/representations of these). Not applicable since the entity is not nature.",False
/home/pmonserrat/datasets/imagenet/extracted_data/n03617480/ILSVRC2012_val_00000900.JPEG,kimono,False,,,yes,biotic,material,"The target is a kimono. While a kimono is a piece of clothing, the definition of Nature includes 'Nature-Based Artefacts: Manufactured or crafted objects where the natural material of origin is clearly visually identifiable'. Kimonos are traditionally made from natural fibers (like silk or cotton). Assuming the visual evidence shows a fabric texture consistent with natural fibers, it qualifies as a nature-based artefact. Since nature is 'yes', I evaluate the sub-axes. The fabric itself is derived from plant matter (flora), making it biotic. The kimono is a physical garment that occupies space, making it material.",False
/home/pmonserrat/datasets/imagenet/extracted_data/n03623198/ILSVRC2012_val_00000686.JPEG,knee pad,False,,,no,none,none,"The target is a knee pad. It is a manufactured item made of synthetic materials (likely neoprene or similar fabric) and features a graphic design. It does not contain any clearly identifiable natural material of origin (like visible wood grain or stone texture) and is not a representation of a natural element, so it fails the criteria for nature. Not applicable since the entity is not nature.",False
/home/pmonserrat/datasets/imagenet/extracted_data/n03627232/ILSVRC2012_val_00002377.JPEG,knot,False,,,yes,biotic,material,"The target entity is a 'knot' made from rope. Rope is typically made from natural fibers (like hemp or sisal), which are derivatives of flora. A knot is a physical configuration of this material. Since the rope material is derived from flora, it falls under the scope of natural/semi-natural flora derivatives, and the knot itself is a physical manifestation of this material. Since nature is 'yes', I evaluate the sub-axes. The rope material is derived from plants (flora), making it biotic. The knot is a physical object occupying space and having mass, making it material.",False
/home/pmonserrat/datasets/imagenet/extracted_data/n03630383/ILSVRC2012_val_00002627.JPEG,lab coat,False,,,no,none,none,"The target is a lab coat. It is a manufactured garment, typically made of synthetic or treated fabric, and does not possess a clearly identifiable natural material of origin (like visible wood grain or stone texture) that would qualify it as a Nature-Based Artefact. It is a purely human-made item. Not applicable since the entity is not nature.",False
/home/pmonserrat/datasets/imagenet/extracted_data/n03633091/ILSVRC2012_val_00000684.JPEG,ladle,False,,,no,none,none,"The target is a ladle, which is a manufactured utensil made of metal. It does not fall under any of the defined categories of nature (living entities, natural environments, non-living natural elements, processed food/drink, nature-based artefacts with identifiable natural material, or activities/representations of these). It is a purely manufactured object with a homogenous, non-natural texture. Not applicable since the entity is not nature.",False
/home/pmonserrat/datasets/imagenet/extracted_data/n03637318/ILSVRC2012_val_00000427.JPEG,lampshade,False,,,no,none,none,"The target is a lampshade. It appears to be made of fabric or paper, which are processed materials. Since the material is not clearly identifiable as a natural element (like visible wood grain or stone texture) and it is a manufactured item, it does not meet the criteria for a Nature-Based Artefact. It is not a representation of nature, nor is it a natural element itself. Not applicable since the entity is not nature.",False
/home/pmonserrat/datasets/imagenet/extracted_data/n03642806/ILSVRC2012_val_00000151.JPEG,laptop,False,,,no,none,none,"The target is a laptop. It is a manufactured electronic device made primarily of plastic and metal. It does not contain any clearly identifiable natural material of origin (like visible wood grain or stone texture) and is not a representation of a natural element. Therefore, it does not meet the criteria for nature. Not applicable since the entity is not nature.",False
/home/pmonserrat/datasets/imagenet/extracted_data/n03649909/ILSVRC2012_val_00000384.JPEG,lawn mower,False,,,no,none,none,"The target is a lawn mower. It is a manufactured machine made of plastic and metal. It does not fit any category of living entities, natural environments, non-living natural elements, processed food, nature-based artefacts (as its texture is homogenous and artificial), or activities/representations of nature. Therefore, it does not count as nature. Not applicable since the entity is not nature.",False
/home/pmonserrat/datasets/imagenet/extracted_data/n03657121/ILSVRC2012_val_00000359.JPEG,lens cap,False,,,no,none,none,"The target is a lens cap. It is a manufactured object, typically made of plastic or metal. It does not possess a clearly identifiable natural material of origin (like visible wood grain or stone texture) and is not a representation of a natural element. Therefore, it does not meet the criteria for nature. Not applicable since the entity is not nature.",False
/home/pmonserrat/datasets/imagenet/extracted_data/n03658185/ILSVRC2012_val_00001977.JPEG,letter opener,False,,,no,none,none,"The target is a letter opener. It is a manufactured object, and while it is made of metal, the definition for 'Nature-Based Artefacts' requires the natural material of origin to be *clearly visually identifiable* (e.g., visible wood grain or stone texture). A standard metal letter opener does not possess such an identifiable natural texture, and it is not a derivative of a natural material in the sense defined for this category. Therefore, it does not count as nature. Not applicable since the entity is not nature.",False
/home/pmonserrat/datasets/imagenet/extracted_data/n03661043/ILSVRC2012_val_00000715.JPEG,library,False,,,no,none,none,"The target is a library, which refers to the collection of books and the room housing them. The definition explicitly excludes purely administrative or political units, and a library, in this context, is a building/institution, not a natural environment or a collection of natural elements. While it contains books (which are processed food/drink derivatives if they were edible, but they are not), the structure itself and its function do not meet the criteria for a natural or semi-natural environment, nor does it consist solely of the listed natural elements. Not applicable since the entity is not nature.",False
/home/pmonserrat/datasets/imagenet/extracted_data/n03662601/ILSVRC2012_val_00000556.JPEG,lifeboat,False,,,no,none,none,"The target is a 'lifeboat'. It is a manufactured vessel, not an object made from clearly identifiable natural materials (like wood grain or stone texture) that would qualify as a Nature-Based Artefact. It is a purely industrial/man-made object, and it does not fall under any other category of nature (living entities, natural environments, non-living natural elements, processed food, or representations thereof). Not applicable since the entity is not nature.",False
/home/pmonserrat/datasets/imagenet/extracted_data/n03666591/ILSVRC2012_val_00003417.JPEG,lighter,False,,,no,none,none,"The target is a lighter. It is a manufactured object made of metal and plastic. It does not possess any clearly identifiable natural material of origin (like visible wood grain or stone texture) and is not a representation of a natural element. Therefore, it fails the criteria for nature. Not applicable since the entity is not nature.",False
/home/pmonserrat/datasets/imagenet/extracted_data/n03670208/ILSVRC2012_val_00000185.JPEG,limousine,False,,,no,none,none,"The target is a limousine. A limousine is a manufactured vehicle made primarily of metal, plastic, and glass. It does not fall under any of the defined categories of non-human living entities, natural environments, non-living natural elements/processes, processed food/drink, nature-based artefacts (as its texture is homogenous and artificial), or activities/representations of nature. Therefore, it does not count as nature. Not applicable since the entity is not nature.",False
/home/pmonserrat/datasets/imagenet/extracted_data/n03673027/ILSVRC2012_val_00000664.JPEG,liner,False,,,no,none,none,"The target entity is 'liner', referring to the large cruise ship visible in the image. A ship, even a large one, is a purely manufactured, non-natural object made of metal and composite materials. It does not fit any of the defined categories of nature (living entities, natural environments, non-living natural elements, processed food, nature-based artefacts with visible natural material, or activities/representations of these). Not applicable since the entity is not nature.",False
/home/pmonserrat/datasets/imagenet/extracted_data/n03676483/ILSVRC2012_val_00000984.JPEG,lipstick,False,,,,,,,True
/home/pmonserrat/datasets/imagenet/extracted_data/n03680355/ILSVRC2012_val_00000385.JPEG,loafer,False,,,no,none,none,"The target entity is a 'loafer', which is a type of shoe. Shoes are manufactured items made from materials like leather or fabric. Since the image does not provide sufficient visual evidence to confirm that the material of origin (e.g., leather grain) is clearly identifiable, and it is a manufactured good, it does not meet the criteria for a Nature-Based Artefact. It is not a living entity, nor is it a natural element or process. Not applicable since the entity is not nature.",False
/home/pmonserrat/datasets/imagenet/extracted_data/n03690938/ILSVRC2012_val_00001814.JPEG,lotion,False,,,yes,biotic,material,"The target is 'lotion' (specifically 'Loción Corporal' and 'Gel de Baño'). The definition includes 'Processed Food & Drink (The Ingestion Criterion): Edible solid or liquid elements at any processing level count as nature. This explicitly includes processed foods and derivatives (e.g., pasta, a meatball, a tuna can, sugar, coffee, butter).' While lotion is not typically ingested, it is a processed liquid product derived from natural ingredients (like Rosehip Oil mentioned on the label). Given the broad inclusion of processed derivatives and the presence of natural components (Rosehip Oil), it is classified as nature-relevant. Since nature is 'yes', I evaluate the sub-axes. Lotion is a processed liquid product derived from natural sources, which falls under the scope of biotic derivatives. It is a physical substance that occupies space, making it material.",False
/home/pmonserrat/datasets/imagenet/extracted_data/n03691459/ILSVRC2012_val_00000109.JPEG,loudspeaker,False,,,yes,biotic,material,"The target is a loudspeaker. While it is a manufactured object, the visual evidence clearly shows the casing incorporates a surface with a distinct wood grain texture. Nature-based artefacts where the natural material of origin is clearly visually identifiable count as nature, fulfilling the criteria. Since nature is 'yes', I evaluate the sub-axes. The loudspeaker itself is a manufactured device, not a living organism or a natural process, so it does not fit biotic or abiotic categories directly. However, the wood grain component is derived from flora, which is biotic. The object has a physical presence and occupies space, making it material.",False
/home/pmonserrat/datasets/imagenet/extracted_data/n03692522/ILSVRC2012_val_00000999.JPEG,loupe,True,True,True,yes,none,material,"The target is a loupe, which is a magnifying glass. It is a manufactured object. The visual evidence shows the loupe is made of metal, which is a geological/mineral component. Since the natural material of origin (metal) is visually identifiable, it qualifies as a nature-based artefact, fulfilling the criteria for nature. Since nature is 'yes', I evaluate the sub-axes. The loupe itself is an artefact, not a living organism or a natural process, so it does not fit neatly into biotic or abiotic categories based on its function/composition, but as a physical object made of natural material, it is material. The metal component is geological (abiotic), but the object itself is a manufactured item.",False
/home/pmonserrat/datasets/imagenet/extracted_data/n03697007/ILSVRC2012_val_00000760.JPEG,lumbermill,False,,,yes,biotic,material,"The target entity is a lumbermill, which is a facility for processing wood. While the mill itself is a structure, the image prominently features large stacks of cut logs (timber). Logs are derived from trees (flora), which are non-human living entities. The presence of these raw natural materials within the context of the mill makes the scene nature-relevant. Since nature is 'yes', I evaluate the sub-axes. The logs are derived from flora, making them biotic. The logs themselves are physical, tangible objects occupying space, making them material.",False
/home/pmonserrat/datasets/imagenet/extracted_data/n03706229/ILSVRC2012_val_00001229.JPEG,magnetic compass,False,,,no,none,none,"The target is a magnetic compass. While it contains a magnetic needle (which relates to geophysical processes), the compass itself is a manufactured instrument made of metal and glass. It does not qualify as a nature-based artefact because its texture is homogenous and unidentifiable as a natural material, nor does it represent a natural element or process in a non-literal way. Therefore, it does not count as nature. Not applicable since the entity is not nature.",False
/home/pmonserrat/datasets/imagenet/extracted_data/n03709823/ILSVRC2012_val_00000221.JPEG,mailbag,False,,,yes,biotic,immaterial,"The target is a mailbag/handbag featuring a leopard print pattern. The leopard print is a representation of fauna (leopard spots). Since the pattern is a depiction of an animal's coat, it falls under the category of a representation of a non-human living entity, which counts as nature. Since nature is 'yes', I evaluate the sub-axes. The pattern represents fauna (leopard), making it biotic. The bag itself is a manufactured object, but because the pattern is a visual depiction of an animal, it is classified as an artistic/cultural representation, making it immaterial.",False
/home/pmonserrat/datasets/imagenet/extracted_data/n03710193/ILSVRC2012_val_00000152.JPEG,mailbox,False,,,no,none,none,"The target is a mailbox. It is a manufactured object made of metal (implied by its appearance and function). It does not possess a clearly identifiable natural material of origin (like visible wood grain or stone texture) and is not a representation of nature. Therefore, it does not meet the criteria for nature-based artefacts or any other category of nature. Not applicable since the entity is not nature.",False
/home/pmonserrat/datasets/imagenet/extracted_data/n03710637/ILSVRC2012_val_00000117.JPEG,maillot,False,,,no,none,none,"The target entity is a 'maillot' (swimsuit). It is a piece of clothing, which is a manufactured item made from synthetic or textile materials. It does not meet the criteria for being a non-human living entity, a natural/semi-natural environment, a non-living natural element, processed food/drink, a nature-based artefact with identifiable natural material, or an activity/representation of these. Therefore, it does not count as nature. Not applicable since the entity is not nature.",False
/home/pmonserrat/datasets/imagenet/extracted_data/n03717622/ILSVRC2012_val_00002223.JPEG,manhole cover,False,,,no,none,none,"The target is a manhole cover. It is a manufactured object made of metal. It does not possess a clearly identifiable natural material of origin (like visible wood grain or stone texture) and is not a representation of a natural element. Therefore, it does not meet the criteria for nature-based artefacts or any other category. Not applicable since the entity is not nature.",False
/home/pmonserrat/datasets/imagenet/extracted_data/n03720891/ILSVRC2012_val_00000710.JPEG,maraca,False,,,yes,biotic,material,"The target is a maraca. It is a manufactured object, but the visual evidence clearly shows natural materials used in its construction, specifically wood, which has a visible grain texture. Nature-based artefacts where the natural material of origin is clearly visually identifiable count as nature, fulfilling the criteria. Since nature is 'yes', I evaluate the sub-axes. The primary material is wood, which is a derivative of flora, making it biotic. The maraca is a physical, tangible object that occupies space, making it material.",False
/home/pmonserrat/datasets/imagenet/extracted_data/n03721384/ILSVRC2012_val_00001796.JPEG,marimba,False,,,yes,biotic,material,"The target is a marimba, which is a musical instrument typically constructed from wooden bars. The visual evidence clearly shows the wooden bars and frame, which are manufactured objects where the natural material of origin (wood) is visually identifiable. This qualifies as a nature-based artefact, fulfilling the criteria for nature. Since nature is 'yes', I evaluate the sub-axes. The primary material is wood, which is a derivative of flora, making it biotic. The marimba itself is a physical object occupying space and having mass, making it material.",False
/home/pmonserrat/datasets/imagenet/extracted_data/n03724870/ILSVRC2012_val_00000608.JPEG,mask,False,,,no,none,none,"The target is a mask. It is a manufactured object. While it is an artefact, the visual evidence does not show that the natural material of origin is clearly identifiable (e.g., it is not visibly made of wood grain or distinct stone texture, but appears to be decorated fabric/material). Therefore, it does not meet the criteria for a Nature-Based Artefact, nor does it fall into any other defined category of nature. Not applicable since the entity is not nature.",False
/home/pmonserrat/datasets/imagenet/extracted_data/n03729826/ILSVRC2012_val_00000259.JPEG,matchstick,False,,,yes,biotic,material,"The target is a matchstick. The stick itself is made of wood, which is a natural material derived from flora. This falls under the category of Nature-Based Artefacts where the natural material of origin (wood) is clearly visually identifiable, thus counting as nature. Since nature is 'yes', I evaluate the sub-axes. The wood component is derived from flora, making it biotic. The matchstick is a physical object that occupies space and has mass, making it material.",False
/home/pmonserrat/datasets/imagenet/extracted_data/n03733131/ILSVRC2012_val_00000120.JPEG,maypole,False,,,yes,biotic,material,"The target is a maypole. While a maypole is a cultural object, it is typically constructed from natural materials like wood. Given the context of a festival and the structure's likely composition, it is considered a nature-based artefact where the natural material of origin (wood) is visually identifiable, thus counting as nature. Since nature is 'yes', I evaluate the sub-axes. The pole itself is a manufactured object made from wood (a derivative of flora), making it biotic. It is a physical structure occupying space, making it material.",False
/home/pmonserrat/datasets/imagenet/extracted_data/n03733281/ILSVRC2012_val_00000118.JPEG,maze,False,,,no,none,none,"The target is a maze, which is a constructed pattern of paths. It does not fall under any of the defined categories of living entities, natural environments, non-living natural elements/processes, processed food/drink, nature-based artefacts (as it is not made of identifiable natural material), or activities/representations of those things. It is a purely abstract or geometric design. Not applicable since the entity is not nature.",False
/home/pmonserrat/datasets/imagenet/extracted_data/n03733805/ILSVRC2012_val_00000163.JPEG,measuring cup,False,,,no,none,none,"The target is a measuring cup. It is a manufactured object, and while it contains a substance (likely a food ingredient) that is nature-derived, the cup itself is primarily a manufactured item. It does not qualify as a nature-based artefact because its material (glass/plastic) does not have a clearly identifiable natural texture in the way wood or stone would. The contents, if identifiable as processed food, would count, but the target entity is the cup itself. Not applicable since the entity is not nature.",False
/home/pmonserrat/datasets/imagenet/extracted_data/n03742115/ILSVRC2012_val_00001318.JPEG,medicine chest,False,,,no,none,none,"The target is a 'medicine chest,' which refers to the vanity/cabinet shown. This object is manufactured furniture. While it is made of wood, the visual evidence does not provide a clear, identifiable texture of the natural material (like visible wood grain) that would qualify it as a 'Nature-Based Artefact' under the strict definition, as the finish appears homogenous. Therefore, it does not count as nature. Not applicable since the entity is not nature.",False
/home/pmonserrat/datasets/imagenet/extracted_data/n03743016/ILSVRC2012_val_00000382.JPEG,megalith,False,,,yes,abiotic,material,"The target is a megalith, which consists of large stones. Stones are geological and mineral components, which are explicitly included under non-living natural elements and processes, fulfilling the criteria for nature. Since nature is 'yes', I evaluate the sub-axes. Stones are geological components, making them abiotic. The stones are physical objects occupying space and having mass, making them material.",False
/home/pmonserrat/datasets/imagenet/extracted_data/n03759954/ILSVRC2012_val_00001982.JPEG,microphone,False,,,no,none,none,"The target is a microphone. It is a manufactured electronic device made of metal and plastic. It does not possess any identifiable natural material of origin (like visible wood grain or stone texture) and is not a representation of a natural element. Therefore, it does not meet the criteria for nature. Not applicable since the entity is not nature.",False
/home/pmonserrat/datasets/imagenet/extracted_data/n03761084/ILSVRC2012_val_00000519.JPEG,microwave,False,,,no,none,none,"The target is a microwave oven. It is a manufactured electronic appliance made of metal and plastic. It does not fall under any category of living entities, natural environments, non-living natural elements, processed food/drink, nature-based artefacts (as its texture is homogenous and artificial), or activities/representations of nature. Therefore, it does not count as nature. Not applicable since the entity is not nature.",False
/home/pmonserrat/datasets/imagenet/extracted_data/n03763968/ILSVRC2012_val_00003199.JPEG,military uniform,False,,,no,none,none,"The target is a military uniform. It is a manufactured item made of fabric, which is not explicitly listed as a natural element, nor does it possess a clearly identifiable natural material of origin (like visible wood grain or stone texture) that would qualify it as a 'Nature-Based Artefact'. It is a purely human-made garment. Not applicable since the entity is not nature.",False
/home/pmonserrat/datasets/imagenet/extracted_data/n03764736/ILSVRC2012_val_00001170.JPEG,milk can,False,,,no,none,none,"The target is a 'milk can'. It is a manufactured object. It does not appear to be made of a natural material where the origin is clearly visually identifiable (like wood grain or stone texture); it appears to be metal. Therefore, it does not qualify as a Nature-Based Artefact, nor does it fall under any other category of nature (living entity, environment, process, processed food, or representation). Not applicable since the entity is not nature.",False
/home/pmonserrat/datasets/imagenet/extracted_data/n03769881/ILSVRC2012_val_00000314.JPEG,minibus,False,,,no,none,none,"The target is a minibus, which is a manufactured vehicle made of metal, plastic, and other industrial materials. It does not fall under any category of living entities, natural environments, non-living natural elements, processed food, nature-based artefacts (as its texture is homogenous and artificial), or activities/representations of nature. Therefore, it does not count as nature. Not applicable since the entity is not nature.",False
/home/pmonserrat/datasets/imagenet/extracted_data/n03770439/ILSVRC2012_val_00001192.JPEG,miniskirt,False,,,no,none,none,"The target is a 'miniskirt'. It is an article of clothing made from fabric, which is a manufactured item. It does not fall under any of the defined categories of nature (non-human living entities, natural environments, non-living natural elements, processed food/drink, nature-based artefacts with identifiable natural material, or activities/representations of these). Not applicable since the entity is not nature.",False
/home/pmonserrat/datasets/imagenet/extracted_data/n03770679/ILSVRC2012_val_00001722.JPEG,minivan,True,True,True,no,none,none,"The target is a minivan (specifically, a black car). It is a manufactured vehicle made primarily of metal, plastic, and glass. It does not fall under any of the defined categories of nature (non-human living entities, natural environments, non-living natural elements/processes, processed food/drink, nature-based artefacts with visible natural material, or activities/representations of these). Not applicable since the entity is not nature.",False
/home/pmonserrat/datasets/imagenet/extracted_data/n03773504/ILSVRC2012_val_00000700.JPEG,missile,False,,,no,none,none,"The target is a missile. It is a complex piece of manufactured technology, not a non-human living entity, a natural environment, a non-living natural element/process, processed food, a nature-based artefact with identifiable natural material, or an activity/representation of these. Therefore, it does not meet the definition of nature. Not applicable since the entity is not nature.",False
/home/pmonserrat/datasets/imagenet/extracted_data/n03775071/ILSVRC2012_val_00001574.JPEG,mitten,False,,,yes,biotic,material,"The target is a knitted mitten. It is a manufactured object, but it is made from yarn, which is derived from natural fibers (like wool or cotton). Since the material of origin is natural and the object is a crafted item, it qualifies as a Nature-Based Artefact where the natural material is the basis of the object, fulfilling the criteria for nature. Since nature is 'yes', I evaluate the sub-axes. The yarn is derived from flora or fauna (e.g., sheep's wool), making it biotic. The mitten itself is a physical, tangible object that occupies space, making it material.",False
/home/pmonserrat/datasets/imagenet/extracted_data/n03775546/ILSVRC2012_val_00000173.JPEG,mixing bowl,False,,,no,none,none,The target is a mixing bowl. It is a manufactured ceramic object. It does not contain any clearly identifiable natural material (like visible wood grain or stone texture) that would qualify it as a 'Nature-Based Artefact' under the definition. It is a purely manufactured item. Not applicable since the entity is not nature.,False
/home/pmonserrat/datasets/imagenet/extracted_data/n03776460/ILSVRC2012_val_00000254.JPEG,mobile home,False,,,no,none,none,"The target is a mobile home. It is a manufactured structure made primarily of materials like metal siding and wood framing. It does not fit the definition of a natural or semi-natural environment, a non-human living entity, a non-living natural element, processed food, a nature-based artefact with clearly identifiable natural material, or an activity/representation of these. It is a purely artificial, non-natural structure. Not applicable since the entity is not nature.",False
/home/pmonserrat/datasets/imagenet/extracted_data/n03777568/ILSVRC2012_val_00002010.JPEG,model t,False,,,no,none,none,"The target is a Model T automobile. This is a manufactured machine made primarily of metal and rubber, which does not fall under any of the defined categories of living entities, natural environments, non-living natural elements, processed food/drink, nature-based artefacts (as the texture is homogenous metal/rubber, not clearly identifiable natural material), or representations thereof. Therefore, it does not count as nature. Not applicable since the entity is not nature.",False
/home/pmonserrat/datasets/imagenet/extracted_data/n03777754/ILSVRC2012_val_00000222.JPEG,modem,False,,,no,none,none,"The target is a modem, which is an electronic device made of plastic and metal. It is a purely manufactured object with no identifiable natural material of origin or natural process depicted, so it does not meet the criteria for nature. Not applicable since the entity is not nature.",False
/home/pmonserrat/datasets/imagenet/extracted_data/n03781244/ILSVRC2012_val_00000670.JPEG,monastery,False,,,no,none,none,"The target is a monastery, which is a large, constructed building. It is an administrative or architectural structure, not a natural environment, living entity, or natural process. It does not qualify as a nature-based artefact because its texture is homogenous stone construction, not clearly identifiable natural material in the context of the definition's exceptions. Not applicable since the entity is not nature.",False
/home/pmonserrat/datasets/imagenet/extracted_data/n03782006/ILSVRC2012_val_00000119.JPEG,monitor,False,,,no,none,none,"The target is a monitor, which is an electronic display device. It is a manufactured object made of plastic, glass, and electronics, and it does not possess any clearly identifiable natural material of origin (like visible wood grain or stone texture) that would qualify it as a nature-based artefact. It is a purely artificial object. Not applicable since the entity is not nature.",False
/home/pmonserrat/datasets/imagenet/extracted_data/n03785016/ILSVRC2012_val_00000717.JPEG,moped,True,True,True,no,none,none,"The target is a moped. A moped is a motorized vehicle, which is a purely manufactured object made of metal, plastic, and rubber. It does not fall under any category of living entities, natural environments, non-living natural elements, processed food, nature-based artefacts (as its texture is homogenous and artificial), or activities/representations of nature. Therefore, it does not count as nature. Not applicable since the entity is not nature.",False
/home/pmonserrat/datasets/imagenet/extracted_data/n03786901/ILSVRC2012_val_00000168.JPEG,mortar,False,,,no,none,none,"The target is a mortar. It appears to be a manufactured kitchen utensil made of ceramic or a similar composite material, painted blue and white. It does not exhibit any clearly identifiable natural material of origin (like visible wood grain or stone texture) that would qualify it as a 'Nature-Based Artefact'. Therefore, it does not meet the criteria for nature. Not applicable since the entity is not nature.",False
/home/pmonserrat/datasets/imagenet/extracted_data/n03787032/ILSVRC2012_val_00000923.JPEG,mortarboard,False,,,no,none,none,"The target is a mortarboard, which is a graduation cap. It is a manufactured object made of fabric (likely synthetic or treated material) and is not explicitly described as being made from a clearly identifiable natural material (like wood grain or stone texture). Therefore, it does not qualify as a Nature-Based Artefact, nor does it fall under any other category of nature. Not applicable since the entity is not nature.",False
/home/pmonserrat/datasets/imagenet/extracted_data/n03788195/ILSVRC2012_val_00000680.JPEG,mosque,False,,,no,none,none,"The target is a mosque. A mosque is a man-made structure and does not fall under any of the defined categories of non-human living entities, natural environments, non-living natural elements/processes, processed food/drink, nature-based artefacts (as it is not made of clearly identifiable natural material in the context of the definition), activities, or representations of nature. It is a purely architectural/cultural structure. Not applicable since the entity is not nature.",False
/home/pmonserrat/datasets/imagenet/extracted_data/n03788365/ILSVRC2012_val_00000859.JPEG,mosquito net,False,,,no,none,none,"The target is a mosquito net. It is a manufactured item made of synthetic mesh material. It does not consist of identifiable natural materials (like wood grain or stone texture) and is not a representation of a natural element. Therefore, it does not meet the criteria for nature. Not applicable since the entity is not nature.",False
/home/pmonserrat/datasets/imagenet/extracted_data/n03791053/ILSVRC2012_val_00001892.JPEG,motor scooter,False,,,no,none,none,"The target is a motor scooter. It is a manufactured vehicle made of metal, plastic, and rubber. It does not fall under any category of living entities, natural environments, non-living natural elements, processed food, nature-based artefacts (as its texture is homogenous and artificial), or activities/representations of nature. Therefore, it does not count as nature. Not applicable since the entity is not nature.",False
/home/pmonserrat/datasets/imagenet/extracted_data/n03792782/ILSVRC2012_val_00001659.JPEG,mountain bike,False,,,no,none,none,"The target is a mountain bike. It is a manufactured object. While it is made of materials (metal, rubber) that originate from nature, the object itself is a complex, engineered artifact. It does not meet the criteria for 'Nature-Based Artefacts' because its texture is not clearly identifiable as a natural material (like visible wood grain or stone texture) in a way that defines the object as nature-relevant, and it is not a representation of nature. Not applicable since the entity is not nature.",False
/home/pmonserrat/datasets/imagenet/extracted_data/n03792972/ILSVRC2012_val_00002082.JPEG,mountain tent,False,,,no,none,none,"The target is a 'mountain tent'. A tent is a manufactured object. It is not explicitly described as being made of a visually identifiable natural material (like wood grain or stone texture) that would qualify it as a 'Nature-Based Artefact'. It is a functional piece of equipment, and its primary composition (likely synthetic fabric) does not meet the criteria for nature. Not applicable since the entity is not nature.",False
/home/pmonserrat/datasets/imagenet/extracted_data/n03793489/ILSVRC2012_val_00000803.JPEG,mouse,False,,,no,none,none,"The target is a mouse. The visual evidence shows a physical, real-world computer mouse. This object is a manufactured electronic device made of plastic and has no identifiable natural material of origin, nor is it a representation of a biological mouse. Therefore, it does not meet the criteria for nature. Not applicable since the entity is not nature.",False
/home/pmonserrat/datasets/imagenet/extracted_data/n03794056/ILSVRC2012_val_00000009.JPEG,mousetrap,False,,,no,none,none,"The target is a mousetrap. It is a manufactured object. While it is not explicitly made of a clearly identifiable natural material (like wood grain or stone texture), it is an object designed to interact with a living entity (a mouse). However, based strictly on the definition, it is a manufactured item whose material is not visually identifiable as natural, and it is not an activity or a representation. Therefore, it does not meet the criteria for Nature-Based Artefacts or any other category. Not applicable since the entity is not nature.",False
/home/pmonserrat/datasets/imagenet/extracted_data/n03796401/ILSVRC2012_val_00000365.JPEG,moving van,True,True,True,no,none,none,"The target is a moving van. It is a large, manufactured vehicle made of metal and plastic. It does not fall under any of the defined categories of nature (non-human living entities, natural environments, non-living natural elements/processes, processed food/drink, nature-based artefacts with visible natural material, or activities/representations of these). Not applicable since the entity is not nature.",False
/home/pmonserrat/datasets/imagenet/extracted_data/n03803284/ILSVRC2012_val_00000277.JPEG,muzzle,False,,,no,none,none,"The target entity is a 'muzzle' which, in the context of the image, refers to the decorative elements or the overall shape of the leather/faux-leather bracelets. Assuming 'muzzle' refers to the material of the bracelets, they are manufactured items. Since the image does not show a clearly identifiable natural material of origin (like visible wood grain or stone texture) on these manufactured items, they do not qualify as Nature-Based Artefacts. They are primarily fashion accessories. Not applicable since the entity is not nature.",False
/home/pmonserrat/datasets/imagenet/extracted_data/n03804744/ILSVRC2012_val_00000649.JPEG,nail,False,,,no,none,none,"The target is a nail. A nail is a manufactured object, typically made of metal. It does not originate from a natural material whose texture is clearly identifiable (like wood grain or stone), nor is it a representation of a natural element. Therefore, it does not meet the criteria for nature. Not applicable since the entity is not nature.",False
/home/pmonserrat/datasets/imagenet/extracted_data/n03814639/ILSVRC2012_val_00000243.JPEG,neck brace,False,,,no,none,none,"The target is a neck brace. It is a manufactured medical device, typically made of synthetic materials like foam or plastic. It does not fit the criteria for a natural entity, a natural environment, a non-living natural element, a processed food, a nature-based artefact with identifiable natural material, or an activity/representation of these. Therefore, it does not count as nature. Not applicable since the entity is not nature.",False
/home/pmonserrat/datasets/imagenet/extracted_data/n03814906/ILSVRC2012_val_00000850.JPEG,necklace,False,,,yes,abiotic,material,"The target is a necklace made of beads. The beads appear to be made from various materials, some of which are natural (e.g., stone, seed, or polished natural material). While the necklace itself is a manufactured item, the beads are composed of materials that are derived from nature (minerals/stone or organic matter). If the beads are made of identifiable natural materials, they qualify as Nature-Based Artefacts. Assuming the beads are made of natural stones or similar materials, this counts as nature. Since nature is 'yes', I evaluate the sub-axes. The beads are mineral/stone-based or organic, which falls under abiotic (geological/mineral components) or biotic (flora/fauna derivatives). Given the appearance of polished stones, abiotic is the most fitting primary classification for the material. The necklace is a physical object occupying space, making it material.",False
/home/pmonserrat/datasets/imagenet/extracted_data/n03825788/ILSVRC2012_val_00000540.JPEG,nipple,False,,,no,none,none,"The target entity is a nipple, which is a biological feature of a living organism (human). While the image provided is heavily blurred and does not clearly depict a biological nipple, the concept itself refers to a part of a living entity. If we assume the target refers to the biological structure, it falls under non-human living entities (or human anatomy, which is biotic). However, given the extreme lack of visual evidence, and assuming the target refers to a generic, non-contextualized anatomical feature, it is not clearly depicted as a natural entity in a way that satisfies the strict visual criteria for classification. Not applicable since the entity is not clearly identifiable as nature based on the visual evidence provided.",False
/home/pmonserrat/datasets/imagenet/extracted_data/n03832673/ILSVRC2012_val_00000677.JPEG,notebook,False,,,no,none,none,"The target is a notebook. While notebooks are typically made of paper (a processed material derived from wood/flora), the visual evidence shows a generic, manufactured object whose primary visible characteristic is its function and form, not a clearly identifiable natural material texture (like visible wood grain or stone). It does not fit the criteria for a 'Nature-Based Artefact' as its texture is homogenous and unidentifiable in a way that links it clearly to its natural origin, nor is it a representation of nature. Not applicable since the entity is not nature.",False
/home/pmonserrat/datasets/imagenet/extracted_data/n03837869/ILSVRC2012_val_00002278.JPEG,obelisk,False,,,yes,abiotic,material,"The target is an obelisk, which is a large, man-made stone monument. It is a manufactured object, but it is constructed from stone, a geological component. Since the natural material of origin (stone) is clearly visually identifiable, it qualifies as a Nature-Based Artefact, fulfilling the criteria for nature. Since nature is 'yes', I evaluate the sub-axes. The obelisk is made of stone, which is a geological component, making it abiotic. It is a physical structure occupying space and having mass, making it material.",False
/home/pmonserrat/datasets/imagenet/extracted_data/n03838899/ILSVRC2012_val_00001464.JPEG,oboe,False,,,yes,biotic,material,"The target is an oboe, which is a musical instrument. It is manufactured, but the visual evidence clearly shows it is made of wood with a distinct wood grain texture. Nature-based artefacts where the natural material of origin is clearly visually identifiable count as nature, fulfilling the criteria. Since nature is 'yes', I evaluate the sub-axes. The oboe is made of wood, which is a derivative of flora, making it biotic. It is a physical, tangible object that occupies space, making it material.",False
/home/pmonserrat/datasets/imagenet/extracted_data/n03840681/ILSVRC2012_val_00000521.JPEG,ocarina,False,,,no,none,none,"The target is an ocarina, which is a musical instrument. It is a manufactured object. Unless the ocarina is clearly made of a natural material like unpainted wood or stone with visible texture, it is considered a manufactured artefact with a homogenous texture (like ceramic or plastic) and does not meet the criteria for a Nature-Based Artefact. Therefore, it does not count as nature. Not applicable since the entity is not nature.",False
/home/pmonserrat/datasets/imagenet/extracted_data/n03841143/ILSVRC2012_val_00001380.JPEG,odometer,False,,,no,none,none,"The target is an odometer, which is a mechanical gauge displaying distance traveled. It is a manufactured component of a vehicle, made of plastic, glass, and metal. It does not fit any of the defined categories of nature (living entities, natural environments, non-living natural elements/processes, processed food, nature-based artefacts with visible natural material, or activities/representations of these). Not applicable since the entity is not nature.",False
/home/pmonserrat/datasets/imagenet/extracted_data/n03843555/ILSVRC2012_val_00000114.JPEG,oil filter,False,,,no,none,none,"The target is an 'oil filter'. This is a manufactured mechanical component made of metal and synthetic materials. It does not fall under any of the defined categories of nature (non-human living entities, natural environments, non-living natural elements/processes, processed food/drink, nature-based artefacts with identifiable natural material, or activities/representations thereof). Not applicable since the entity is not nature.",False
/home/pmonserrat/datasets/imagenet/extracted_data/n03854065/ILSVRC2012_val_00000166.JPEG,organ,False,,,yes,abiotic,material,"The target is an 'organ' in the context of a pipe organ. The pipes themselves are manufactured objects, but they are made of metal, which is a geological/mineral component. While the object is manufactured, the material of origin (metal) is a non-living natural element, and the structure is a large, physical object, fitting the criteria for nature-based artefacts or geological components. Since nature is 'yes', I evaluate the sub-axes. The pipes are made of metal, which is a geological component, making it abiotic. The pipes are physical objects that occupy space and have mass, making them material.",False
/home/pmonserrat/datasets/imagenet/extracted_data/n03857828/ILSVRC2012_val_00001016.JPEG,oscilloscope,False,,,no,none,none,"The target is an oscilloscope, which is a complex electronic instrument made of metal, plastic, and glass. It is a purely manufactured, non-natural object with no identifiable natural material of origin (like visible wood grain or stone texture) that would qualify it as a nature-based artefact. Therefore, it does not count as nature. Not applicable since the entity is not nature.",False
/home/pmonserrat/datasets/imagenet/extracted_data/n03866082/ILSVRC2012_val_00001961.JPEG,overskirt,False,,,no,none,none,"The target is an 'overskirt,' which is a piece of clothing. Clothing, unless it is a nature-based artefact made from clearly identifiable natural material (like a woven piece of bark or stone), is a manufactured item whose primary composition is not defined as nature under the provided criteria. The fabric itself is not explicitly defined as a natural element, nor is it a representation of one. Not applicable since the entity is not nature.",False
/home/pmonserrat/datasets/imagenet/extracted_data/n03868242/ILSVRC2012_val_00001581.JPEG,oxcart,False,,,yes,biotic,material,"The target entity is an oxcart, which includes the oxen (non-human living entities/fauna) and the cart structure. The oxen are living organisms, and the cart, being a manufactured object made of natural materials (wood, likely), qualifies as a nature-based artefact where the natural material of origin is visually identifiable, thus fulfilling the criteria for nature. Since nature is 'yes', I evaluate the sub-axes. The oxen are fauna, making them biotic. The cart itself is a physical object occupying space and made of identifiable natural materials, making it material.",False
/home/pmonserrat/datasets/imagenet/extracted_data/n03868863/ILSVRC2012_val_00000549.JPEG,oxygen mask,False,,,no,none,none,"The target is an oxygen mask. It is a manufactured piece of equipment made of synthetic materials (plastic, rubber, metal) and does not possess any clearly identifiable natural material of origin, nor is it a representation of a natural element. Therefore, it does not meet the criteria for nature. Not applicable since the entity is not nature.",False
/home/pmonserrat/datasets/imagenet/extracted_data/n03871628/ILSVRC2012_val_00002069.JPEG,packet,False,,,yes,biotic,material,"The target is a 'packet' which, in the context of the image, refers to a packaged product (e.g., a cigarette packet). The definition states that 'Processed Food & Drink (The Ingestion Criterion): Edible solid or liquid elements at any processing level count as nature. This explicitly includes processed foods and derivatives (e.g., pasta, a meatball, a tuna can, sugar, coffee, butter).' Since these packets contain tobacco (a processed product derived from a plant), they fall under this criterion. Since nature is 'yes', I evaluate the sub-axes. The contents (tobacco) are derived from flora, making them biotic. The packet itself is a physical, tangible object that occupies space, making it material.",False
/home/pmonserrat/datasets/imagenet/extracted_data/n03873416/ILSVRC2012_val_00003004.JPEG,paddle,False,,,yes,none,material,"The target is a paddle. It is a manufactured object, but it is used in the activity of kayaking/paddling, which is explicitly listed as an activity that takes place in or directly engages with nature (the lake/water). Therefore, it counts as nature-relevant. Since nature is 'yes', I evaluate the sub-axes. A paddle itself is a manufactured tool, not a living organism or a natural element. However, because it is directly engaged in the activity of paddling on the water (an interaction with nature), it is classified based on the activity context. The paddle itself is a physical object, making it material.",False
/home/pmonserrat/datasets/imagenet/extracted_data/n03874293/ILSVRC2012_val_00000264.JPEG,paddlewheel,False,,,no,none,none,"The target is a paddlewheel, which is a mechanical part of a boat. It is a manufactured object made of painted metal/wood structure. It does not fit the criteria for Nature-Based Artefacts because its texture is homogenous (painted red) and the natural material of origin is not clearly visually identifiable. It is not a living entity, environment, or natural process. Not applicable since the entity is not nature.",False
/home/pmonserrat/datasets/imagenet/extracted_data/n03874599/ILSVRC2012_val_00000265.JPEG,padlock,False,,,no,none,none,"The target is a padlock. It is a manufactured object made of metal. The definition for Nature-Based Artefacts requires that the natural material of origin be 'clearly visually identifiable' (e.g., visible wood grain or stone texture). A standard metal padlock, as depicted, has a homogenous, industrial texture that does not clearly reveal a natural material of origin, thus it does not meet the criteria for nature. Not applicable since the entity is not nature.",False
/home/pmonserrat/datasets/imagenet/extracted_data/n03876231/ILSVRC2012_val_00000360.JPEG,paintbrush,False,,,no,none,none,"The target is a paintbrush. It is a manufactured object. While it may have natural components (like bristles or a wooden handle), the visual evidence provided is too close-up and lacks sufficient detail to confirm that the natural material of origin is 'clearly visually identifiable' in a way that meets the 'Nature-Based Artefacts' criterion, especially if the handle is painted or the bristles are synthetic. Given the ambiguity and lack of clear natural texture identification, it is classified as not meeting the strict definition. Not applicable since the entity is not nature.",False
/home/pmonserrat/datasets/imagenet/extracted_data/n03877472/ILSVRC2012_val_00001424.JPEG,pajama,False,,,no,none,none,"The target is a pajama. Pajamas are articles of clothing, which are manufactured items. They are not explicitly listed as nature, nor are they made of clearly identifiable natural materials in a way that qualifies them as a 'Nature-Based Artefact' (e.g., visible wood grain or stone texture). They are generally considered manufactured goods without a direct link to the defined natural elements or processes. Not applicable since the entity is not nature.",False
/home/pmonserrat/datasets/imagenet/extracted_data/n03877845/ILSVRC2012_val_00003804.JPEG,palace,False,,,no,none,none,"The target is a 'palace'. A palace is a large, constructed building, which is a purely human-made, administrative, or architectural structure. It does not fall under any of the defined categories of nature (non-human living entities, natural environments, non-living natural elements/processes, processed food/drink, nature-based artefacts with identifiable natural material, or activities/representations thereof). Not applicable since the entity is not nature.",False
/home/pmonserrat/datasets/imagenet/extracted_data/n03884397/ILSVRC2012_val_00000681.JPEG,panpipe,False,,,yes,biotic,material,"The target is a panpipe. Panpipes are musical instruments typically made from natural materials like bamboo or wood. Since the visual evidence shows the pipes are made of a material that appears to be natural (bamboo/wood), and this falls under 'Nature-Based Artefacts' where the natural material of origin is clearly visually identifiable, it counts as nature. Since nature is 'yes', I evaluate the sub-axes. The panpipe itself is a manufactured object, but its primary material (bamboo/wood) is derived from flora, making it biotic. The instrument is a physical object that occupies space and has mass, making it material.",False
/home/pmonserrat/datasets/imagenet/extracted_data/n03887697/ILSVRC2012_val_00001833.JPEG,paper towel,False,,,no,none,none,"The target is a paper towel. While paper towels are manufactured, they are not explicitly listed under 'Processed Food & Drink' (The Ingestion Criterion) as they are not typically considered edible. Furthermore, they do not qualify as a 'Nature-Based Artefact' because they are made of processed pulp, which does not retain a clearly identifiable natural material texture like wood grain or stone, and they are not a representation of nature. Therefore, it does not meet the criteria for nature. Not applicable since the entity is not nature.",False
/home/pmonserrat/datasets/imagenet/extracted_data/n03888257/ILSVRC2012_val_00001440.JPEG,parachute,False,,,yes,none,material,"The target is a parachute and a banner being used in an activity (skydiving). The parachute and banner are manufactured objects, but they are being used in the activity of skydiving, which is explicitly listed as an activity that takes place in or directly engages with nature. Furthermore, the parachute and banner are physical objects, and while they are manufactured, they are not explicitly excluded by the 'Nature-Based Artefacts' rule, but the activity context is the strongest link to nature. Since nature is 'yes', I evaluate the sub-axes. The parachute and banner are manufactured items, not inherently biotic or abiotic elements of an ecosystem. However, the activity of skydiving engages with the atmosphere (abiotic). The parachute itself is a physical object occupying space, making it material.",False
/home/pmonserrat/datasets/imagenet/extracted_data/n03888605/ILSVRC2012_val_00000240.JPEG,parallel bars,False,,,no,none,none,"The target is 'parallel bars'. These are pieces of exercise equipment, typically made of metal and plastic/wood, which are manufactured objects. They do not possess an identifiable natural material of origin (like visible wood grain or stone texture) and are not derived from natural elements in a way that qualifies them as nature-based artefacts. Therefore, they do not count as nature. Not applicable since the entity is not nature.",False
/home/pmonserrat/datasets/imagenet/extracted_data/n03891251/ILSVRC2012_val_00000192.JPEG,park bench,False,,,yes,biotic,material,"The target is a park bench, specifically showing a wooden slat. The visual evidence clearly displays wood grain, which is a natural material of origin (flora). Manufactured objects where the natural material of origin is clearly visually identifiable count as nature-based artefacts, fulfilling the criteria for nature. Since nature is 'yes', I evaluate the sub-axes. Wood is a derivative of flora, making it biotic. The bench structure is a physical object that occupies space and has mass, making it material.",False
/home/pmonserrat/datasets/imagenet/extracted_data/n03891332/ILSVRC2012_val_00000201.JPEG,parking meter,False,,,no,none,none,"The target is a parking meter. It is a manufactured object made of metal. It does not possess a clearly identifiable natural material of origin (like visible wood grain or stone texture) and is not a nature-based artefact under the definition. Therefore, it does not count as nature. Not applicable since the entity is not nature.",False
/home/pmonserrat/datasets/imagenet/extracted_data/n03895866/ILSVRC2012_val_00000096.JPEG,passenger car,False,,,no,none,none,"The target is a passenger car (referring to the train carriage visible). It is a manufactured object made of metal and paint. It does not possess a clearly identifiable natural material of origin (like visible wood grain or stone texture) and is not a representation of nature, so it fails the criteria for nature. Not applicable since the entity is not nature.",False
/home/pmonserrat/datasets/imagenet/extracted_data/n03899768/ILSVRC2012_val_00001665.JPEG,patio,False,,,no,none,none,"The target is a 'patio'. A patio is an outdoor area, often associated with an urban park or garden setting, which falls under the definition of a natural or semi-natural environment/ecosystem. While this specific patio is clearly built and urban, it functions as a semi-natural environment where human activity engages with the surrounding environment, and the definition includes 'urban park' as an example of a semi-natural environment. However, the patio itself is primarily a constructed space. Given the strict exclusion of purely administrative units and the focus on natural/semi-natural *environments*, a constructed patio area, lacking identifiable natural elements or processes within its core definition, does not strictly qualify as a natural or semi-natural environment in this context, nor is it a non-living natural element. Not applicable since the entity is not nature.",False
/home/pmonserrat/datasets/imagenet/extracted_data/n03902125/ILSVRC2012_val_00000335.JPEG,pay-phone,False,,,no,none,none,"The target is a pay-phone. It is a manufactured object, and while it is made of materials (likely metal/plastic), it does not possess a clearly identifiable natural material of origin (like visible wood grain or stone texture) that would qualify it as a 'Nature-Based Artefact'. It is a purely man-made utility object, and no other criteria for nature are met. Not applicable since the entity is not nature.",False
/home/pmonserrat/datasets/imagenet/extracted_data/n03903868/ILSVRC2012_val_00002193.JPEG,pedestal,False,,,yes,abiotic,material,"The target is a pedestal supporting a statue. It appears to be constructed of stone, which is a geological component. Since the material of origin (stone) is clearly identifiable, this counts as a nature-based artefact, fulfilling the criteria for nature. Since nature is 'yes', I evaluate the sub-axes. Stone is a geological component, making it abiotic. The pedestal is a physical, tangible object occupying space, making it material.",False
/home/pmonserrat/datasets/imagenet/extracted_data/n03908618/ILSVRC2012_val_00001265.JPEG,pencil box,False,,,no,none,none,"The target is a pencil box. It is a manufactured object, and while it features cartoon depictions of a bear (a representation of fauna), the object itself is primarily a manufactured container made of a non-identifiable material (likely plastic or metal). It does not qualify as a nature-based artefact because the natural material of origin is not clearly visually identifiable, nor does it fall under any other explicit category of nature. Not applicable since the entity is not nature.",False
/home/pmonserrat/datasets/imagenet/extracted_data/n03908714/ILSVRC2012_val_00004441.JPEG,pencil sharpener,False,,,yes,biotic,immaterial,"The target is a pencil sharpener. While it is a manufactured object, the visual evidence shows a depiction of a human figure and foliage (greenery) printed on its surface. This depiction falls under the category of 'Any representation of the above... that explicitly refers to or depicts one of the categories above' (specifically flora/fauna representations), thus counting as nature-relevant. Since nature is 'yes', I evaluate the sub-axes. The depicted human figure and foliage are representations of biotic elements. Because the depiction is printed on a manufactured object and is not a literal, unaltered depiction of the scene, it is classified as an immaterial representation.",False
/home/pmonserrat/datasets/imagenet/extracted_data/n03916031/ILSVRC2012_val_00001754.JPEG,perfume,False,,,yes,biotic,material,"The target is 'perfume', which is a processed liquid element. The definition explicitly states that 'Processed Food & Drink (The Ingestion Criterion): Edible solid or liquid elements at any processing level count as nature. This explicitly includes processed foods and derivatives (e.g., pasta, a meatball, a tuna can, sugar, coffee, butter).' While perfume is not typically ingested, it is a processed liquid derivative. Given the broad inclusion of processed liquids/derivatives in the definition, and its nature as a manufactured liquid product, it is classified as nature-relevant. Since nature is 'yes', I evaluate the sub-axes. Perfume is a manufactured product, but its composition is derived from natural elements (essential oils, etc.), placing it under the umbrella of processed derivatives. These derivatives are generally considered biotic in origin. The perfume liquid itself is a physical substance that occupies space, making it material.",False
/home/pmonserrat/datasets/imagenet/extracted_data/n03920288/ILSVRC2012_val_00000465.JPEG,petri dish,False,,,no,none,none,"The target is a petri dish. While it is a manufactured object, the definition for 'Nature-Based Artefacts' requires the natural material of origin to be clearly visually identifiable (e.g., visible wood grain or stone texture). A standard petri dish, typically made of plastic or glass, does not exhibit a clearly identifiable natural texture in the visual evidence provided, and it is not explicitly listed as a natural element or a processed food/drink. Not applicable since the entity is not nature.",False
/home/pmonserrat/datasets/imagenet/extracted_data/n03924679/ILSVRC2012_val_00000489.JPEG,photocopier,False,,,no,none,none,"The target is a photocopier. It is a complex piece of manufactured electronic equipment made of plastic and metal. It does not fall under any of the defined categories of nature (living entities, natural environments, non-living natural elements/processes, processed food/drink, nature-based artefacts with visible natural material, or activities/representations of these). Not applicable since the entity is not nature.",False
/home/pmonserrat/datasets/imagenet/extracted_data/n03929660/ILSVRC2012_val_00001365.JPEG,pick,False,,,no,none,none,"The target entity is a 'pick' (referring to the earrings). These are manufactured items. The visual evidence shows they are made of metal or enamel, which are processed materials. They do not display a clearly identifiable natural material of origin (like wood grain or stone texture) in an unaltered state, nor are they explicitly depicting a natural element in a non-literal way. Therefore, they do not meet the criteria for Nature-Based Artefacts or representations of nature. Not applicable since the entity is not nature.",False
/home/pmonserrat/datasets/imagenet/extracted_data/n03929855/ILSVRC2012_val_00000834.JPEG,pickelhaube,False,,,no,none,none,"The target entity is a 'pickelhaube', which is a type of military headwear. It is a manufactured object made of materials (likely metal and leather/fabric) that do not inherently qualify as a natural element, nor is it a nature-based artefact where the natural material of origin is clearly visually identifiable in a way that meets the strict definition. Therefore, it does not count as nature. Not applicable since the entity is not nature.",False
/home/pmonserrat/datasets/imagenet/extracted_data/n03930313/ILSVRC2012_val_00000626.JPEG,picket fence,False,,,yes,biotic,material,"The target is a picket fence. It is a manufactured object, but it is constructed from wood. Since the natural material of origin (wood) is clearly visually identifiable, it qualifies as a Nature-Based Artefact, fulfilling the criteria for nature. Since nature is 'yes', I evaluate the sub-axes. Wood is a derivative of flora, making it biotic. The fence is a physical structure occupying space and having mass, making it material.",False
/home/pmonserrat/datasets/imagenet/extracted_data/n03930630/ILSVRC2012_val_00000049.JPEG,pickup,False,,,no,none,none,"The target is a pickup truck. It is a manufactured vehicle made of metal and plastic. It does not fall under any of the defined categories of nature (non-human living entities, natural environments, non-living natural elements/processes, processed food/drink, nature-based artefacts with visible natural material, or activities/representations of these). Not applicable since the entity is not nature.",False
/home/pmonserrat/datasets/imagenet/extracted_data/n03933933/ILSVRC2012_val_00000121.JPEG,pier,False,,,no,none,none,"The target is a pier. A pier is a man-made structure, not explicitly listed as a natural element. It is not a nature-based artefact because it is a large, constructed platform, not an object whose natural material of origin is clearly visually identifiable in the way wood grain or stone texture is described for artefacts. Therefore, it does not meet the criteria for nature. Not applicable since the entity is not nature.",False
/home/pmonserrat/datasets/imagenet/extracted_data/n03935335/ILSVRC2012_val_00001023.JPEG,piggy bank,True,True,False,no,none,none,"The target is a ceramic piggy bank shaped like a pig. While it depicts a fauna (pig), it is a manufactured object made of ceramic, not a living organism or a representation that explicitly refers to nature in a non-literal way (like a cartoon or painting). It does not qualify as a nature-based artefact because its texture is homogenous and not clearly identifiable as a natural material like wood or stone. Not applicable since the entity is not nature.",False
/home/pmonserrat/datasets/imagenet/extracted_data/n03937543/ILSVRC2012_val_00000112.JPEG,pill bottle,False,,,yes,biotic,material,"The target is a pill bottle. It is a manufactured object made of plastic and contains pills (which are processed food/medicine). The bottle itself is a manufactured item with a homogenous texture, and the pills inside are processed food. Since the pills inside are edible elements at a processing level, they count as nature (The Ingestion Criterion). Since nature is 'yes', I evaluate the sub-axes. The pills inside are processed food, which falls under the biotic category (natural or semi-natural flora/fauna derivatives). The bottle itself is a manufactured object, but the presence of the edible contents dictates the classification. The bottle and its contents have a physical presence, making it material.",False
/home/pmonserrat/datasets/imagenet/extracted_data/n03938244/ILSVRC2012_val_00000438.JPEG,pillow,False,,,yes,biotic,immaterial,"The target is a pillow featuring a printed design of a jungle scene (trees, animals, foliage). The definition states that any representation of nature—including stylized, imagined, or clearly non-literal depictions—counts as nature. This printed image falls under the category of an artistic/stylized representation of flora and fauna. Since nature is 'yes', I evaluate the sub-axes. The depiction features flora and fauna, which are biotic elements. However, the pillow itself is a manufactured textile object, and the depiction is a stylized, non-literal representation, placing it in the immaterial category.",False
/home/pmonserrat/datasets/imagenet/extracted_data/n03942813/ILSVRC2012_val_00000428.JPEG,ping-pong ball,False,,,no,none,none,"The target is a ping-pong ball. It is a manufactured object, but it is not explicitly defined as a nature-based artefact (which requires a clearly identifiable natural material of origin like wood grain or stone texture). It is not a processed food or drink. Therefore, it does not meet the criteria for nature. Not applicable since the entity is not nature.",False
/home/pmonserrat/datasets/imagenet/extracted_data/n03944341/ILSVRC2012_val_00000991.JPEG,pinwheel,False,,,no,none,none,"The target is a pinwheel. It is a manufactured object made of paper/cardstock. It does not contain any clearly identifiable natural material of origin (like visible wood grain or stone texture) and is not a representation of a natural element. Therefore, it does not meet the criteria for nature. Not applicable since the entity is not nature.",False
/home/pmonserrat/datasets/imagenet/extracted_data/n03947888/ILSVRC2012_val_00000966.JPEG,pirate,False,,,no,none,none,"The target is a pirate ship, which is a manufactured vessel. While it sails on the water (a natural element), the ship itself is a complex, non-natural artifact. It does not fit the criteria for Nature-Based Artefacts because it is not made of a clearly identifiable natural material in a way that defines it as nature (like wood grain or stone texture), and it is not a representation of nature. Therefore, the ship itself does not count as nature. Not applicable since the entity is not nature.",False
/home/pmonserrat/datasets/imagenet/extracted_data/n03950228/ILSVRC2012_val_00000046.JPEG,pitcher,False,,,no,none,none,"The target is a pitcher, which is a manufactured ceramic or metal object. It does not fall under any of the specific categories of nature defined (non-human living entities, natural environments, non-living natural elements/processes, processed food/drink, nature-based artefacts with visible natural material, or activities/representations of these). It is a purely manufactured item with a homogenous texture. Not applicable since the entity is not nature.",False
/home/pmonserrat/datasets/imagenet/extracted_data/n03954731/ILSVRC2012_val_00000144.JPEG,plane,False,,,yes,biotic,material,"The target is a plane, which in this context refers to a wooden, carved object resembling a small aircraft or a wooden block shaped like one. Since it is a manufactured object made of wood, and the natural material of origin (wood) is clearly visually identifiable, it qualifies as a nature-based artefact, fulfilling the criteria for nature. Since nature is 'yes', I evaluate the sub-axes. The object is made of wood, which is a derivative of flora, making it biotic. The object is a physical, tangible item occupying space, making it material.",False
/home/pmonserrat/datasets/imagenet/extracted_data/n03956157/ILSVRC2012_val_00000024.JPEG,planetarium,False,,,no,none,none,"The target is a planetarium. While a planetarium displays representations of celestial bodies and astronomical events (like stars, moon, etc.), the structure itself is a manufactured building. The definition states that representations count as nature if they explicitly refer to or depict a category of nature. A planetarium is a facility *for* viewing nature representations, but the object itself is a piece of architecture, not a depiction, symbol, or concept of nature in the way a painting or cartoon is. It does not fit the criteria for Nature-Based Artefacts because its primary function is not to display identifiable natural materials, and it is not a representation of nature in the immaterial sense. Not applicable since the entity is not nature.",False
/home/pmonserrat/datasets/imagenet/extracted_data/n03958227/ILSVRC2012_val_00000722.JPEG,plastic bag,False,,,no,none,none,"The target is a plastic bag. Plastic is a synthetic polymer, not a natural material listed in the definition (flora, fauna, fungi, hydrological, atmospheric, geological, astrophysical, or biophysical processes). It is not a nature-based artefact because it lacks a visually identifiable natural material of origin, and it is not a processed food or drink. Therefore, it does not count as nature. Not applicable since the entity is not nature.",False
/home/pmonserrat/datasets/imagenet/extracted_data/n03961711/ILSVRC2012_val_00001853.JPEG,plate rack,False,,,no,none,none,"The target is a plate rack. It is a manufactured object, and while it is made of material, the visual evidence does not show any clearly identifiable natural material of origin (like visible wood grain or stone texture) that would qualify it as a 'Nature-Based Artefact'. It appears to be made of metal or plastic, which are homogenous and unidentifiable in this context, thus failing the criteria for nature. Not applicable since the entity is not nature.",False
/home/pmonserrat/datasets/imagenet/extracted_data/n03967562/ILSVRC2012_val_00000292.JPEG,plow,False,,,no,none,none,"The target is a plow. A plow is a manufactured agricultural implement. It is not explicitly listed as a nature element, nor is it a nature-based artefact because it is not made of clearly identifiable natural material (like wood grain or stone texture) in a way that qualifies it as an artefact, but rather as a piece of machinery. Therefore, it does not meet the criteria for nature. Not applicable since the entity is not nature.",False
/home/pmonserrat/datasets/imagenet/extracted_data/n03970156/ILSVRC2012_val_00002729.JPEG,plunger,False,,,no,none,none,"The target is a plunger. It is a manufactured tool, typically made of rubber or plastic. It does not fit any of the defined categories of nature (living entities, natural environments, non-living natural elements/processes, processed food/drink, nature-based artefacts with visible natural material, or activities/representations of these). Not applicable since the entity is not nature.",False
/home/pmonserrat/datasets/imagenet/extracted_data/n03976467/ILSVRC2012_val_00000765.JPEG,polaroid camera,False,,,no,none,none,"The target is a Polaroid camera. It is a manufactured object made of metal and plastic. It does not contain any clearly identifiable natural material of origin (like visible wood grain or stone texture) and is not a representation of nature. Therefore, it does not meet the criteria for nature-based artefacts or any other category of nature. Not applicable since the entity is not nature.",False
/home/pmonserrat/datasets/imagenet/extracted_data/n03976657/ILSVRC2012_val_00000334.JPEG,pole,False,,,no,none,none,"The target is a red pole. It appears to be a manufactured metal or plastic utility pole, which is a purely artificial object without any clearly identifiable natural material of origin (like visible wood grain or stone texture). Therefore, it does not meet the criteria for Nature-Based Artefacts, nor does it fall under any other category of nature. Not applicable since the entity is not nature.",False
/home/pmonserrat/datasets/imagenet/extracted_data/n03977966/ILSVRC2012_val_00000452.JPEG,police van,True,True,True,no,none,none,"The target is a police van. It is a manufactured vehicle made of metal and plastic. It does not contain any clearly identifiable natural material of origin (like visible wood grain or stone texture) and is not a representation of nature. Therefore, it does not meet the criteria for nature-based artefacts or any other category of nature. Not applicable since the entity is not nature.",False
/home/pmonserrat/datasets/imagenet/extracted_data/n03980874/ILSVRC2012_val_00004159.JPEG,poncho,False,,,no,none,none,"The target is a poncho. It is a manufactured garment. Since the visual evidence does not show any clearly identifiable natural material of origin (like visible wood grain or stone texture), it does not qualify as a Nature-Based Artefact. It is a purely manufactured item, and thus does not meet the criteria for nature. Not applicable since the entity is not nature.",False
/home/pmonserrat/datasets/imagenet/extracted_data/n03982430/ILSVRC2012_val_00002385.JPEG,pool table,False,,,no,none,none,"The target is a pool table. It is a manufactured object, and while it is made of materials (wood, felt, etc.), the visual evidence does not show a clearly identifiable natural material of origin (like visible wood grain or stone texture) that would qualify it as a 'Nature-Based Artefact'. It is a purely manufactured item. Not applicable since the entity is not nature.",False
/home/pmonserrat/datasets/imagenet/extracted_data/n03983396/ILSVRC2012_val_00001970.JPEG,pop bottle,False,,,yes,biotic,material,"The target is a 'pop bottle' containing a carbonated beverage (soda). The definition explicitly includes 'Processed Food & Drink (The Ingestion Criterion): Edible solid or liquid elements at any processing level count as nature. This explicitly includes processed foods and derivatives (e.g., pasta, a meatball, a tuna can, sugar, coffee, butter). The liquid inside the bottle qualifies as a processed food/drink. Since nature is 'yes', I evaluate the sub-axes. The liquid contents are a processed food/drink, which falls under the biotic category (derivatives of natural ingredients). The bottle itself is a physical object occupying space, and the liquid inside is a tangible substance, making the overall entity material.",False
/home/pmonserrat/datasets/imagenet/extracted_data/n03991062/ILSVRC2012_val_00001919.JPEG,pot,False,,,no,none,none,"The target is a 'pot'. In the image, there are several pots. The pots themselves are manufactured containers, but they are being used to hold plants (flora). The context of the pot is directly related to the cultivation of living entities (plants), and the pots are holding soil, which is a natural element. Given the context of gardening/cultivation, the pot is an object directly engaging with nature, and the soil inside is nature. However, the pot itself is a manufactured object. Since the definition for Nature-Based Artefacts requires the *natural material of origin* to be clearly visually identifiable (e.g., visible wood grain or stone texture), and these pots appear to be standard terracotta or ceramic with a uniform finish, they do not meet the criteria for a Nature-Based Artefact. Therefore, the pot itself is not classified as nature. Not applicable since the entity is not nature.",False
/home/pmonserrat/datasets/imagenet/extracted_data/n03992509/ILSVRC2012_val_00000458.JPEG,potter's wheel,False,,,yes,abiotic,material,"The target is a potter's wheel. While the wheel itself is a manufactured object, the context shows it is being used in the process of pottery, which is an activity that directly engages with the creation of objects from natural materials (clay). Furthermore, the clay being shaped is a geological/mineral component, and the activity of pottery falls under the definition of activities that directly engage with nature. Therefore, the entire setup is considered nature-relevant. Since nature is 'yes', I evaluate the sub-axes. The clay being worked is a geological component, making it abiotic. The potter's wheel itself is a manufactured object, but since it is directly engaged in a nature-related activity (shaping natural clay), and the clay is material, the overall interaction is best classified by the material nature of the primary element being manipulated (the clay), which is material. The wheel itself is a physical object occupying space.",False
/home/pmonserrat/datasets/imagenet/extracted_data/n03995372/ILSVRC2012_val_00000589.JPEG,power drill,False,,,no,none,none,"The target is a power drill. It is a manufactured tool made of metal and plastic. It does not fall under any of the defined categories of nature (non-human living entities, natural environments, non-living natural elements/processes, processed food/drink, nature-based artefacts with visible natural material, or activities/representations of these). Not applicable since the entity is not nature.",False
/home/pmonserrat/datasets/imagenet/extracted_data/n03998194/ILSVRC2012_val_00000230.JPEG,prayer rug,False,,,no,none,none,"The target is a prayer rug. These rugs are textile items, which are manufactured objects. Unless the rug is explicitly made of a clearly identifiable natural material (like raw, visible wool or jute texture), it is generally considered a manufactured good with a homogenous texture, not a 'Nature-Based Artefact' under the definition. Since the visual evidence does not clearly show the natural material of origin (e.g., visible wool fibers or raw plant fibers), it does not meet the criteria for nature. Not applicable since the entity is not nature.",False
/home/pmonserrat/datasets/imagenet/extracted_data/n04004767/ILSVRC2012_val_00002985.JPEG,printer,False,,,no,none,none,"The target is a printer. It is a complex piece of manufactured electronic equipment made of metal and plastic. It does not fall under any category of living entities, natural environments, non-living natural elements, processed food/drink, nature-based artefacts (as its texture is homogenous and unidentifiable), or any representation thereof. Therefore, it does not count as nature. Not applicable since the entity is not nature.",False
/home/pmonserrat/datasets/imagenet/extracted_data/n04005630/ILSVRC2012_val_00002554.JPEG,prison,False,,,no,none,none,"The target is a 'prison'. A prison is an administrative or political unit, which is explicitly excluded from the definition of a natural environment or ecosystem. It does not contain any identifiable non-human living entities, natural environments, non-living natural elements, processed food, nature-based artefacts, or activities directly engaging with nature. Therefore, it does not count as nature. Not applicable since the entity is not nature.",False
/home/pmonserrat/datasets/imagenet/extracted_data/n04008634/ILSVRC2012_val_00000468.JPEG,projectile,False,,,no,none,none,"The target is a projectile (a missile). It is a manufactured object made of materials like metal and composite, and it does not possess any clearly identifiable natural material of origin (like visible wood grain or stone texture) that would qualify it as a 'Nature-Based Artefact'. It is a purely artificial, engineered object. Not applicable since the entity is not nature.",False
/home/pmonserrat/datasets/imagenet/extracted_data/n04009552/ILSVRC2012_val_00001253.JPEG,projector,False,,,no,none,none,"The target is a projector. It is a manufactured electronic device made of metal and plastic. It does not fit any category of living entities, natural environments, non-living natural elements, processed food, nature-based artefacts (as its texture is homogenous and artificial), or any representation thereof. Therefore, it does not count as nature. Not applicable since the entity is not nature.",False
/home/pmonserrat/datasets/imagenet/extracted_data/n04019541/ILSVRC2012_val_00000454.JPEG,puck,False,,,no,none,none,"The target is a puck used in ice hockey. While it is a manufactured object, it is not explicitly described as having a clearly identifiable natural material of origin (like wood grain or stone texture) that would qualify it as a 'Nature-Based Artefact'. It is a piece of sporting equipment, and its composition is not defined as being derived from a natural element in a visually identifiable way according to the strict definition. Not applicable since the entity is not nature.",False
/home/pmonserrat/datasets/imagenet/extracted_data/n04023962/ILSVRC2012_val_00002782.JPEG,punching bag,False,,,no,none,none,"The target is a punching bag. It is a manufactured object, typically made of synthetic materials like leather or vinyl, and does not possess a clearly identifiable natural material of origin (like visible wood grain or stone texture). Therefore, it does not qualify as a nature-based artefact, nor does it fit any other category of nature defined. Not applicable since the entity is not nature.",False
/home/pmonserrat/datasets/imagenet/extracted_data/n04026417/ILSVRC2012_val_00001343.JPEG,purse,False,,,no,none,none,"The target is a 'purse'. The visual evidence shows it is made of a material printed with measurement markings. This object is a manufactured item, and while it is not explicitly made of identifiable natural material like wood or stone, it is a manufactured object. It does not fit the criteria for Nature-Based Artefacts (which requires the natural material of origin to be clearly visually identifiable) nor does it fall under any other category (flora, fauna, environment, etc.). Therefore, it does not count as nature. Not applicable since the entity is not nature.",False
/home/pmonserrat/datasets/imagenet/extracted_data/n04033901/ILSVRC2012_val_00001345.JPEG,quill,False,,,yes,biotic,material,"The target is a quill, which is a feather. Feathers are derived from birds (fauna), which falls under the category of non-human living entities. Therefore, this instance counts as nature. Since nature is 'yes', I evaluate the sub-axes. A feather is a part of an animal (fauna), making it biotic. The image shows a physical feather, which occupies space and has mass, making it material.",False
/home/pmonserrat/datasets/imagenet/extracted_data/n04033995/ILSVRC2012_val_00000260.JPEG,quilt,False,,,yes,biotic,material,"The target is a quilt, which is a textile item. While quilts are manufactured, they are typically made from materials like cotton, wool, or other natural fibers. If the quilt is visibly made from natural fibers (e.g., visible wool texture or cotton weave), it qualifies as a nature-based artefact. Assuming the quilt in the image is made of natural fibers, it meets the criteria. Since nature is 'yes', I evaluate the sub-axes. The fibers used in the quilt (e.g., cotton, wool) are derivatives of flora or fauna, making the material biotic. The quilt itself is a physical, tangible object that occupies space, making it material.",False
/home/pmonserrat/datasets/imagenet/extracted_data/n04037443/ILSVRC2012_val_00000135.JPEG,racer,False,,,no,none,none,"The target is a 'racer,' which refers to the vehicle on the track. This vehicle is a manufactured object (a race car). It does not fit the criteria for Nature-Based Artefacts because its texture is homogenous and artificial, not clearly identifiable as a natural material like wood or stone. It is a purely man-made object, and the activity of racing itself is not inherently classified as nature unless it directly engages with a defined natural element in a way that makes the activity nature-relevant. Not applicable since the entity is not nature.",False
/home/pmonserrat/datasets/imagenet/extracted_data/n04039381/ILSVRC2012_val_00001786.JPEG,racket,False,,,no,none,none,"The target is a 'racket' used for sports. It is a manufactured object made of materials like metal and string. Since the material is not clearly identifiable as a natural material (like visible wood grain or stone texture) and it is a purely functional piece of sporting equipment, it does not meet the criteria for a Nature-Based Artefact, nor does it fall under any other category of nature. Not applicable since the entity is not nature.",False
/home/pmonserrat/datasets/imagenet/extracted_data/n04040759/ILSVRC2012_val_00000770.JPEG,radiator,False,,,no,none,none,"The target is a radiator. It is a manufactured object made of metal. It does not possess any clearly identifiable natural material of origin (like visible wood grain or stone texture) and is not a representation of a natural element, so it fails the criteria for nature-based artefacts and general nature. Not applicable since the entity is not nature.",False
/home/pmonserrat/datasets/imagenet/extracted_data/n04041544/ILSVRC2012_val_00001346.JPEG,radio,False,,,no,none,none,"The target is a 'radio' device (specifically a Pioneer stereo system). This is a manufactured electronic appliance made of plastic and metal. It does not fall under any category of living entities, natural environments, non-living natural elements, processed food/drink, nature-based artefacts (as the texture is homogenous plastic/metal), or activities related to nature. Therefore, it does not count as nature. Not applicable since the entity is not nature.",False
/home/pmonserrat/datasets/imagenet/extracted_data/n04044716/ILSVRC2012_val_00002046.JPEG,radio telescope,False,,,no,none,none,"The target is a radio telescope. It is a large, manufactured piece of scientific equipment made of metal and composite materials. It does not fall under any of the defined categories of nature (non-human living entities, natural environments, non-living natural elements/processes, processed food/drink, nature-based artefacts with identifiable natural material, or activities/representations of these). Not applicable since the entity is not nature.",False
/home/pmonserrat/datasets/imagenet/extracted_data/n04049303/ILSVRC2012_val_00000042.JPEG,rain barrel,False,,,no,none,none,"The target is a rain barrel. While it is a manufactured object, it is designed to collect and hold rainwater. Rainwater is a hydrological component, which is a natural element. The barrel itself is a container, but its function is directly tied to a natural process (rain collection), and it is not explicitly defined as a nature-based artefact (like wood or stone) with a clearly identifiable natural material of origin. However, since it is used to capture a natural element (rain), and the definition includes activities that directly engage with nature (like collecting rainwater), we must assess if the object itself qualifies. Given the strict definition, the barrel is primarily a manufactured item. It does not fit the 'Nature-Based Artefacts' criteria (homogenous plastic) nor is it a natural element itself. Therefore, it does not count as nature. Not applicable since the entity is not nature.",False
/home/pmonserrat/datasets/imagenet/extracted_data/n04065272/ILSVRC2012_val_00000014.JPEG,recreational vehicle,False,,,no,none,none,"The target is a recreational vehicle (RV). It is a complex, manufactured object made primarily of metal and composite materials. It does not fit the criteria for a nature-based artefact because its texture is homogenous and unidentifiable as a natural material (unlike wood grain or stone texture). It is not a representation of nature, nor does it contain any identifiable natural elements or processes. Not applicable since the entity is not nature.",False
/home/pmonserrat/datasets/imagenet/extracted_data/n04067472/ILSVRC2012_val_00000473.JPEG,reel,False,,,no,none,none,"The target entity is a 'reel' (fishing reel). It is a manufactured piece of sporting equipment made of metal and composite materials. It does not contain any clearly identifiable natural material of origin (like visible wood grain or stone texture) and is not a representation of nature, so it fails the criteria for nature. Not applicable since the entity is not nature.",False
/home/pmonserrat/datasets/imagenet/extracted_data/n04069434/ILSVRC2012_val_00001085.JPEG,reflex camera,False,,,no,none,none,"The target is a reflex camera. It is a manufactured electronic device made of plastic and metal. It does not fall under any of the defined categories of nature (non-human living entities, natural environments, non-living natural elements/processes, processed food/drink, nature-based artefacts with visible natural material, or activities/representations of these). Not applicable since the entity is not nature.",False
/home/pmonserrat/datasets/imagenet/extracted_data/n04070727/ILSVRC2012_val_00000331.JPEG,refrigerator,False,,,no,none,none,"The target is a refrigerator. While it contains beverages (processed food/drink), the refrigerator itself is a manufactured appliance made of metal and plastic. It does not qualify as a nature-based artefact because its texture is homogenous and unidentifiable, nor is it a natural element or process. Therefore, the appliance itself does not count as nature. Not applicable since the entity is not nature.",False
/home/pmonserrat/datasets/imagenet/extracted_data/n04074963/ILSVRC2012_val_00000275.JPEG,remote control,False,,,no,none,none,"The target is a remote control. It is a manufactured electronic device made of plastic and circuitry. It does not fall under any category of living entities, natural environments, non-living natural elements, processed food, nature-based artefacts (as its texture is homogenous and unidentifiable), or activities/representations of nature. Therefore, it does not count as nature. Not applicable since the entity is not nature.",False
/home/pmonserrat/datasets/imagenet/extracted_data/n04081281/ILSVRC2012_val_00000591.JPEG,restaurant,False,,,no,none,none,"The target is a 'restaurant'. A restaurant is a commercial establishment and an administrative/functional unit, not a natural environment, living entity, or natural process. It does not fit any of the defined categories of nature. Not applicable since the entity is not nature.",False
/home/pmonserrat/datasets/imagenet/extracted_data/n04086273/ILSVRC2012_val_00000158.JPEG,revolver,False,,,no,none,none,"The target is a revolver, a manufactured firearm. It is an object made of metal and wood (the grip). While it contains natural materials (wood), it is a complex, manufactured tool whose primary nature is artificial, and it does not fit the definition of a 'Nature-Based Artefact' because the metal components are homogenous and unidentifiable in terms of natural origin, and the overall object is not defined by its natural material in the way a wooden table or stone sculpture is. Not applicable since the entity is not nature.",False
/home/pmonserrat/datasets/imagenet/extracted_data/n04090263/ILSVRC2012_val_00000244.JPEG,rifle,False,,,no,none,none,"The target is a rifle. It is a manufactured object, and while it is made of materials (wood, metal), it is a tool/weapon whose primary function is not derived from or identifiable as a nature-based artefact (like a piece of visible wood grain or stone texture). It does not fit any other category (flora, fauna, environment, process, etc.). Therefore, it does not count as nature. Not applicable since the entity is not nature.",False
/home/pmonserrat/datasets/imagenet/extracted_data/n04099969/ILSVRC2012_val_00000421.JPEG,rocking chair,False,,,yes,biotic,material,"The target is a rocking chair. The visual evidence shows it is constructed from wood, and the material exhibits a visible wood grain texture. Manufactured objects where the natural material of origin is clearly visually identifiable count as nature-based artefacts, fulfilling the criteria for nature. Since nature is 'yes', I evaluate the sub-axes. Wood is a derivative of flora, making it biotic. The chair is a physical, three-dimensional object that occupies space and has mass, making it material.",False
/home/pmonserrat/datasets/imagenet/extracted_data/n04111531/ILSVRC2012_val_00001625.JPEG,rotisserie,False,,,yes,biotic,material,"The target is a rotisserie containing cooked poultry (whole chickens). Processed Food & Drink, which includes edible solid elements at any processing level, counts as nature. The cooked chickens fit this criterion. Since nature is 'yes', I evaluate the sub-axes. Poultry is fauna (an animal), making it biotic. The cooked chickens are physical, edible items occupying space, making them material.",False
/home/pmonserrat/datasets/imagenet/extracted_data/n04116512/ILSVRC2012_val_00000453.JPEG,rubber eraser,False,,,no,none,none,"The target is a rubber eraser. It is a manufactured object, and while it is made of rubber (a natural material), the definition for 'Nature-Based Artefacts' requires the natural material of origin to be *clearly visually identifiable* (e.g., visible wood grain or stone texture). A standard rubber eraser has a homogenous texture that does not meet this explicit visual identification criterion, and it is not listed under any other category (like processed food or a representation). Therefore, it does not count as nature. Not applicable since the entity is not nature.",False
/home/pmonserrat/datasets/imagenet/extracted_data/n04118538/ILSVRC2012_val_00001497.JPEG,rugby ball,False,,,no,none,none,"The target is a rugby ball. It is a manufactured object, and while it is not explicitly made of a visually identifiable natural material like wood or stone, it is an object used in an activity (rugby) that takes place in a natural environment (the field/outdoors). However, based strictly on the definition, it is not listed as a processed food/drink, a nature-based artefact with visible natural material, or a representation of nature. It is a purely manufactured sporting good. Not applicable since the entity is not nature.",False
/home/pmonserrat/datasets/imagenet/extracted_data/n04118776/ILSVRC2012_val_00001210.JPEG,rule,False,,,no,none,none,"The target entity is the word ""rule"" printed on the ruler. This word represents a concept or a guideline, which does not fall under any of the defined categories of living entities, natural environments, non-living natural elements/processes, processed food/drink, nature-based artefacts (as it is text/symbolic), or activities. It is purely abstract text. Not applicable since the entity is not nature.",False
/home/pmonserrat/datasets/imagenet/extracted_data/n04120489/ILSVRC2012_val_00001465.JPEG,running shoe,False,,,no,none,none,"The target is a running shoe. It is a manufactured object made of synthetic materials (rubber, foam, plastic). It does not contain any clearly identifiable natural material of origin (like visible wood grain or stone texture) and is not a representation of nature. Therefore, it does not meet the criteria for nature-based artefacts or any other category. Not applicable since the entity is not nature.",False
/home/pmonserrat/datasets/imagenet/extracted_data/n04125021/ILSVRC2012_val_00000143.JPEG,safe,False,,,no,none,none,"The target is a 'safe' (a security device/cabinet). It is a manufactured object made of metal and plastic. It does not contain any identifiable natural material, nor does it represent any natural element, process, or organism. Therefore, it does not meet the criteria for nature. Not applicable since the entity is not nature.",False
/home/pmonserrat/datasets/imagenet/extracted_data/n04127249/ILSVRC2012_val_00002068.JPEG,safety pin,False,,,no,none,none,"The target is a safety pin. It is a manufactured object made of stainless steel. The definition for Nature-Based Artefacts requires that the natural material of origin be 'clearly visually identifiable'. Stainless steel is a processed mineral/metal, but the object itself is a homogenous, manufactured item whose texture does not clearly reveal its natural mineral components in a way that meets the explicit criteria, nor is it a representation of nature. Therefore, it does not count as nature. Not applicable since the entity is not nature.",False
/home/pmonserrat/datasets/imagenet/extracted_data/n04131690/ILSVRC2012_val_00000792.JPEG,saltshaker,False,,,no,none,none,"The target is a saltshaker. While it is a manufactured object, it is not explicitly described as having a clearly identifiable natural material of origin (like visible wood grain or stone texture) that would qualify it as a 'Nature-Based Artefact'. Furthermore, it does not contain any other elements that fall under the definition of nature (e.g., it is not made of visible salt crystals, nor is it a representation of nature). Therefore, it does not count as nature. Not applicable since the entity is not nature.",False
/home/pmonserrat/datasets/imagenet/extracted_data/n04133789/ILSVRC2012_val_00002426.JPEG,sandal,False,,,no,none,none,"The target is a sandal. Sandal is a manufactured item, and while it may contain natural materials (like leather or wood for the sole), the visual evidence does not allow for a definitive determination that the natural material of origin is clearly visually identifiable in a way that meets the 'Nature-Based Artefacts' criterion, nor is it explicitly defined as a processed food or a representation of nature. It appears to be a standard manufactured fashion item. Not applicable since the entity is not nature.",False
/home/pmonserrat/datasets/imagenet/extracted_data/n04136333/ILSVRC2012_val_00000442.JPEG,sarong,False,,,no,none,none,"The target is a sarong, which is a piece of clothing. It is a manufactured textile item. Since the definition of Nature does not include general manufactured clothing unless it is a 'Nature-Based Artefact' (where the natural material of origin is clearly visually identifiable, e.g., visible wood grain or stone texture), and a sarong's pattern/weave does not inherently meet this criterion, it is classified as not nature. Not applicable since the entity is not nature.",False
/home/pmonserrat/datasets/imagenet/extracted_data/n04141076/ILSVRC2012_val_00000614.JPEG,sax,False,,,no,none,none,"The target is a saxophone ('sax'). A saxophone is a manufactured musical instrument made of metal. It does not fall under any of the defined categories of nature (living entities, natural environments, non-living natural elements, processed food/drink, nature-based artefacts with visible natural material, or activities/representations of these). Not applicable since the entity is not nature.",False
/home/pmonserrat/datasets/imagenet/extracted_data/n04141327/ILSVRC2012_val_00000039.JPEG,scabbard,False,,,no,none,none,"The target is a scabbard, which is a manufactured object. It is not explicitly described as being made of a clearly identifiable natural material (like visible wood grain or stone texture) in the visual evidence provided, nor is it a representation of nature. Therefore, it does not meet the criteria for a nature-based artefact or any other category of nature. Not applicable since the entity is not nature.",False
/home/pmonserrat/datasets/imagenet/extracted_data/n04141975/ILSVRC2012_val_00001091.JPEG,scale,False,,,no,none,none,"The target is a 'scale' which, in this context, refers to a weighing machine. This is a manufactured object made of metal and plastic. It does not possess any clearly identifiable natural material of origin, nor is it a representation of a natural element. Therefore, it does not meet the criteria for nature. Not applicable since the entity is not nature.",False
/home/pmonserrat/datasets/imagenet/extracted_data/n04146614/ILSVRC2012_val_00001736.JPEG,school bus,False,,,no,none,none,"The target is a school bus. It is a manufactured vehicle made of metal and plastic. It does not fall under any category of non-human living entities, natural environments, non-living natural elements, processed food/drink, nature-based artefacts (as its texture is homogenous and industrial, not identifiable natural material), or activities/representations of nature. Therefore, it does not count as nature. Not applicable since the entity is not nature.",False
/home/pmonserrat/datasets/imagenet/extracted_data/n04147183/ILSVRC2012_val_00000094.JPEG,schooner,False,,,no,none,none,"The target is a schooner, which is a type of vessel. It is a manufactured object, not explicitly listed as a nature element. It does not fall under the categories of living entities, natural environments, non-living natural elements, processed food/drink, nature-based artefacts (as it is not made of clearly identifiable natural material like wood grain or stone texture in a way that qualifies), or activities/representations of nature. Therefore, it does not count as nature. Not applicable since the entity is not nature.",False
/home/pmonserrat/datasets/imagenet/extracted_data/n04149813/ILSVRC2012_val_00000167.JPEG,scoreboard,False,,,no,none,none,"The target is a digital scoreboard displaying game statistics. It is a manufactured electronic device and does not depict any non-human living entities, natural environments, non-living natural elements, processed food, nature-based artefacts with identifiable natural material, or activities engaging with nature. Therefore, it does not meet the definition of nature. Not applicable since the entity is not nature.",False
/home/pmonserrat/datasets/imagenet/extracted_data/n04152593/ILSVRC2012_val_00001269.JPEG,screen,False,,,yes,biotic,immaterial,"The target is a screen displaying an image of a landscape with a car. The image displayed on the screen depicts a natural environment (landscape, sky, etc.). Since the screen is displaying a representation of a natural environment, this falls under the category of 'Any representation of the above... that explicitly refers to or depicts one of the categories above,' fulfilling the criteria for nature. Since nature is 'yes', I evaluate the sub-axes. The content displayed is a landscape, which is a natural environment/ecosystem, making it biotic (as ecosystems are listed under biotic in the Life Category Axis). However, the screen itself is a manufactured electronic device, and the image is a digital representation, not a physical, unaltered depiction of the environment. Therefore, the representation is immaterial.",False
/home/pmonserrat/datasets/imagenet/extracted_data/n04153751/ILSVRC2012_val_00001639.JPEG,screw,False,,,no,none,none,"The target is a screw, which is a manufactured metal fastener. It is not a natural element, nor is it a nature-based artefact because it lacks a clearly identifiable natural material of origin (it is homogenous metal). Therefore, it does not meet the criteria for nature. Not applicable since the entity is not nature.",False
/home/pmonserrat/datasets/imagenet/extracted_data/n04154565/ILSVRC2012_val_00000310.JPEG,screwdriver,False,,,no,none,none,"The target is a screwdriver. It is a manufactured tool made of metal and plastic. It does not fall under any category of living entities, natural environments, non-living natural elements, processed food, nature-based artefacts (as its texture is homogenous and not identifiable as a natural material like wood or stone), or representations of nature. Therefore, it does not count as nature. Not applicable since the entity is not nature.",False
/home/pmonserrat/datasets/imagenet/extracted_data/n04162706/ILSVRC2012_val_00001792.JPEG,seat belt,False,,,no,none,none,"The target is a seat belt. It is a manufactured object made of synthetic materials (fabric, plastic, metal components). It does not contain any clearly identifiable natural material of origin (like visible wood grain or stone texture) and is not a representation of nature. Therefore, it does not meet the criteria for nature-based artefacts or any other category of nature. Not applicable since the entity is not nature.",False
/home/pmonserrat/datasets/imagenet/extracted_data/n04179913/ILSVRC2012_val_00000377.JPEG,sewing machine,False,,,no,none,none,"The target is a sewing machine. It is a manufactured object made of metal and other materials. It does not possess any clearly identifiable natural material of origin (like visible wood grain or stone texture) that would qualify it as a 'Nature-Based Artefact'. It is a purely industrial/mechanical object, thus it does not meet the criteria for nature. Not applicable since the entity is not nature.",False
/home/pmonserrat/datasets/imagenet/extracted_data/n04192698/ILSVRC2012_val_00000232.JPEG,shield,False,,,no,none,none,"The target is a 'shield' being carried by figures in a parade. The shield appears to be a large, dark, metallic object with the word 'POLIZIA' written on it. It is a manufactured object. Since the material is not clearly identifiable as a natural material (like wood grain or stone texture), it does not qualify as a Nature-Based Artefact. It is a purely manufactured object, and thus does not count as nature. Not applicable since the entity is not nature.",False
/home/pmonserrat/datasets/imagenet/extracted_data/n04200800/ILSVRC2012_val_00000083.JPEG,shoe shop,False,,,no,none,none,"The target is a 'shoe shop'. A shop is a commercial building or establishment, which is an administrative or functional unit, not a natural environment, living entity, or natural process. Therefore, it does not meet the definition of nature. Not applicable since the entity is not nature.",False
/home/pmonserrat/datasets/imagenet/extracted_data/n04201297/ILSVRC2012_val_00000159.JPEG,shoji,False,,,yes,biotic,material,"The target is a shoji screen/panel, which appears to be made of wood and paper. The wood frame is a manufactured object where the natural material of origin (wood) is visually identifiable, fitting the definition of a Nature-Based Artefact. The paper element, if natural, would also contribute, but the visible wood grain is sufficient to classify it as nature. Since nature is 'yes', I evaluate the sub-axes. The primary visible component is wood, which is a derivative of flora, making it biotic. The object itself is a physical, tangible item occupying space, making it material.",False
/home/pmonserrat/datasets/imagenet/extracted_data/n04204238/ILSVRC2012_val_00000629.JPEG,shopping basket,False,,,no,none,none,"The target is a shopping basket. It is a manufactured object made of metal and plastic. It does not contain any clearly identifiable natural material of origin (like visible wood grain or stone texture) and is not a representation of a natural element, so it fails the criteria for nature. Not applicable since the entity is not nature.",False
/home/pmonserrat/datasets/imagenet/extracted_data/n04204347/ILSVRC2012_val_00001316.JPEG,shopping cart,False,,,no,none,none,"The target is a shopping cart. It is a manufactured object made of metal and plastic. It does not possess any clearly identifiable natural material of origin (like visible wood grain or stone texture) and is not a representation of nature. Therefore, it does not meet the criteria for nature. Not applicable since the entity is not nature.",False
/home/pmonserrat/datasets/imagenet/extracted_data/n04208210/ILSVRC2012_val_00002065.JPEG,shovel,False,,,no,none,none,"The target is a shovel. It is a manufactured object, but it is not explicitly described as having a natural material of origin that is visually identifiable (like wood grain or stone texture). It appears to be made of metal and plastic, which are not listed as qualifying 'Nature-Based Artefacts' unless the natural material is clearly visible. Therefore, it does not meet the criteria for nature. Not applicable since the entity is not nature.",False
/home/pmonserrat/datasets/imagenet/extracted_data/n04209133/ILSVRC2012_val_00002394.JPEG,shower cap,False,,,no,none,none,"The target is a shower cap. It is a manufactured item made of fabric. The definition for Nature-Based Artefacts requires the natural material of origin to be 'clearly visually identifiable' (e.g., visible wood grain or stone texture). A patterned fabric like this does not display a clearly identifiable natural texture, and it is not a derivative of a natural material in a way that meets the explicit criteria for nature-based artefacts. Not applicable since the entity is not nature.",False
/home/pmonserrat/datasets/imagenet/extracted_data/n04209239/ILSVRC2012_val_00000527.JPEG,shower curtain,False,,,yes,biotic,immaterial,"The target is a shower curtain featuring a stylized depiction of a person and various sea life (starfish, shells). The definition states that any representation of nature—including stylized, imagined, or clearly non-literal depictions—counts as nature. This artistic depiction of sea life and a human figure qualifies. Since nature is 'yes', I evaluate the sub-axes. The depiction includes fauna (sea life) and a human figure (biotic). However, because this is a printed, stylized image on a manufactured textile, it is a representation, not a literal, unaltered depiction, making it immaterial.",False
/home/pmonserrat/datasets/imagenet/extracted_data/n04228054/ILSVRC2012_val_00000568.JPEG,ski,False,,,yes,none,none,"The target entity is 'ski'. In the image, 'ski' refers to the activity of skiing, which is explicitly listed under the definition of Nature as 'Activities that take place in or directly engage with any of the above'. Since nature is 'yes', I evaluate the sub-axes. The activity of skiing engages with the natural environment (snow, mountains), but the activity itself is a process/action, not a living entity or a non-living element. Therefore, it is not strictly biotic or abiotic in the context of the ecosystem components. The activity itself is not a physical object or a representation, but a performed action, which falls outside the defined material/immaterial categories for classification purposes, though it is an activity within nature.",False
/home/pmonserrat/datasets/imagenet/extracted_data/n04229816/ILSVRC2012_val_00000550.JPEG,ski mask,False,,,no,none,none,"The target is a ski mask. It is a manufactured item made of fabric. It does not possess a clearly identifiable natural material of origin (like visible wood grain or stone texture) and is not an edible item, nor is it a representation of nature. Therefore, it does not meet the criteria for nature. Not applicable since the entity is not nature.",False
/home/pmonserrat/datasets/imagenet/extracted_data/n04235860/ILSVRC2012_val_00001395.JPEG,sleeping bag,False,,,no,none,none,"The target is a sleeping bag. It is a manufactured item, and while it is used in nature-related activities (like camping), it is not explicitly defined as a nature-based artefact because its material (synthetic fabric) does not have a clearly identifiable natural origin texture like wood or stone. It is a purely manufactured good. Not applicable since the entity is not nature.",False
/home/pmonserrat/datasets/imagenet/extracted_data/n04238763/ILSVRC2012_val_00000266.JPEG,slide rule,False,,,no,none,none,"The target is a slide rule. It is a manufactured instrument made of metal and has markings. It does not fall under any of the defined categories of living entities, natural environments, non-living natural elements/processes, processed food, nature-based artefacts (as its texture is homogenous and not derived from clearly identifiable natural material like wood or stone), or representations thereof. Therefore, it does not count as nature. Not applicable since the entity is not nature.",False
/home/pmonserrat/datasets/imagenet/extracted_data/n04239074/ILSVRC2012_val_00002286.JPEG,sliding door,False,,,no,none,none,"The target is a sliding door. It is a manufactured architectural element, typically made of metal and glass. It does not fit the criteria for a nature-based artefact because its texture is homogenous and artificial, and it is not a natural element itself. Therefore, it does not count as nature. Not applicable since the entity is not nature.",False
/home/pmonserrat/datasets/imagenet/extracted_data/n04243546/ILSVRC2012_val_00000857.JPEG,slot,False,,,no,none,none,"The target is a 'slot' machine component. These machines are complex, manufactured electronic devices made of metal, plastic, and glass. They do not contain any identifiable natural materials or processes that meet the criteria for nature, nor are they representations of nature. Not applicable since the entity is not nature.",False
/home/pmonserrat/datasets/imagenet/extracted_data/n04251144/ILSVRC2012_val_00000508.JPEG,snorkel,False,,,yes,none,material,"The target is a snorkel, which is equipment used for the activity of snorkeling. Activities that take place in or directly engage with natural environments count as nature, and the snorkel is an integral tool for this activity. Since nature is 'yes', I evaluate the sub-axes. A snorkel is a manufactured object, but it is directly engaged in a nature activity (snorkeling) within a natural environment (coral reef). As a manufactured item, it is material. The activity itself is the primary link to nature, but the object itself is physical.",False
/home/pmonserrat/datasets/imagenet/extracted_data/n04252077/ILSVRC2012_val_00000131.JPEG,snowmobile,False,,,no,none,none,"The target is a snowmobile. It is a manufactured vehicle, not a natural element. It does not qualify as a nature-based artefact because it is not made of a clearly identifiable natural material in the way defined (e.g., visible wood grain or stone texture), and it is not a representation of nature. Not applicable since the entity is not nature.",False
/home/pmonserrat/datasets/imagenet/extracted_data/n04252225/ILSVRC2012_val_00000767.JPEG,snowplow,False,,,no,none,none,"The target is a snowplow, which is a piece of heavy machinery. It is a manufactured object made of metal and rubber. It does not possess any clearly identifiable natural material of origin (like visible wood grain or stone texture) and is not a representation of nature. Therefore, it does not meet the criteria for nature. Not applicable since the entity is not nature.",False
/home/pmonserrat/datasets/imagenet/extracted_data/n04254120/ILSVRC2012_val_00003585.JPEG,soap dispenser,False,,,no,none,none,"The target is a soap dispenser. It is a manufactured object made of plastic. It does not contain any clearly identifiable natural material (like visible wood grain or stone texture) and is not a nature-based artefact, nor does it represent any natural element or process. Therefore, it does not count as nature. Not applicable since the entity is not nature.",False
/home/pmonserrat/datasets/imagenet/extracted_data/n04254680/ILSVRC2012_val_00002349.JPEG,soccer ball,False,,,no,none,none,"The target is a soccer ball. It is a manufactured object, but it is not explicitly described as having a natural material of origin that is visually identifiable (like wood grain or stone texture). It is a synthetic object, and there is no other criterion met (it is not food, nor is it a representation of nature). Therefore, it does not count as nature. Not applicable since the entity is not nature.",False
/home/pmonserrat/datasets/imagenet/extracted_data/n04254777/ILSVRC2012_val_00000936.JPEG,sock,False,,,no,none,none,"The target is a sock. Socks are manufactured textile items. They do not fall under the categories of non-human living entities, natural/semi-natural environments, non-living natural elements/processes, processed food/drink, nature-based artefacts (as they are not made of clearly identifiable natural material like wood or stone), activities, or representations of nature. Therefore, it does not count as nature. Not applicable since the entity is not nature.",False
/home/pmonserrat/datasets/imagenet/extracted_data/n04258138/ILSVRC2012_val_00000897.JPEG,solar dish,False,,,no,none,none,"The target is a solar dish, which is a device designed to capture solar energy. While it utilizes the sun (an astrophysical element), the dish itself is a manufactured object made of metal and glass/plastic. It does not qualify as a nature-based artefact because its texture is homogenous and artificial, and it is not a representation of nature in the defined immaterial sense. It is a purely technological apparatus. Not applicable since the entity is not nature.",False
/home/pmonserrat/datasets/imagenet/extracted_data/n04259630/ILSVRC2012_val_00002335.JPEG,sombrero,False,,,yes,biotic,material,"The target is a sombrero, which is a manufactured item. It is constructed from woven natural fibers (straw/palm), and the natural material of origin is clearly visually identifiable through the texture and weave, thus qualifying as a nature-based artefact. Since nature is 'yes', I evaluate the sub-axes. The material is derived from plant matter (flora), making it biotic. The sombrero is a physical, tangible object that occupies space, making it material.",False
/home/pmonserrat/datasets/imagenet/extracted_data/n04263257/ILSVRC2012_val_00000004.JPEG,soup bowl,False,,,yes,biotic,material,"The target is a soup bowl containing soup. The soup itself is an edible liquid element at a processing level (prepared food), which explicitly counts as nature under the 'Processed Food & Drink (The Ingestion Criterion)' definition. The bowl itself is a manufactured object, but the presence of the nature-classified soup within it is sufficient to classify the target entity as nature-relevant. Since nature is 'yes', I evaluate the sub-axes. The soup is an edible liquid element, which falls under the biotic category (as a derivative of food). The entire bowl and its contents occupy physical space and have mass, making the entity material.",False
/home/pmonserrat/datasets/imagenet/extracted_data/n04264628/ILSVRC2012_val_00001672.JPEG,space bar,False,,,no,none,none,"The target is the 'space bar' key on a typewriter. It is a component of a manufactured electronic/mechanical device (a typewriter). It is made of plastic and metal, and does not possess any identifiable natural material of origin, nor does it represent a natural element, process, or depiction. Therefore, it does not count as nature. Not applicable since the entity is not nature.",False
/home/pmonserrat/datasets/imagenet/extracted_data/n04265275/ILSVRC2012_val_00004382.JPEG,space heater,False,,,no,none,none,"The target is a space heater. It is a manufactured electrical appliance made of plastic and metal. It does not fall under any category of living entities, natural environments, non-living natural elements, processed food, nature-based artefacts (as its texture is homogenous and unidentifiable), or activities/representations of nature. Therefore, it does not count as nature. Not applicable since the entity is not nature.",False
/home/pmonserrat/datasets/imagenet/extracted_data/n04266014/ILSVRC2012_val_00000559.JPEG,space shuttle,False,,,no,none,none,"The target is a space shuttle. It is a complex, manufactured machine. It does not fall under any of the defined categories of non-human living entities, natural/semi-natural environments, non-living natural elements/processes, processed food/drink, nature-based artefacts (as its texture is not derived from clearly identifiable natural materials like wood or stone), or activities/representations of these. It is a purely technological artifact. Not applicable since the entity is not nature.",False
/home/pmonserrat/datasets/imagenet/extracted_data/n04270147/ILSVRC2012_val_00001587.JPEG,spatula,False,,,no,none,none,"The target is a spatula. It is a manufactured utensil, likely made of metal or plastic. It does not fit the criteria for a nature-based artefact because it lacks a clearly identifiable natural material of origin (like visible wood grain or stone texture), and it is not a representation of nature. Therefore, it does not count as nature. Not applicable since the entity is not nature.",False
/home/pmonserrat/datasets/imagenet/extracted_data/n04273569/ILSVRC2012_val_00000901.JPEG,speedboat,False,,,no,none,none,"The target is a speedboat. It is a manufactured vehicle, and while it operates on the water (a natural element), the speedboat itself is a purely artificial object made of materials that do not meet the criteria for 'Nature-Based Artefacts' (i.e., it does not have a clearly identifiable natural material of origin like visible wood grain or stone texture). Therefore, it does not count as nature. Not applicable since the entity is not nature.",False
/home/pmonserrat/datasets/imagenet/extracted_data/n04275548/ILSVRC2012_val_00002128.JPEG,spider web,True,False,True,yes,biotic,material,"The target is a spider web, which is a structure created by a spider. While the web itself is not a living organism, it is an integral part of the environment where a living organism (the spider) interacts. Furthermore, the spider itself is a non-human living entity (fauna). The web is considered part of the natural environment/ecosystem interaction, and the spider is explicitly covered under the definition of nature. Since nature is 'yes', I evaluate the sub-axes. The spider is a fauna, making it biotic. The web and the spider are physical entities occupying space, making them material.",False
/home/pmonserrat/datasets/imagenet/extracted_data/n04277352/ILSVRC2012_val_00000349.JPEG,spindle,False,,,yes,biotic,material,"The target is a spindle, which is a manufactured object. The visual evidence clearly shows it is made of wood with a visible wood grain texture. Nature-based artefacts where the natural material of origin is clearly visually identifiable count as nature, fulfilling the criteria. Since nature is 'yes', I evaluate the sub-axes. Wood is a derivative of flora, making it biotic. The spindle is a physical object that occupies space and has mass, making it material.",False
/home/pmonserrat/datasets/imagenet/extracted_data/n04285008/ILSVRC2012_val_00001247.JPEG,sports car,False,,,no,none,none,"The target is a sports car. It is a manufactured object made primarily of metal and plastic. It does not possess a clearly identifiable natural material of origin (like visible wood grain or stone texture) that would qualify it as a 'Nature-Based Artefact'. It is a purely artificial product, so it does not meet the definition of nature. Not applicable since the entity is not nature.",False
/home/pmonserrat/datasets/imagenet/extracted_data/n04286575/ILSVRC2012_val_00000345.JPEG,spotlight,False,,,no,none,none,"The target is a spotlight, which is a piece of manufactured lighting equipment. It is not a living entity, a natural environment, a non-living natural element, a processed food, a nature-based artefact with visible natural material, nor is it a representation of nature. Therefore, it does not meet the definition of nature. Not applicable since the entity is not nature.",False
/home/pmonserrat/datasets/imagenet/extracted_data/n04296562/ILSVRC2012_val_00001388.JPEG,stage,False,,,no,none,none,"The target is a stage structure. It is a large, manufactured architectural element (a tent/scaffolding structure) used for an event. It is not a natural environment, a natural element, a processed food, or a nature-based artefact where the natural material of origin is clearly identifiable (the structure appears to be metal/fabric, not visibly natural wood or stone). Therefore, it does not meet the criteria for nature. Not applicable since the entity is not nature.",False
/home/pmonserrat/datasets/imagenet/extracted_data/n04310018/ILSVRC2012_val_00000544.JPEG,steam locomotive,False,,,no,none,none,"The target is a steam locomotive. While it is a manufactured object, it is primarily composed of metal and mechanical parts, and there is no clear visual evidence of a natural material of origin (like visible wood grain or stone texture) that would qualify it as a 'Nature-Based Artefact' under the definition. It is a purely industrial machine. Not applicable since the entity is not nature.",False
/home/pmonserrat/datasets/imagenet/extracted_data/n04311004/ILSVRC2012_val_00000271.JPEG,steel arch bridge,False,,,no,none,none,"The target is a steel arch bridge. It is a large, manufactured structure made primarily of steel. It does not fit the definition of a Nature-Based Artefact because steel is a homogenous, industrial material, and the visual evidence does not show a clearly identifiable natural material of origin (like wood grain or stone texture). Therefore, it does not count as nature. Not applicable since the entity is not nature.",False
/home/pmonserrat/datasets/imagenet/extracted_data/n04311174/ILSVRC2012_val_00000842.JPEG,steel drum,False,,,no,none,none,"The target is a steel drum. It is a manufactured object made of metal. The definition for Nature-Based Artefacts requires the natural material of origin to be clearly visually identifiable. Steel is a processed mineral/metal, but the drum itself is a manufactured object whose primary visual characteristic is its metallic surface, not an identifiable natural texture like wood grain or stone. It does not fit the criteria for a nature-based artefact, nor is it a natural element itself. Not applicable since the entity is not nature.",False
/home/pmonserrat/datasets/imagenet/extracted_data/n04317175/ILSVRC2012_val_00001183.JPEG,stethoscope,False,,,no,none,none,"The target is a stethoscope. It is a manufactured medical instrument made of metal and rubber/plastic. It does not fall under any category of living entities, natural environments, non-living natural elements, processed food, nature-based artefacts (as its texture is homogenous and not derived from clearly identifiable natural materials like wood or stone), or activities/representations of nature. Therefore, it does not count as nature. Not applicable since the entity is not nature.",False
/home/pmonserrat/datasets/imagenet/extracted_data/n04325704/ILSVRC2012_val_00001059.JPEG,stole,False,,,no,none,none,"The target is a 'stole' (scarf). It is a manufactured textile item. While it is worn, it is not explicitly made from a clearly identifiable natural material (like visible wood grain or stone texture) that would qualify it as a 'Nature-Based Artefact'. It is a processed, synthetic or dyed fabric item, which does not meet the criteria for nature. Not applicable since the entity is not nature.",False
/home/pmonserrat/datasets/imagenet/extracted_data/n04326547/ILSVRC2012_val_00000171.JPEG,stone wall,True,False,True,yes,abiotic,material,"The target is a stone wall. It is constructed from natural stones. Since the natural material of origin (stone/rock) is clearly visually identifiable, this qualifies as a Nature-Based Artefact, fulfilling the criteria for nature. Since nature is 'yes', I evaluate the sub-axes. Stone is a geological component, which is abiotic. The wall itself is a physical structure occupying space and having mass, making it material.",False
/home/pmonserrat/datasets/imagenet/extracted_data/n04328186/ILSVRC2012_val_00000290.JPEG,stopwatch,False,,,no,none,none,"The target is a stopwatch, which is a manufactured electronic device made of plastic and metal. It does not fall under any of the defined categories of nature (living entities, natural environments, non-living natural elements/processes, processed food/drink, nature-based artefacts with visible natural material, or activities/representations of these). Not applicable since the entity is not nature.",False
/home/pmonserrat/datasets/imagenet/extracted_data/n04330267/ILSVRC2012_val_00000205.JPEG,stove,False,,,no,none,none,"The target is a stove. It is a manufactured appliance made of metal and plastic. It does not fall under any category of living entities, natural environments, non-living natural elements, processed food/drink, nature-based artefacts (as its texture is homogenous and artificial), or any representation thereof. Therefore, it does not count as nature. Not applicable since the entity is not nature.",False
/home/pmonserrat/datasets/imagenet/extracted_data/n04332243/ILSVRC2012_val_00001470.JPEG,strainer,False,,,no,none,none,"The target is a strainer. It appears to be a manufactured object, likely metal, and while it is used in activities like cooking (which engages with nature via processed food), the strainer itself is a purely manufactured tool. It does not possess a clearly identifiable natural material of origin (like visible wood grain or stone texture) and is not a representation of nature. Therefore, it does not meet the criteria for nature. Not applicable since the entity is not nature.",False
/home/pmonserrat/datasets/imagenet/extracted_data/n04335435/ILSVRC2012_val_00000714.JPEG,streetcar,False,,,no,none,none,"The target is a streetcar. It is a manufactured vehicle made of metal and plastic. It does not fall under any category of non-human living entities, natural environments, non-living natural elements/processes, processed food/drink, nature-based artefacts (as its texture is homogenous and artificial), or activities/representations of nature. Therefore, it does not count as nature. Not applicable since the entity is not nature.",False
/home/pmonserrat/datasets/imagenet/extracted_data/n04336792/ILSVRC2012_val_00000535.JPEG,stretcher,False,,,no,none,none,"The target is a stretcher. It is a manufactured object, and while it is used in an activity (medical aid/rescue), the stretcher itself is not described as having a clearly identifiable natural material of origin (like visible wood grain or stone texture) that would qualify it as a Nature-Based Artefact. It appears to be made of synthetic materials, thus it does not meet the criteria for nature. Not applicable since the entity is not nature.",False
/home/pmonserrat/datasets/imagenet/extracted_data/n04344873/ILSVRC2012_val_00001811.JPEG,studio couch,False,,,no,none,none,"The target is a 'studio couch'. It is a piece of modern furniture, typically constructed from synthetic materials (like foam, leather, or polyester fabric) and metal/wood frames. There is no visual evidence suggesting the couch is made from clearly identifiable natural materials (like visible wood grain or stone texture) that would qualify it as a Nature-Based Artefact. Therefore, it does not meet the criteria for nature. Not applicable since the entity is not nature.",False
/home/pmonserrat/datasets/imagenet/extracted_data/n04346328/ILSVRC2012_val_00000522.JPEG,stupa,False,,,no,none,none,"The target is a stupa, which is a religious architectural structure. It is a manufactured object, and while it may incorporate natural materials (like stone or gold leaf), the structure itself is a piece of human construction, not a natural element, ecosystem, or a nature-based artefact where the natural material of origin is clearly visually identifiable as the primary feature (like visible wood grain or stone texture on a simple object). It does not fit the definition of a natural element or a nature-based artefact in the strict sense provided. Not applicable since the entity is not nature.",False
/home/pmonserrat/datasets/imagenet/extracted_data/n04347754/ILSVRC2012_val_00000595.JPEG,submarine,False,,,no,none,none,"The target is a submarine. It is a manufactured object, not a natural entity, ecosystem, or process. It does not qualify as a nature-based artefact because it is not made of a clearly identifiable natural material (like visible wood grain or stone texture), and it is not a representation of nature. Not applicable since the entity is not nature.",False
/home/pmonserrat/datasets/imagenet/extracted_data/n04350905/ILSVRC2012_val_00000380.JPEG,suit,False,,,no,none,none,"The target is a 'suit' worn by a person. A suit is a piece of clothing, which is a manufactured item. It is not explicitly defined as a nature-based artefact (which requires a clearly identifiable natural material like wood grain or stone texture) nor is it a processed food/drink. Therefore, it does not meet the criteria for nature. Not applicable since the entity is not nature.",False
/home/pmonserrat/datasets/imagenet/extracted_data/n04355338/ILSVRC2012_val_00002015.JPEG,sundial,False,,,yes,abiotic,material,"The target is a sundial. A sundial functions by tracking the position of the sun (an astrophysical element/process). While the sundial itself is a manufactured object, its function is intrinsically tied to the natural process of the sun's movement. Furthermore, the gnomon and markings are fixed elements designed to represent the passage of time dictated by celestial mechanics. Since it directly engages with and represents an astrophysical process, it counts as nature-relevant. Since nature is 'yes', I evaluate the sub-axes. The sundial is a physical, manufactured object (stone/concrete) that occupies space, making it material. Its function relates to the abiotic process of the sun's movement.",False
/home/pmonserrat/datasets/imagenet/extracted_data/n04355933/ILSVRC2012_val_00000413.JPEG,sunglass,False,,,no,none,none,"The target is a sunglass. Sunglasses are manufactured items, typically made of plastic, metal, or glass. They do not contain any clearly identifiable natural material of origin (like visible wood grain or stone texture) that would qualify them as a 'Nature-Based Artefact'. They are purely manufactured goods. Not applicable since the entity is not nature.",False
/home/pmonserrat/datasets/imagenet/extracted_data/n04356056/ILSVRC2012_val_00000815.JPEG,sunglasses,False,,,no,none,none,"The target is sunglasses. While they are manufactured objects, the definition for 'Nature-Based Artefacts' requires the natural material of origin to be *clearly visually identifiable* (e.g., visible wood grain or stone texture). Sunglasses are typically made of plastic or metal with a homogenous texture, and the lenses reflect a scene, but the frame itself does not display an identifiable natural material texture. Therefore, it does not meet the criteria for nature. Not applicable since the entity is not nature.",False
/home/pmonserrat/datasets/imagenet/extracted_data/n04357314/ILSVRC2012_val_00001102.JPEG,sunscreen,False,,,yes,none,material,"The target is 'sunscreen'. Sunscreen is a processed food & drink derivative (a topical cosmetic product containing chemical ingredients) that is an edible solid or liquid element at a processing level, which explicitly counts as nature under the definition. Since nature is 'yes', I evaluate the sub-axes. Sunscreen is a manufactured chemical product, not a living organism or a natural process, so it is not biotic or abiotic in the ecological sense defined. It is a physical product that occupies space and has mass, making it material.",False
/home/pmonserrat/datasets/imagenet/extracted_data/n04366367/ILSVRC2012_val_00000778.JPEG,suspension bridge,False,,,no,none,none,"The target is a suspension bridge. While bridges are primarily human constructions, the structure is situated within a natural environment (trees, water, sky) and the image captures the interaction of this structure with natural elements (sunlight, trees). However, the bridge itself is a large-scale engineered structure, not a nature-based artefact where the natural material of origin is clearly visually identifiable (like visible wood grain or stone texture) in a way that qualifies it as nature under the strict definition. It is a purely artificial, non-natural construction. Not applicable since the entity is not nature.",False
/home/pmonserrat/datasets/imagenet/extracted_data/n04367480/ILSVRC2012_val_00000701.JPEG,swab,False,,,no,none,none,"The target is a 'swab'. A swab, in this context, appears to be a cleaning or application tool, likely made of synthetic materials (plastic/foam) and is not identifiable as being made from a natural material of origin, nor is it an edible item, nor is it a representation of nature. Therefore, it does not meet the criteria for nature. Not applicable since the entity is not nature.",False
/home/pmonserrat/datasets/imagenet/extracted_data/n04370456/ILSVRC2012_val_00000070.JPEG,sweatshirt,False,,,no,none,none,"The target is a sweatshirt worn by a doll. The sweatshirt itself is a manufactured item made of fabric. Since the fabric is not explicitly described as having a clearly identifiable natural material of origin (like visible wood grain or stone texture), and it is not a representation of a natural element, it does not meet the criteria for Nature-Based Artefacts or any other category. It is a purely manufactured garment. Not applicable since the entity is not nature.",False
/home/pmonserrat/datasets/imagenet/extracted_data/n04371430/ILSVRC2012_val_00000065.JPEG,swimming trunks,False,,,no,none,none,"The target is 'swimming trunks'. These are articles of clothing, which are manufactured items made from synthetic or textile materials. They do not fall under any of the defined categories of nature (non-human living entities, natural environments, non-living natural elements, processed food/drink, nature-based artefacts with identifiable natural material, or activities/representations of these). Not applicable since the entity is not nature.",False
/home/pmonserrat/datasets/imagenet/extracted_data/n04371774/ILSVRC2012_val_00001086.JPEG,swing,False,,,yes,abiotic,material,"The target is a swing set. The swing itself is a manufactured object, and while it is made of metal (a non-living mineral component), the structure is primarily an artefact. However, the activity of 'swinging' is explicitly listed as an activity that takes place in or directly engages with nature (in this case, a park/outdoor environment). Furthermore, the swing is situated in an outdoor environment (a park/dirt area) which is a semi-natural environment. Given the context of the activity and the environment, it is considered nature-relevant. Since nature is 'yes', I evaluate the sub-axes. The swing structure itself is a manufactured object, but the activity of swinging is an engagement with the environment. The swing structure is made of metal, which is a geological/mineral component, making it abiotic. The physical swing structure occupies space, making it material.",False
/home/pmonserrat/datasets/imagenet/extracted_data/n04372370/ILSVRC2012_val_00000053.JPEG,switch,False,,,no,none,none,"The target is an electrical wall switch. It is a manufactured object made of plastic and metal, which does not derive from a clearly identifiable natural material in a way that meets the 'Nature-Based Artefacts' criteria, nor does it fall under any other category (flora, fauna, environment, etc.). Therefore, it does not count as nature. Not applicable since the entity is not nature.",False
/home/pmonserrat/datasets/imagenet/extracted_data/n04376876/ILSVRC2012_val_00002160.JPEG,syringe,False,,,no,none,none,"The target is a syringe. It is a manufactured medical instrument made of plastic and metal. It does not fall under any category of living entities, natural environments, non-living natural elements, processed food/drink, nature-based artefacts (as its texture is homogenous and artificial), or activities/representations of nature. Therefore, it does not count as nature. Not applicable since the entity is not nature.",False
/home/pmonserrat/datasets/imagenet/extracted_data/n04380533/ILSVRC2012_val_00000026.JPEG,table lamp,False,,,no,none,none,"The target is a table lamp. While it contains a glass/artistic element, the primary structure is a manufactured object (metal/wood base, lamp shade). The lamp shade appears to be made of a material that is not clearly identifiable as having a natural origin (like wood grain or stone texture) in a way that meets the 'Nature-Based Artefacts' criteria, and the lamp itself is not a representation of nature. Therefore, it does not count as nature. Not applicable since the entity is not nature.",False
/home/pmonserrat/datasets/imagenet/extracted_data/n04389033/ILSVRC2012_val_00002120.JPEG,tank,False,,,no,none,none,"The target is a military tank. It is a complex, manufactured piece of machinery made of metal. It does not fall under any category of living entities, natural environments, non-living natural elements, processed food, nature-based artefacts (as its texture is homogenous and not derived from clearly identifiable natural materials like wood or stone), or activities/representations of nature. Therefore, it does not count as nature. Not applicable since the entity is not nature.",False
/home/pmonserrat/datasets/imagenet/extracted_data/n04392985/ILSVRC2012_val_00000627.JPEG,tape player,False,,,no,none,none,"The target is a tape player. It is a manufactured electronic device made of plastic and metal. It does not fall under any category of living entities, natural environments, non-living natural elements, processed food, nature-based artefacts (as its texture is homogenous and artificial), or any representation thereof. Therefore, it does not count as nature. Not applicable since the entity is not nature.",False
/home/pmonserrat/datasets/imagenet/extracted_data/n04398044/ILSVRC2012_val_00000464.JPEG,teapot,False,,,yes,biotic,material,"The target is a teapot decorated with edible flowers (daisies and roses) and a butterfly. The edible flowers and butterfly are representations of flora and fauna, and since they are depicted on a food item (the teapot itself, which is likely made of fondant/icing, a processed food derivative), this falls under the 'Processed Food & Drink (The Ingestion Criterion)' or the 'representation' clause for flora/fauna. The edible decorations count as nature. Since nature is 'yes', I evaluate the sub-axes. The edible flowers and butterfly represent flora and fauna, making the biotic component present. The teapot itself, being a physical, edible object, occupies space and has mass, making it material.",False
/home/pmonserrat/datasets/imagenet/extracted_data/n04399382/ILSVRC2012_val_00000602.JPEG,teddy,True,True,False,no,none,none,"The target is a teddy bear. It is a manufactured toy, not a living organism, nor does it clearly display a natural material of origin (like visible wood grain or stone texture) that would qualify it as a nature-based artefact. It is a purely artificial object, thus it does not meet the definition of nature. Not applicable since the entity is not nature.",False
/home/pmonserrat/datasets/imagenet/extracted_data/n04404412/ILSVRC2012_val_00001532.JPEG,television,False,,,,,,,True
/home/pmonserrat/datasets/imagenet/extracted_data/n04409515/ILSVRC2012_val_00000123.JPEG,tennis ball,False,,,no,none,none,"The target is a tennis ball. It is a manufactured object, and while it is not explicitly listed as a 'Nature-Based Artefact' (as its texture is homogenous and not clearly identifiable as a natural material like wood or stone), it is a processed item. The definition for 'Processed Food & Drink' includes edible solid or liquid elements at any processing level. While a tennis ball is not food, it is a manufactured item. Given the strict definitions, and lacking a clear link to a natural material or a defined processed food/drink category, it does not meet the criteria for nature. Not applicable since the entity is not nature.",False
/home/pmonserrat/datasets/imagenet/extracted_data/n04417672/ILSVRC2012_val_00003312.JPEG,thatch,True,False,True,yes,biotic,material,"The target is 'thatch', which is a roofing material made from dried vegetation (like straw or reeds). This falls under the category of Nature-Based Artefacts, as it is a manufactured covering whose natural material of origin (plant matter) is clearly visually identifiable, fulfilling the criteria for nature. Since nature is 'yes', I evaluate the sub-axes. Thatch is derived from flora, making it biotic. It is a physical, tangible covering that occupies space, making it material.",False
/home/pmonserrat/datasets/imagenet/extracted_data/n04418357/ILSVRC2012_val_00002206.JPEG,theater curtain,False,,,no,none,none,"The target is a theater curtain. While curtains are typically made of fabric, the visual evidence does not indicate that the fabric itself is derived from a clearly identifiable natural material (like visible wood grain or stone texture) in a way that qualifies it as a 'Nature-Based Artefact'. It appears to be a manufactured textile with a homogenous texture, thus it does not meet the criteria for nature. Not applicable since the entity is not nature.",False
/home/pmonserrat/datasets/imagenet/extracted_data/n04423845/ILSVRC2012_val_00001263.JPEG,thimble,False,,,no,none,none,"The target is a thimble. A thimble is a manufactured object, typically made of metal. It does not fit the criteria for a nature-based artefact because it is not made from a clearly visually identifiable natural material (like wood grain or stone texture), and it is not a representation of nature. Therefore, it does not count as nature. Not applicable since the entity is not nature.",False
/home/pmonserrat/datasets/imagenet/extracted_data/n04428191/ILSVRC2012_val_00000416.JPEG,thresher,False,,,no,none,none,"The target is a 'thresher,' which is a piece of agricultural machinery. It is a manufactured object, and while it is used in an activity related to nature (harvesting grain), the machine itself is not described as a nature-based artefact (i.e., it does not have a clearly identifiable natural material of origin like visible wood grain or stone texture). Therefore, it does not meet the criteria for nature. Not applicable since the entity is not nature.",False
/home/pmonserrat/datasets/imagenet/extracted_data/n04429376/ILSVRC2012_val_00001160.JPEG,throne,False,,,no,none,none,"The target is a throne. It is a piece of furniture, which is a manufactured object. While it is likely constructed from materials like wood or stone, the visual evidence does not allow for the clear identification of the natural material of origin (e.g., visible wood grain or distinct stone texture) required for it to qualify as a 'Nature-Based Artefact'. It appears to be a highly ornate, finished piece of furniture, failing the explicit criteria for nature. Not applicable since the entity is not nature.",False
/home/pmonserrat/datasets/imagenet/extracted_data/n04435653/ILSVRC2012_val_00000030.JPEG,tile roof,False,,,no,none,none,"The target is a tile roof, which is a manufactured object. While tiles are often made of clay (a natural material), the visual evidence shows this is part of a miniature or model structure, and the tiles themselves appear to be uniform, manufactured pieces without a clearly identifiable, unaltered natural texture (like visible wood grain or distinct natural stone texture). Therefore, it does not meet the criteria for a 'Nature-Based Artefact' as defined. Not applicable since the entity is not nature.",False
/home/pmonserrat/datasets/imagenet/extracted_data/n04442312/ILSVRC2012_val_00000737.JPEG,toaster,False,,,no,none,none,"The target is a toaster. It is a manufactured electrical appliance made of plastic and metal. It does not fall under any category of living entities, natural environments, non-living natural elements, processed food/drink, nature-based artefacts (as its texture is homogenous and unidentifiable), or activities/representations of nature. Therefore, it does not count as nature. Not applicable since the entity is not nature.",False
/home/pmonserrat/datasets/imagenet/extracted_data/n04443257/ILSVRC2012_val_00000561.JPEG,tobacco shop,False,,,yes,biotic,material,"The target is a 'tobacco shop' sign, which features a logo with a leaf and cigars. The cigars are a processed food/drink derivative (tobacco product) and the leaf is a representation of flora. The sign itself is a nature-based artefact (wood/material) depicting natural elements. The depiction of the leaf and cigars counts as a representation of nature, fulfilling the criteria. Since nature is 'yes', I evaluate the sub-axes. The leaf is flora (biotic). The cigars are a processed food derivative (biotic). The sign itself is a physical object made of wood, which is a natural material, making it material. The depiction is a physical object, not purely conceptual or fictional.",False
/home/pmonserrat/datasets/imagenet/extracted_data/n04447861/ILSVRC2012_val_00000449.JPEG,toilet seat,False,,,no,none,none,"The target is a toilet seat. It is a manufactured sanitary fixture made of ceramic or plastic. It does not fall under any of the defined categories of nature, such as living entities, natural environments, non-living natural elements, processed food, nature-based artefacts with identifiable natural material, or activities/representations of these. Not applicable since the entity is not nature.",False
/home/pmonserrat/datasets/imagenet/extracted_data/n04456115/ILSVRC2012_val_00001008.JPEG,torch,False,,,yes,abiotic,material,"The target is a torch, which is depicted as a burning object producing fire and light. While the torch itself is a manufactured object, the primary visual element is the fire/flame. Fire, in this context of a large bonfire/torchlight display, is a manifestation of a biophysical process (combustion) and is closely associated with natural elements (fuel burning). Given the context of large, open flames, it is interpreted as a representation of a natural process (fire/light source) rather than a purely artificial object, thus counting as nature. Since nature is 'yes', I evaluate the sub-axes. The flame/fire is a biophysical process (combustion/burning), making it abiotic. The visible flames and the physical torches occupy space and have mass, making the overall depiction material.",False
/home/pmonserrat/datasets/imagenet/extracted_data/n04458633/ILSVRC2012_val_00000525.JPEG,totem pole,False,,,yes,biotic,material,"The target is a totem pole. It is a manufactured or crafted object. While it is not made of a single, clearly identifiable natural material like raw wood grain in a simple piece of furniture, it is carved from wood, and the visual evidence shows the structure and carving style derived from natural materials. This falls under the category of Nature-Based Artefacts, provided the natural material of origin (wood) is visually identifiable in its structure, which it is. Since nature is 'yes', I evaluate the sub-axes. The totem pole is a crafted object made from wood, which is a derivative of flora, making it biotic. It is a physical, three-dimensional object that occupies space, making it material.",False
/home/pmonserrat/datasets/imagenet/extracted_data/n04461696/ILSVRC2012_val_00000671.JPEG,tow truck,False,,,no,none,none,"The target is a tow truck. It is a complex, manufactured vehicle made primarily of metal and plastic. It does not fit the criteria for a nature-based artefact because its texture is homogenous and unidentifiable as a natural material, nor does it represent a natural element, process, or organism. Therefore, it does not count as nature. Not applicable since the entity is not nature.",False
/home/pmonserrat/datasets/imagenet/extracted_data/n04462240/ILSVRC2012_val_00000261.JPEG,toyshop,False,,,no,none,none,"The target is a 'toyshop'. A toyshop is a commercial retail establishment, which is an administrative or commercial unit, not a natural environment, living entity, or natural process. It does not fit any of the defined categories of nature. Not applicable since the entity is not nature.",False
/home/pmonserrat/datasets/imagenet/extracted_data/n04465501/ILSVRC2012_val_00000294.JPEG,tractor,False,,,no,none,none,"The target is a tractor. It is a complex piece of machinery, typically made of metal and rubber. It does not fall under any of the defined categories of living entities, natural environments, non-living natural elements (hydrological, atmospheric, geological, astrophysical, biophysical), processed food/drink, nature-based artefacts (as its texture is homogenous manufactured metal/rubber), or activities/representations of nature. Therefore, it does not count as nature. Not applicable since the entity is not nature.",False
/home/pmonserrat/datasets/imagenet/extracted_data/n04467665/ILSVRC2012_val_00000187.JPEG,trailer truck,False,,,no,none,none,"The target is a trailer truck. It is a complex, manufactured vehicle made primarily of metal and plastic. It does not fall under any category of non-human living entities, natural environments, non-living natural elements, processed food/drink, nature-based artefacts (as its texture is homogenous and industrial, not derived from clearly identifiable natural materials like wood or stone), or activities/representations of nature. Therefore, it does not count as nature. Not applicable since the entity is not nature.",False
/home/pmonserrat/datasets/imagenet/extracted_data/n04476259/ILSVRC2012_val_00000513.JPEG,tray,False,,,no,none,none,"The target is a tray. It is a manufactured object made of metal. The definition for Nature-Based Artefacts requires that the natural material of origin be 'clearly visually identifiable' (e.g., visible wood grain or stone texture). Since the tray is a homogenous, reflective metal surface without visible natural texture, it does not meet the criteria for a nature-based artefact, nor does it fall under any other category of nature. Not applicable since the entity is not nature.",False
/home/pmonserrat/datasets/imagenet/extracted_data/n04479046/ILSVRC2012_val_00000291.JPEG,trench coat,False,,,no,none,none,"The target is a 'trench coat'. A trench coat is a manufactured article of clothing, typically made of fabric (like cotton or gabardine). Unless the fabric itself has a clearly identifiable natural texture (like visible canvas weave or leather grain) that qualifies it as a 'Nature-Based Artefact', it is considered a purely manufactured item. In the absence of such visual evidence, it does not meet the criteria for nature. Not applicable since the entity is not nature.",False
/home/pmonserrat/datasets/imagenet/extracted_data/n04482393/ILSVRC2012_val_00000069.JPEG,tricycle,False,,,no,none,none,"The target is a tricycle. It is a manufactured object made of metal and plastic. It does not possess any clearly identifiable natural material of origin (like visible wood grain or stone texture) and is not a representation of nature, so it fails the criteria for nature. Not applicable since the entity is not nature.",False
/home/pmonserrat/datasets/imagenet/extracted_data/n04483307/ILSVRC2012_val_00001519.JPEG,trimaran,False,,,no,none,none,"The target is a trimaran, which is a type of boat. It is a manufactured object, and while it is not explicitly described as having a clearly identifiable natural material of origin (like visible wood grain or stone texture), it is a vessel operating in a natural environment (the sea/beach). However, based strictly on the definition, it is a manufactured object that does not fall under the 'Nature-Based Artefacts' clause unless its material is visible. Since it is a modern, likely composite or painted vessel, and it is not an activity, it does not meet the criteria for nature. Not applicable since the entity is not nature.",False
/home/pmonserrat/datasets/imagenet/extracted_data/n04485082/ILSVRC2012_val_00000059.JPEG,tripod,False,,,no,none,none,"The target is a tripod. It is a manufactured object, and while it is made of material (likely metal or wood), the visual evidence does not show a clearly identifiable natural material of origin (like visible wood grain or stone texture) that would qualify it as a 'Nature-Based Artefact'. It is a purely functional, manufactured tool. Not applicable since the entity is not nature.",False
/home/pmonserrat/datasets/imagenet/extracted_data/n04486054/ILSVRC2012_val_00001325.JPEG,triumphal arch,False,,,no,none,none,"The target is a triumphal arch, a large architectural structure. It is a manufactured object, not explicitly described as having a clearly identifiable natural material of origin (like visible wood grain or stone texture in a way that distinguishes it from general masonry), nor is it a representation of nature. Therefore, it does not meet the criteria for nature-based artefacts or any other category. Not applicable since the entity is not nature.",False
/home/pmonserrat/datasets/imagenet/extracted_data/n04487081/ILSVRC2012_val_00000573.JPEG,trolleybus,False,,,no,none,none,"The target is a trolleybus. It is a manufactured vehicle made of metal and other industrial materials. It does not fall under any of the defined categories of nature, such as living entities, natural environments, non-living natural elements, processed food, nature-based artefacts with identifiable natural material, or activities/representations of these. Not applicable since the entity is not nature.",False
/home/pmonserrat/datasets/imagenet/extracted_data/n04487394/ILSVRC2012_val_00000146.JPEG,trombone,False,,,no,none,none,"The target is a trombone. It is a manufactured musical instrument made of metal. It does not fall under any category of living entities, natural environments, non-living natural elements, processed food, nature-based artefacts (as its texture is homogenous metal, not identifiable natural material), or activities/representations of nature. Therefore, it does not count as nature. Not applicable since the entity is not nature.",False
/home/pmonserrat/datasets/imagenet/extracted_data/n04493381/ILSVRC2012_val_00000874.JPEG,tub,False,,,no,none,none,"The target is a bathtub. It is a manufactured object made of ceramic or acrylic. It does not possess a clearly identifiable natural material of origin (like visible wood grain or stone texture) and is not a representation of a natural element, so it fails the criteria for nature. Not applicable since the entity is not nature.",False
/home/pmonserrat/datasets/imagenet/extracted_data/n04501370/ILSVRC2012_val_00001750.JPEG,turnstile,False,,,no,none,none,"The target is a turnstile. It is a manufactured piece of metal infrastructure. It does not fit any category of living entities, natural environments, non-living natural elements, processed food, nature-based artefacts (as its texture is homogenous metal, not identifiable natural material), or activities/representations of nature. Therefore, it does not count as nature. Not applicable since the entity is not nature.",False
/home/pmonserrat/datasets/imagenet/extracted_data/n04505470/ILSVRC2012_val_00000104.JPEG,typewriter keyboard,False,,,no,none,none,"The target is a typewriter keyboard. It is a manufactured object. While it is made of materials (metal, plastic) that originate from nature, the keyboard itself is a complex, homogenous, manufactured artifact. It does not possess a clearly visually identifiable natural material of origin (like visible wood grain or stone texture) that would qualify it as a 'Nature-Based Artefact' under the definition. Therefore, it does not count as nature. Not applicable since the entity is not nature.",False
/home/pmonserrat/datasets/imagenet/extracted_data/n04507155/ILSVRC2012_val_00000381.JPEG,umbrella,False,,,no,none,none,"The target is an umbrella. It is a manufactured object, and while it is used in relation to weather (rain/protection), the umbrella itself is not described as having a clearly identifiable natural material of origin (like visible wood grain or stone texture) that would qualify it as a 'Nature-Based Artefact'. It is a purely manufactured item. Not applicable since the entity is not nature.",False
/home/pmonserrat/datasets/imagenet/extracted_data/n04509417/ILSVRC2012_val_00002599.JPEG,unicycle,False,,,no,none,none,"The target is a unicycle. It is a manufactured object made of metal and wood/composite materials. It does not possess any clearly identifiable natural material of origin (like visible wood grain or stone texture) that would qualify it as a 'Nature-Based Artefact'. It is a purely artificial machine, thus failing the criteria for nature. Not applicable since the entity is not nature.",False
/home/pmonserrat/datasets/imagenet/extracted_data/n04515003/ILSVRC2012_val_00000284.JPEG,upright,False,,,no,none,none,"The target entity is the word ""upright"" which is not a visual element in the image. Assuming the target refers to the upright piano visible in the image, the piano is a manufactured object. While it is made of wood, the visual evidence does not allow for a clear identification of the natural material of origin in a way that meets the 'Nature-Based Artefacts' criteria, as the texture is that of a finished, dark wooden instrument, not a clearly identifiable natural surface like visible wood grain or stone texture. Therefore, it is classified as a manufactured object without clear natural material identification. Not applicable since the entity is not nature.",False
/home/pmonserrat/datasets/imagenet/extracted_data/n04517823/ILSVRC2012_val_00000712.JPEG,vacuum,False,,,no,none,none,"The target entity is 'vacuum'. In the context of the image, this refers to the space or the function of a vacuum cleaner. A vacuum, as a concept or the absence of matter, does not fit any of the defined categories of living entities, natural environments, non-living natural elements/processes, processed food, nature-based artefacts, or activities engaging with them. It is a state or a concept related to physics, not a natural element as defined. Not applicable since the entity is not nature.",False
/home/pmonserrat/datasets/imagenet/extracted_data/n04522168/ILSVRC2012_val_00000895.JPEG,vase,False,,,no,none,none,"The target is a vase. It is a manufactured object. The visual evidence shows it is covered in patterns resembling natural elements (like flowing water or organic textures), but the vase itself is a ceramic/glass object. It does not appear to be a 'Nature-Based Artefact' where the natural material of origin (e.g., visible wood grain or stone texture) is clearly identifiable; the pattern is applied decoration, not the inherent texture of the material itself. Therefore, it does not meet the criteria for nature. Not applicable since the entity is not nature.",False
/home/pmonserrat/datasets/imagenet/extracted_data/n04523525/ILSVRC2012_val_00001002.JPEG,vault,False,,,yes,abiotic,material,"The target is a vault structure made of stone blocks. This is a manufactured architectural element, but the material of origin is clearly identifiable as stone. Nature-based artefacts where the natural material of origin is clearly visually identifiable count as nature, fulfilling the criteria. Since nature is 'yes', I evaluate the sub-axes. Stone is a geological component, making it abiotic. The vault structure is a physical, tangible object occupying space, making it material.",False
/home/pmonserrat/datasets/imagenet/extracted_data/n04525038/ILSVRC2012_val_00000433.JPEG,velvet,False,,,no,none,none,"The target is 'velvet', which describes the material of the bag. Velvet is a textile, and while it is a manufactured item, the definition for 'Nature-Based Artefacts' requires the natural material of origin to be *clearly visually identifiable* (e.g., visible wood grain or stone texture). Velvet, in this image, presents a homogenous, patterned texture that does not reveal the underlying natural fiber structure in a way that meets this strict identification criterion, nor is it a derivative of a clearly identifiable natural element like wood or stone. Therefore, it does not meet the criteria for nature. Not applicable since the entity is not nature.",False
/home/pmonserrat/datasets/imagenet/extracted_data/n04525305/ILSVRC2012_val_00001881.JPEG,vending machine,False,,,no,none,none,"The target is a vending machine. While it contains processed food and drink (e.g., juice boxes, chips) which count as nature under the 'Processed Food & Drink' criterion, the vending machine itself is a manufactured apparatus. The machine's structure is not a nature-based artefact because it does not have a clearly identifiable natural material of origin (it is primarily metal/plastic). Therefore, the machine as a whole does not count as nature, although its contents do. Not applicable since the entity is not nature.",False
/home/pmonserrat/datasets/imagenet/extracted_data/n04532106/ILSVRC2012_val_00000036.JPEG,vestment,False,,,no,none,none,"The target is a 'vestment,' which is a piece of clothing worn by a figure. It is a manufactured garment, and while it is made of materials (likely fabric, thread, and possibly metallic elements), the visual evidence does not show the natural material of origin (like visible wood grain or stone texture) in a way that qualifies it as a 'Nature-Based Artefact.' Furthermore, it is not an edible item, nor is it a representation of a natural element. Therefore, it does not meet the criteria for nature. Not applicable since the entity is not nature.",False
/home/pmonserrat/datasets/imagenet/extracted_data/n04532670/ILSVRC2012_val_00000296.JPEG,viaduct,False,,,no,none,none,"The target is a viaduct, which is a large bridge structure. It is a purely engineered, man-made construction made of metal and concrete. It does not fit the definition of a natural environment, a non-living natural element, a processed food, a nature-based artefact (as its texture is homogenous and industrial, not derived from clearly identifiable natural materials like wood grain or stone texture), nor is it an activity or representation of nature. Not applicable since the entity is not nature.",False
/home/pmonserrat/datasets/imagenet/extracted_data/n04536866/ILSVRC2012_val_00000212.JPEG,violin,False,,,no,none,none,"The target is a violin. It is a manufactured musical instrument. While it is made of natural materials (typically wood), the definition for 'Nature-Based Artefacts' requires the natural material of origin to be *clearly visually identifiable*. In this image, the violin is a complex, finished object, and while it is made of wood, the texture is not presented in a way that allows for clear visual identification of the raw natural material in the same way as a piece of visible wood grain or stone texture would. Therefore, it does not meet the strict criteria for a nature-based artefact. Not applicable since the entity is not nature.",False
/home/pmonserrat/datasets/imagenet/extracted_data/n04540053/ILSVRC2012_val_00001680.JPEG,volleyball,False,,,no,none,none,"The target is a volleyball. While a volleyball is a manufactured object, it is typically made of materials like leather or synthetic composites designed to mimic natural materials, but the definition for 'Nature-Based Artefacts' requires the natural material of origin to be *clearly visually identifiable* (e.g., visible wood grain or stone texture). A standard volleyball does not meet this criterion of clearly identifiable natural material, and it is not listed under Processed Food & Drink. Therefore, it does not count as nature. Not applicable since the entity is not nature.",False
/home/pmonserrat/datasets/imagenet/extracted_data/n04542943/ILSVRC2012_val_00000797.JPEG,waffle iron,False,,,no,none,none,"The target is a waffle iron. It is a manufactured kitchen appliance made of metal and non-natural materials. It does not fit any of the defined categories of nature (living entities, natural environments, non-living natural elements/processes, processed food/drink, nature-based artefacts with identifiable natural material, or activities/representations thereof). Not applicable since the entity is not nature.",False
/home/pmonserrat/datasets/imagenet/extracted_data/n04548280/ILSVRC2012_val_00004307.JPEG,wall clock,False,,,no,none,none,"The target is a wall clock. It is a manufactured object, and while it displays time (an abstract concept), the clock face itself is a manufactured item. It does not contain any clearly identifiable natural material of origin (like visible wood grain or stone texture) that would qualify it as a 'Nature-Based Artefact'. Therefore, it does not meet the criteria for nature. Not applicable since the entity is not nature.",False
/home/pmonserrat/datasets/imagenet/extracted_data/n04548362/ILSVRC2012_val_00000866.JPEG,wallet,False,,,yes,biotic,material,"The target is a wallet. It is a manufactured object, likely made of leather. The definition includes 'Nature-Based Artefacts' where the natural material of origin is clearly visually identifiable. The visible texture and appearance of the leather suggest it is derived from an animal, meeting this criterion. Since nature is 'yes', I evaluate the sub-axes. Leather is a derivative of fauna (animal hide), making it biotic. The wallet is a physical object that occupies space and has mass, making it material.",False
/home/pmonserrat/datasets/imagenet/extracted_data/n04550184/ILSVRC2012_val_00000482.JPEG,wardrobe,False,,,yes,biotic,material,"The target is a wardrobe made of wood. The visual evidence clearly shows the wood grain and texture, which qualifies it as a nature-based artefact where the natural material of origin is visually identifiable, thus meeting the criteria for nature. Since nature is 'yes', I evaluate the sub-axes. Wood is derived from flora, making it biotic. The wardrobe is a physical, tangible object that occupies space, making it material.",False
/home/pmonserrat/datasets/imagenet/extracted_data/n04552348/ILSVRC2012_val_00000369.JPEG,warplane,False,,,no,none,none,"The target is a warplane. It is a complex, manufactured machine made of metal and composite materials. It does not fall under any category of non-human living entities, natural environments, non-living natural elements/processes, processed food/drink, nature-based artefacts (as its texture is homogenous and not derived from clearly identifiable natural materials like wood or stone), or activities/representations of the above. Therefore, it does not count as nature. Not applicable since the entity is not nature.",False
/home/pmonserrat/datasets/imagenet/extracted_data/n04553703/ILSVRC2012_val_00000538.JPEG,washbasin,False,,,no,none,none,"The target is a washbasin. It is a manufactured fixture, typically made of ceramic or porcelain. It does not fall under any of the defined categories of nature (living entities, natural environments, non-living natural elements/processes, processed food/drink, nature-based artefacts with visible natural material, or activities/representations of these). Not applicable since the entity is not nature.",False
/home/pmonserrat/datasets/imagenet/extracted_data/n04554684/ILSVRC2012_val_00000280.JPEG,washer,False,,,no,none,none,"The target is a 'washer', which refers to a washing machine. This is a manufactured appliance made of plastic and metal, and it does not fall under any of the defined categories of nature (living entities, natural environments, non-living natural elements, processed food, nature-based artefacts with identifiable natural material, or activities/representations thereof). Not applicable since the entity is not nature.",False
/home/pmonserrat/datasets/imagenet/extracted_data/n04557648/ILSVRC2012_val_00000745.JPEG,water bottle,False,,,no,none,none,"The target is a plastic water bottle. While it contains water (an abiotic natural element), the bottle itself is a manufactured object made of plastic. Plastic is a synthetic material and does not derive from a clearly identifiable natural material, nor is it a processed food/drink item. Therefore, it does not meet the criteria for Nature-Based Artefacts or Processed Food & Drink, and the plastic itself is not a natural element. Not applicable since the entity is not nature.",False
/home/pmonserrat/datasets/imagenet/extracted_data/n04560804/ILSVRC2012_val_00000286.JPEG,water jug,False,,,no,none,none,"The target is a water jug. While it is a manufactured object, the definition for 'Nature-Based Artefacts' requires the natural material of origin to be *clearly visually identifiable* (e.g., visible wood grain or stone texture). The jug appears to be made of opaque or semi-opaque plastic, which has a homogenous, unidentifiable texture, thus failing the criteria for nature-based artefacts. Not applicable since the entity is not nature.",False
/home/pmonserrat/datasets/imagenet/extracted_data/n04562935/ILSVRC2012_val_00000586.JPEG,water tower,False,,,no,none,none,"The target is a water tower. While it is a manufactured structure, it is designed to hold and distribute water. The definition includes 'Hydrological components (e.g., a river, pond, lake)' as nature. Although the tower itself is artificial, it is a structure directly associated with the storage and management of a natural hydrological component (water). However, the definition for 'Nature-Based Artefacts' requires the *natural material of origin* to be clearly visually identifiable (e.g., wood grain, stone texture). A typical metal water tower does not meet this criterion. Furthermore, it is not a representation of nature, but a functional piece of infrastructure. Therefore, it does not meet the strict criteria for nature. Not applicable since the entity is not nature.",False
/home/pmonserrat/datasets/imagenet/extracted_data/n04579145/ILSVRC2012_val_00002867.JPEG,whiskey jug,False,,,no,none,none,"The target is a whiskey jug. It is a manufactured object. While it is made of ceramic/porcelain, the definition for 'Nature-Based Artefacts' requires the natural material of origin to be *clearly visually identifiable* (e.g., visible wood grain or stone texture). A standard ceramic jug does not inherently display such a texture, and it is not explicitly defined as being made of a recognizable natural material like wood or stone in a way that meets this strict visual criterion. Furthermore, it is not a processed food/drink item itself, nor does it depict nature. Not applicable since the entity is not nature.",False
/home/pmonserrat/datasets/imagenet/extracted_data/n04579432/ILSVRC2012_val_00000497.JPEG,whistle,False,,,no,none,none,"The target is a whistle. The visual evidence shows it is a manufactured object made of plastic. Since it is a homogenous, unidentifiable texture and is not made from a clearly identifiable natural material, it does not meet the criteria for a Nature-Based Artefact, nor does it fall into any other category of nature. Not applicable since the entity is not nature.",False
/home/pmonserrat/datasets/imagenet/extracted_data/n04584207/ILSVRC2012_val_00000854.JPEG,wig,False,,,no,none,none,"The target is a wig. A wig is a manufactured item, typically made of synthetic or real hair. Since the material is not clearly identifiable as a natural element (like visible wood grain or stone texture) and it is a constructed item, it does not meet the criteria for a Nature-Based Artefact. It is not a depiction of nature, nor is it a natural entity or process itself. Not applicable since the entity is not nature.",False
/home/pmonserrat/datasets/imagenet/extracted_data/n04589890/ILSVRC2012_val_00000351.JPEG,window screen,False,,,no,none,none,"The target is a window screen. A window screen is a manufactured object, typically made of mesh or plastic, and does not possess a clearly identifiable natural material of origin (like visible wood grain or stone texture) that would qualify it as a Nature-Based Artefact. It is not a living entity, nor is it a natural element or process. Not applicable since the entity is not nature.",False
/home/pmonserrat/datasets/imagenet/extracted_data/n04590129/ILSVRC2012_val_00000587.JPEG,window shade,False,,,no,none,none,"The target is a window shade. It is a manufactured object, and while it is made of material, the visual evidence does not show a natural material of origin (like visible wood grain or stone texture) that is clearly identifiable. It appears to be a homogenous, manufactured material, thus failing the criteria for Nature-Based Artefacts and other categories. Not applicable since the entity is not nature.",False
/home/pmonserrat/datasets/imagenet/extracted_data/n04591157/ILSVRC2012_val_00000106.JPEG,windsor tie,False,,,no,none,none,"The target is a 'windsor tie'. A tie is a manufactured article of clothing. It is not explicitly described as being made of a naturally identifiable material (like visible wood grain or stone texture) that would qualify it as a 'Nature-Based Artefact'. It is a textile product, and while textiles can be derived from natural fibers, the definition requires the natural material of origin to be *clearly visually identifiable* in the artefact, which is not the case for this patterned tie. Not applicable since the entity is not nature.",False
/home/pmonserrat/datasets/imagenet/extracted_data/n04591713/ILSVRC2012_val_00000805.JPEG,wine bottle,False,,,yes,biotic,material,"The target is a wine bottle. The contents of a wine bottle are wine, which is an edible liquid element at any processing level (a derivative of grapes/flora). This falls under the 'Processed Food & Drink (The Ingestion Criterion)' and counts as nature. Since nature is 'yes', I evaluate the sub-axes. Wine is derived from grapes (flora), making it biotic. The bottle itself is a physical object containing the liquid, and the liquid itself has physical presence, making the overall entity material.",False
/home/pmonserrat/datasets/imagenet/extracted_data/n04592741/ILSVRC2012_val_00001901.JPEG,wing,False,,,no,none,none,"The target is the wing of a military jet aircraft. The aircraft itself is a manufactured object, and while it is depicted in a natural environment (the sky), the wing is a purely artificial, non-natural component. It does not qualify as a nature-based artefact because its material is not a clearly identifiable natural material in the context of the definition (it is metal/composite, not wood or stone). Therefore, it does not count as nature. Not applicable since the entity is not nature.",False
/home/pmonserrat/datasets/imagenet/extracted_data/n04596742/ILSVRC2012_val_00001328.JPEG,wok,False,,,yes,biotic,material,"The target is a 'wok' containing a prepared meal (noodles, egg, fish, etc.). The meal itself consists of edible solid and liquid elements at a processing level (cooked food), which explicitly counts as nature under the 'Processed Food & Drink (The Ingestion Criterion)' definition. The wok itself is a manufactured item, but the contents are the primary focus for nature classification. Since nature is 'yes', I evaluate the sub-axes. The contents of the wok (noodles, fish, egg, etc.) are derivatives of flora and fauna, making them biotic. The entire dish, being a physical, edible substance occupying space, is material.",False
/home/pmonserrat/datasets/imagenet/extracted_data/n04597913/ILSVRC2012_val_00002685.JPEG,wooden spoon,True,False,True,yes,biotic,material,"The target is a wooden spoon. It is a manufactured object made of wood, and the visual evidence clearly shows the natural material of origin (wood grain/texture) is identifiable, which qualifies it as a Nature-Based Artefact under the definition of nature. Since nature is 'yes', I evaluate the sub-axes. Wood is derived from flora, making it biotic. The spoon is a physical, tangible object that occupies space, making it material.",False
/home/pmonserrat/datasets/imagenet/extracted_data/n04599235/ILSVRC2012_val_00001208.JPEG,wool,False,,,yes,biotic,material,"The target is 'wool'. Wool is a natural fiber derived from animals (fauna), which falls under the definition of non-human living entities or their derivatives. Therefore, it counts as nature. Since nature is 'yes', I evaluate the sub-axes. Wool is a derivative of fauna, making it biotic. The wool shown is a physical, tangible material that occupies space, making it material.",False
/home/pmonserrat/datasets/imagenet/extracted_data/n04604644/ILSVRC2012_val_00000437.JPEG,worm fence,False,,,yes,biotic,material,"The target is a 'worm fence', which is constructed from wooden stakes. The visual evidence shows these stakes are made of wood, a natural material. Since the natural material of origin (wood) is clearly visually identifiable, this counts as a nature-based artefact, fulfilling the criteria for nature. Since nature is 'yes', I evaluate the sub-axes. Wood is a derivative of flora, making it biotic. The fence is a physical structure occupying space and having mass, making it material.",False
/home/pmonserrat/datasets/imagenet/extracted_data/n04606251/ILSVRC2012_val_00001034.JPEG,wreck,False,,,yes,biotic,material,"The target is a 'wreck,' which is a sunken structure. While it is a manufactured object, the visual evidence shows it is heavily covered in marine growth (algae, coral, etc.). This biological covering means the structure is interacting with and covered by non-human living entities (flora/fauna), and the structure itself is situated within a natural environment (the ocean/underwater ecosystem). The presence of the biological growth qualifies the entire entity as interacting with nature. Since nature is 'yes', I evaluate the sub-axes. The wreck itself is a manufactured object, but its current state, heavily colonized by marine life, places it within an ecosystem context. The biological growth is biotic. The physical structure of the wreck, being a tangible object occupying space, is material.",False
/home/pmonserrat/datasets/imagenet/extracted_data/n04612504/ILSVRC2012_val_00003145.JPEG,yawl,False,,,yes,biotic,material,"The target is a 'yawl', which is a type of sailboat. While the boat itself is a manufactured object, the context shows it is operating on the water (a hydrological component) and is engaged in an activity (sailing). Furthermore, the boat is interacting with the natural environment. The boat's structure, being made of wood and canvas, qualifies as a nature-based artefact (wood grain visible) and the activity of sailing engages with nature. Therefore, it counts as nature. Since nature is 'yes', I evaluate the sub-axes. The boat itself is a manufactured object made of wood (a derivative of flora), which is biotic. However, the primary context involves the boat interacting with the water (abiotic) and the activity of sailing. Given the composition (wood/canvas) and the activity, the most fitting classification is biotic due to the material origin, though abiotic elements are present in the scene.",False
/home/pmonserrat/datasets/imagenet/extracted_data/n04613696/ILSVRC2012_val_00000460.JPEG,yurt,False,,,no,none,none,"The target is a yurt. A yurt is a portable, round tent structure. It is a manufactured object, and while it is situated in a natural environment, the yurt itself is a constructed shelter. It does not fit the definition of a Nature-Based Artefact because it is not clearly made from a single, visually identifiable natural material (like visible wood grain or stone texture) in the way the definition requires; it appears to be constructed from canvas/fabric. Therefore, it does not count as nature. Not applicable since the entity is not nature.",False
/home/pmonserrat/datasets/imagenet/extracted_data/n06359193/ILSVRC2012_val_00000830.JPEG,web site,False,,,no,none,none,"The target entity is a 'web site'. A web site is a digital, non-physical construct, and it does not fall under any of the defined categories of nature, which include living entities, natural environments, non-living natural elements, processed food, nature-based artefacts, or representations thereof. It is a purely informational/digital medium. Not applicable since the entity is not nature.",False
/home/pmonserrat/datasets/imagenet/extracted_data/n06596364/ILSVRC2012_val_00000985.JPEG,comic book,False,,,yes,none,immaterial,"The target is a comic book. The content of the comic book depicts fictional representations of space travel, aliens, and characters (e.g., Star Trek, Star Wars elements). Since the definition includes any representation of nature—including fictional/artistic depictions—that explicitly refers to or depicts one of the categories above, the fictional elements within the comic book count as nature-relevant. Since nature is 'yes', I evaluate the sub-axes. The content depicts fictional entities and scenarios, which fall under the 'Fictional representation' subtype of immaterial depictions. The physical object itself (the paper book) is material, but the classification is based on the nature-relevant content, which is immaterial.",False
/home/pmonserrat/datasets/imagenet/extracted_data/n06785654/ILSVRC2012_val_00002362.JPEG,crossword puzzle,False,,,no,none,none,"The target is a crossword puzzle. A crossword puzzle is a manufactured game/activity. It does not depict, represent, or contain any of the defined natural elements (flora, fauna, ecosystems, hydrological/atmospheric/geological/astrophysical components, processed food, or identifiable natural artefacts). Therefore, it does not count as nature. Not applicable since the entity is not nature.",False
/home/pmonserrat/datasets/imagenet/extracted_data/n06794110/ILSVRC2012_val_00000903.JPEG,street sign,False,,,yes,biotic,material,"The target is a street sign displaying a pictogram of people walking. While the sign itself is a manufactured object, the pictogram depicts human figures engaged in an activity (walking). Activities that take place in or directly engage with nature are considered nature-relevant. Furthermore, the depiction of human figures, even stylized, falls under the category of a representation of life, which counts as nature. Since nature is 'yes', I evaluate the sub-axes. The pictogram represents human figures, which are living entities (fauna/humanity), making the concept biotic. The sign itself is a physical object made of materials (metal/plastic) that occupies space, making the representation material.",False
/home/pmonserrat/datasets/imagenet/extracted_data/n06874185/ILSVRC2012_val_00000274.JPEG,traffic light,False,,,no,none,none,"The target is a traffic light. It is a manufactured object made of plastic and metal, and it does not possess any clearly identifiable natural material of origin (like visible wood grain or stone texture). It is a purely artificial device, thus failing the criteria for nature. Not applicable since the entity is not nature.",False
/home/pmonserrat/datasets/imagenet/extracted_data/n07248320/ILSVRC2012_val_00000980.JPEG,book jacket,False,,,yes,abiotic,material,"The target is a book jacket. The visual evidence shows the jacket features a pattern that appears to be an abstract representation of natural elements, specifically resembling geological or fluid patterns (like minerals or water/oil mixing). While the jacket itself is a manufactured object, the pattern strongly suggests a representation of natural processes or materials. Given the explicit inclusion of 'Any representation of the above... that explicitly refers to or depicts one of the categories above' (e.g., a painting of a landscape), this abstract pattern qualifies as a representation of natural elements. Since nature is 'yes', I evaluate the sub-axes. The pattern depicts abstract natural elements (geological/fluid), which fall under abiotic processes/components. The book jacket is a physical, tangible object, making it material.",False
/home/pmonserrat/datasets/imagenet/extracted_data/n07565083/ILSVRC2012_val_00000209.JPEG,menu,False,,,no,none,none,"The target is a 'menu'. A menu is a printed document containing text and images, but it does not inherently depict, contain, or represent any of the defined natural elements (flora, fauna, ecosystems, hydrological components, weather, geological features, astrophysical events, processed food, or nature-based artefacts). It is a purely functional, human-made informational object. Not applicable since the entity is not nature.",False
/home/pmonserrat/datasets/imagenet/extracted_data/n07579787/ILSVRC2012_val_00001611.JPEG,plate,False,,,yes,biotic,material,"The target is a plate containing various food items (salami, ham, olives, tomatoes, etc.). Processed food and drink, including edible solid elements at any processing level, are explicitly classified as nature under the definition. Since nature is 'yes', I evaluate the sub-axes. The food items are derivatives of flora and fauna (meat, vegetables), making them biotic. The food itself is a physical, edible element occupying space, making it material.",False
/home/pmonserrat/datasets/imagenet/extracted_data/n07583066/ILSVRC2012_val_00000728.JPEG,guacamole,True,True,True,yes,biotic,material,"The target is guacamole. The definition explicitly includes 'Processed Food & Drink (The Ingestion Criterion): Edible solid or liquid elements at any processing level count as nature. This explicitly includes processed foods and derivatives (e.g., pasta, a meatball, a tuna can, sugar, coffee, butter). Guacamole fits this description as a processed food. Since nature is 'yes', I evaluate the sub-axes. Guacamole is made from ingredients like avocados (flora) and other natural components, making it a derivative of biotic material. It is a physical substance occupying space, making it material.",False
/home/pmonserrat/datasets/imagenet/extracted_data/n07584110/ILSVRC2012_val_00000267.JPEG,consomme,True,True,True,yes,biotic,material,"The target is 'consomme', which is a type of soup. The definition explicitly includes 'Processed Food & Drink (The Ingestion Criterion): Edible solid or liquid elements at any processing level count as nature.' Consommé fits this description as a processed food/drink. Since nature is 'yes', I evaluate the sub-axes. Consommé is a liquid food product derived from biological sources (meat/vegetables), classifying it as biotic. It is a tangible, edible substance occupying space, classifying it as material.",False
/home/pmonserrat/datasets/imagenet/extracted_data/n07590611/ILSVRC2012_val_00001512.JPEG,hot pot,True,True,True,yes,biotic,material,"The target is 'hot pot', which refers to the contents of the pot. The pot contains various ingredients such as meat, vegetables, and broth. Processed Food & Drink, which includes edible solid or liquid elements at any processing level, explicitly counts as nature. The contents are clearly edible food items. Since nature is 'yes', I evaluate the sub-axes. The contents include meat (fauna derivative) and vegetables (flora), making the overall composition biotic. The food itself is a physical substance occupying space, making it material.",False
/home/pmonserrat/datasets/imagenet/extracted_data/n07613480/ILSVRC2012_val_00000620.JPEG,trifle,True,True,True,yes,biotic,material,"The target is a trifle. The definition explicitly includes 'Processed Food & Drink (The Ingestion Criterion): Edible solid or liquid elements at any processing level count as nature. This explicitly includes processed foods and derivatives (e.g., pasta, a meatball, a tuna can, sugar, coffee, butter).' Since nature is 'yes', I evaluate the sub-axes. A trifle is composed of various edible elements (cream, fruit, cake, etc.), which are derivatives of flora and fauna, making it biotic. It is a physical food item occupying space, making it material.",False
/home/pmonserrat/datasets/imagenet/extracted_data/n07614500/ILSVRC2012_val_00000574.JPEG,ice cream,True,True,True,yes,biotic,material,"The target is 'ice cream', which is a processed food and drink. The definition explicitly states that 'Processed Food & Drink (The Ingestion Criterion): Edible solid or liquid elements at any processing level count as nature.' Therefore, the ice cream counts as nature. Since nature is 'yes', I evaluate the sub-axes. Ice cream is a derivative of dairy (a product of fauna) and other ingredients, classifying it as biotic. It is a tangible, edible solid element, making it material.",False
/home/pmonserrat/datasets/imagenet/extracted_data/n07615774/ILSVRC2012_val_00002619.JPEG,ice lolly,True,True,True,yes,biotic,material,"The target is an 'ice lolly'. Under the definition, 'Processed Food & Drink (The Ingestion Criterion)' states that edible solid or liquid elements at any processing level count as nature. An ice lolly is a processed, edible food item. Since nature is 'yes', I evaluate the sub-axes. An ice lolly is a derivative of food, which falls under the biotic category (natural or semi-natural flora derivatives). It is a physical, edible object that occupies space, making it material.",False
/home/pmonserrat/datasets/imagenet/extracted_data/n07684084/ILSVRC2012_val_00000820.JPEG,french loaf,True,True,True,yes,biotic,material,"The target is a 'french loaf'. The definition explicitly includes 'Processed Food & Drink (The Ingestion Criterion): Edible solid or liquid elements at any processing level count as nature. This explicitly includes processed foods and derivatives (e.g., pasta, a meatball, a tuna can, sugar, coffee, butter).' Since nature is 'yes', I evaluate the sub-axes. Bread is derived from grain (flora), making it biotic. The loaf is a physical, edible object that occupies space, making it material.",False
/home/pmonserrat/datasets/imagenet/extracted_data/n07693725/ILSVRC2012_val_00001405.JPEG,bagel,True,True,True,yes,biotic,material,"The target is a bagel. The definition explicitly includes 'Processed Food & Drink (The Ingestion Criterion): Edible solid or liquid elements at any processing level count as nature.' A bagel is a processed food item. Since nature is 'yes', I evaluate the sub-axes. Bagels are derived from grain (flora), making them biotic. They are physical, edible items occupying space, making them material.",False
/home/pmonserrat/datasets/imagenet/extracted_data/n07695742/ILSVRC2012_val_00000891.JPEG,pretzel,True,True,True,yes,biotic,material,"The target is a pretzel. The definition explicitly includes 'Processed Food & Drink (The Ingestion Criterion): Edible solid or liquid elements at any processing level count as nature.' A pretzel fits this description as a processed, edible food item. Since nature is 'yes', I evaluate the sub-axes. A pretzel is a food derivative, which falls under the biotic category (natural or semi-natural flora and derivatives). It is a physical, edible solid element that occupies space, making it material.",False
/home/pmonserrat/datasets/imagenet/extracted_data/n07697313/ILSVRC2012_val_00002226.JPEG,cheeseburger,True,True,True,yes,biotic,material,"The target is a cheeseburger. The definition explicitly includes 'Processed Food & Drink (The Ingestion Criterion): Edible solid or liquid elements at any processing level count as nature. This explicitly includes processed foods and derivatives (e.g., pasta, a meatball, a tuna can, sugar, coffee, butter).' A cheeseburger fits this criterion as a processed food item. Since nature is 'yes', I evaluate the sub-axes. The components (meat, cheese, bread, vegetables) are derived from biotic sources (flora/fauna), making the overall item biotic. The cheeseburger is a physical, edible item that occupies space, making it material.",False
/home/pmonserrat/datasets/imagenet/extracted_data/n07697537/ILSVRC2012_val_00000129.JPEG,hotdog,True,True,True,yes,biotic,material,"The target is a hotdog, which is an edible solid element at a processed level (sausage, bun, toppings). The definition explicitly states that 'Processed Food & Drink (The Ingestion Criterion): Edible solid or liquid elements at any processing level count as nature.' Since nature is 'yes', I evaluate the sub-axes. The hotdog is composed of processed meat (fauna derivative) and bread (flora derivative), making it biotic. It is a physical food item that occupies space, making it material.",False
/home/pmonserrat/datasets/imagenet/extracted_data/n07711569/ILSVRC2012_val_00000183.JPEG,mashed potato,True,True,True,yes,biotic,material,"The target is 'mashed potato'. The definition explicitly includes 'Processed Food & Drink (The Ingestion Criterion): Edible solid or liquid elements at any processing level count as nature. This explicitly includes processed foods and derivatives (e.g., pasta, a meatball, a tuna can, sugar, coffee, butter).' Since nature is 'yes', I evaluate the sub-axes. Potatoes are derived from flora, making the processed food a biotic derivative. The mashed potato is a physical, edible substance that occupies space, making it material.",False
/home/pmonserrat/datasets/imagenet/extracted_data/n07714571/ILSVRC2012_val_00001826.JPEG,head cabbage,True,True,True,yes,biotic,material,"The target is a head cabbage. Cabbage is a non-human living entity (flora) that is cultivated, which falls under the definition of nature. Since nature is 'yes', I evaluate the sub-axes. Cabbage is a plant (flora), making it biotic. The image shows a physical, tangible vegetable occupying space, making it material.",False
/home/pmonserrat/datasets/imagenet/extracted_data/n07714990/ILSVRC2012_val_00000155.JPEG,broccoli,True,True,True,yes,biotic,material,"The target is broccoli. Broccoli is a type of cultivated plant (flora), which falls under the definition of non-human living entities and is explicitly included in the Life Category Axis as natural or semi-natural flora. It is physically present in the image. Since nature is 'yes', I evaluate the sub-axes. Broccoli is a plant, which is a living organism, making it biotic. The broccoli is a physical vegetable that occupies space and has mass, making it material.",False
/home/pmonserrat/datasets/imagenet/extracted_data/n07715103/ILSVRC2012_val_00000332.JPEG,cauliflower,True,True,True,yes,biotic,material,"The target is cauliflower. Cauliflower is a cultivated plant and its edible parts are explicitly included under the 'Processed Food & Drink (The Ingestion Criterion)' as an edible solid element, thus counting as nature. Since nature is 'yes', I evaluate the sub-axes. Cauliflower is a product of flora, making it biotic. As a physical vegetable occupying space, it is material.",False
/home/pmonserrat/datasets/imagenet/extracted_data/n07716358/ILSVRC2012_val_00000554.JPEG,zucchini,True,True,True,yes,biotic,material,"The target is a zucchini, which is a type of cultivated plant/vegetable. Flora and its derivatives are explicitly included under the definition of nature, fulfilling the criteria. Since nature is 'yes', I evaluate the sub-axes. Zucchini is a plant (flora), making it biotic. The image shows a physical, tangible vegetable occupying space, making it material.",False
/home/pmonserrat/datasets/imagenet/extracted_data/n07716906/ILSVRC2012_val_00000461.JPEG,spaghetti squash,True,True,True,yes,biotic,material,"The target is a spaghetti squash. This is a non-human living entity (flora) that is cultivated, which falls under the definition of nature. Since nature is 'yes', I evaluate the sub-axes. A squash is a plant (flora), which is a biotic entity. The image shows the squash as a physical object occupying space, making it material.",False
/home/pmonserrat/datasets/imagenet/extracted_data/n07717410/ILSVRC2012_val_00001932.JPEG,acorn squash,True,True,True,yes,biotic,material,"The target is 'acorn squash'. Squash is a type of cultivated plant/produce. Processed Food & Drink (The Ingestion Criterion) explicitly includes edible solid elements at any processing level, and a raw squash fits this definition as a natural food item. Since nature is 'yes', I evaluate the sub-axes. Squash is a product of flora, making it biotic. The squash is a physical, edible object that occupies space, making it material.",False
/home/pmonserrat/datasets/imagenet/extracted_data/n07717556/ILSVRC2012_val_00000674.JPEG,butternut squash,True,True,True,yes,biotic,material,"The target is a butternut squash. This is a non-human living entity (flora) that is cultivated and harvested, which falls under the definition of nature. Since nature is 'yes', I evaluate the sub-axes. A squash is a plant derivative, making it biotic. The image shows a physical, tangible object that occupies space, making it material.",False
/home/pmonserrat/datasets/imagenet/extracted_data/n07718472/ILSVRC2012_val_00000463.JPEG,cucumber,True,True,True,yes,biotic,material,"The target is a cucumber. Cucumbers are non-human living entities (flora) and are explicitly included under the definition of nature, regardless of whether they are wild, cultivated, or presented in a still-life arrangement. Since nature is 'yes', I evaluate the sub-axes. A cucumber is a plant (flora), which falls under the biotic category. The image shows a physical, tangible vegetable occupying space, making it material.",False
/home/pmonserrat/datasets/imagenet/extracted_data/n07718747/ILSVRC2012_val_00000443.JPEG,artichoke,True,True,True,yes,biotic,material,"The target is an artichoke. Artichokes are a type of cultivated plant (flora), which falls under the definition of non-human living entities, thus counting as nature. Since nature is 'yes', I evaluate the sub-axes. An artichoke is a plant, which is a natural or semi-natural flora, making it biotic. The artichoke is a physical, edible object that occupies space, making it material.",False
/home/pmonserrat/datasets/imagenet/extracted_data/n07720875/ILSVRC2012_val_00000423.JPEG,bell pepper,True,True,True,yes,biotic,material,"The target is a bell pepper. Bell peppers are a type of cultivated plant produce, which falls under the category of 'Processed Food & Drink (The Ingestion Criterion)' as an edible solid element, and also as a non-human living entity (flora). This fulfills the criteria for nature. Since nature is 'yes', I evaluate the sub-axes. A bell pepper is a product of flora, making it biotic. The peppers are physical, tangible objects that occupy space, making them material.",False
/home/pmonserrat/datasets/imagenet/extracted_data/n07730033/ILSVRC2012_val_00000881.JPEG,cardoon,True,True,True,yes,biotic,material,"The target is a cardoon, which is a type of plant. Non-human living entities, specifically flora, are explicitly included in the definition of nature. Since nature is 'yes', I evaluate the sub-axes. A cardoon is a plant, which falls under natural or semi-natural flora, making it biotic. The image shows a physical, tangible specimen, making it material.",False
/home/pmonserrat/datasets/imagenet/extracted_data/n07734744/ILSVRC2012_val_00002490.JPEG,mushroom,True,True,True,yes,biotic,material,"The target is a mushroom. Fungi are explicitly listed under the definition of non-human living entities (flora, fauna, or fungi), and the visual evidence shows a real, physical instance of this organism, fulfilling the criteria for nature. Since nature is 'yes', I evaluate the sub-axes. A mushroom is a fungus, which falls under the category of natural or semi-natural fungi, making it biotic. The mushroom is a physical object that occupies space and has mass, making it material.",False
/home/pmonserrat/datasets/imagenet/extracted_data/n07742313/ILSVRC2012_val_00000023.JPEG,granny smith,True,True,True,yes,biotic,material,"The target is a Granny Smith apple. Apples are non-human living entities (flora) and are explicitly included under the definition of nature. Furthermore, as an edible solid element, it also falls under the 'Processed Food & Drink (The Ingestion Criterion)' if considered as a food item. Since nature is 'yes', I evaluate the sub-axes. An apple is a product of flora, making it biotic. The image shows physical, tangible apples, making it material.",False
/home/pmonserrat/datasets/imagenet/extracted_data/n07745940/ILSVRC2012_val_00000099.JPEG,strawberry,True,True,True,yes,biotic,material,"The target is a strawberry. Strawberries are a type of cultivated fruit, which falls under the category of flora and its derivatives (edible solid/liquid elements at any processing level), thus counting as nature. Since nature is 'yes', I evaluate the sub-axes. A strawberry is a plant derivative (flora), making it biotic. The image shows a physical, tangible fruit, making it material.",False
/home/pmonserrat/datasets/imagenet/extracted_data/n07747607/ILSVRC2012_val_00001406.JPEG,orange,True,True,True,yes,biotic,material,"The target is an orange, which is a fruit. Edible solid or liquid elements at any processing level count as nature under the 'Processed Food & Drink (The Ingestion Criterion)' definition, as it is a natural food item. Since nature is 'yes', I evaluate the sub-axes. An orange is a product of flora, making it biotic. The visual evidence shows the physical fruit, which occupies space and has mass, making it material.",False
/home/pmonserrat/datasets/imagenet/extracted_data/n07749582/ILSVRC2012_val_00000711.JPEG,lemon,True,True,True,yes,biotic,material,"The target is a lemon. As an edible solid element, it falls under the 'Processed Food & Drink (The Ingestion Criterion)' category, which explicitly counts as nature, even in its raw state. Since nature is 'yes', I evaluate the sub-axes. A lemon is a fruit (flora derivative), making it biotic. The image shows a physical, tangible piece of fruit, making it material.",False
/home/pmonserrat/datasets/imagenet/extracted_data/n07753113/ILSVRC2012_val_00002124.JPEG,fig,True,True,True,yes,biotic,material,"The target is a fig. Figs are a type of fruit, which is a derivative of flora. Edible solid or liquid elements at any processing level count as nature under the Ingestion Criterion, fulfilling the criteria for nature. Since nature is 'yes', I evaluate the sub-axes. A fig is a product of a plant (flora), making it biotic. The fig is a physical object that occupies space and has mass, making it material.",False
/home/pmonserrat/datasets/imagenet/extracted_data/n07753275/ILSVRC2012_val_00001479.JPEG,pineapple,True,True,True,yes,biotic,material,"The target is a pineapple. As an edible solid element, it falls under the 'Processed Food & Drink (The Ingestion Criterion)' category, which explicitly counts as nature, even though it is a whole fruit. Since nature is 'yes', I evaluate the sub-axes. A pineapple is a plant (flora) and its derivative, making it biotic. The image shows a physical, tangible fruit occupying space, making it material.",False
/home/pmonserrat/datasets/imagenet/extracted_data/n07753592/ILSVRC2012_val_00000605.JPEG,banana,True,True,True,yes,biotic,material,"The target is a banana. Bananas are a type of cultivated flora and are explicitly included under the definition of non-human living entities (flora) and processed food/drink (as an edible solid element), thus counting as nature. Since nature is 'yes', I evaluate the sub-axes. A banana is a product of flora, making it biotic. The image shows physical, tangible bananas, making it material.",False
/home/pmonserrat/datasets/imagenet/extracted_data/n07754684/ILSVRC2012_val_00000691.JPEG,jackfruit,True,True,True,yes,biotic,material,"The target is a jackfruit. Jackfruit is a fruit, which falls under the category of flora and its derivatives. Since it is a real, physically present instance of a natural entity, it counts as nature. Since nature is 'yes', I evaluate the sub-axes. A fruit is a derivative of flora, making it biotic. The jackfruit is a physical object that occupies space and has mass, making it material.",False
/home/pmonserrat/datasets/imagenet/extracted_data/n07760859/ILSVRC2012_val_00000798.JPEG,custard apple,True,True,True,yes,biotic,material,"The target is a custard apple. This is a fruit, which is a natural or semi-natural flora and a derivative of a plant. Edible solid elements at any processing level count as nature under the Ingestion Criterion, fulfilling the criteria for nature. Since nature is 'yes', I evaluate the sub-axes. A fruit is a derivative of flora, making it biotic. The fruit is a physical object that occupies space and has mass, making it material.",False
/home/pmonserrat/datasets/imagenet/extracted_data/n07768694/ILSVRC2012_val_00001514.JPEG,pomegranate,True,True,True,yes,biotic,material,"The target is a pomegranate, which is a fruit. Processed Food & Drink, which includes edible solid elements at any processing level, counts as nature. Since this is a physical, edible fruit, it meets the criteria. Since nature is 'yes', I evaluate the sub-axes. A pomegranate is a product of flora, making it biotic. It is a physical, edible solid element, making it material.",False
/home/pmonserrat/datasets/imagenet/extracted_data/n07802026/ILSVRC2012_val_00000816.JPEG,hay,True,True,True,yes,biotic,material,"The target is 'hay'. Hay is dried grass, which is a derivative of flora (plants). Natural or semi-natural flora and their derivatives are explicitly included under the definition of nature. Since nature is 'yes', I evaluate the sub-axes. Hay is derived from plants, making it biotic. The hay bales are physical, tangible objects that occupy space, making them material.",False
/home/pmonserrat/datasets/imagenet/extracted_data/n07831146/ILSVRC2012_val_00000116.JPEG,carbonara,True,True,True,yes,biotic,material,"The target is 'carbonara', which is a processed food item (pasta, egg, cheese, cured pork). The definition explicitly states that 'Processed Food & Drink (The Ingestion Criterion): Edible solid or liquid elements at any processing level count as nature.' Therefore, this instance counts as nature. Since nature is 'yes', I evaluate the sub-axes. Carbonara is composed of ingredients derived from flora (pasta, cheese) and fauna (pork, egg), making it a derivative of biotic elements. It is a physical, edible substance occupying space, making it material.",False
/home/pmonserrat/datasets/imagenet/extracted_data/n07836838/ILSVRC2012_val_00000782.JPEG,chocolate sauce,True,True,True,yes,biotic,material,"The target is 'chocolate sauce'. The definition explicitly includes 'Processed Food & Drink (The Ingestion Criterion): Edible solid or liquid elements at any processing level count as nature. This explicitly includes processed foods and derivatives (e.g., pasta, a meatball, a tuna can, sugar, coffee, butter). Chocolate sauce fits this criterion. Since nature is 'yes', I evaluate the sub-axes. Chocolate sauce is a processed food derivative, which falls under the biotic category (natural or semi-natural flora and derivatives). It is a liquid/semi-solid element that has physical presence and occupies space, making it material.",False
/home/pmonserrat/datasets/imagenet/extracted_data/n07860988/ILSVRC2012_val_00000543.JPEG,dough,True,True,True,yes,biotic,material,"The target is 'dough' which has been baked into bread rolls. Processed food and its derivatives, such as bread, are explicitly included under the 'Processed Food & Drink (The Ingestion Criterion)' as counting as nature. Since nature is 'yes', I evaluate the sub-axes. Bread is derived from grain (flora), making it biotic. The bread rolls are physical, edible items that occupy space, making them material.",False
/home/pmonserrat/datasets/imagenet/extracted_data/n07871810/ILSVRC2012_val_00001115.JPEG,meat loaf,True,True,True,yes,biotic,material,"The target is 'meat loaf'. The definition explicitly includes 'Processed Food & Drink (The Ingestion Criterion): Edible solid or liquid elements at any processing level count as nature. This explicitly includes processed foods and derivatives (e.g., pasta, a meatball, a tuna can, sugar, coffee, butter).' Since nature is 'yes', I evaluate the sub-axes. Meat loaf is composed of animal matter (meat), which falls under natural or semi-natural fauna and its derivatives, making it biotic. It is a physical, edible solid element occupying space, making it material.",False
/home/pmonserrat/datasets/imagenet/extracted_data/n07873807/ILSVRC2012_val_00000773.JPEG,pizza,True,True,True,yes,biotic,material,"The target is a pizza. The definition explicitly includes 'Processed Food & Drink (The Ingestion Criterion): Edible solid or liquid elements at any processing level count as nature. This explicitly includes processed foods and derivatives (e.g., pasta, a meatball, a tuna can, sugar, coffee, butter). Pizza fits this criterion as a processed, edible food item. Since nature is 'yes', I evaluate the sub-axes. Pizza is composed of various ingredients (dough, sauce, cheese, toppings like meat/vegetables) which are derivatives of flora and fauna, making the overall entity biotic. It is a physical, edible item occupying space, making it material.",False
/home/pmonserrat/datasets/imagenet/extracted_data/n07875152/ILSVRC2012_val_00000491.JPEG,potpie,True,True,True,yes,biotic,material,"The target is a potpie, which is an edible solid food item. The definition explicitly states that 'Processed Food & Drink (The Ingestion Criterion): Edible solid or liquid elements at any processing level count as nature.' Therefore, the potpie counts as nature. Since nature is 'yes', I evaluate the sub-axes. A potpie is a processed food derivative, which falls under the biotic category (derivatives of flora/fauna). It is a physical, edible item that occupies space, making it material.",False
/home/pmonserrat/datasets/imagenet/extracted_data/n07880968/ILSVRC2012_val_00000572.JPEG,burrito,True,True,True,yes,biotic,material,"The target is a burrito, which is an edible solid element at a processed level. The definition explicitly states that 'Processed Food & Drink (The Ingestion Criterion): Edible solid or liquid elements at any processing level count as nature.' Since nature is 'yes', I evaluate the sub-axes. A burrito is a processed food item, which falls under the biotic category as it is derived from biological matter (food). It is a physical object that occupies space and has mass, making it material.",False
/home/pmonserrat/datasets/imagenet/extracted_data/n07892512/ILSVRC2012_val_00001064.JPEG,red wine,True,True,True,yes,biotic,material,"The target is 'red wine'. The definition explicitly includes 'Processed Food & Drink (The Ingestion Criterion): Edible solid or liquid elements at any processing level count as nature. This explicitly includes processed foods and derivatives (e.g., pasta, a meatball, a tuna can, sugar, coffee, butter). Red wine fits this criterion. Since nature is 'yes', I evaluate the sub-axes. Wine is a derivative of grapes (flora), making it biotic. The wine is a liquid element that has physical presence and occupies space, making it material.",False
/home/pmonserrat/datasets/imagenet/extracted_data/n07920052/ILSVRC2012_val_00002934.JPEG,espresso,True,True,True,yes,biotic,material,"The target entity is 'espresso'. The definition explicitly includes 'Processed Food & Drink (The Ingestion Criterion): Edible solid or liquid elements at any processing level count as nature. This explicitly includes processed foods and derivatives (e.g., pasta, a meatball, a tuna can, sugar, coffee, butter). Espresso is a processed coffee beverage, thus it counts as nature. Since nature is 'yes', I evaluate the sub-axes. Coffee is derived from flora, making it biotic. The espresso is a liquid element that has physical presence and occupies space, making it material.",False
/home/pmonserrat/datasets/imagenet/extracted_data/n07930864/ILSVRC2012_val_00001726.JPEG,cup,False,,,yes,biotic,material,"The target is a 'cup'. While the cup itself is a manufactured object, its surface is decorated with a pattern of roses and leaves. These floral patterns are representations of flora. Since the cup is decorated with a clear depiction of natural elements (roses/leaves), it falls under the category of a representation of nature, fulfilling the criteria for nature. Since nature is 'yes', I evaluate the sub-axes. The decoration depicts flora, which is biotic. The cup itself is a physical object that occupies space, making it material.",False
/home/pmonserrat/datasets/imagenet/extracted_data/n07932039/ILSVRC2012_val_00000139.JPEG,eggnog,True,True,True,yes,biotic,material,"The target is 'eggnog'. The definition explicitly includes 'Processed Food & Drink (The Ingestion Criterion): Edible solid or liquid elements at any processing level count as nature. This explicitly includes processed foods and derivatives (e.g., pasta, a meatball, a tuna can, sugar, coffee, butter). Eggnog fits this description as a processed, edible beverage. Since nature is 'yes', I evaluate the sub-axes. Eggnog is a food/drink derivative, which falls under the biotic category (natural or semi-natural flora/fauna derivatives). It is a liquid element that occupies space and has mass, making it material.",False
/home/pmonserrat/datasets/imagenet/extracted_data/n09193705/ILSVRC2012_val_00000002.JPEG,alp,True,False,True,yes,abiotic,material,"The target entity is 'alp', referring to the mountains visible in the background. Mountains are geological features, which fall under the category of non-living natural elements and processes (geological components), thus counting as nature. Since nature is 'yes', I evaluate the sub-axes. Mountains are geological components, making them abiotic. The mountains are physically present in the photograph, making them material.",False
/home/pmonserrat/datasets/imagenet/extracted_data/n09229709/ILSVRC2012_val_00000697.JPEG,bubble,False,,,yes,abiotic,material,"The target is a 'bubble' observed in a close-up photograph against a green, natural background (likely foliage). While a bubble itself is a physical phenomenon (a film of gas), it is not explicitly listed as a natural element like water, air, or geological material. However, if these bubbles are interpreted as water droplets (which is highly likely given the context of the image), they fall under the hydrological components. Given the visual context of water droplets on foliage, they are treated as a manifestation of a hydrological component. Since nature is 'yes', I evaluate the sub-axes. Water droplets are part of the hydrological components, which are non-living elements, making them abiotic. The bubbles are physically present and occupy space, making them material.",False
/home/pmonserrat/datasets/imagenet/extracted_data/n09246464/ILSVRC2012_val_00001444.JPEG,cliff,True,False,True,yes,abiotic,material,"The target is a cliff, which is a geological formation. Geological components are explicitly listed as non-living natural elements and processes that count as nature. Since nature is 'yes', I evaluate the sub-axes. A cliff is a geological component, making it abiotic. The cliff is a physical landform that occupies space and has mass, making it material.",False
/home/pmonserrat/datasets/imagenet/extracted_data/n09256479/ILSVRC2012_val_00000235.JPEG,coral reef,True,True,True,yes,biotic,material,"The target is a coral reef. A coral reef is defined as a natural or semi-natural environment and ecosystem where living entities interact, which explicitly counts as nature. Since nature is 'yes', I evaluate the sub-axes. A coral reef is an ecosystem containing flora (corals) and fauna (fish), making it biotic. As a physical underwater structure and environment, it occupies space and has mass, making it material.",False
/home/pmonserrat/datasets/imagenet/extracted_data/n09288635/ILSVRC2012_val_00000394.JPEG,geyser,True,False,True,yes,abiotic,material,"The target is a geyser, which is a natural phenomenon involving the eruption of hot water and steam. This falls under the category of non-living natural elements and processes, specifically related to hydrological and atmospheric components, thus fulfilling the criteria for nature. Since nature is 'yes', I evaluate the sub-axes. A geyser eruption involves water and steam, which are non-living hydrological/atmospheric components, making it abiotic. The eruption itself is a physical event that occupies space and can be perceived through the senses, making it material.",False
/home/pmonserrat/datasets/imagenet/extracted_data/n09332890/ILSVRC2012_val_00000150.JPEG,lakeside,True,False,True,yes,abiotic,material,"The target entity is 'lakeside', which refers to the environment adjacent to a lake. The image displays a coastal scene (ocean/sea), but the concept of 'lakeside' refers to a natural or semi-natural environment where water bodies interact with land. Since the definition includes 'Natural or semi-natural environments and ecosystems where such entities interact' (e.g., a vegetable garden, a natural reserve), the concept of a lakeside environment qualifies as nature, even if the specific image shows a sea/beach. Since nature is 'yes', I evaluate the sub-axes. A lakeside environment encompasses both the water body (hydrological component, abiotic) and the surrounding land/flora (biotic/abiotic). As a general environment/ecosystem, it is best classified as abiotic/biotic interaction, but the environment itself is a natural ecosystem. The environment itself is a physical location, making it material.",False
/home/pmonserrat/datasets/imagenet/extracted_data/n09399592/ILSVRC2012_val_00002476.JPEG,promontory,True,False,True,yes,abiotic,material,"The target is a promontory, which is a geological formation (a headland or point of land jutting out into the sea). Geological components are explicitly listed as non-living natural elements, fulfilling the criteria for nature. Since nature is 'yes', I evaluate the sub-axes. A promontory is a geological structure, making it abiotic. As a large, physical landmass, it occupies space and has mass, making it material.",False
/home/pmonserrat/datasets/imagenet/extracted_data/n09421951/ILSVRC2012_val_00000145.JPEG,sandbar,True,False,True,yes,abiotic,material,"The target is a sandbar, which is a geological formation composed of sand. Geological and mineral components are explicitly included under non-living natural elements and processes, fulfilling the criteria for nature. Since nature is 'yes', I evaluate the sub-axes. Sand is a geological component, making it abiotic. The sandbar is a physical landform that occupies space and has mass, making it material.",False
/home/pmonserrat/datasets/imagenet/extracted_data/n09428293/ILSVRC2012_val_00000214.JPEG,seashore,True,False,True,yes,abiotic,material,"The target entity is 'seashore'. The image depicts a physical location combining sand (geological/mineral component), the ocean/water (hydrological component), and the sky/sun (astrophysical/atmospheric components). Natural or semi-natural environments and ecosystems where such entities interact count as nature, fulfilling the criteria. Since nature is 'yes', I evaluate the sub-axes. The seashore encompasses geological (sand), hydrological (water), and atmospheric (sky/sun) elements, which are all abiotic. The physical location itself is a tangible environment, making it material.",False
/home/pmonserrat/datasets/imagenet/extracted_data/n09468604/ILSVRC2012_val_00000313.JPEG,valley,True,False,True,yes,abiotic,material,"The target is a 'valley' which refers to the natural environment and ecosystem shown in the image, characterized by hills, fields, and a body of water. Natural or semi-natural environments and ecosystems are explicitly included in the definition of nature. Since nature is 'yes', I evaluate the sub-axes. A valley encompasses both the landforms (geological/environmental) and the flora/fauna within it, making it a complex ecosystem. The physical landscape occupies space, making it material.",False
/home/pmonserrat/datasets/imagenet/extracted_data/n09472597/ILSVRC2012_val_00002103.JPEG,volcano,True,False,True,yes,abiotic,material,"The target is a volcano. A volcano is a geological formation and is composed of geological and mineral components, which are explicitly included under the definition of non-living natural elements and processes, thus counting as nature. Since nature is 'yes', I evaluate the sub-axes. A volcano is a geological component, making it abiotic. As a large, physical landform, it occupies space and has mass, making it material.",False
/home/pmonserrat/datasets/imagenet/extracted_data/n09835506/ILSVRC2012_val_00000034.JPEG,ballplayer,False,,,yes,biotic,material,"The target is a ballplayer. The entity is a human being engaged in an activity (playing baseball). Activities that take place in or directly engage with nature (which includes the environment where the activity occurs, such as the field) count as nature. Furthermore, the human body itself is a living entity (fauna derivative), which falls under the definition of nature. Since nature is 'yes', I evaluate the sub-axes. A human is a living organism (fauna), making it biotic. The ballplayer is a physical person occupying space, making the instance material.",False
/home/pmonserrat/datasets/imagenet/extracted_data/n10148035/ILSVRC2012_val_00000341.JPEG,groom,False,,,yes,biotic,material,"The target entity is a human male dressed as a groom. Humans are non-human living entities (though technically human, they are living organisms) and are part of the biotic category. Since the image depicts a real person, it is a literal instance of a living entity, fulfilling the criteria for nature. Since nature is 'yes', I evaluate the sub-axes. A human is a living organism, making it biotic. The person is physically present in the photograph, occupying space and having mass, making it material.",False
/home/pmonserrat/datasets/imagenet/extracted_data/n10565667/ILSVRC2012_val_00000255.JPEG,scuba diver,False,,,yes,biotic,material,"The target entity is a scuba diver. A scuba diver is a human engaging in an activity (diving) that takes place in or directly engages with a natural environment (the ocean/water). Activities that directly engage with nature count as nature, fulfilling the criteria. Since nature is 'yes', I evaluate the sub-axes. The diver is a human, which is a living organism (fauna), making the activity/entity biotic. The diver is a physical person occupying space, making the instance material.",False
/home/pmonserrat/datasets/imagenet/extracted_data/n11879895/ILSVRC2012_val_00000216.JPEG,rapeseed,True,True,True,yes,biotic,material,"The target is rapeseed, which is a type of plant. Non-human living entities, including flora, are explicitly included in the definition of nature. The image shows a field of these plants. Since nature is 'yes', I evaluate the sub-axes. Rapeseed is a flora, making it biotic. The plants are physically present in the field, occupying space and having mass, making them material.",False
/home/pmonserrat/datasets/imagenet/extracted_data/n11939491/ILSVRC2012_val_00004514.JPEG,daisy,True,True,True,yes,biotic,material,"The target is a daisy, which is a type of flowering plant (flora). Non-human living entities, including flora, are explicitly included in the definition of nature. Since nature is 'yes', I evaluate the sub-axes. A daisy is a plant, which falls under natural or semi-natural flora, making it biotic. The image shows a physical, real instance of the plant occupying space, making it material.",False
/home/pmonserrat/datasets/imagenet/extracted_data/n12057211/ILSVRC2012_val_00000551.JPEG,yellow lady's slipper,True,True,True,yes,biotic,material,"The target is a 'yellow lady's slipper,' which is a specific type of orchid plant. Individual organisms, such as flora, are explicitly included under the definition of nature. Since nature is 'yes', I evaluate the sub-axes. The plant is a living organism (flora), making it biotic. The image shows a physical, tangible specimen, making it material.",False
/home/pmonserrat/datasets/imagenet/extracted_data/n12144580/ILSVRC2012_val_00000484.JPEG,corn,True,True,True,yes,biotic,material,"The target is corn, which is a cultivated plant. Flora and its derivatives are explicitly included under the definition of nature, fulfilling the criteria. Since nature is 'yes', I evaluate the sub-axes. Corn is a plant (flora), making it biotic. The corn kernels are physical, edible elements contained in bags, meaning they have physical presence and mass, making them material.",False
/home/pmonserrat/datasets/imagenet/extracted_data/n12267677/ILSVRC2012_val_00001058.JPEG,acorn,True,True,True,yes,biotic,material,"The target is an acorn. Acorns are the nuts/seeds produced by oak trees, which fall under the category of non-human living entities (flora) or their derivatives, thus counting as nature. Since nature is 'yes', I evaluate the sub-axes. An acorn is a product of flora (a seed/nut), making it biotic. It is a physical object with mass that occupies space, making it material.",False
/home/pmonserrat/datasets/imagenet/extracted_data/n12620546/ILSVRC2012_val_00000251.JPEG,hip,True,True,True,yes,biotic,material,"The target entity is a 'hip', which is the fruit of a plant. Individual organisms, including flora, are explicitly included under the definition of nature. This is a real, physically present instance of flora. Since nature is 'yes', I evaluate the sub-axes. The hip is a part of a plant (flora), which is a living organism, making it biotic. As a physical fruit occupying space, it is material.",False
/home/pmonserrat/datasets/imagenet/extracted_data/n12768682/ILSVRC2012_val_00001120.JPEG,buckeye,True,True,True,yes,biotic,material,"The target entity is a buckeye, which is a type of fruit/seed from a plant. Individual organisms, including flora, are explicitly included under the definition of nature. Since nature is 'yes', I evaluate the sub-axes. A buckeye is a product of flora, making it biotic. The image shows the fruit physically present on the tree, meaning it has physical presence and mass, making it material.",False
/home/pmonserrat/datasets/imagenet/extracted_data/n12985857/ILSVRC2012_val_00000304.JPEG,coral fungus,True,True,True,yes,biotic,material,"The target is 'coral fungus'. Fungi are non-human living entities (organisms) and are explicitly included under the definition of nature. The image shows a real, physical instance of this organism. Since nature is 'yes', I evaluate the sub-axes. Fungi are classified as natural or semi-natural organisms, placing them in the biotic category. The fungus is a physical, tangible organism occupying space, making it material.",False
/home/pmonserrat/datasets/imagenet/extracted_data/n12998815/ILSVRC2012_val_00000731.JPEG,agaric,True,True,True,yes,biotic,material,"The target is an agaric, which is a type of mushroom. Fungi are explicitly listed under the definition of nature as non-human living entities. The image shows a real, physical instance of this organism. Since nature is 'yes', I evaluate the sub-axes. Mushrooms are fungi, which are classified as biotic. The agaric is a physical, tangible object occupying space, making it material.",False
/home/pmonserrat/datasets/imagenet/extracted_data/n13037406/ILSVRC2012_val_00000200.JPEG,gyromitra,True,True,True,yes,biotic,material,"The target is 'gyromitra', which is a type of mushroom. Fungi are explicitly listed under the definition of nature as non-human living entities. The image shows a physical specimen in a natural environment. Since nature is 'yes', I evaluate the sub-axes. Mushrooms are fungi, which are classified as biotic. The mushroom is a physical, tangible object occupying space, making it material.",False
/home/pmonserrat/datasets/imagenet/extracted_data/n13040303/ILSVRC2012_val_00000058.JPEG,stinkhorn,True,True,True,yes,biotic,material,"The target is a stinkhorn, which is a type of fungus. Fungi are explicitly included under the definition of non-human living entities (flora, fauna, or fungi), thus counting as nature. Since nature is 'yes', I evaluate the sub-axes. A fungus is a natural organism, classifying it as biotic. The image shows a physical specimen occupying space, making it material.",False
/home/pmonserrat/datasets/imagenet/extracted_data/n13044778/ILSVRC2012_val_00000755.JPEG,earthstar,True,True,True,yes,biotic,material,"The target entity, 'earthstar', refers to the white, circular objects visible in the leaf litter. These objects appear to be fungi (mushrooms or toadstools), which are explicitly listed as natural or semi-natural fungi under the definition of nature. Since nature is 'yes', I evaluate the sub-axes. Fungi are organisms, making them biotic. These fungi are physically present in the environment and occupy space, making them material.",False
/home/pmonserrat/datasets/imagenet/extracted_data/n13052670/ILSVRC2012_val_00002167.JPEG,hen-of-the-woods,True,True,True,yes,biotic,material,"The target entity is a hen-of-the-woods, which is a type of fungus (mushroom). Fungi are explicitly listed under non-human living entities and natural or semi-natural organisms, fulfilling the criteria for nature. Since nature is 'yes', I evaluate the sub-axes. A mushroom is a fungus, which falls under natural or semi-natural fungi, making it biotic. The entity is a physical, tangible organism occupying space, making it material.",False
/home/pmonserrat/datasets/imagenet/extracted_data/n13054560/ILSVRC2012_val_00001362.JPEG,bolete,True,True,True,yes,biotic,material,"The target is a 'bolete', which is a type of mushroom. Fungi are explicitly listed under the definition of nature as non-human living entities. Since this is a physical specimen in a natural setting, it counts as nature. Since nature is 'yes', I evaluate the sub-axes. Mushrooms are fungi, which are classified as biotic. The bolete is a physical, tangible organism occupying space, making it material.",False
/home/pmonserrat/datasets/imagenet/extracted_data/n13133613/ILSVRC2012_val_00000408.JPEG,ear,True,True,True,yes,biotic,material,"The target entity is an ear of corn. Corn is a cultivated plant, which falls under the definition of non-human living entities (flora) and is explicitly included in the Life Category Axis as a natural or semi-natural flora derivative, thus counting as nature. Since nature is 'yes', I evaluate the sub-axes. Corn is a plant, making it biotic. The image shows the physical, tangible kernels and cob, making it material.",False
/home/pmonserrat/datasets/imagenet/extracted_data/n15075141/ILSVRC2012_val_00001079.JPEG,toilet tissue,False,,,no,none,none,"The target is 'toilet tissue'. Toilet tissue is a processed food/drink derivative in the sense that it is a processed consumable item, although its primary function is hygiene. However, the definition for 'Processed Food & Drink' applies to 'Edible solid or liquid elements at any processing level'. Toilet tissue is not edible. It is a manufactured item made from wood pulp (a natural material). Since the material of origin (wood pulp) is not clearly visually identifiable in the final, processed, and bleached form of the tissue, it does not qualify as a 'Nature-Based Artefact'. Therefore, it does not meet the criteria for nature. Not applicable since the entity is not nature.",False
