image_path,class_name,gt_nature,gt_biotic,gt_material,pred_nature,pred_biotic,pred_material,reasoning,parse_failed
/home/pmonserrat/datasets/imagenet/extracted_data/n01440764/ILSVRC2012_val_00000293.JPEG,tench,True,True,True,yes,biotic,material,"The target entity is a tench. The visual evidence shows a real, physical fish captured in a fishing net, which is a non-human vertebrate (fauna). As a living organism, it falls under the inclusion criteria for Flora, Fauna, and Fungi within the More-Than-Human Living Entities category of nature. Since nature is 'yes', I evaluate the sub-axes. The tench is a non-human vertebrate, placing it under Fauna & Animal Derivatives within the biotic category. The tench is a real-world, physical organism with mass and occupying space, captured in a documentary-like context, thus it is classified as material under the Tangibility axis.",False
/home/pmonserrat/datasets/imagenet/extracted_data/n01443537/ILSVRC2012_val_00000236.JPEG,goldfish,True,True,True,yes,biotic,immaterial,"The target entity is a goldfish depicted in the image. The visual evidence shows a stylized, artistic photograph of a single fish, which is a non-human living organism. The inclusion criteria for nature explicitly cover Fauna & Animal Derivatives, including representations of non-human living organisms. This image is not a literal, unfiltered documentary photograph of a real-world physical goldfish but rather an artistic depiction emphasizing the fish's form and movement. This falls under Representations of Nature, fulfilling the inclusion criteria. Since nature is 'yes', I evaluate the sub-axes. The goldfish is a non-human vertebrate (fauna), placing it under the biotic category. The image is an artistic photograph rather than a literal depiction of a real-world physical goldfish, making it an immaterial representation of nature under the Tangibility axis.",False
/home/pmonserrat/datasets/imagenet/extracted_data/n01484850/ILSVRC2012_val_00002338.JPEG,great white shark,True,True,True,yes,biotic,material,"The target entity is a great white shark. The visual evidence shows a real-world, physical great white shark swimming in its natural aquatic environment. As a non-human vertebrate, it falls under Fauna within the inclusion criteria for More-Than-Human Living Entities, fulfilling the definition of nature. Since nature is 'yes', I evaluate the sub-axes. The great white shark is a non-human vertebrate, placing it under Fauna within the biotic category. The image is an unfiltered documentary photograph capturing a real-world physical organism, thus it is classified as material under the Tangibility axis.",False
/home/pmonserrat/datasets/imagenet/extracted_data/n01491361/ILSVRC2012_val_00002922.JPEG,tiger shark,True,True,True,yes,biotic,material,"The target entity is a tiger shark. The visual evidence shows a real-world photograph of a tiger shark in its natural aquatic environment. Tiger sharks are non-human vertebrates (fauna), and the image is a literal, unfiltered documentary photograph capturing a real-world physical organism. This fulfills the inclusion criteria for More-Than-Human Living Entities under Flora, Fauna, and Fungi in the Biotic category. Since nature is 'yes', I evaluate the sub-axes. The tiger shark is a non-human vertebrate, placing it under Fauna & Animal Derivatives within the biotic category. The image is a standard, literal, realistic photograph capturing a real-world physical organism, thus it is classified as material under the Tangibility axis.",False
/home/pmonserrat/datasets/imagenet/extracted_data/n01494475/ILSVRC2012_val_00001676.JPEG,hammerhead,True,True,True,yes,biotic,material,"The target entity is a hammerhead shark. The visual evidence shows a real, physical hammerhead shark being held by a person. Hammerhead sharks are non-human vertebrates (fauna) and fall under the inclusion criteria for More-Than-Human Living Entities. This entity is a real-world organism, fulfilling the criteria for Biotic entities under the Nature Definition. Since nature is 'yes', I evaluate the sub-axes. The hammerhead shark is a non-human vertebrate, placing it under Fauna & Animal Derivatives within the biotic category. Because it is a real, physical organism with mass and occupying space, it is classified as material under the Tangibility axis.",False
/home/pmonserrat/datasets/imagenet/extracted_data/n01496331/ILSVRC2012_val_00000921.JPEG,electric ray,True,True,True,yes,biotic,material,"The target entity is an electric ray. The visual evidence in the image shows a real-world, physical organism in its natural habitat. Electric rays are non-human vertebrates classified under Fauna, which falls under the inclusion criteria for More-Than-Human Living Entities. The image captures a tangible, living entity in its natural environment, fulfilling the criteria for nature as a biotic entity. Since nature is 'yes', I evaluate the sub-axes. The electric ray is a non-human vertebrate, placing it under Fauna within the biotic category. The image is a documentary photograph capturing a real-world, physical organism, thus it is classified as material under the Tangibility axis.",False
/home/pmonserrat/datasets/imagenet/extracted_data/n01498041/ILSVRC2012_val_00001935.JPEG,stingray,True,True,True,yes,biotic,material,"The target entity is a stingray. The visual evidence shows a real-world, physical non-human organism, specifically a member of the fauna category. Stingrays are wild, non-human vertebrates that fall under the inclusion criteria for More-Than-Human Living Entities (Fauna). Since nature is 'yes', I evaluate the sub-axes. Stingrays are non-human vertebrates, placing them under Fauna within the biotic category. The stingray in the image is a real, physical organism occupying space and having mass, thus it is classified as material under the Tangibility axis.",False
/home/pmonserrat/datasets/imagenet/extracted_data/n01514668/ILSVRC2012_val_00000329.JPEG,cock,True,True,True,yes,biotic,material,"The target entity is a cock (rooster). The visual evidence shows a real, physical non-human animal in its natural form, standing on a paved surface. Roosters are explicitly included under Fauna & Animal Derivatives in the inclusion criteria for more-than-human living entities, fulfilling the criteria for nature. Since nature is 'yes', I evaluate the sub-axes. The cock is a non-human vertebrate (fauna), placing it under the biotic category. The entity is a real-world, physical organism with mass and occupying space, captured in an unfiltered documentary photograph, thus it is classified as material under the Tangibility axis.",False
/home/pmonserrat/datasets/imagenet/extracted_data/n01514859/ILSVRC2012_val_00001114.JPEG,hen,True,True,True,yes,biotic,material,"The target entity is a hen. The visual evidence shows a real-world, domesticated non-human bird, which falls under the category of Fauna in the inclusion scope of more-than-human living entities. This fulfills the criteria for nature as it is a living organism that is not human. Since nature is 'yes', I evaluate the sub-axes. The hen is a non-human vertebrate, placing it under Fauna & Animal Derivatives within the biotic category. Because the hen is a physical, real-world organism with mass and occupying space, it is classified as material under the Tangibility axis.",False
/home/pmonserrat/datasets/imagenet/extracted_data/n01518878/ILSVRC2012_val_00001031.JPEG,ostrich,True,True,True,yes,biotic,material,"The target entity is an ostrich. The visual evidence shows real, physical ostriches in a natural setting. Ostriches are non-human vertebrates (fauna) and fall under the inclusion criteria for More-Than-Human Living Entities, specifically Fauna & Animal Derivatives within the Biotic category. The image is a standard, literal, documentary photograph capturing real-world physical organisms, fulfilling the criteria for Material nature. Since nature is 'yes', I evaluate the sub-axes. The ostriches are non-human living organisms, placing them under Fauna within the biotic category. Because the image is an unfiltered documentary photograph capturing real-world physical organisms, it is classified as material under the Tangibility axis.",False
/home/pmonserrat/datasets/imagenet/extracted_data/n01530575/ILSVRC2012_val_00000651.JPEG,brambling,True,True,True,yes,biotic,material,"The target entity is a brambling, a type of bird. The visual evidence in the image shows a real-world, physical bird in its natural environment. Bramblings are non-human vertebrates (fauna) and fall under the inclusion criteria for More-Than-Human Living Entities (Fauna). Since nature is 'yes', I evaluate the sub-axes. The brambling is a non-human living organism, placing it under Fauna within the biotic category. The image is an unfiltered documentary photograph capturing a real-world physical organism, thus it is classified as material under the Tangibility axis.",False
/home/pmonserrat/datasets/imagenet/extracted_data/n01531178/ILSVRC2012_val_00000570.JPEG,goldfinch,True,True,True,yes,biotic,material,"The target entity is a goldfinch. The visual evidence shows a real-world, physical bird perched among green foliage. Goldfinches are non-human vertebrates (fauna), and the image captures a real, living organism in its natural environment. This fulfills the inclusion criteria for More-Than-Human Living Entities under Flora, Fauna, and Fungi, specifically Fauna & Animal Derivatives. Since nature is 'yes', I evaluate the sub-axes. The goldfinch is a non-human living organism, placing it under Fauna & Animal Derivatives within the biotic category. The image is an unfiltered documentary photograph capturing a real-world physical organism, thus it is classified as material under the Tangibility axis.",False
/home/pmonserrat/datasets/imagenet/extracted_data/n01532829/ILSVRC2012_val_00000873.JPEG,house finch,True,True,True,yes,biotic,material,"The target entity is a house finch. The visual evidence shows real, living birds in a natural setting, specifically at a bird feeder. House finches are non-human vertebrates (fauna) and fall under the inclusion criteria for More-Than-Human Living Entities. They are explicitly included in the Flora, Fauna, and Fungi category under the NATURE definition. Since nature is 'yes', I evaluate the sub-axes. House finches are non-human living organisms, placing them under Fauna & Animal Derivatives within the biotic category. The birds are physically present in the real world, occupying space and being directly perceivable through physical senses, thus they are classified as material under the Tangibility axis.",False
/home/pmonserrat/datasets/imagenet/extracted_data/n01534433/ILSVRC2012_val_00000247.JPEG,junco,True,True,True,yes,biotic,material,"The target entity is a junco, a type of bird. The visual evidence shows a real-world, physical bird perched on a branch. Junco is a non-human vertebrate (fauna), and real-world organisms fall under the inclusion criteria for Flora, Fauna, and Fungi within the More-Than-Human Living Entities category of nature. Since nature is 'yes', I evaluate the sub-axes. The junco is a non-human living organism, placing it under Fauna within the biotic category. Because this is a real-world, physical bird captured in an unfiltered documentary photograph, it is classified as material under the Tangibility axis.",False
/home/pmonserrat/datasets/imagenet/extracted_data/n01537544/ILSVRC2012_val_00000414.JPEG,indigo bunting,True,True,True,yes,biotic,material,"The target entity is an indigo bunting. The visual evidence shows a real-world, physical bird perched on a branch. The indigo bunting is a non-human vertebrate (fauna), which falls under the inclusion criteria for More-Than-Human Living Entities (Fauna) in the Nature Definition. This entity is a living organism and thus fulfills the criteria for nature. Since nature is 'yes', I evaluate the sub-axes. The indigo bunting is a non-human living organism, placing it under Fauna within the biotic category. The image is an unfiltered documentary photograph capturing a real-world physical organism, making it a material representation under the Tangibility axis.",False
/home/pmonserrat/datasets/imagenet/extracted_data/n01558993/ILSVRC2012_val_00001598.JPEG,robin,True,True,True,yes,biotic,material,"The target entity is a robin. The visual evidence shows a real-world, physical bird in its natural habitat. Robins are non-human vertebrates (fauna), and the image captures a living organism in its environment, fulfilling the inclusion criteria for More-Than-Human Living Entities under Flora, Fauna, and Fungi. Since nature is 'yes', I evaluate the sub-axes. The robin is a non-human vertebrate, placing it under Fauna & Animal Derivatives within the biotic category. The bird is a real-world, physical entity with mass and occupying space, making it classified as material under the Tangibility axis.",False
/home/pmonserrat/datasets/imagenet/extracted_data/n01560419/ILSVRC2012_val_00000198.JPEG,bulbul,True,True,True,yes,biotic,material,"The target entity is a bulbul, a type of bird. The visual evidence in the image shows a real-world, physical bird perched on a branch. Bulbuls are non-human vertebrates (fauna), and the image captures a real, living organism in its natural environment. This fulfills the inclusion criteria for Flora, Fauna, and Fungi under the More-Than-Human Living Entities category in the Nature Definition. Since nature is 'yes', I evaluate the sub-axes. The bulbul is a non-human living organism, placing it under Fauna & Animal Derivatives within the biotic category. The image is a standard, literal, realistic photograph capturing a real-world physical organism, thus it is classified as material under the Tangibility axis.",False
/home/pmonserrat/datasets/imagenet/extracted_data/n01580077/ILSVRC2012_val_00000880.JPEG,jay,True,True,True,yes,biotic,material,"The target entity is a jay (specifically a Blue Jay, *Cyanocitta cristata*). The visual evidence shows a real-world, non-human bird in its natural habitat, perched on a tree branch. Non-human living organisms, such as fauna, are explicitly included under the More-Than-Human Living Entities category in the NATURE DEFINITION, fulfilling the inclusion criteria for nature. The jay is a wild, non-human vertebrate, thus qualifying as a natural entity under the taxonomy. Since nature is 'yes', I evaluate the sub-axes. The jay is a non-human vertebrate, placing it under Fauna & Animal Derivatives within the biotic category. The image is an unfiltered documentary photograph capturing a real-world physical organism, thus it is classified as material under the Tangibility axis.",False
/home/pmonserrat/datasets/imagenet/extracted_data/n01582220/ILSVRC2012_val_00000476.JPEG,magpie,True,True,True,yes,biotic,material,"The target entity is a magpie. The visual evidence shows real-world magpies, which are non-human vertebrates (fauna). These living organisms fall under the inclusion criteria for Flora, Fauna, and Fungi within the More-Than-Human Living Entities category, fulfilling the definition of nature. Since nature is 'yes', I evaluate the sub-axes. Magpies are non-human vertebrates, placing them under Fauna & Animal Derivatives within the biotic category. The magpies in the image are real, physical organisms occupying space and visible in the real world, thus they are classified as material under the Tangibility axis.",False
/home/pmonserrat/datasets/imagenet/extracted_data/n01592084/ILSVRC2012_val_00000837.JPEG,chickadee,True,True,True,yes,biotic,material,"The target entity is a chickadee. The visual evidence shows a real-world, physical bird, which is a non-human vertebrate. Chickadees are explicitly included under Fauna & Animal Derivatives in the Biotic category of the Nature taxonomy, fulfilling the inclusion criteria for more-than-human living entities. Since nature is 'yes', I evaluate the sub-axes. The chickadee is a non-human living organism, placing it under Fauna within the biotic category. The chickadee is a real, physical organism present in the real world, occupying space and having mass, thus it is classified as material under the Tangibility axis.",False
/home/pmonserrat/datasets/imagenet/extracted_data/n01601694/ILSVRC2012_val_00000962.JPEG,water ouzel,True,True,True,yes,biotic,material,"The target entity is a water ouzel, specifically a bird known scientifically as *Cinclus cinclus*. The visual evidence shows a real-world, physical bird perched on a rock near flowing water. As a non-human living organism, it falls under the inclusion scope of Fauna within the More-Than-Human Living Entities category, fulfilling the criteria for nature. Since nature is 'yes', I evaluate the sub-axes. The water ouzel is a non-human vertebrate (fauna), placing it under the biotic category. The bird is a real-world, physical organism with mass and occupying space, captured in an unfiltered documentary photograph, thus it is classified as material under the Tangibility axis.",False
/home/pmonserrat/datasets/imagenet/extracted_data/n01608432/ILSVRC2012_val_00000073.JPEG,kite,True,True,True,yes,biotic,material,"The target entity in the image is a bird, specifically a gull or seagull, captured in flight. The visual evidence shows real, living organisms in their natural environment. According to the inclusion criteria, wild non-human organisms (fauna) are explicitly classified under More-Than-Human Living Entities, fulfilling the criteria for nature. The birds are not fictional, stylized, or artificial representations; they are real, physical entities in the real world. Since nature is 'yes', I evaluate the sub-axes. The birds are non-human vertebrates (fauna), placing them under the biotic category. The image is an unfiltered documentary photograph capturing real-world physical organisms, thus they are classified as material under the Tangibility axis.",False
/home/pmonserrat/datasets/imagenet/extracted_data/n01614925/ILSVRC2012_val_00000128.JPEG,bald eagle,True,True,True,yes,biotic,material,"The target entity is a bald eagle. The visual evidence shows a real-world, physical bird perched on a branch. Bald eagles are non-human vertebrates (fauna) and fall under the inclusion criteria for More-Than-Human Living Entities. This instance is a literal, unfiltered depiction of a real-world organism, fulfilling the criteria for nature as a biotic entity. Since nature is 'yes', I evaluate the sub-axes. The bald eagle is a non-human vertebrate, placing it under Fauna & Animal Derivatives within the biotic category. Because this is a real-world, physical organism with mass and occupying space, it is classified as material under the Tangibility axis.",False
/home/pmonserrat/datasets/imagenet/extracted_data/n01616318/ILSVRC2012_val_00000018.JPEG,vulture,True,True,True,yes,biotic,material,"The target entity is a vulture. The visual evidence shows a real-world, non-human bird captured in an unfiltered documentary photograph. Vultures are non-human vertebrates (fauna) and fall under the inclusion criteria for More-Than-Human Living Entities (Fauna). Since nature is 'yes', I evaluate the sub-axes. The vulture is a non-human vertebrate, placing it under Fauna within the biotic category. The image is a literal, unfiltered documentary photograph capturing a real-world physical organism, classifying it as material under the Tangibility axis.",False
/home/pmonserrat/datasets/imagenet/extracted_data/n01622779/ILSVRC2012_val_00000318.JPEG,great grey owl,True,True,True,yes,biotic,material,"The target entity is a great grey owl. The visual evidence shows a real-world, physical great grey owl in its natural environment. The great grey owl is a non-human vertebrate (fauna), which falls under the inclusion criteria for More-Than-Human Living Entities (Flora, Fauna, Fungi). Since nature is 'yes', I evaluate the sub-axes. The great grey owl is a non-human living organism, placing it under Fauna within the biotic category. The image is an unfiltered documentary photograph capturing a real-world physical organism, making it classified as material under the Tangibility axis.",False
/home/pmonserrat/datasets/imagenet/extracted_data/n01629819/ILSVRC2012_val_00000225.JPEG,european fire salamander,True,True,True,yes,biotic,material,"The target entity is a European fire salamander. The visual evidence shows a real-world, physical salamander with distinct biological features such as its black and yellow striped pattern, moist skin, and natural habitat context. European fire salamanders are non-human vertebrates (fauna) and fall under the inclusion criteria for More-Than-Human Living Entities (Flora, Fauna, Fungi). Since nature is 'yes', I evaluate the sub-axes. The European fire salamander is a non-human vertebrate, placing it under Fauna within the biotic category. The salamander is a real-world, physical organism with mass and occupying space, making it classified as material under the Tangibility axis.",False
/home/pmonserrat/datasets/imagenet/extracted_data/n01630670/ILSVRC2012_val_00000498.JPEG,common newt,True,True,True,yes,biotic,material,"The target entity is a common newt. The visual evidence shows a real-world, physical organism belonging to the fauna category. The common newt is a non-human vertebrate, explicitly included under the Flora, Fauna, and Fungi inclusion scope in the More-Than-Human Living Entities category. This fulfills the criteria for nature as it is a living, non-human entity present in the physical environment. Since nature is 'yes', I evaluate the sub-axes. The common newt is a non-human living organism, placing it under Fauna & Animal Derivatives within the biotic category. Because the image is an unfiltered documentary depiction of a real-world physical organism, it is classified as material under the Tangibility axis.",False
/home/pmonserrat/datasets/imagenet/extracted_data/n01631663/ILSVRC2012_val_00000258.JPEG,eft,True,True,True,yes,biotic,material,"The target entity is an 'eft,' which is the larval stage of a salamander. The visual evidence in the image shows a real, physical organism in its natural habitat. The eft is a non-human living entity (fauna), explicitly included under the More-Than-Human Living Entities category in the inclusion scope of the taxonomy. It is a tangible, real-world biological organism, fulfilling the criteria for nature. Since nature is 'yes', I evaluate the sub-axes. The eft is a non-human vertebrate (fauna), placing it under the Flora & Fauna & Animal Derivatives category within the biotic life category. Because it is a real-world, physical organism with mass and occupying space, it is classified as material under the Tangibility axis.",False
/home/pmonserrat/datasets/imagenet/extracted_data/n01632458/ILSVRC2012_val_00000088.JPEG,spotted salamander,True,True,True,yes,biotic,material,"The target entity is a spotted salamander. The visual evidence shows a real-world, physical salamander in its natural habitat. Spotted salamanders are non-human vertebrates (fauna) and fall under the inclusion criteria for More-Than-Human Living Entities. This entity is a living organism, fulfilling the definition of biotic nature under the taxonomy provided. Since nature is 'yes', I evaluate the sub-axes. The spotted salamander is a non-human living organism, placing it under Fauna & Animal Derivatives within the biotic category. The salamander is a real-world, physical entity with mass and occupying space, making it classified as material under the Tangibility axis.",False
/home/pmonserrat/datasets/imagenet/extracted_data/n01632777/ILSVRC2012_val_00000052.JPEG,axolotl,True,True,True,yes,biotic,material,"The target entity is an axolotl. The visual evidence shows a real, living organism in its physical environment. Axolotls are non-human vertebrates (fauna) and fall under the inclusion scope of More-Than-Human Living Entities. This entity is a living biological organism, fulfilling the criteria for nature under the Flora, Fauna, and Fungi category. Since nature is 'yes', I evaluate the sub-axes. The axolotl is a non-human vertebrate, placing it under Fauna within the biotic category. The axolotl in the image is a real, physical organism occupying space and having mass, thus it is classified as material under the Tangibility axis.",False
/home/pmonserrat/datasets/imagenet/extracted_data/n01641577/ILSVRC2012_val_00001652.JPEG,bullfrog,True,True,True,yes,biotic,material,"The target entity is a bullfrog. The visual evidence shows a real-world, physical bullfrog in its natural habitat, surrounded by green foliage. Bullfrogs are non-human vertebrates (fauna) and fall under the inclusion criteria for More-Than-Human Living Entities (Flora, Fauna, Fungi). This entity is a living organism and thus fulfills the criteria for nature. Since nature is 'yes', I evaluate the sub-axes. The bullfrog is a non-human vertebrate, placing it under Fauna within the biotic category. Because this is a real-world, physical organism occupying space and having mass, it is classified as material under the Tangibility axis.",False
/home/pmonserrat/datasets/imagenet/extracted_data/n01644373/ILSVRC2012_val_00000944.JPEG,tree frog,True,True,True,yes,biotic,material,"The target entity is a tree frog. The visual evidence shows a real-world, physical organism that is a non-human vertebrate (fauna). Tree frogs are explicitly included under the Flora & Fauna category in the inclusion scope of more-than-human living entities, fulfilling the criteria for nature. Since nature is 'yes', I evaluate the sub-axes. The tree frog is a non-human living organism, placing it under Fauna within the biotic category. The image is a literal, unfiltered documentary photograph capturing a real-world physical organism, thus it is classified as material under the Tangibility axis.",False
/home/pmonserrat/datasets/imagenet/extracted_data/n01644900/ILSVRC2012_val_00000037.JPEG,tailed frog,True,True,True,yes,biotic,material,"The target entity is a tailed frog, specifically a salamander (likely a mudpuppy or similar species). The visual evidence shows a real-world, physical organism with distinct biological features such as gills, a tail, and a body structure typical of amphibians. This organism falls under the category of Fauna, which is explicitly included in the More-Than-Human Living Entities scope under the Nature Definition. Since nature is 'yes', I evaluate the sub-axes. The tailed frog is a non-human vertebrate (fauna), placing it under the biotic category. The image is an unfiltered documentary photograph capturing a real-world physical organism, making it a material representation under the Tangibility axis.",False
/home/pmonserrat/datasets/imagenet/extracted_data/n01664065/ILSVRC2012_val_00000404.JPEG,loggerhead,True,True,True,yes,biotic,material,"The target entity is a loggerhead turtle. The visual evidence shows a real-world, physical non-human vertebrate (a sea turtle) captured in a documentary-style photograph. Loggerhead turtles are wild, non-human animals, explicitly classified under Fauna in the inclusion criteria for more-than-human living entities. This fulfills the criteria for nature as a biotic entity. Since nature is 'yes', I evaluate the sub-axes. Loggerhead turtles are non-human vertebrates, placing them under Fauna & Animal Derivatives within the biotic category. The image is an unfiltered documentary photograph capturing a real-world physical organism, thus it is classified as material under the Tangibility axis.",False
/home/pmonserrat/datasets/imagenet/extracted_data/n01665541/ILSVRC2012_val_00000791.JPEG,leatherback turtle,True,True,True,yes,biotic,material,"The target entity is a leatherback turtle. The visual evidence in the image shows a real-world, physical leatherback turtle on a beach. Leatherback turtles are non-human vertebrates (fauna) and fall under the inclusion criteria for More-Than-Human Living Entities. The image captures a real, tangible organism in its natural environment, fulfilling the criteria for nature as a biotic entity. Since nature is 'yes', I evaluate the sub-axes. The leatherback turtle is a non-human vertebrate, placing it under Fauna & Animal Derivatives within the biotic category. The image is an unfiltered documentary depiction of a real-world physical organism, thus it is classified as material under the Tangibility axis.",False
/home/pmonserrat/datasets/imagenet/extracted_data/n01667114/ILSVRC2012_val_00000229.JPEG,mud turtle,True,True,True,yes,biotic,material,"The target entity in the image is a fossilized shell, which appears to be the preserved remains of a mud turtle. Fossilized shells are the materialized, preserved remnants of once-living organisms, specifically a type of fauna. Fossils are classified under the inclusion scope of Non-Living Natural Elements & Processes as they are the result of biological processes and are physically present in the real world, fulfilling the criteria for nature as a derivative of a biotic entity. Since nature is 'yes', I evaluate the sub-axes. The fossilized shell is a derivative of a mud turtle, which is a non-human vertebrate (fauna), placing it under the biotic category. Although it is no longer a living organism, it is a physical, tangible remnant of a biotic entity, thus it is classified as material under the Tangibility axis due to its physical presence and material nature in the real world.",False
/home/pmonserrat/datasets/imagenet/extracted_data/n01667778/ILSVRC2012_val_00002832.JPEG,terrapin,True,True,True,yes,biotic,material,"The target entity is a terrapin, specifically a turtle, as depicted in the image. The visual evidence shows a real-world, physical non-human organism, which falls under the category of Fauna in the inclusion scope of More-Than-Human Living Entities. This fulfills the criteria for nature as it is a living, non-human entity. Since nature is 'yes', I evaluate the sub-axes. The terrapin is a non-human vertebrate, placing it under Fauna within the biotic category. The image is an unfiltered documentary photograph capturing a real-world physical organism, making it a material instance under the Tangibility axis.",False
/home/pmonserrat/datasets/imagenet/extracted_data/n01669191/ILSVRC2012_val_00000362.JPEG,box turtle,True,True,True,yes,biotic,material,"The target entity is a box turtle. The visual evidence shows a real-world, physical non-human vertebrate (fauna) in its natural environment. Box turtles are explicitly included under the More-Than-Human Living Entities (Fauna) category, fulfilling the inclusion criteria for nature. Since nature is 'yes', I evaluate the sub-axes. The box turtle is a non-human vertebrate, placing it under Fauna within the biotic category. The turtle is a real-world, physical organism with mass and occupying space, making it classified as material under the Tangibility axis.",False
/home/pmonserrat/datasets/imagenet/extracted_data/n01675722/ILSVRC2012_val_00003904.JPEG,banded gecko,True,True,True,yes,biotic,material,"The target entity is a banded gecko. The visual evidence shows a real, physical non-human vertebrate (fauna) being held by a human hand. The banded gecko is a living organism, explicitly included under the Flora, Fauna, and Fungi category in the More-Than-Human Living Entities inclusion scope. This fulfills the criteria for nature as it is a tangible, living entity in the real world. Since nature is 'yes', I evaluate the sub-axes. The banded gecko is a non-human vertebrate, placing it under Fauna & Animal Derivatives within the biotic category. Because it is a real-world, physical living organism with mass and occupying space, it is classified as material under the Tangibility axis.",False
/home/pmonserrat/datasets/imagenet/extracted_data/n01677366/ILSVRC2012_val_00000153.JPEG,common iguana,True,True,True,yes,biotic,material,"The target entity is a common iguana. The visual evidence shows a real-world, physical non-human vertebrate (fauna) captured in a documentary photograph. The common iguana is a wild, non-human organism, fitting under the inclusion criteria for More-Than-Human Living Entities (Fauna). Since nature is 'yes', I evaluate the sub-axes. The common iguana is a non-human living organism, placing it under Fauna within the biotic category. Because the image is an unfiltered documentary photograph capturing a real-world physical organism, it is classified as material under the Tangibility axis.",False
/home/pmonserrat/datasets/imagenet/extracted_data/n01682714/ILSVRC2012_val_00001931.JPEG,american chameleon,True,True,True,yes,biotic,material,"The target entity is an 'American chameleon' as depicted in the image. The visual evidence shows a real, physical lizard-like creature in a natural environment with foliage. The American chameleon is a non-human vertebrate (fauna), and the image captures a real-world organism, fulfilling the inclusion criteria for More-Than-Human Living Entities (Fauna) under the Nature Definition. Since nature is 'yes', I evaluate the sub-axes. The American chameleon is a non-human living organism, placing it under Fauna & Animal Derivatives within the biotic category. The image is an unfiltered documentary depiction of a real-world physical organism, thus it is classified as material under the Tangibility axis.",False
/home/pmonserrat/datasets/imagenet/extracted_data/n01685808/ILSVRC2012_val_00000908.JPEG,whiptail,True,True,True,yes,biotic,material,"The target entity is a whiptail lizard. The visual evidence shows a real-world, physical non-human vertebrate (fauna) captured in an unfiltered documentary photograph. Whiptails are a type of lizard, which falls under the inclusion criteria for Fauna & Animal Derivatives in the Biotic category of the Nature taxonomy. The image depicts a living organism in its natural state, fulfilling the criteria for nature. Since nature is 'yes', I evaluate the sub-axes. The whiptail lizard is a non-human vertebrate, placing it under Fauna within the biotic category. The image is a literal, unfiltered documentary photograph of a real-world physical organism, classifying it as material under the Tangibility axis.",False
/home/pmonserrat/datasets/imagenet/extracted_data/n01687978/ILSVRC2012_val_00003821.JPEG,agama,True,True,True,yes,biotic,material,"The target entity is an agama, a type of lizard. The visual evidence shows a real-world physical organism, identifiable as a non-human vertebrate (fauna). This fits under the inclusion criteria for More-Than-Human Living Entities (Fauna) in the Nature Definition, specifically under the Biotic category of the Life Category Axis. The image is a standard, literal photograph capturing a real-world physical entity, thus it is a MATERIAL representation of nature. Since nature is 'yes', I evaluate the sub-axes. The agama is a non-human vertebrate, placing it under Fauna within the biotic category. The image is a documentary photograph capturing a real-world physical organism, making it a MATERIAL instance under the Tangibility axis.",False
/home/pmonserrat/datasets/imagenet/extracted_data/n01688243/ILSVRC2012_val_00000297.JPEG,frilled lizard,True,True,True,yes,biotic,material,"The target entity is a frilled lizard. The visual evidence shows real, physical frilled lizards in their natural habitat. These are non-human vertebrates (fauna) that fall under the inclusion criteria for More-Than-Human Living Entities, specifically under Fauna & Animal Derivatives in the Biotic category. The lizards are depicted in a literal, unaltered, and unfiltered documentary manner, fulfilling the criteria for Material nature. Since nature is 'yes', I evaluate the sub-axes. Frilled lizards are non-human vertebrates, placing them under Fauna within the biotic category. Because these are real-world, physical organisms occupying space and having mass, they are classified as material under the Tangibility axis.",False
/home/pmonserrat/datasets/imagenet/extracted_data/n01689811/ILSVRC2012_val_00001022.JPEG,alligator lizard,True,True,True,yes,biotic,material,"The target entity is an alligator lizard in the provided image. The visual evidence shows a real, physical non-human vertebrate (fauna) in its natural habitat. More-than-human living organisms explicitly fall under the inclusion criteria for nature, specifically under Flora, Fauna, and Fungi. The alligator lizard is a non-human living entity, fulfilling the criteria for classification as nature. Since nature is 'yes', I evaluate the sub-axes. The alligator lizard is a non-human vertebrate, placing it under Fauna & Animal Derivatives within the biotic category. The image is an unfiltered documentary photograph capturing a real-world physical organism, making it a material representation under the Tangibility axis.",False
/home/pmonserrat/datasets/imagenet/extracted_data/n01692333/ILSVRC2012_val_00001475.JPEG,gila monster,True,True,True,yes,biotic,material,"The target entity is a Gila monster. The visual evidence shows a real, physical, non-human vertebrate (a venomous lizard) in its natural form. The Gila monster is a wild, non-human organism that falls under Fauna & Animal Derivatives within the inclusion criteria for More-Than-Human Living Entities. This entity is explicitly included in the taxonomy as a biotic component of nature. Since nature is 'yes', I evaluate the sub-axes. The Gila monster is a non-human vertebrate, placing it under Fauna & Animal Derivatives within the biotic category. The image is a standard, literal, realistic photograph capturing a real-world physical organism, thus it is classified as material under the Tangibility axis.",False
/home/pmonserrat/datasets/imagenet/extracted_data/n01693334/ILSVRC2012_val_00000064.JPEG,green lizard,True,True,True,yes,biotic,material,"The target entity is a green lizard. The visual evidence shows a real-world, physical lizard, which is a non-human vertebrate (fauna). This entity falls under the inclusion scope of More-Than-Human Living Entities (Fauna) in the Nature Definition, fulfilling the criteria for nature. Since nature is 'yes', I evaluate the sub-axes. The green lizard is a non-human living organism, placing it under Fauna within the biotic category. Because it is a real-world, physical organism with mass and occupying space, it is classified as material under the Tangibility axis.",False
/home/pmonserrat/datasets/imagenet/extracted_data/n01694178/ILSVRC2012_val_00001375.JPEG,african chameleon,True,True,True,yes,biotic,material,"The target entity is an African chameleon in the provided image. The visual evidence shows a real-world, physical non-human vertebrate (fauna) in its natural habitat. African chameleons are wild, non-human organisms, which fall under the inclusion criteria for More-Than-Human Living Entities (Fauna) in the taxonomy. Since nature is 'yes', I evaluate the sub-axes. The African chameleon is a non-human living organism, placing it under Fauna within the biotic category. The image is an unfiltered documentary photograph capturing a real-world physical organism, making it a material representation under the Tangibility axis.",False
/home/pmonserrat/datasets/imagenet/extracted_data/n01695060/ILSVRC2012_val_00000541.JPEG,komodo dragon,True,True,True,yes,biotic,material,"The target entity is a komodo dragon. The visual evidence shows a real-world, physical non-human vertebrate (fauna) in its natural form. Komodo dragons are wild, non-human organisms that fall under the inclusion criteria for More-Than-Human Living Entities (Fauna) in the taxonomy. Since nature is 'yes', I evaluate the sub-axes. The komodo dragon is a non-human vertebrate, placing it under Fauna within the biotic category. The image is a literal, unfiltered documentary photograph capturing a real-world physical organism, thus it is classified as material under the Tangibility axis.",False
/home/pmonserrat/datasets/imagenet/extracted_data/n01697457/ILSVRC2012_val_00001573.JPEG,african crocodile,True,True,True,yes,biotic,material,"The target entity is an African crocodile. The visual evidence shows a real-world, physical crocodile in its natural habitat. African crocodiles are non-human vertebrates (fauna) and fall under the inclusion criteria for More-Than-Human Living Entities (Fauna) in the NATURE definition. This entity is a living organism and thus fulfills the criteria for nature classification. Since nature is 'yes', I evaluate the sub-axes. The African crocodile is a non-human vertebrate, placing it under Fauna within the biotic category. The image is an unfiltered documentary photograph capturing a real-world physical organism, making it a material representation under the Tangibility axis.",False
/home/pmonserrat/datasets/imagenet/extracted_data/n01698640/ILSVRC2012_val_00000090.JPEG,american alligator,True,True,True,yes,biotic,material,"The target entity is an American alligator. The visual evidence shows a real, physical non-human vertebrate (fauna) in its natural environment. The American alligator is a wild, non-human organism, fitting under the inclusion criteria for More-Than-Human Living Entities (Fauna). Since nature is 'yes', I evaluate the sub-axes. The American alligator is a non-human vertebrate, placing it under Fauna within the biotic category. The image is an unfiltered documentary photograph capturing a real-world physical organism, making it a material representation under the Tangibility axis.",False
/home/pmonserrat/datasets/imagenet/extracted_data/n01704323/ILSVRC2012_val_00002051.JPEG,triceratops,True,True,True,yes,biotic,immaterial,"The target entity is a triceratops. The visual evidence shows a three-dimensional sculptural representation of a triceratops, which is a non-human vertebrate (fauna). This falls under the category of Representations of Nature, specifically artistic or fictional depictions of non-human living organisms, fulfilling the inclusion criteria for nature. The triceratops is not a real, living organism but a crafted object designed to represent one. Since nature is 'yes', I evaluate the sub-axes. The triceratops is a non-human vertebrate, placing it under Fauna & Animal Derivatives within the biotic category. Although the triceratops is a physical three-dimensional object, it is a crafted representation rather than a real-world organism, thus it is classified as immaterial under the Tangibility axis.",False
/home/pmonserrat/datasets/imagenet/extracted_data/n01728572/ILSVRC2012_val_00003569.JPEG,thunder snake,True,True,True,yes,biotic,material,"The target entity is a 'thunder snake' as depicted in the image. The visual evidence shows a real, physical snake with distinct biological features such as scales, eyes, and a head. This entity is a non-human living organism (fauna), fitting under the inclusion criteria for More-Than-Human Living Entities. The term 'thunder snake' is commonly used to refer to a specific type of snake, such as the Eastern Diamondback Rattlesnake, which is a real biological species. Therefore, this instance counts as nature under the provided definition. Since nature is 'yes', I evaluate the sub-axes. The thunder snake is a non-human vertebrate (fauna), placing it under the biotic category. The image is a literal, unfiltered documentary photograph capturing a real-world physical organism, making it a material representation under the Tangibility axis.",False
/home/pmonserrat/datasets/imagenet/extracted_data/n01728920/ILSVRC2012_val_00001042.JPEG,ringneck snake,True,True,True,yes,biotic,material,"The target entity is a ringneck snake. The visual evidence shows a real, physical non-human vertebrate (a snake) in the image. Ringneck snakes are wild, non-human organisms that fall under Fauna & Animal Derivatives within the inclusion criteria for More-Than-Human Living Entities. This entity is a real-world organism, fulfilling the criteria for nature. Since nature is 'yes', I evaluate the sub-axes. The ringneck snake is a non-human vertebrate, placing it under Fauna within the biotic category. Because the image is an unfiltered documentary depiction of a real-world physical organism, it is classified as material under the Tangibility axis.",False
/home/pmonserrat/datasets/imagenet/extracted_data/n01729322/ILSVRC2012_val_00002568.JPEG,hognose snake,True,True,True,yes,biotic,material,"The target entity is a hognose snake. The visual evidence shows a real-world, physical non-human organism, specifically a snake, which is a vertebrate belonging to the fauna category. This entity falls under the inclusion scope of More-Than-Human Living Entities (Fauna) in the Nature Definition, fulfilling the criteria for nature. Since nature is 'yes', I evaluate the sub-axes. The hognose snake is a non-human living organism, placing it under Fauna within the biotic category. Because the image is an unfiltered documentary depiction of a real-world physical organism, it is classified as material under the Tangibility axis.",False
/home/pmonserrat/datasets/imagenet/extracted_data/n01729977/ILSVRC2012_val_00000029.JPEG,green snake,True,True,True,yes,biotic,material,"The target entity is a green snake. The visual evidence shows a real-world, physical non-human organism, specifically a snake, captured in its natural environment. This entity falls under the inclusion scope of Fauna, which is explicitly defined as wild, domesticated, or bred non-human vertebrates. The image is a literal, unfiltered documentary photograph of a real organism, fulfilling the criteria for a Material entity under the Tangibility axis. Since nature is 'yes', I evaluate the sub-axes. The green snake is a non-human vertebrate, placing it under Fauna within the biotic category. Because the image is a literal, unfiltered documentary photograph capturing a real-world physical organism, it is classified as material under the Tangibility axis.",False
/home/pmonserrat/datasets/imagenet/extracted_data/n01734418/ILSVRC2012_val_00000512.JPEG,king snake,True,True,True,yes,biotic,material,"The target entity is a king snake. The visual evidence shows a real-world, physical snake in its natural habitat, identifiable as a non-human vertebrate (fauna). More-Than-Human Living Entities, specifically fauna, are explicitly included under the definition of nature, fulfilling the inclusion criteria. Since nature is 'yes', I evaluate the sub-axes. The king snake is a non-human vertebrate, placing it under Fauna & Animal Derivatives within the biotic category. Because the image is an unfiltered documentary photograph capturing a real-world physical organism, it is classified as material under the Tangibility axis.",False
/home/pmonserrat/datasets/imagenet/extracted_data/n01735189/ILSVRC2012_val_00000006.JPEG,garter snake,True,True,True,yes,biotic,material,"The target entity is a garter snake. The visual evidence shows a real-world, physical non-human vertebrate (fauna) present in its natural environment. Garter snakes are wild, non-human organisms that fall under the inclusion criteria for Flora, Fauna, and Fungi in the More-Than-Human Living Entities category. Since nature is 'yes', I evaluate the sub-axes. The garter snake is a non-human vertebrate, placing it under Fauna & Animal Derivatives within the biotic category. Because the snake is a real-world, physical organism occupying space and visible in an unfiltered documentary photograph, it is classified as material under the Tangibility axis.",False
/home/pmonserrat/datasets/imagenet/extracted_data/n01737021/ILSVRC2012_val_00000084.JPEG,water snake,True,True,True,yes,biotic,material,"The target entity is a water snake in the image. The visual evidence shows a real, physical non-human organism in its natural habitat. Water snakes are non-human vertebrates (fauna) and fall under the inclusion criteria for More-Than-Human Living Entities (Fauna). Since nature is 'yes', I evaluate the sub-axes. The water snake is a non-human vertebrate, placing it under Fauna within the biotic category. The image is an unfiltered documentary depiction of a real-world physical organism, thus it is classified as material under the Tangibility axis.",False
/home/pmonserrat/datasets/imagenet/extracted_data/n01739381/ILSVRC2012_val_00001108.JPEG,vine snake,True,True,True,yes,biotic,material,"The target entity is a vine snake. The visual evidence shows a real, physical snake in an enclosed environment, which is a non-human vertebrate (fauna). As a living organism, it falls under the inclusion criteria for More-Than-Human Living Entities (Fauna) in the Nature Definition. Since nature is 'yes', I evaluate the sub-axes. The vine snake is a non-human living organism, placing it under Fauna within the biotic category. The snake is a real-world physical organism with mass and occupying space, making it a material entity under the Tangibility axis.",False
/home/pmonserrat/datasets/imagenet/extracted_data/n01740131/ILSVRC2012_val_00000337.JPEG,night snake,True,True,True,yes,biotic,material,"The target entity is a night snake, specifically a real-world python or similar constrictor snake. The visual evidence shows a physical, living organism with distinct biological features such as scales, eyes, and a coiled body. This entity falls under Fauna & Animal Derivatives within the inclusion criteria for more-than-human living organisms, fulfilling the definition of nature. Since nature is 'yes', I evaluate the sub-axes. The snake is a non-human vertebrate, placing it under Fauna within the biotic category. The image is an unfiltered documentary photograph capturing a real-world physical organism, thus it is classified as material under the Tangibility axis.",False
/home/pmonserrat/datasets/imagenet/extracted_data/n01742172/ILSVRC2012_val_00000786.JPEG,boa constrictor,True,True,True,yes,biotic,material,"The target entity is a boa constrictor. The visual evidence shows a real, physical snake in its natural form, which is a non-human vertebrate (fauna). This entity falls under the inclusion criteria for More-Than-Human Living Entities (Fauna) in the Nature Definition. Since nature is 'yes', I evaluate the sub-axes. The boa constrictor is a non-human living organism, placing it under Fauna within the biotic category. Because this is a real-world physical organism with mass and occupying space, it is classified as material under the Tangibility axis.",False
/home/pmonserrat/datasets/imagenet/extracted_data/n01744401/ILSVRC2012_val_00000688.JPEG,rock python,True,True,True,yes,biotic,material,"The target entity is a rock python. The visual evidence shows a real-world, physical snake, which is a non-human vertebrate (fauna). According to the inclusion criteria, wild or domesticated non-human organisms fall under the category of Fauna & Animal Derivatives within the Biotic Life Category. This entity is a living organism and thus fulfills the criteria for nature. Since nature is 'yes', I evaluate the sub-axes. The rock python is a living organism, placing it under Fauna within the biotic category. The image is an unfiltered documentary photograph capturing a real-world physical organism, making it a material representation under the Tangibility axis.",False
/home/pmonserrat/datasets/imagenet/extracted_data/n01748264/ILSVRC2012_val_00003143.JPEG,indian cobra,True,True,True,yes,biotic,material,"The target entity is an Indian cobra. The visual evidence shows a real, physical non-human vertebrate (a snake) in its natural setting. The Indian cobra is a wild, non-human organism, explicitly classified under Fauna in the inclusion criteria for more-than-human living entities. This fulfills the criteria for nature as it is a living organism in the real world. Since nature is 'yes', I evaluate the sub-axes. The Indian cobra is a non-human vertebrate, placing it under Fauna & Animal Derivatives within the biotic category. Because the image is a literal, unfiltered documentary photograph of a real-world physical organism, it is classified as material under the Tangibility axis.",False
/home/pmonserrat/datasets/imagenet/extracted_data/n01749939/ILSVRC2012_val_00000298.JPEG,green mamba,True,True,True,yes,biotic,material,"The target entity is a green mamba snake. The visual evidence shows a real-world, physical organism in its natural habitat. The green mamba is a non-human vertebrate (fauna), which falls under the inclusion criteria for More-Than-Human Living Entities (Fauna) in the taxonomy. This entity is explicitly included as a living organism, fulfilling the criteria for nature. Since nature is 'yes', I evaluate the sub-axes. The green mamba is a non-human vertebrate, placing it under Fauna & Animal Derivatives within the biotic category. Because this is a real-world, physical organism captured in its natural environment, it is classified as material under the Tangibility axis.",False
/home/pmonserrat/datasets/imagenet/extracted_data/n01751748/ILSVRC2012_val_00000001.JPEG,sea snake,True,True,True,yes,biotic,material,"The target entity is a sea snake in the image. The visual evidence shows a real, physical non-human organism (a snake) situated in a natural environment (beach sand). Sea snakes are non-human vertebrates (fauna) and fall under the inclusion criteria for More-Than-Human Living Entities (Fauna). Since nature is 'yes', I evaluate the sub-axes. The sea snake is a non-human vertebrate, placing it under Fauna within the biotic category. The image is an unfiltered documentary photograph capturing a real-world physical organism, making it a material representation under the Tangibility axis.",False
/home/pmonserrat/datasets/imagenet/extracted_data/n01753488/ILSVRC2012_val_00001582.JPEG,horned viper,True,True,True,yes,biotic,material,"The target entity is a horned viper. The visual evidence shows a real, physical snake with distinct biological features such as scales, fangs, and a distinct head shape. Horned vipers are non-human vertebrates (fauna) and fall under the inclusion criteria for More-Than-Human Living Entities (Flora, Fauna, Fungi). This entity is a living organism, fulfilling the criteria for nature. Since nature is 'yes', I evaluate the sub-axes. The horned viper is a non-human vertebrate, placing it under Fauna & Animal Derivatives within the biotic category. Because the image is an unfiltered documentary depiction of a real-world physical organism, it is classified as material under the Tangibility axis.",False
/home/pmonserrat/datasets/imagenet/extracted_data/n01755581/ILSVRC2012_val_00000749.JPEG,diamondback,True,True,True,yes,biotic,material,"The target entity is a diamondback rattlesnake. The visual evidence shows a real, physical snake with distinct biological features such as scales, a coiled body, and a rattle at the end of its tail. Diamondback rattlesnakes are non-human vertebrates (fauna) and fall under the inclusion criteria for More-Than-Human Living Entities (Fauna). Since nature is 'yes', I evaluate the sub-axes. The diamondback rattlesnake is a non-human vertebrate, placing it under Fauna & Animal Derivatives within the biotic category. Because the image is a literal, unfiltered documentary photograph capturing a real-world physical organism, it is classified as material under the Tangibility axis.",False
/home/pmonserrat/datasets/imagenet/extracted_data/n01756291/ILSVRC2012_val_00001706.JPEG,sidewinder,True,True,True,yes,biotic,immaterial,"The target entity is a sidewinder depicted in the image. The visual evidence shows a stylized, artistic drawing of a snake known as a sidewinder, which is a non-human living organism (fauna). Representations of non-human living organisms, even if stylized or artistic, count as Representations of Nature under the inclusion criteria for Flora, Fauna, and Fungi. This drawing is not a literal, unfiltered documentary photograph of a real-world organism but rather an artistic depiction. Since nature is 'yes', I evaluate the sub-axes. The sidewinder is a non-human vertebrate (fauna), placing it under the biotic category. The image is an artistic representation rather than a physical real-world organism, so it is classified as immaterial under the Tangibility axis.",False
/home/pmonserrat/datasets/imagenet/extracted_data/n01768244/ILSVRC2012_val_00000299.JPEG,trilobite,True,True,True,yes,biotic,material,"The target entity is a trilobite fossil. Trilobites are extinct marine arthropods, and the visual evidence shows a fossilized imprint embedded in rock. Fossils are the preserved remains or traces of ancient organisms, representing a biotic entity that once existed in the natural world. Fossils are explicitly included under the broader category of more-than-human living entities (Fauna & Animal Derivatives) as they are remnants of biological life, fulfilling the inclusion criteria for nature. Since nature is 'yes', I evaluate the sub-axes. Trilobites are non-human vertebrates (or more accurately, extinct marine arthropods), placing their fossilized remains under Flora & Fauna & Animal Derivatives within the biotic category. The fossil itself is a physical, tangible object that occupies space and has mass, even though it is a preserved remnant. As it is a real-world physical entity, it is classified as material under the Tangibility axis.",False
/home/pmonserrat/datasets/imagenet/extracted_data/n01770081/ILSVRC2012_val_00000107.JPEG,harvestman,True,True,True,yes,biotic,material,"The target entity is a harvestman, which is a type of arachnid. The visual evidence in the image shows a real-world, physical organism with distinct biological features such as legs and a body. Harvestmen are non-human living organisms, specifically classified under Fauna, fulfilling the inclusion criteria for More-Than-Human Living Entities in the taxonomy. Since nature is 'yes', I evaluate the sub-axes. The harvestman is a non-human living organism, placing it under Fauna within the biotic category. The image is a literal, unfiltered documentary photograph capturing a real-world physical organism, thus it is classified as material under the Tangibility axis.",False
/home/pmonserrat/datasets/imagenet/extracted_data/n01770393/ILSVRC2012_val_00001007.JPEG,scorpion,True,True,True,yes,biotic,material,"The target entity is a scorpion. The visual evidence shows a real-world, physical scorpion, which is a non-human living organism (fauna). According to the inclusion criteria, wild or domesticated non-human organisms fall under the More-Than-Human Living Entities category, specifically Fauna, fulfilling the criteria for nature. Since nature is 'yes', I evaluate the sub-axes. The scorpion is a non-human living organism, placing it under Fauna within the biotic category. Because the scorpion is a real-world, physical entity that occupies space and can be directly perceived through physical senses, it is classified as material under the Tangibility axis.",False
/home/pmonserrat/datasets/imagenet/extracted_data/n01773157/ILSVRC2012_val_00001037.JPEG,black and gold garden spider,True,True,True,yes,biotic,material,"The target entity is a black and gold garden spider. The visual evidence shows a real-world, physical spider in its natural habitat, actively engaged in its biological processes (e.g., web-building). More-Than-Human Living Entities (Fauna) are explicitly included under the Inclusion Scope of the taxonomy, fulfilling the criteria for nature. The spider is a non-human living organism, and its depiction is a literal, unfiltered representation of a real-world entity. Since nature is 'yes', I evaluate the sub-axes. The black and gold garden spider is a non-human vertebrate (fauna), placing it under the Biotic category. Because the spider is a real-world, physical organism with mass and occupying space, it is classified as material under the Tangibility axis.",False
/home/pmonserrat/datasets/imagenet/extracted_data/n01773549/ILSVRC2012_val_00002688.JPEG,barn spider,True,True,True,yes,biotic,material,"The target entity is a barn spider. The visual evidence shows a real-world, physical spider (an arachnid) in its natural habitat, surrounded by green foliage. Barn spiders are non-human living organisms (fauna), explicitly included under the More-Than-Human Living Entities category in the inclusion scope of the taxonomy. This fulfills the criteria for nature as it is a living entity in its natural environment. Since nature is 'yes', I evaluate the sub-axes. The barn spider is a non-human living organism, placing it under Fauna & Animal Derivatives within the biotic category. The spider is a real-world, physical organism with mass and occupying space, captured in an unfiltered documentary photograph, thus it is classified as material under the Tangibility axis.",False
/home/pmonserrat/datasets/imagenet/extracted_data/n01773797/ILSVRC2012_val_00000040.JPEG,garden spider,True,True,True,yes,biotic,material,"The target entity is a garden spider. The visual evidence shows real-world garden spiders in their natural environment, actively engaged in their biological processes (e.g., spinning webs). Garden spiders are non-human living organisms (fauna), explicitly included under the More-Than-Human Living Entities category in the inclusion scope of the taxonomy. The image captures these organisms in their physical, real-world state, fulfilling the criteria for nature as a biotic entity. Since nature is 'yes', I evaluate the sub-axes. The garden spider is a non-human living organism (fauna), placing it under the Biotic category. The image is an unfiltered documentary photograph capturing real-world physical organisms and their behaviors, thus it is classified as material under the Tangibility axis.",False
/home/pmonserrat/datasets/imagenet/extracted_data/n01774384/ILSVRC2012_val_00001150.JPEG,black widow,True,True,True,yes,biotic,material,"The target entity is a black widow spider. The visual evidence shows a real-world spider in its natural habitat, specifically a physical organism belonging to the fauna category. More-Than-Human Living Entities (Fauna) are explicitly included under the Nature Definition, fulfilling the inclusion criteria. Since nature is 'yes', I evaluate the sub-axes. The black widow spider is a non-human vertebrate (insect), placing it under Fauna within the biotic category. The spider is a real-world physical organism with mass and occupying space, making it classified as material under the Tangibility axis.",False
/home/pmonserrat/datasets/imagenet/extracted_data/n01774750/ILSVRC2012_val_00000396.JPEG,tarantula,True,True,True,yes,biotic,material,"The target entity is a tarantula. The visual evidence shows a real-world, physical spider in its natural habitat within a contained environment. Tarantulas are non-human vertebrates (specifically arachnids) and fall under Fauna, which is explicitly included in the More-Than-Human Living Entities category. This fulfills the inclusion criteria for nature. Since nature is 'yes', I evaluate the sub-axes. The tarantula is a non-human living organism, placing it under Fauna within the biotic category. The tarantula is a real-world, physical organism with mass and occupying space, making it a material entity under the Tangibility axis.",False
/home/pmonserrat/datasets/imagenet/extracted_data/n01775062/ILSVRC2012_val_00000218.JPEG,wolf spider,True,True,True,yes,biotic,material,"The target entity is a wolf spider. The visual evidence shows a real-world, living non-human organism (fauna) in its natural habitat. Wolf spiders are wild, non-human arthropods, which fall under the inclusion criteria for More-Than-Human Living Entities (Fauna) in the taxonomy. This entity is explicitly included as a biotic component of nature. Since nature is 'yes', I evaluate the sub-axes. The wolf spider is a non-human living organism, placing it under Fauna within the biotic category. The spider is a physical, real-world organism with mass and occupying space, making it a material entity under the Tangibility axis.",False
/home/pmonserrat/datasets/imagenet/extracted_data/n01776313/ILSVRC2012_val_00000679.JPEG,tick,True,True,True,yes,biotic,material,"The target entity is a tick, specifically identified as *Ixodes ricinus*, also known as the castor bean tick or sheep tick. The visual evidence shows a real, physical, non-human organism belonging to the arthropod class. Ticks are wild, non-human living entities, explicitly included under Fauna & Animal Derivatives in the inclusion criteria for nature. This entity fulfills the criteria for More-Than-Human Living Entities (Fauna). Since nature is 'yes', I evaluate the sub-axes. The tick is a non-human living organism, placing it under Fauna within the biotic category. The image is a standard, literal, realistic photograph of a real-world physical organism, making it a MATERIAL representation under the Tangibility axis.",False
/home/pmonserrat/datasets/imagenet/extracted_data/n01784675/ILSVRC2012_val_00003981.JPEG,centipede,True,True,True,yes,biotic,material,"The target entity is a centipede. The visual evidence shows a real-world, physical organism with multiple legs, characteristic of centipedes. Centipedes are non-human, living organisms classified under Fauna, which falls under the inclusion criteria for More-Than-Human Living Entities in the taxonomy. Since nature is 'yes', I evaluate the sub-axes. The centipede is a non-human living organism, placing it under Fauna within the biotic category. The centipede is a real-world, physical entity with mass and occupying space, captured in a literal, unfiltered documentary photograph, thus it is classified as material under the Tangibility axis.",False
/home/pmonserrat/datasets/imagenet/extracted_data/n01795545/ILSVRC2012_val_00000075.JPEG,black grouse,True,True,True,yes,biotic,material,"The target entity is a black grouse. The visual evidence shows a real-world, physical bird in its natural habitat. Black grouse are non-human vertebrates (fauna) and fall under the inclusion criteria for More-Than-Human Living Entities (Fauna) in the taxonomy. The image captures a literal, unaltered depiction of this living organism in its environment, fulfilling the criteria for nature. Since nature is 'yes', I evaluate the sub-axes. The black grouse is a non-human vertebrate, placing it under Fauna & Animal Derivatives within the biotic category. Because the image is an unfiltered documentary photograph capturing a real-world physical organism, it is classified as material under the Tangibility axis.",False
/home/pmonserrat/datasets/imagenet/extracted_data/n01796340/ILSVRC2012_val_00000860.JPEG,ptarmigan,True,True,True,yes,biotic,material,"The target entity is a ptarmigan, a type of bird. The visual evidence in the image shows real, physical ptarmigans in their natural habitat. Ptarmigans are non-human vertebrates (fauna) and fall under the inclusion criteria for More-Than-Human Living Entities (Fauna). Since nature is 'yes', I evaluate the sub-axes. Ptarmigans are non-human living organisms, placing them under Fauna within the biotic category. The image is an unfiltered documentary photograph capturing real-world physical organisms in their environment, thus classifying this instance as material under the Tangibility axis.",False
/home/pmonserrat/datasets/imagenet/extracted_data/n01797886/ILSVRC2012_val_00002539.JPEG,ruffed grouse,True,True,True,yes,biotic,material,"The target entity is a ruffed grouse. The visual evidence shows a real-world, physical bird, which is a non-human vertebrate. According to the inclusion criteria, wild or domesticated non-human organisms (fauna) are explicitly classified under More-Than-Human Living Entities, fulfilling the criteria for nature. Since nature is 'yes', I evaluate the sub-axes. The ruffed grouse is a non-human living organism, placing it under Fauna within the biotic category. Because this is a real-world, physical organism captured in an unfiltered documentary photograph, it is classified as material under the Tangibility axis.",False
/home/pmonserrat/datasets/imagenet/extracted_data/n01798484/ILSVRC2012_val_00001461.JPEG,prairie chicken,True,True,True,yes,biotic,material,"The target entity is a prairie chicken. The visual evidence shows real-world, non-human vertebrates in their natural habitat. Prairie chickens are wild, non-human animals, which fall under the inclusion criteria for Fauna & Animal Derivatives within the More-Than-Human Living Entities category. This fulfills the definition of nature as per the provided taxonomy. Since nature is 'yes', I evaluate the sub-axes. Prairie chickens are non-human vertebrates, placing them under Fauna within the biotic category. The image is an unfiltered documentary photograph capturing real-world physical organisms in their environment, thus classifying this instance as material under the Tangibility axis.",False
/home/pmonserrat/datasets/imagenet/extracted_data/n01806143/ILSVRC2012_val_00001146.JPEG,peacock,True,True,True,yes,biotic,material,"The target entity is a peacock. The visual evidence shows a real-world, living bird in its natural environment. Peacocks are non-human vertebrates (fauna) and fall under the inclusion criteria for More-Than-Human Living Entities. The image captures a physical, living organism in its natural habitat, fulfilling the criteria for nature. Since nature is 'yes', I evaluate the sub-axes. The peacock is a non-human vertebrate, placing it under Fauna within the biotic category. The peacock is a real, physical living entity occupying space and having mass, thus it is classified as material under the Tangibility axis.",False
/home/pmonserrat/datasets/imagenet/extracted_data/n01806567/ILSVRC2012_val_00003015.JPEG,quail,True,True,True,yes,biotic,material,"The target entity is a quail. The visual evidence shows a real-world, non-human bird in its natural habitat. Quails are non-human vertebrates (fauna) and fall under the inclusion criteria for More-Than-Human Living Entities (Fauna). The image captures a physical, living organism in its environment, fulfilling the criteria for nature. Since nature is 'yes', I evaluate the sub-axes. The quail is a non-human vertebrate, placing it under Fauna within the biotic category. The image is an unfiltered documentary photograph capturing a real-world physical organism, thus it is classified as material under the Tangibility axis.",False
/home/pmonserrat/datasets/imagenet/extracted_data/n01807496/ILSVRC2012_val_00000576.JPEG,partridge,True,True,True,yes,biotic,material,"The target entity is a partridge. The visual evidence shows a real-world, physical bird in its natural habitat. Partridges are non-human vertebrates (fauna), and the image captures a living organism in its environment, fulfilling the inclusion criteria for More-Than-Human Living Entities under Flora, Fauna, and Fungi. Since nature is 'yes', I evaluate the sub-axes. The partridge is a non-human vertebrate, placing it under Fauna & Animal Derivatives within the biotic category. The image is an unfiltered documentary depiction of a real-world physical organism, thus it is classified as material under the Tangibility axis.",False
/home/pmonserrat/datasets/imagenet/extracted_data/n01817953/ILSVRC2012_val_00001629.JPEG,african grey,True,True,True,yes,biotic,material,"The target entity is an African grey parrot. The visual evidence shows a real-world, living non-human organism, specifically a bird. African grey parrots are classified under Fauna & Animal Derivatives within the inclusion scope of more-than-human living entities, fulfilling the criteria for nature. Since nature is 'yes', I evaluate the sub-axes. The African grey parrot is a non-human vertebrate (fauna), placing it under the biotic category. Because the image captures a real, physical organism in its actual form, it is classified as material under the Tangibility axis.",False
/home/pmonserrat/datasets/imagenet/extracted_data/n01818515/ILSVRC2012_val_00001163.JPEG,macaw,True,True,True,yes,biotic,material,"The target entity is a macaw. The visual evidence shows a vivid, detailed depiction of a parrot, which is a non-human vertebrate (fauna). Since the macaw is a real-world living organism, it falls under the inclusion criteria for Flora, Fauna, and Fungi within the More-Than-Human Living Entities category of nature. Since nature is 'yes', I evaluate the sub-axes. The macaw is a non-human living organism, placing it under Fauna & Animal Derivatives within the biotic category. The image appears to be a standard, literal, realistic photograph capturing a real-world physical organism, thus it is classified as material under the Tangibility axis.",False
/home/pmonserrat/datasets/imagenet/extracted_data/n01819313/ILSVRC2012_val_00001288.JPEG,sulphur-crested cockatoo,True,True,True,yes,biotic,material,"The target entity is a sulphur-crested cockatoo. The visual evidence shows a real-world, physical non-human bird, which falls under the category of Fauna in the inclusion scope of more-than-human living entities. This fulfills the criteria for nature as it is a living organism that is not human. Since nature is 'yes', I evaluate the sub-axes. The sulphur-crested cockatoo is a non-human vertebrate, placing it under Fauna within the biotic category. The image is an unfiltered documentary photograph capturing a real-world physical organism, thus it is classified as material under the Tangibility axis.",False
/home/pmonserrat/datasets/imagenet/extracted_data/n01820546/ILSVRC2012_val_00001749.JPEG,lorikeet,True,True,True,yes,biotic,material,"The target entity is a lorikeet. The visual evidence shows a real-world, non-human bird in its natural environment, actively interacting with yellow flowers. Non-human living organisms (fauna) explicitly fall under the inclusion criteria for More-Than-Human Living Entities, fulfilling the definition of nature. Since nature is 'yes', I evaluate the sub-axes. The lorikeet is a non-human vertebrate, placing it under Fauna & Animal Derivatives within the biotic category. The image is an unfiltered documentary photograph capturing a real-world physical organism in its environment, thus it is classified as material under the Tangibility axis.",False
/home/pmonserrat/datasets/imagenet/extracted_data/n01824575/ILSVRC2012_val_00000370.JPEG,coucal,True,True,True,yes,biotic,material,"The target entity is a coucal, a type of bird. The visual evidence in the image shows a real-world, physical bird standing in its natural environment. Coucals are non-human vertebrates (fauna), and the image captures a literal, unfiltered depiction of a living organism in its natural habitat, fulfilling the inclusion criteria for Flora, Fauna, and Fungi under the More-Than-Human Living Entities category. Since nature is 'yes', I evaluate the sub-axes. The coucal is a non-human living organism, placing it under Fauna & Animal Derivatives within the biotic category. The image is a standard, literal, realistic photograph capturing a real-world physical organism, thus it is classified as material under the Tangibility axis.",False
/home/pmonserrat/datasets/imagenet/extracted_data/n01828970/ILSVRC2012_val_00000051.JPEG,bee eater,True,True,True,yes,biotic,material,"The target entity is a bee eater bird. The visual evidence shows a real-world, living organism captured in a natural setting. Bee eaters are non-human vertebrates (fauna), and the image depicts a physical, living entity in its environment, fulfilling the inclusion criteria for Flora, Fauna, and Fungi under the Biotic category in the Nature Definition. Since nature is 'yes', I evaluate the sub-axes. The bee eater is a non-human vertebrate, placing it under Fauna & Animal Derivatives within the biotic category. The image is an unfiltered documentary photograph capturing a real-world physical organism, thus it is classified as material under the Tangibility axis.",False
/home/pmonserrat/datasets/imagenet/extracted_data/n01829413/ILSVRC2012_val_00002100.JPEG,hornbill,True,True,True,yes,biotic,material,"The target entity is a hornbill. The visual evidence shows a real, physical bird in its natural environment. Hornbills are non-human vertebrates (fauna), and the image captures a living organism in the real world, fulfilling the inclusion criteria for More-Than-Human Living Entities under Flora, Fauna, and Fungi. Since nature is 'yes', I evaluate the sub-axes. The hornbill is a non-human vertebrate, placing it under Fauna & Animal Derivatives within the biotic category. Because the image is an unfiltered documentary depiction of a real-world physical organism, it is classified as material under the Tangibility axis.",False
/home/pmonserrat/datasets/imagenet/extracted_data/n01833805/ILSVRC2012_val_00002974.JPEG,hummingbird,True,True,True,yes,biotic,material,"The target entity is a hummingbird. The visual evidence shows a real-world, physical hummingbird captured in a standard, literal, documentary photograph. Hummingbirds are non-human vertebrates (fauna) and fall under the inclusion criteria for More-Than-Human Living Entities (Flora, Fauna, Fungi). Since nature is 'yes', I evaluate the sub-axes. The hummingbird is a non-human living organism, placing it under Fauna within the biotic category. The image is an unfiltered documentary photograph capturing a real-world physical organism, making it classified as material under the Tangibility axis.",False
/home/pmonserrat/datasets/imagenet/extracted_data/n01843065/ILSVRC2012_val_00002326.JPEG,jacamar,True,True,True,yes,biotic,material,"The target entity is a jacamar, a type of bird. The visual evidence in the image shows a real-world, physical bird perched on a branch in a natural environment. The jacamar is a non-human vertebrate (fauna), and the image captures it in its natural habitat, fulfilling the inclusion criteria for More-Than-Human Living Entities under Flora, Fauna, and Fungi in the Nature Definition. Since nature is 'yes', I evaluate the sub-axes. The jacamar is a non-human living organism, placing it under Fauna & Animal Derivatives within the biotic category. The image is an unfiltered documentary photograph capturing a real-world physical organism in its environment, thus it is classified as material under the Tangibility axis.",False
/home/pmonserrat/datasets/imagenet/extracted_data/n01843383/ILSVRC2012_val_00000952.JPEG,toucan,True,True,True,yes,biotic,material,"The target entity is a toucan. The visual evidence shows a real-world, physical toucan perched on a tree branch in a natural environment. As a non-human vertebrate, the toucan falls under Fauna within the inclusion criteria for More-Than-Human Living Entities, fulfilling the definition of nature. Since nature is 'yes', I evaluate the sub-axes. The toucan is a non-human living organism, placing it under Fauna within the biotic category. The image is an unfiltered documentary photograph capturing a real-world physical organism, thus it is classified as material under the Tangibility axis.",False
/home/pmonserrat/datasets/imagenet/extracted_data/n01847000/ILSVRC2012_val_00000415.JPEG,drake,True,True,True,yes,biotic,material,"The target entity is a drake, which is a male duck. The visual evidence shows a real-world, physical male duck in its natural environment, swimming in water. Ducks are non-human vertebrates (fauna) and fall under the inclusion criteria for More-Than-Human Living Entities (Fauna). Since nature is 'yes', I evaluate the sub-axes. The drake is a non-human vertebrate, placing it under Fauna & Animal Derivatives within the biotic category. Because this is a real-world, physical organism occupying space and having mass, it is classified as material under the Tangibility axis.",False
/home/pmonserrat/datasets/imagenet/extracted_data/n01855032/ILSVRC2012_val_00002309.JPEG,red-breasted merganser,True,True,True,yes,biotic,material,"The target entity is a red-breasted merganser. The visual evidence in the image shows a real-world bird, identifiable by its physical presence, distinct features, and natural behavior in its environment. The red-breasted merganser is a non-human vertebrate (fauna), which falls under the inclusion criteria for More-Than-Human Living Entities (Fauna) in the Nature Definition. Since nature is 'yes', I evaluate the sub-axes. The red-breasted merganser is a non-human living organism, placing it under Fauna & Animal Derivatives within the biotic category. The image is an unfiltered documentary photograph capturing a real-world physical organism, thus it is classified as material under the Tangibility axis.",False
/home/pmonserrat/datasets/imagenet/extracted_data/n01855672/ILSVRC2012_val_00000547.JPEG,goose,True,True,True,yes,biotic,material,"The target entity is a goose. The visual evidence shows a real-world, physical non-human vertebrate (fauna) in its natural setting. According to the inclusion criteria, wild or domesticated non-human organisms fall under the category of Fauna, fulfilling the criteria for nature. Since nature is 'yes', I evaluate the sub-axes. The goose is a non-human vertebrate, placing it under Fauna within the biotic category. The goose is a real-world, physical organism with mass and occupying space, making it classified as material under the Tangibility axis.",False
/home/pmonserrat/datasets/imagenet/extracted_data/n01860187/ILSVRC2012_val_00000466.JPEG,black swan,True,True,True,yes,biotic,material,"The target entity is a black swan. The visual evidence shows a real-world, physical black swan in its natural environment. Black swans are non-human vertebrates (fauna) and fall under the inclusion criteria for More-Than-Human Living Entities (Fauna). The image is a literal, unfiltered documentary photograph capturing a real-world organism, fulfilling the criteria for a Material entity under the Tangibility axis. Since nature is 'yes', I evaluate the sub-axes. The black swan is a non-human vertebrate, placing it under Fauna & Animal Derivatives within the biotic category. Because the image is a literal, unfiltered documentary photograph of a real-world physical organism, it is classified as material under the Tangibility axis.",False
/home/pmonserrat/datasets/imagenet/extracted_data/n01871265/ILSVRC2012_val_00000067.JPEG,tusker,True,False,True,yes,biotic,material,"The target entity is a 'tusker,' which refers to an elephant with long tusks. The visual evidence in the image shows a real-world, physical elephant in its natural habitat. Elephants are non-human vertebrates (fauna) and fall under the inclusion scope of More-Than-Human Living Entities (Fauna). This entity is not a representation, artistic depiction, or fictional entity but a real, living organism in its natural environment. Since nature is 'yes', I evaluate the sub-axes. The tusker is a non-human vertebrate (fauna), placing it under the biotic category. Because the image captures a real-world, physical elephant in its natural setting, it is classified as material under the Tangibility axis.",False
/home/pmonserrat/datasets/imagenet/extracted_data/n01872401/ILSVRC2012_val_00000319.JPEG,echidna,True,True,True,yes,biotic,material,"The target entity is an echidna. The visual evidence shows a real-world, physical echidna, a non-human vertebrate belonging to the fauna category. As a living organism, it falls under the inclusion criteria for More-Than-Human Living Entities (Fauna) in the taxonomy. Since nature is 'yes', I evaluate the sub-axes. The echidna is a non-human living organism, placing it under Fauna within the biotic category. Because it is a real-world, physical organism occupying space and having mass, it is classified as material under the Tangibility axis.",False
/home/pmonserrat/datasets/imagenet/extracted_data/n01873310/ILSVRC2012_val_00000189.JPEG,platypus,True,True,True,yes,biotic,material,"The target entity is a platypus. The visual evidence in the image shows a real-world, physical organism swimming in water. Platypuses are non-human vertebrates (fauna) and fall under the inclusion criteria for More-Than-Human Living Entities. The image is a literal, unfiltered documentary photograph capturing a real platypus in its natural environment, fulfilling the criteria for a Material entity under the Tangibility axis. Since nature is 'yes', I evaluate the sub-axes. The platypus is a non-human vertebrate, placing it under Fauna & Animal Derivatives within the biotic category. The image is a direct, unaltered depiction of a real-world physical organism, classifying it as material under the Tangibility axis.",False
/home/pmonserrat/datasets/imagenet/extracted_data/n01877812/ILSVRC2012_val_00000655.JPEG,wallaby,True,True,True,yes,biotic,material,"The target entity is a wallaby. The visual evidence shows a real-world, physical non-human vertebrate (fauna) in its natural environment. Wild, non-human organisms explicitly fall under the inclusion criteria for More-Than-Human Living Entities (Fauna) in the Nature taxonomy. Since nature is 'yes', I evaluate the sub-axes. The wallaby is a non-human vertebrate, placing it under Fauna within the biotic category. The wallaby is a real-world, physical organism occupying space and having mass, making it classified as material under the Tangibility axis.",False
/home/pmonserrat/datasets/imagenet/extracted_data/n01882714/ILSVRC2012_val_00000970.JPEG,koala,True,True,True,yes,biotic,material,"The target entity is a koala. The visual evidence shows a real-world, physical koala in its natural habitat, sitting on a tree branch. Koalas are non-human vertebrates (fauna) and fall under the inclusion criteria for More-Than-Human Living Entities (Flora, Fauna, Fungi). Since nature is 'yes', I evaluate the sub-axes. The koala is a non-human vertebrate, placing it under Fauna within the biotic category. The koala is a real-world, physical organism occupying space and having mass, making it classified as material under the Tangibility axis.",False
/home/pmonserrat/datasets/imagenet/extracted_data/n01883070/ILSVRC2012_val_00001933.JPEG,wombat,True,True,True,yes,biotic,material,"The target entity is a wombat. The visual evidence shows a real-world, physical non-human mammal in its natural environment. Wombats are classified under Fauna, which falls under the inclusion scope of More-Than-Human Living Entities. This fulfills the criteria for nature as it is a living organism that is not human. Since nature is 'yes', I evaluate the sub-axes. The wombat is a non-human vertebrate, placing it under Fauna within the biotic category. The wombat is a real, physical organism occupying space and having mass, captured in an unfiltered documentary photograph, thus it is classified as material under the Tangibility axis.",False
/home/pmonserrat/datasets/imagenet/extracted_data/n01910747/ILSVRC2012_val_00000063.JPEG,jellyfish,True,True,True,yes,biotic,immaterial,"The target entity is a jellyfish. The visual evidence shows a glowing, blue-toned depiction that appears to be a stylized or artistic representation rather than a literal, unfiltered photograph of a real jellyfish. Jellyfish are non-human living organisms (fauna), and representations of non-human living organisms explicitly count as Representations of Nature under the inclusion criteria. The image does not depict a real-world physical jellyfish but rather an artistic or possibly digitally manipulated depiction, which falls under the Immaterial category of representations. Since nature is 'yes', I evaluate the sub-axes. Jellyfish are non-human living organisms, placing them under Fauna within the biotic category. The image is not a literal, documentary photograph of a real jellyfish but rather an artistic or stylized depiction, making it immaterial under the Tangibility axis.",False
/home/pmonserrat/datasets/imagenet/extracted_data/n01914609/ILSVRC2012_val_00000017.JPEG,sea anemone,True,True,True,yes,biotic,immaterial,"The target entity is a sea anemone in the provided image. The visual evidence shows a stylized, three-dimensional representation of a sea anemone, which is a non-human living organism. Representations of more-than-human living entities, even if stylized or crafted, count as Representations of Nature under the inclusion criteria for nature, specifically under Flora/Fauna representations if they depict living organisms. Since nature is 'yes', I evaluate the sub-axes. Sea anemones are non-human living organisms, placing them under Fauna within the biotic category. Although the sea anemone in the image is a crafted, three-dimensional object, it is a representation of a living organism and not a real-world physical entity. Therefore, it is classified as immaterial under the Tangibility axis, as it is a crafted depiction rather than a literal, unfiltered documentary capture of a real-world organism.",False
/home/pmonserrat/datasets/imagenet/extracted_data/n01917289/ILSVRC2012_val_00000011.JPEG,brain coral,True,True,True,yes,biotic,material,"The target entity is a brain coral. The visual evidence shows a real-world, physical coral structure in its natural underwater environment. Brain coral is a living organism belonging to the biotic category under the Flora classification (specifically, a type of stony coral). It falls under the inclusion criteria for More-Than-Human Living Entities (Fauna/Flora) as a non-human organism existing in the real world. Since nature is 'yes', I evaluate the sub-axes. Brain coral is a living organism, placing it under Flora & Plant Derivatives within the biotic category. Because it is a real-world physical entity with mass and occupies space in the environment, it is classified as material under the Tangibility axis.",False
/home/pmonserrat/datasets/imagenet/extracted_data/n01924916/ILSVRC2012_val_00003054.JPEG,flatworm,True,True,True,yes,biotic,material,"The target entity is a flatworm. The visual evidence shows a real, physical organism with distinct biological features such as its elongated body and segmented appearance. Flatworms are non-human living organisms, specifically within the fauna category, and thus fall under the inclusion criteria for More-Than-Human Living Entities (Fauna). Since nature is 'yes', I evaluate the sub-axes. The flatworm is a living, non-human organism, placing it under Fauna within the biotic category. Because the image is a literal, unfiltered documentary photograph capturing a real-world physical organism, it is classified as material under the Tangibility axis.",False
/home/pmonserrat/datasets/imagenet/extracted_data/n01930112/ILSVRC2012_val_00000836.JPEG,nematode,True,True,True,yes,biotic,material,"The target entity is a nematode. The visual evidence shows microscopic images of a small, elongated organism, which is a type of non-human living entity (fauna). Nematodes are microscopic roundworms that belong to the biological category of living organisms. They fall under the inclusion criteria for Flora, Fauna, and Fungi, specifically Fauna & Animal Derivatives, as they are living organisms. Since nature is 'yes', I evaluate the sub-axes. The nematode is a living organism, placing it under Fauna & Animal Derivatives within the biotic category. The images provided are microscopic views of real nematodes, which are physical entities with mass and occupy space, but they are captured through a scientific imaging process rather than a direct, unfiltered documentary medium. However, they still represent a real-world biological entity, thus classified as material under the Tangibility axis due to their physical existence and the fact that they are not purely fictional or artistic representations.",False
/home/pmonserrat/datasets/imagenet/extracted_data/n01943899/ILSVRC2012_val_00000781.JPEG,conch,True,True,True,yes,biotic,material,"The target entity is a conch shell. The visual evidence shows a real, physical seashell found on a beach. Conchs are marine molluscs, which are non-human living organisms, fulfilling the inclusion criteria for Flora, Fauna, and Fungi under the Biotic category in the More-Than-Human Living Entities scope. Since nature is 'yes', I evaluate the sub-axes. The conch is a non-human living organism (fauna), placing it under the biotic category. The conch shell is a physical, tangible object that exists in the real world and can be directly perceived through physical senses, classifying it as material under the Tangibility axis.",False
/home/pmonserrat/datasets/imagenet/extracted_data/n01944390/ILSVRC2012_val_00001268.JPEG,snail,True,True,True,yes,biotic,material,"The target entity is a snail. The visual evidence shows a real-world, physical snail in its natural habitat, which is a non-human living organism (fauna). Snails are explicitly included under the More-Than-Human Living Entities category (Fauna) in the inclusion scope of the taxonomy. Since nature is 'yes', I evaluate the sub-axes. The snail is a non-human living organism, placing it under Fauna within the biotic category. The snail is a tangible, physical entity present in the real world, occupying space and having mass, thus it is classified as material under the Tangibility axis.",False
/home/pmonserrat/datasets/imagenet/extracted_data/n01945685/ILSVRC2012_val_00000546.JPEG,slug,True,True,True,yes,biotic,material,"The target entity is a slug. The visual evidence shows a real-world, physical mollusk, which is a non-human living organism. Slugs fall under Fauna & Animal Derivatives within the inclusion criteria for more-than-human living entities, fulfilling the criteria for nature. Since nature is 'yes', I evaluate the sub-axes. The slug is a non-human living organism, placing it under Fauna within the biotic category. Because the slug is a real-world, physical entity with mass and occupies space, it is classified as material under the Tangibility axis.",False
/home/pmonserrat/datasets/imagenet/extracted_data/n01950731/ILSVRC2012_val_00000154.JPEG,sea slug,True,True,True,yes,biotic,material,"The target entity is a sea slug. The visual evidence shows a real-world, physical non-human marine organism, specifically a nudibranch, which is a type of mollusk. More-than-human living organisms, such as fauna, are explicitly included under the inclusion criteria for nature, fulfilling the definition of a biotic entity. Since nature is 'yes', I evaluate the sub-axes. The sea slug is a non-human marine animal, placing it under Fauna & Animal Derivatives within the biotic category. Because the image is an unfiltered documentary photograph capturing a real-world physical organism, it is classified as material under the Tangibility axis.",False
/home/pmonserrat/datasets/imagenet/extracted_data/n01955084/ILSVRC2012_val_00000689.JPEG,chiton,True,True,True,yes,biotic,material,"The target entity is a chiton, a type of marine mollusk. The visual evidence in the image shows a real-world physical organism attached to a rocky substrate. Chitons are non-human living organisms, specifically molluscs, which fall under the inclusion criteria for Flora, Fauna, and Fungi in the Biotic category. The image captures a real, tangible, physical entity in its natural environment, fulfilling the criteria for Material nature under the Tangibility axis. Since nature is 'yes', I evaluate the sub-axes. The chiton is a non-human living organism (fauna), placing it under the Biotic category. The image is a literal, unfiltered documentary depiction of a real-world physical organism, classifying it as Material under the Tangibility axis.",False
/home/pmonserrat/datasets/imagenet/extracted_data/n01968897/ILSVRC2012_val_00001356.JPEG,chambered nautilus,True,True,True,yes,biotic,material,"The target entity is a chambered nautilus. The visual evidence shows a physical, three-dimensional shell that is a fossilized or preserved specimen of a cephalopod mollusk. Chambered nautiluses are non-human living organisms, specifically a type of marine fauna, and their preserved shells are tangible, physical remnants of these organisms. This fits under the inclusion criteria for Flora, Fauna, and Fungi (Fauna in this case) as a natural entity, even if it is preserved rather than alive. The shell itself is a natural artefact derived from a living organism, fulfilling the criteria for Nature-Based Artefacts under the inclusion scope. Since nature is 'yes', I evaluate the sub-axes. The chambered nautilus is a non-human marine organism, placing it under Fauna & Animal Derivatives within the biotic category. The shell is a physical, preserved specimen, which is a material representation of the organism, thus classified as material under the Tangibility axis.",False
/home/pmonserrat/datasets/imagenet/extracted_data/n01978287/ILSVRC2012_val_00000195.JPEG,dungeness crab,True,True,True,yes,biotic,material,"The target entity is a Dungeness crab. The visual evidence shows a real-world, physical crab, which is a non-human vertebrate (fauna). As a living organism, it falls under the inclusion criteria for More-Than-Human Living Entities (Fauna) in the Nature taxonomy. The Dungeness crab is a tangible, living entity that exists in the real world and is not a representation, artistic depiction, or fictional entity. Since nature is 'yes', I evaluate the sub-axes. The Dungeness crab is a non-human living organism, placing it under Fauna & Animal Derivatives within the biotic category. Because it is a real-world, physical organism with mass and occupying space, it is classified as material under the Tangibility axis.",False
/home/pmonserrat/datasets/imagenet/extracted_data/n01978455/ILSVRC2012_val_00002684.JPEG,rock crab,True,True,True,yes,biotic,material,"The target entity is a rock crab. The visual evidence shows a real-world, physical crab situated on rocks. Rock crabs are non-human vertebrates (fauna) and fall under the inclusion scope of More-Than-Human Living Entities (Fauna). This fulfills the criteria for nature as it is a living organism in its natural habitat. Since nature is 'yes', I evaluate the sub-axes. The rock crab is a non-human living organism, placing it under Fauna within the biotic category. The image captures a real-world physical organism with mass and occupying space, thus it is classified as material under the Tangibility axis.",False
/home/pmonserrat/datasets/imagenet/extracted_data/n01980166/ILSVRC2012_val_00000818.JPEG,fiddler crab,True,True,True,yes,biotic,material,"The target entity is a fiddler crab. The visual evidence in the image shows a real-world, physical fiddler crab in its natural habitat. Fiddler crabs are non-human living organisms (fauna), explicitly included under the More-Than-Human Living Entities category in the inclusion scope of the taxonomy. This fulfills the criteria for nature as it is a tangible, living entity in the real world. Since nature is 'yes', I evaluate the sub-axes. The fiddler crab is a non-human living organism, placing it under Fauna & Animal Derivatives within the biotic category. Because the image is an unfiltered documentary photograph capturing a real-world physical organism, it is classified as material under the Tangibility axis.",False
/home/pmonserrat/datasets/imagenet/extracted_data/n01981276/ILSVRC2012_val_00000238.JPEG,king crab,True,True,True,yes,biotic,material,"The target entity is a king crab. The visual evidence shows a whole, cooked king crab leg, which is a processed food product derived from a non-human marine organism. According to the inclusion criteria, processed food and drinks are explicitly included under the Ingestion Criterion, and since king crabs are a type of fauna, this entity falls under the Flora, Fauna, and Fungi category within the Biotic Life Category Axis. The physical presence of the crab leg in the image is a real-world, tangible object, fulfilling the criteria for Material Tangibility. Since nature is 'yes', I evaluate the sub-axes. The king crab is a non-human marine animal, placing it under Fauna & Animal Derivatives within the biotic category. The crab leg is a processed food item that retains its physical mass and occupies space, making it a material entity under the Tangibility axis.",False
/home/pmonserrat/datasets/imagenet/extracted_data/n01983481/ILSVRC2012_val_00000111.JPEG,american lobster,True,True,True,yes,biotic,material,"The target entity is an American lobster. The visual evidence shows a cooked American lobster placed on a plate, which is a processed food product derived from a non-human marine organism. According to the inclusion criteria, processed food and drinks that are edible and derived from more-than-human living entities (fauna) count as nature under the Flora, Fauna, and Fungi category. The lobster is a real-world organism, and its processed form still retains its biological origin, fulfilling the inclusion criteria for nature. Since nature is 'yes', I evaluate the sub-axes. The American lobster is a non-human marine organism (fauna), placing it under the biotic category. Although it is a processed food item, it retains its biological origin and is a tangible, physical entity that can be directly perceived through physical senses in the real world, classifying it as material under the Tangibility axis.",False
/home/pmonserrat/datasets/imagenet/extracted_data/n01984695/ILSVRC2012_val_00002152.JPEG,spiny lobster,True,True,True,yes,biotic,material,"The target entity is spiny lobster. The visual evidence shows cooked spiny lobsters, which are non-human organisms belonging to the fauna category. These are processed food items derived from living organisms, fulfilling the inclusion criteria for Processed Food & Drinks under the Ingestion Criterion and Fauna & Animal Derivatives under the Biotic category. Since nature is 'yes', I evaluate the sub-axes. Spiny lobsters are non-human vertebrates (fauna), placing them under the biotic category. The spiny lobsters in the image are real-world physical food items with mass and tangible presence, thus classified as material under the Tangibility axis.",False
/home/pmonserrat/datasets/imagenet/extracted_data/n01985128/ILSVRC2012_val_00001381.JPEG,crayfish,True,True,True,yes,biotic,material,"The target entity is a crayfish. The visual evidence shows a real, physical crayfish in its natural habitat. Crayfish are non-human aquatic organisms belonging to the arthropod group, which falls under Fauna & Animal Derivatives in the inclusion criteria for more-than-human living entities. This fulfills the criteria for nature as it is a living organism. Since nature is 'yes', I evaluate the sub-axes. The crayfish is a non-human living organism, placing it under Fauna & Animal Derivatives within the biotic category. The image captures a real-world physical organism, making it a material representation under the Tangibility axis.",False
/home/pmonserrat/datasets/imagenet/extracted_data/n01986214/ILSVRC2012_val_00000231.JPEG,hermit crab,True,True,True,yes,biotic,material,"The target entity is a hermit crab. The visual evidence shows a real-world, physical non-human organism, specifically a crustacean. Hermit crabs are classified under Fauna & Animal Derivatives within the inclusion criteria for more-than-human living entities, fulfilling the criteria for nature. Since nature is 'yes', I evaluate the sub-axes. A hermit crab is a non-human living organism, placing it under Fauna within the biotic category. The hermit crab in the image is a real, physical entity with mass and occupying space, thus it is classified as material under the Tangibility axis.",False
/home/pmonserrat/datasets/imagenet/extracted_data/n01990800/ILSVRC2012_val_00000669.JPEG,isopod,True,True,True,yes,biotic,material,"The target entity is an isopod. The visual evidence shows a real-world, physical non-human organism, specifically an arthropod belonging to the crustacean group. More-Than-Human Living Entities (Fauna) are explicitly included under the Nature Definition, fulfilling the inclusion criteria for nature. Isopods are wild, non-human organisms, thus qualifying as part of the biotic category under Flora, Fauna, and Fungi. Since nature is 'yes', I evaluate the sub-axes. The isopod is a living organism, placing it under Fauna within the biotic category. The image is an unfiltered, literal depiction of a real-world physical organism, making it a material representation under the Tangibility axis.",False
/home/pmonserrat/datasets/imagenet/extracted_data/n02002556/ILSVRC2012_val_00000690.JPEG,white stork,True,True,True,yes,biotic,material,"The target entity is a white stork. The visual evidence shows a real-world, physical bird in its natural habitat. The white stork is a non-human vertebrate (fauna), which falls under the inclusion criteria for More-Than-Human Living Entities (Flora, Fauna, Fungi). This entity is not a human being, a manufactured object, or a representation, but a living organism in its natural environment. Since nature is 'yes', I evaluate the sub-axes. The white stork is a non-human vertebrate, placing it under Fauna within the biotic category. Because it is a real-world, physical organism occupying space and visible in an unfiltered documentary photograph, it is classified as material under the Tangibility axis.",False
/home/pmonserrat/datasets/imagenet/extracted_data/n02002724/ILSVRC2012_val_00001068.JPEG,black stork,True,True,True,yes,biotic,material,"The target entity is a black stork in the image. The visual evidence shows a real-world, physical bird, which is a non-human vertebrate. According to the inclusion criteria, wild or domesticated non-human organisms (fauna) are explicitly classified under More-Than-Human Living Entities, fulfilling the criteria for nature. The black stork is a living organism and thus falls under the Biotic category of nature. Since nature is 'yes', I evaluate the sub-axes. The black stork is a non-human living organism, placing it under Fauna & Animal Derivatives within the biotic category. The stork is a real-world, physical entity with mass and occupying space, captured in an unfiltered documentary photograph, thus it is classified as material under the Tangibility axis.",False
/home/pmonserrat/datasets/imagenet/extracted_data/n02006656/ILSVRC2012_val_00000043.JPEG,spoonbill,True,True,True,yes,biotic,material,"The target entity is a spoonbill. The visual evidence shows a real-world, physical bird belonging to the fauna category. As a non-human living organism, it falls under the inclusion scope of More-Than-Human Living Entities (Fauna) in the Nature Definition. This entity is not a representation, processed food, or artefact, but a living organism in its natural habitat. Since nature is 'yes', I evaluate the sub-axes. The spoonbill is a non-human vertebrate, placing it under Fauna within the biotic category. Because it is a real-world, physical organism occupying space and visible in an unfiltered documentary photograph, it is classified as material under the Tangibility axis.",False
/home/pmonserrat/datasets/imagenet/extracted_data/n02007558/ILSVRC2012_val_00000356.JPEG,flamingo,True,True,True,yes,biotic,material,"The target entity is a flamingo. The visual evidence shows a real-world, physical bird in its natural environment, specifically a body of water. Flamingos are non-human vertebrates (fauna), and the image captures a real, living organism in its natural habitat, fulfilling the inclusion criteria for More-Than-Human Living Entities under the Flora, Fauna, and Fungi category. Since nature is 'yes', I evaluate the sub-axes. The flamingo is a non-human vertebrate, placing it under Fauna & Animal Derivatives within the biotic category. The image is an unfiltered documentary photograph capturing a real-world physical organism, thus it is classified as material under the Tangibility axis.",False
/home/pmonserrat/datasets/imagenet/extracted_data/n02009229/ILSVRC2012_val_00000794.JPEG,little blue heron,True,True,True,yes,biotic,material,"The target entity is a 'little blue heron' as depicted in the image. The visual evidence shows a real-world, physical bird, which is a non-human vertebrate. This entity falls under Fauna in the inclusion scope of More-Than-Human Living Entities, fulfilling the criteria for nature. Since nature is 'yes', I evaluate the sub-axes. The little blue heron is a non-human living organism, placing it under Fauna within the biotic category. The image is an unfiltered documentary photograph capturing a real-world physical organism, making it a material representation under the Tangibility axis.",False
/home/pmonserrat/datasets/imagenet/extracted_data/n02009912/ILSVRC2012_val_00001067.JPEG,american egret,True,True,True,yes,biotic,material,"The target entity is an American Egret. The visual evidence shows a real, physical bird captured in a standard, literal, documentary photograph. The American Egret is a non-human vertebrate (fauna) and falls under the inclusion criteria for More-Than-Human Living Entities (Fauna). Since nature is 'yes', I evaluate the sub-axes. The American Egret is a non-human living organism, placing it under Fauna within the biotic category. The image is an unfiltered documentary photograph capturing a real-world physical organism, thus it is classified as material under the Tangibility axis.",False
/home/pmonserrat/datasets/imagenet/extracted_data/n02011460/ILSVRC2012_val_00000363.JPEG,bittern,True,True,True,yes,biotic,material,"The target entity is a bittern, a type of bird. The visual evidence in the image shows a real, physical bittern in its natural habitat, surrounded by natural vegetation and water. Bitterns are non-human vertebrates (fauna) and fall under the inclusion criteria for More-Than-Human Living Entities (Fauna). Since nature is 'yes', I evaluate the sub-axes. The bittern is a non-human vertebrate, placing it under Fauna within the biotic category. The image is a standard, literal, documentary photograph capturing a real-world physical organism in its environment, thus it is classified as material under the Tangibility axis.",False
/home/pmonserrat/datasets/imagenet/extracted_data/n02012849/ILSVRC2012_val_00000389.JPEG,crane,True,True,True,yes,biotic,material,"The target entity is a crane, specifically a bird. The visual evidence shows a real, living non-human organism in its natural habitat. Wild non-human vertebrates fall under Fauna in the inclusion criteria for more-than-human living entities, fulfilling the criteria for nature. Since nature is 'yes', I evaluate the sub-axes. The crane is a non-human vertebrate, placing it under Fauna within the biotic category. The crane is a real-world physical organism with mass and occupying space, captured in an unfiltered documentary photograph, thus it is classified as material under the Tangibility axis.",False
/home/pmonserrat/datasets/imagenet/extracted_data/n02013706/ILSVRC2012_val_00002126.JPEG,limpkin,True,True,True,yes,biotic,material,"The target entity is a limpkin, a type of bird. The visual evidence in the image shows a real-world, physical bird in its natural habitat, surrounded by natural vegetation and water. Limpkins are non-human vertebrates (fauna), and the image captures a real, living organism in its environment, fulfilling the inclusion criteria for More-Than-Human Living Entities (Fauna). Since nature is 'yes', I evaluate the sub-axes. The limpkin is a non-human vertebrate, placing it under Fauna within the biotic category. The image is an unfiltered documentary depiction of a real-world physical organism in its natural setting, thus it is classified as material under the Tangibility axis.",False
/home/pmonserrat/datasets/imagenet/extracted_data/n02017213/ILSVRC2012_val_00003399.JPEG,european gallinule,True,True,True,yes,biotic,material,"The target entity is a European Gallinule, a type of bird. The visual evidence in the image shows a real, physical bird in its natural environment. European Gallinules are non-human vertebrates (fauna) and fall under the inclusion criteria for More-Than-Human Living Entities (Flora, Fauna, Fungi). The bird is depicted in a literal, unaltered, and unfiltered documentary manner, fulfilling the criteria for a real-world organism. Since nature is 'yes', I evaluate the sub-axes. The European Gallinule is a non-human vertebrate, placing it under Fauna within the biotic category. The bird is a real-world, physical organism with mass and occupying space, making it classified as material under the Tangibility axis.",False
/home/pmonserrat/datasets/imagenet/extracted_data/n02018207/ILSVRC2012_val_00000825.JPEG,american coot,True,True,True,yes,biotic,material,"The target entity is an American coot, a type of bird. The visual evidence in the image shows a real, physical bird in its natural habitat. The American coot is a non-human vertebrate (fauna) and falls under the inclusion criteria for More-Than-Human Living Entities (Fauna). Since nature is 'yes', I evaluate the sub-axes. The American coot is a non-human living organism, placing it under Fauna within the biotic category. The bird is a real-world, physical entity with mass and occupying space, captured in an unfiltered documentary photograph, thus it is classified as material under the Tangibility axis.",False
/home/pmonserrat/datasets/imagenet/extracted_data/n02018795/ILSVRC2012_val_00001073.JPEG,bustard,True,True,True,yes,biotic,material,"The target entity is a bustard. The visual evidence shows a real-world, physical bird in its natural habitat, which is a non-human vertebrate (fauna). According to the inclusion criteria, wild non-human organisms fall under the category of Flora, Fauna, and Fungi, fulfilling the criteria for nature. Since nature is 'yes', I evaluate the sub-axes. The bustard is a non-human vertebrate, placing it under Fauna within the biotic category. The image is an unfiltered documentary photograph capturing a real-world physical organism, making it a material representation under the Tangibility axis.",False
/home/pmonserrat/datasets/imagenet/extracted_data/n02025239/ILSVRC2012_val_00001800.JPEG,ruddy turnstone,True,True,True,yes,biotic,material,"The target entity is a ruddy turnstone, a type of bird. The visual evidence shows a real-world, physical bird standing on a beach. Ruddy turnstones are non-human vertebrates (fauna) and fall under the inclusion criteria for More-Than-Human Living Entities (Fauna). Since nature is 'yes', I evaluate the sub-axes. The ruddy turnstone is a non-human living organism, placing it under Fauna within the biotic category. The bird is a real-world, physical entity with mass and occupying space, making it classified as material under the Tangibility axis.",False
/home/pmonserrat/datasets/imagenet/extracted_data/n02027492/ILSVRC2012_val_00000177.JPEG,red-backed sandpiper,True,True,True,yes,biotic,material,"The target entity is a red-backed sandpiper. The visual evidence shows a real-world, physical bird in its natural habitat, captured in a documentary-style photograph. The red-backed sandpiper is a non-human vertebrate (fauna), and the image depicts a living organism in its natural environment, fulfilling the inclusion criteria for Flora, Fauna, and Fungi under the More-Than-Human Living Entities category. Since nature is 'yes', I evaluate the sub-axes. The red-backed sandpiper is a non-human living organism, placing it under Fauna within the biotic category. The image is an unfiltered documentary photograph capturing a real-world physical organism, making it classified as material under the Tangibility axis.",False
/home/pmonserrat/datasets/imagenet/extracted_data/n02028035/ILSVRC2012_val_00000470.JPEG,redshank,True,True,True,yes,biotic,material,"The target entity is a redshank, a type of bird. The visual evidence shows a real-world, physical bird standing on a surface. The redshank is a non-human vertebrate (fauna) and falls under the inclusion criteria for More-Than-Human Living Entities (Fauna). Since nature is 'yes', I evaluate the sub-axes. The redshank is a non-human living organism, placing it under Fauna within the biotic category. The image is an unfiltered documentary photograph capturing a real-world physical organism, making it classified as material under the Tangibility axis.",False
/home/pmonserrat/datasets/imagenet/extracted_data/n02033041/ILSVRC2012_val_00000098.JPEG,dowitcher,True,True,True,yes,biotic,material,"The target entity is a dowitcher, specifically a bird in the image. The visual evidence shows a real, physical non-human organism, which falls under the category of Fauna in the inclusion scope of more-than-human living entities. This bird is a living entity and thus fulfills the criteria for nature under the provided taxonomy. Since nature is 'yes', I evaluate the sub-axes. The dowitcher is a non-human vertebrate, placing it under Fauna within the biotic category. The bird is a real-world, physical organism with mass and occupying space, making it a material entity under the Tangibility axis.",False
/home/pmonserrat/datasets/imagenet/extracted_data/n02037110/ILSVRC2012_val_00000548.JPEG,oystercatcher,True,True,True,yes,biotic,material,"The target entity is an oystercatcher, a type of bird. The visual evidence shows a real, physical bird in flight, which is a non-human vertebrate. This falls under Fauna in the inclusion criteria for more-than-human living entities, fulfilling the criteria for nature. Since nature is 'yes', I evaluate the sub-axes. The oystercatcher is a non-human vertebrate, placing it under Fauna within the biotic category. The image is an unfiltered documentary photograph capturing a real-world physical organism, thus it is classified as material under the Tangibility axis.",False
/home/pmonserrat/datasets/imagenet/extracted_data/n02051845/ILSVRC2012_val_00003147.JPEG,pelican,True,True,True,yes,biotic,material,"The target entity is a pelican. The visual evidence shows a real-world, physical pelican standing on a sandy surface. Pelicans are non-human vertebrates (fauna), and the image captures a literal, unfiltered documentary photograph of a real organism, fulfilling the inclusion criteria for Flora, Fauna, and Fungi under the Biotic category in the Nature Definition. Since nature is 'yes', I evaluate the sub-axes. The pelican is a non-human vertebrate, placing it under Fauna & Animal Derivatives within the biotic category. The image is a standard, literal, realistic photograph capturing a real-world physical organism, thus it is classified as material under the Tangibility axis.",False
/home/pmonserrat/datasets/imagenet/extracted_data/n02056570/ILSVRC2012_val_00001056.JPEG,king penguin,True,True,True,yes,biotic,material,"The target entity is a king penguin. The visual evidence shows real, physical penguins in a zoo enclosure, which are non-human vertebrates (fauna). These penguins are wild-like in appearance and are part of a more-than-human living entity category. They fulfill the inclusion criteria for More-Than-Human Living Entities (Fauna) under the Nature Definition. Since nature is 'yes', I evaluate the sub-axes. The penguins are non-human living organisms, placing them under Fauna within the biotic category. Because these penguins are real, physical organisms occupying space and visible in a documentary context (a real-world zoo environment), they are classified as material under the Tangibility axis.",False
/home/pmonserrat/datasets/imagenet/extracted_data/n02058221/ILSVRC2012_val_00000207.JPEG,albatross,True,True,True,yes,biotic,material,"The target entity is an albatross. The visual evidence shows a real-world, physical bird in its natural habitat. Albatrosses are non-human vertebrates (fauna), and the image captures a living organism in its environment, fulfilling the inclusion criteria for More-Than-Human Living Entities under the Flora, Fauna, and Fungi category. Since nature is 'yes', I evaluate the sub-axes. The albatross is a non-human living organism, placing it under Fauna & Animal Derivatives within the biotic category. The image is an unfiltered documentary depiction of a real-world physical organism, making it classified as material under the Tangibility axis.",False
/home/pmonserrat/datasets/imagenet/extracted_data/n02066245/ILSVRC2012_val_00000016.JPEG,grey whale,True,True,True,yes,biotic,material,"The target entity is a grey whale. The visual evidence shows a real-world, physical grey whale in its natural aquatic environment. Grey whales are non-human vertebrates (fauna) and fall under the inclusion criteria for More-Than-Human Living Entities (Fauna) in the Nature Definition. This entity is not a human, a homogenous artefact, or an accidental use of a natural term, and it is clearly a living organism in its natural habitat. Since nature is 'yes', I evaluate the sub-axes. The grey whale is a non-human vertebrate, placing it under Fauna within the biotic category. The image is an unfiltered documentary photograph capturing a real-world physical organism, thus it is classified as material under the Tangibility axis.",False
/home/pmonserrat/datasets/imagenet/extracted_data/n02071294/ILSVRC2012_val_00000545.JPEG,killer whale,True,True,True,yes,biotic,material,"The target entity is a killer whale. The visual evidence shows a real, living non-human organism (a domesticated or trained orca) in a physical environment. Killer whales are classified under Fauna & Animal Derivatives within the Biotic category of the inclusion scope, fulfilling the criteria for nature. The killer whale is a living entity and thus falls under the More-Than-Human Living Entities inclusion criteria. Since nature is 'yes', I evaluate the sub-axes. The killer whale is a non-human vertebrate (fauna), placing it under the biotic category. The killer whale in the image is a real, physical organism present in the real world, making it classified as material under the Tangibility axis.",False
/home/pmonserrat/datasets/imagenet/extracted_data/n02074367/ILSVRC2012_val_00000072.JPEG,dugong,True,True,True,yes,biotic,material,"The target entity is a dugong. The visual evidence shows a real-world, physical marine mammal in its natural aquatic environment. Dugongs are non-human vertebrates classified under Fauna, which falls under the inclusion criteria for More-Than-Human Living Entities in the taxonomy. This entity is explicitly included as a living organism in the natural world. Since nature is 'yes', I evaluate the sub-axes. The dugong is a non-human vertebrate, placing it under Fauna within the biotic category. The image is an unfiltered documentary photograph capturing a real-world physical organism, thus it is classified as material under the Tangibility axis.",False
/home/pmonserrat/datasets/imagenet/extracted_data/n02077923/ILSVRC2012_val_00000033.JPEG,sea lion,True,True,True,yes,biotic,material,"The target entity is a sea lion. The visual evidence shows a real-world, physical non-human marine mammal in its natural environment. Sea lions are classified under Fauna & Animal Derivatives within the inclusion scope of More-Than-Human Living Entities, fulfilling the criteria for nature. Since nature is 'yes', I evaluate the sub-axes. The sea lion is a non-human vertebrate (fauna), placing it under the biotic category. The image is an unfiltered documentary photograph capturing a real-world physical organism, thus it is classified as material under the Tangibility axis.",False
/home/pmonserrat/datasets/imagenet/extracted_data/n02085620/ILSVRC2012_val_00001049.JPEG,chihuahua,True,True,True,yes,biotic,material,"The target entity is a chihuahua. The visual evidence shows a real, physical dog, which is a domesticated non-human vertebrate. Domesticated non-human animals fall under Fauna & Animal Derivatives within the Biotic category of the inclusion scope for nature. The chihuahua is a living organism, fulfilling the criteria for nature as a more-than-human living entity. Since nature is 'yes', I evaluate the sub-axes. The chihuahua is a non-human living organism, placing it under Fauna & Animal Derivatives within the biotic category. Because this is a real-world physical organism with mass and occupying space, it is classified as material under the Tangibility axis.",False
/home/pmonserrat/datasets/imagenet/extracted_data/n02085782/ILSVRC2012_val_00000462.JPEG,japanese spaniel,True,True,True,yes,biotic,material,"The target entity is a Japanese Spaniel (often referred to as a Chinko or Japanese Chin) in the image. The visual evidence shows a real, physical dog, which is a domesticated non-human vertebrate. According to the inclusion criteria, domesticated non-human organisms fall under Fauna & Animal Derivatives in the Biotic category of nature. The dog is a living entity and thus fulfills the criteria for nature classification. Since nature is 'yes', I evaluate the sub-axes. The Japanese Spaniel is a non-human vertebrate, placing it under Fauna & Animal Derivatives within the biotic category. The dog in the image is a real-world, physical organism, occupying space and having mass, which classifies it as material under the Tangibility axis.",False
/home/pmonserrat/datasets/imagenet/extracted_data/n02085936/ILSVRC2012_val_00000457.JPEG,maltese dog,True,True,True,yes,biotic,material,"The target entity is a Maltese dog. The visual evidence shows a real, physical dog, which is a domesticated non-human vertebrate. According to the inclusion criteria, domesticated non-human organisms (fauna) are explicitly classified under the More-Than-Human Living Entities category, fulfilling the criteria for nature. The Maltese dog is a living entity and thus falls under the Biotic category of nature. Since nature is 'yes', I evaluate the sub-axes. The Maltese dog is a living organism (fauna), placing it under the biotic category. Because this is a real-world, physical organism with mass and occupying space, it is classified as material under the Tangibility axis.",False
/home/pmonserrat/datasets/imagenet/extracted_data/n02086079/ILSVRC2012_val_00001069.JPEG,pekinese,True,True,True,yes,biotic,material,"The target entity is a Pekinese dog. The visual evidence shows a real, physical non-human animal, specifically a domesticated breed. According to the inclusion criteria, domesticated non-human organisms fall under Fauna & Animal Derivatives within the Biotic category of the Life Category Axis. The Pekinese is a living organism, fulfilling the criteria for nature as a more-than-human living entity. Since nature is 'yes', I evaluate the sub-axes. The Pekinese is a non-human vertebrate (fauna), placing it under the biotic category. The dog in the image is a real-world physical organism with mass and occupying space, making it a material entity under the Tangibility axis.",False
/home/pmonserrat/datasets/imagenet/extracted_data/n02086240/ILSVRC2012_val_00000907.JPEG,shih-tzu,True,True,True,yes,biotic,material,"The target entity is a shih-tzu, a domesticated dog breed. The visual evidence shows a real-world, physical shih-tzu lying on a bed. According to the inclusion criteria, domesticated non-human organisms (fauna) are explicitly classified under the More-Than-Human Living Entities category. This fulfills the criteria for nature, as it is a living, non-human entity. Since nature is 'yes', I evaluate the sub-axes. The shih-tzu is a non-human vertebrate (fauna), placing it under the biotic category. Because this is a real-world, physical organism with mass and occupying space, it is classified as material under the Tangibility axis.",False
/home/pmonserrat/datasets/imagenet/extracted_data/n02086646/ILSVRC2012_val_00000613.JPEG,blenheim spaniel,True,True,True,yes,biotic,material,"The target entity is a Blenheim spaniel, a breed of dog. The visual evidence shows a real-world, physical dog in a natural setting. Dogs are domesticated non-human vertebrates, which fall under Fauna & Animal Derivatives in the Biotic category of the Nature taxonomy. The inclusion criteria for Fauna explicitly cover domesticated non-human organisms, and the physical presence of the dog in the image confirms it as a real-world entity. Since nature is 'yes', I evaluate the sub-axes. The Blenheim spaniel is a non-human vertebrate (fauna), placing it under the biotic category. The dog is a real-world, physical organism, occupying space and having mass, which classifies it as material under the Tangibility axis.",False
/home/pmonserrat/datasets/imagenet/extracted_data/n02086910/ILSVRC2012_val_00001389.JPEG,papillon,True,True,True,yes,biotic,material,"The target entity in the image is a dog, specifically a Papillon breed. The visual evidence shows a real, physical dog, which is a domesticated non-human vertebrate. Domesticated non-human animals fall under Fauna & Animal Derivatives in the Biotic category of the Nature taxonomy, fulfilling the inclusion criteria for more-than-human living entities. Since nature is 'yes', I evaluate the sub-axes. The dog is a real-world, physical organism, placing it under Fauna within the biotic category. Because the image is an unfiltered documentary photograph capturing a real-world physical entity, it is classified as material under the Tangibility axis.",False
/home/pmonserrat/datasets/imagenet/extracted_data/n02087046/ILSVRC2012_val_00000170.JPEG,toy terrier,True,True,True,yes,biotic,immaterial,"The target entity is a toy terrier in the image. The visual evidence shows a figurine of a dog, which is a fabricated, stylized, and non-literal representation of a non-human living organism (fauna). This falls under the category of Representations of Nature, specifically a fictional or artistic depiction of fauna, fulfilling the inclusion criteria for nature under the taxonomy. Since nature is 'yes', I evaluate the sub-axes. The toy terrier represents a non-human vertebrate (fauna), placing it under the biotic category. The toy is a fabricated, three-dimensional object designed to depict a dog, which is a symbolic and representational item rather than a real-world physical organism. Therefore, it is classified as immaterial under the Tangibility axis.",False
/home/pmonserrat/datasets/imagenet/extracted_data/n02087394/ILSVRC2012_val_00000077.JPEG,rhodesian ridgeback,True,True,True,yes,biotic,material,"The target entity is a Rhodesian Ridgeback dog. The visual evidence shows a real-world, physical dog in a natural environment. According to the inclusion criteria, domesticated non-human organisms (fauna) are explicitly classified under the More-Than-Human Living Entities category. The Rhodesian Ridgeback is a domesticated breed of dog, fulfilling the inclusion criteria for nature as a biotic entity. Since nature is 'yes', I evaluate the sub-axes. The Rhodesian Ridgeback is a domesticated non-human vertebrate (fauna), placing it under the biotic category. Because this is a real-world, physical organism present in the environment, it is classified as material under the Tangibility axis.",False
/home/pmonserrat/datasets/imagenet/extracted_data/n02088094/ILSVRC2012_val_00000082.JPEG,afghan hound,True,True,True,yes,biotic,material,"The target entity is an Afghan Hound, a specific breed of dog. The visual evidence shows a real-world, physical dog in an outdoor setting. According to the inclusion criteria, wild, domesticated, or bred non-human organisms (fauna) are explicitly classified under More-Than-Human Living Entities. Afghan Hounds, being domesticated non-human animals, fall under this category. Since nature is 'yes', I evaluate the sub-axes. The Afghan Hound is a non-human vertebrate (fauna), placing it under the biotic category. The dog is a real-world, physical organism occupying space and having mass, making it a material entity under the Tangibility axis.",False
/home/pmonserrat/datasets/imagenet/extracted_data/n02088238/ILSVRC2012_val_00000838.JPEG,basset,True,True,True,yes,biotic,material,"The target entity is a basset hound (a specific breed of dog). The visual evidence shows a real, physical dog in a car seat. According to the inclusion criteria, domesticated non-human animals fall under Fauna & Animal Derivatives within the Biotic category of the Life Category Axis. The dog is a living organism, fulfilling the criteria for nature as a more-than-human living entity. Since nature is 'yes', I evaluate the sub-axes. The basset hound is a non-human vertebrate (fauna), placing it under the biotic category. The dog is a real-world, physical organism with mass and occupying space, making it a material entity under the Tangibility axis.",False
/home/pmonserrat/datasets/imagenet/extracted_data/n02088364/ILSVRC2012_val_00000599.JPEG,beagle,True,True,True,yes,biotic,material,"The target entity is a beagle. The visual evidence shows a real-world, physical dog, specifically a beagle, which is a domesticated non-human vertebrate. Domesticated non-human animals fall under Fauna & Animal Derivatives within the Biotic category of the inclusion scope for nature. The beagle is a living organism, fulfilling the criteria for nature classification. Since nature is 'yes', I evaluate the sub-axes. The beagle is a non-human living organism, placing it under Fauna within the biotic category. Because the beagle is a real-world, physical entity with mass and occupying space, it is classified as material under the Tangibility axis.",False
/home/pmonserrat/datasets/imagenet/extracted_data/n02088466/ILSVRC2012_val_00000141.JPEG,bloodhound,True,True,True,yes,biotic,material,"The target entity is a bloodhound. The visual evidence shows a real, physical dog, specifically a bloodhound, which is a domesticated non-human mammal. Domesticated non-human animals fall under Fauna & Animal Derivatives within the Biotic category of the inclusion criteria for nature. The bloodhound is a living entity and thus fulfills the criteria for nature classification. Since nature is 'yes', I evaluate the sub-axes. The bloodhound is a non-human vertebrate (fauna), placing it under the biotic category. Because this is a real-world, physical organism present in the image, it is classified as material under the Tangibility axis.",False
/home/pmonserrat/datasets/imagenet/extracted_data/n02088632/ILSVRC2012_val_00001097.JPEG,bluetick,True,True,True,yes,biotic,material,"The target entity is a 'bluetick' dog, specifically a puppy in the image. The visual evidence shows a real, living non-human organism, which falls under the category of Fauna in the inclusion scope of more-than-human living entities. The 'bluetick' is a breed of dog, which is a domesticated non-human animal, thus fulfilling the criteria for nature as a biotic entity. Since nature is 'yes', I evaluate the sub-axes. The 'bluetick' puppy is a non-human vertebrate (fauna), placing it under the biotic category. The puppy is a real-world physical organism with mass and occupying space, making it a material entity under the Tangibility axis.",False
/home/pmonserrat/datasets/imagenet/extracted_data/n02089078/ILSVRC2012_val_00000327.JPEG,black-and-tan coonhound,True,True,True,yes,biotic,material,"The target entity is a black-and-tan coonhound dog in the image. The visual evidence shows a real-world, physical dog, which is a non-human vertebrate. According to the inclusion criteria, wild, domesticated, or bred non-human organisms (fauna) are explicitly classified under More-Than-Human Living Entities, fulfilling the criteria for nature. The dog is not a representation, artistic depiction, or fictional entity; it is a living organism present in the physical environment. Since nature is 'yes', I evaluate the sub-axes. The black-and-tan coonhound is a non-human vertebrate, placing it under Fauna & Animal Derivatives within the biotic category. Because it is a real-world, physical organism occupying space and having mass, it is classified as material under the Tangibility axis.",False
/home/pmonserrat/datasets/imagenet/extracted_data/n02089867/ILSVRC2012_val_00000511.JPEG,walker hound,True,True,True,yes,biotic,material,"The target entity is a 'walker hound,' which refers to a Beagle dog in this context. The visual evidence shows a real-world dog, a domesticated non-human vertebrate. Domesticated non-human animals fall under Fauna & Animal Derivatives within the Biotic category of the inclusion scope for nature. The dog is a living entity and thus fulfills the criteria for nature classification. Since nature is 'yes', I evaluate the sub-axes. The dog is a non-human vertebrate, placing it under Fauna within the biotic category. The image is an unfiltered documentary photograph capturing a real-world physical organism, making it classified as material under the Tangibility axis.",False
/home/pmonserrat/datasets/imagenet/extracted_data/n02089973/ILSVRC2012_val_00000028.JPEG,english foxhound,True,True,True,yes,biotic,material,"The target entity is an English Foxhound, a breed of dog. The visual evidence shows a real-world, physical dog with distinct biological features such as fur, facial structure, and tongue. English Foxhounds are domesticated non-human vertebrates, which fall under Fauna & Animal Derivatives in the inclusion criteria for more-than-human living entities. This fulfills the criteria for nature as a biotic entity. Since nature is 'yes', I evaluate the sub-axes. The English Foxhound is a non-human vertebrate, placing it under Fauna within the biotic category. The image is an unfiltered documentary photograph capturing a real-world physical organism, thus it is classified as material under the Tangibility axis.",False
/home/pmonserrat/datasets/imagenet/extracted_data/n02090379/ILSVRC2012_val_00001267.JPEG,redbone,True,True,True,yes,biotic,material,"The target entity is a 'redbone,' referring to the dog in the image. The visual evidence shows a real-world domesticated non-human vertebrate (a dog). Domesticated non-human animals fall under Fauna & Animal Derivatives within the Biotic category of the inclusion scope for nature. The dog is a living entity and thus fulfills the criteria for nature classification. Since nature is 'yes', I evaluate the sub-axes. The dog is a non-human vertebrate, placing it under Fauna within the biotic category. The dog is a real-world physical organism with mass and occupying space, making it a material entity under the Tangibility axis.",False
/home/pmonserrat/datasets/imagenet/extracted_data/n02090622/ILSVRC2012_val_00001626.JPEG,borzoi,True,True,True,yes,biotic,material,"The target entity is a borzoi, a breed of dog. The visual evidence in the image shows real, physical borzoi dogs standing on a platform at what appears to be a dog show. Borzois are domesticated non-human vertebrates, explicitly included under Fauna & Animal Derivatives in the Biotic category of the Nature taxonomy. The dogs are real-world living entities, fulfilling the inclusion criteria for nature. Since nature is 'yes', I evaluate the sub-axes. Borzois are non-human vertebrates, placing them under Fauna within the biotic category. Because these are actual physical dogs present in the real world, they are classified as material under the Tangibility axis.",False
/home/pmonserrat/datasets/imagenet/extracted_data/n02090721/ILSVRC2012_val_00001765.JPEG,irish wolfhound,True,True,True,yes,biotic,material,"The target entity is an Irish Wolfhound, a specific breed of dog. The visual evidence shows a real-world, physical dog standing outdoors. According to the inclusion criteria, more-than-human living organisms, such as domesticated animals, are explicitly classified under Fauna & Animal Derivatives in the Biotic category of nature. The Irish Wolfhound is a domesticated non-human animal, fulfilling the inclusion criteria for nature. Since nature is 'yes', I evaluate the sub-axes. The Irish Wolfhound is a non-human vertebrate (fauna), placing it under the biotic category. The image is an unfiltered documentary photograph capturing a real-world physical organism, making it a material instance under the Tangibility axis.",False
/home/pmonserrat/datasets/imagenet/extracted_data/n02091032/ILSVRC2012_val_00001825.JPEG,italian greyhound,True,True,True,yes,biotic,material,"The target entity is an Italian Greyhound, a domesticated dog breed. The visual evidence shows a real, physical dog in an indoor setting. According to the inclusion criteria, domesticated non-human organisms (fauna) are explicitly classified under More-Than-Human Living Entities. This dog is a living organism, fulfilling the criteria for nature as a biotic entity. Since nature is 'yes', I evaluate the sub-axes. The Italian Greyhound is a non-human vertebrate (fauna), placing it under the biotic category. The dog is a real-world, physical organism with mass and occupying space, making it a material entity under the Tangibility axis.",False
/home/pmonserrat/datasets/imagenet/extracted_data/n02091134/ILSVRC2012_val_00001846.JPEG,whippet,True,True,True,yes,biotic,material,"The target entity is a whippet, specifically the dog in the image. The visual evidence shows a real, physical dog, which is a domesticated non-human vertebrate. According to the inclusion criteria, domesticated non-human organisms fall under Fauna & Animal Derivatives in the Biotic category of the Life Category Axis. The dog is a living entity and thus fulfills the criteria for nature under the provided taxonomy. Since nature is 'yes', I evaluate the sub-axes. The whippet is a non-human living organism (fauna), placing it under the biotic category. The dog in the image is a real-world, physical entity with mass and occupying space, making it a material instance under the Tangibility axis.",False
/home/pmonserrat/datasets/imagenet/extracted_data/n02091244/ILSVRC2012_val_00000022.JPEG,ibizan hound,True,True,True,yes,biotic,material,"The target entity is an Ibizan hound, a breed of dog. The visual evidence in the image shows a real, physical dog in an outdoor setting. According to the inclusion criteria, wild, domesticated, or bred non-human organisms (fauna) are explicitly classified under More-Than-Human Living Entities. Since the Ibizan hound is a non-human living organism, it fulfills the criteria for nature. Since nature is 'yes', I evaluate the sub-axes. The Ibizan hound is a non-human vertebrate (fauna), placing it under the biotic category. The dog is a real-world physical organism with mass and occupying space, making it a material entity under the Tangibility axis.",False
/home/pmonserrat/datasets/imagenet/extracted_data/n02091467/ILSVRC2012_val_00002328.JPEG,norwegian elkhound,True,True,True,yes,biotic,material,"The target entity is a Norwegian Elkhound, a breed of dog. The visual evidence shows a real, physical dog in the image. According to the inclusion criteria, wild, domesticated, or bred non-human organisms (fauna) are explicitly classified under More-Than-Human Living Entities. Since the Norwegian Elkhound is a domesticated non-human organism, it fulfills the criteria for nature. Since nature is 'yes', I evaluate the sub-axes. The Norwegian Elkhound is a non-human vertebrate (fauna), placing it under the biotic category. Because this is a real-world physical organism captured in an unfiltered documentary photograph, it is classified as material under the Tangibility axis.",False
/home/pmonserrat/datasets/imagenet/extracted_data/n02091635/ILSVRC2012_val_00000079.JPEG,otterhound,True,True,True,yes,biotic,material,"The target entity in the image is a dog that appears to be an Otterhound breed. Otterhounds are domesticated dogs, which are non-human vertebrates (fauna). According to the inclusion criteria, domesticated non-human animals fall under the category of Fauna & Animal Derivatives in the Biotic category of nature. The image is a literal, unfiltered photograph of a real-world physical organism, fulfilling the criteria for Material nature under the Tangibility axis. Since nature is 'yes', I evaluate the sub-axes. The Otterhound is a domesticated non-human animal, placing it under Fauna & Animal Derivatives within the biotic category. The image is a documentary photograph capturing a real-world physical organism, thus it is classified as material under the Tangibility axis.",False
/home/pmonserrat/datasets/imagenet/extracted_data/n02091831/ILSVRC2012_val_00000263.JPEG,saluki,True,True,True,yes,biotic,material,"The target entity is a saluki, a breed of dog. The visual evidence shows a real-world, physical dog standing in a natural environment. Dogs, as domesticated non-human vertebrates, fall under Fauna & Animal Derivatives within the Biotic category of the inclusion scope for nature. The saluki in the image is a living organism, fulfilling the criteria for nature as a more-than-human living entity. Since nature is 'yes', I evaluate the sub-axes. The saluki is a non-human vertebrate (fauna), placing it under the biotic category. The saluki in the image is a real-world, physical organism with mass and occupying space, making it a material entity under the Tangibility axis.",False
/home/pmonserrat/datasets/imagenet/extracted_data/n02092002/ILSVRC2012_val_00000405.JPEG,scottish deerhound,True,True,True,yes,biotic,material,"The target entity is a Scottish Deerhound, a breed of dog. The visual evidence shows a real-world, physical dog in a natural environment. According to the inclusion criteria, wild, domesticated, or bred non-human vertebrates (fauna) are explicitly classified under the More-Than-Human Living Entities category. Since the Scottish Deerhound is a non-human vertebrate, it fulfills the inclusion criteria for nature. Since nature is 'yes', I evaluate the sub-axes. The Scottish Deerhound is a non-human vertebrate, placing it under Fauna & Animal Derivatives within the biotic category. Because this is a real-world, physical organism occupying space and having mass, it is classified as material under the Tangibility axis.",False
/home/pmonserrat/datasets/imagenet/extracted_data/n02092339/ILSVRC2012_val_00001385.JPEG,weimaraner,True,True,True,yes,biotic,material,"The target entity is a Weimaraner dog. The visual evidence shows a real, physical dog in an outdoor setting. According to the inclusion criteria, domesticated non-human animals fall under Fauna & Animal Derivatives within the Biotic category of the Life Category Axis. The Weimaraner is a domesticated non-human organism, fulfilling the criteria for nature as a more-than-human living entity. Since nature is 'yes', I evaluate the sub-axes. The Weimaraner is a domesticated non-human vertebrate, placing it under Fauna & Animal Derivatives within the biotic category. The dog is a real-world physical organism with mass and occupies space, making it a material entity under the Tangibility axis.",False
/home/pmonserrat/datasets/imagenet/extracted_data/n02093256/ILSVRC2012_val_00000248.JPEG,staffordshire bullterrier,True,True,True,yes,biotic,material,"The target entity is a Staffordshire Bull Terrier, a breed of dog. The visual evidence shows a real-world, physical dog in a natural environment (grass). Staffordshire Bull Terriers are domesticated non-human vertebrates, falling under the category of Fauna in the inclusion scope of More-Than-Human Living Entities. This fulfills the criteria for nature as it is a living organism that is not human. Since nature is 'yes', I evaluate the sub-axes. The Staffordshire Bull Terrier is a non-human vertebrate, placing it under Fauna within the biotic category. Because this is a real-world, physical dog occupying space and having mass, it is classified as material under the Tangibility axis.",False
/home/pmonserrat/datasets/imagenet/extracted_data/n02093428/ILSVRC2012_val_00000191.JPEG,american staffordshire terrier,True,True,True,yes,biotic,material,"The target entity is an American Staffordshire Terrier, a breed of dog. The visual evidence shows a real, physical dog in a physical environment. According to the inclusion criteria, domesticated non-human organisms (fauna) are explicitly classified under the More-Than-Human Living Entities category. Since the dog is a living organism, it fulfills the criteria for nature. Since nature is 'yes', I evaluate the sub-axes. The American Staffordshire Terrier is a non-human vertebrate (fauna), placing it under the biotic category. The dog is a real-world, physical organism with mass and occupying space, making it classified as material under the Tangibility axis.",False
/home/pmonserrat/datasets/imagenet/extracted_data/n02093647/ILSVRC2012_val_00000883.JPEG,bedlington terrier,True,True,True,yes,biotic,material,"The target entity is a Bedlington terrier, a breed of dog. The visual evidence shows a real, physical dog in a domestic setting. According to the inclusion criteria, domesticated non-human organisms (fauna) are explicitly classified under the More-Than-Human Living Entities category. The Bedlington terrier is a domesticated animal, fulfilling the inclusion criteria for nature. Since nature is 'yes', I evaluate the sub-axes. The Bedlington terrier is a non-human vertebrate (fauna), placing it under the biotic category. Because this is a real-world, physical organism with mass and occupying space, it is classified as material under the Tangibility axis.",False
/home/pmonserrat/datasets/imagenet/extracted_data/n02093754/ILSVRC2012_val_00000832.JPEG,border terrier,True,True,True,yes,biotic,material,"The target entity is a border terrier dog in the image. The visual evidence shows a real, physical non-human animal, which falls under the inclusion scope of Fauna in the More-Than-Human Living Entities category. The dog is a domesticated non-human vertebrate, fulfilling the criteria for nature as a living entity. Since nature is 'yes', I evaluate the sub-axes. The border terrier is a non-human vertebrate, placing it under Fauna within the biotic category. The dog is a real-world physical organism with mass and occupying space, making it classified as material under the Tangibility axis.",False
/home/pmonserrat/datasets/imagenet/extracted_data/n02093859/ILSVRC2012_val_00000062.JPEG,kerry blue terrier,True,True,True,yes,biotic,material,"The target entity is a kerry blue terrier. The visual evidence shows a real-world, physical dog, which is a domesticated non-human vertebrate. Domesticated non-human animals fall under Fauna & Animal Derivatives within the Biotic category of the More-Than-Human Living Entities inclusion scope, fulfilling the criteria for nature. The dog is a living organism and thus counts as nature under the provided definitions. Since nature is 'yes', I evaluate the sub-axes. The kerry blue terrier is a non-human living organism (fauna), placing it under the biotic category. Because this is a real-world, physical organism with mass and occupying space, it is classified as material under the Tangibility axis.",False
/home/pmonserrat/datasets/imagenet/extracted_data/n02093991/ILSVRC2012_val_00000588.JPEG,irish terrier,True,True,True,yes,biotic,material,"The target entity is an Irish Terrier in the image. The visual evidence shows a real-world, physical dog, which is a domesticated non-human vertebrate. According to the inclusion criteria, domesticated non-human organisms (fauna) are explicitly classified under the More-Than-Human Living Entities category, fulfilling the criteria for nature. The Irish Terrier is a living organism and thus falls under the Biotic category of nature. Since nature is 'yes', I evaluate the sub-axes. The Irish Terrier is a real, physical, living organism, placing it under Fauna within the biotic category. The image is an unfiltered documentary photograph capturing a real-world physical entity, making it classified as material under the Tangibility axis.",False
/home/pmonserrat/datasets/imagenet/extracted_data/n02094114/ILSVRC2012_val_00000391.JPEG,norfolk terrier,True,True,True,yes,biotic,material,"The target entity is a Norfolk terrier. The visual evidence shows a real-world, physical dog sitting in a grassy outdoor environment. Norfolk terriers are domesticated non-human vertebrates (fauna), which fall under the inclusion criteria for More-Than-Human Living Entities (Fauna) in the taxonomy. The entity is a living organism and thus qualifies as nature. Since nature is 'yes', I evaluate the sub-axes. The Norfolk terrier is a non-human vertebrate, placing it under Fauna & Animal Derivatives within the biotic category. Because this is a real-world, physical organism present in the environment, it is classified as material under the Tangibility axis.",False
/home/pmonserrat/datasets/imagenet/extracted_data/n02094258/ILSVRC2012_val_00000612.JPEG,norwich terrier,True,True,True,yes,biotic,material,"The target entity is a Norwich terrier, a breed of dog. The visual evidence shows a real-world physical dog, which is a non-human vertebrate. According to the inclusion criteria, more-than-human living organisms (fauna) are explicitly classified under the Nature taxonomy. The Norwich terrier, as a domesticated non-human animal, falls under the Flora & Fauna category within the Biotic Life Category Axis. Since nature is 'yes', I evaluate the sub-axes. The Norwich terrier is a living organism, placing it under Fauna within the biotic category. The dog in the image is a real, physical entity occupying space and having mass, thus it is classified as material under the Tangibility axis.",False
/home/pmonserrat/datasets/imagenet/extracted_data/n02094433/ILSVRC2012_val_00000696.JPEG,yorkshire terrier,True,True,True,yes,biotic,material,"The target entity is a Yorkshire terrier. The visual evidence shows a real, physical dog in a natural grassy environment. According to the inclusion criteria, domesticated non-human animals fall under Fauna & Animal Derivatives within the Biotic category of more-than-human living entities. This entity is a real-world organism, fulfilling the criteria for nature as a living entity. Since nature is 'yes', I evaluate the sub-axes. The Yorkshire terrier is a domesticated non-human vertebrate, placing it under Fauna within the biotic category. Because it is a real-world, physical organism occupying space and having mass, it is classified as material under the Tangibility axis.",False
/home/pmonserrat/datasets/imagenet/extracted_data/n02095314/ILSVRC2012_val_00001001.JPEG,wire-haired fox terrier,True,True,True,yes,biotic,material,"The target entity is a wire-haired fox terrier. The visual evidence shows a real, physical dog in a natural outdoor setting. According to the inclusion criteria, wild, domesticated, or bred non-human organisms (fauna) are explicitly classified under the More-Than-Human Living Entities category. Since the wire-haired fox terrier is a non-human living organism, it fulfills the criteria for nature. Since nature is 'yes', I evaluate the sub-axes. The wire-haired fox terrier is a non-human vertebrate (fauna), placing it under the biotic category. Because this is a real-world, physical organism present in the environment, it is classified as material under the Tangibility axis.",False
/home/pmonserrat/datasets/imagenet/extracted_data/n02095570/ILSVRC2012_val_00002194.JPEG,lakeland terrier,True,True,True,yes,biotic,material,"The target entity is a Lakeland terrier, a breed of dog. The visual evidence shows a real-world, physical dog in an outdoor setting. According to the inclusion criteria, wild, domesticated, or bred non-human organisms (fauna) are explicitly classified under More-Than-Human Living Entities. Since the Lakeland terrier is a domesticated non-human organism, it fulfills the criteria for nature. Since nature is 'yes', I evaluate the sub-axes. The Lakeland terrier is a non-human vertebrate (fauna), placing it under the biotic category. Because this is a real-world, physical organism present in the environment, it is classified as material under the Tangibility axis.",False
/home/pmonserrat/datasets/imagenet/extracted_data/n02095889/ILSVRC2012_val_00000474.JPEG,sealyham terrier,True,True,True,yes,biotic,material,"The target entity is a Sealyham terrier. The visual evidence shows a real, physical dog, which is a domesticated non-human vertebrate. According to the inclusion criteria, domesticated non-human organisms fall under Fauna & Animal Derivatives within the Biotic category of nature. The entity is a living organism and thus fulfills the criteria for nature classification. Since nature is 'yes', I evaluate the sub-axes. The Sealyham terrier is a non-human living organism, placing it under Fauna within the biotic category. Because this is a real, physical dog in the real world, it is classified as material under the Tangibility axis.",False
/home/pmonserrat/datasets/imagenet/extracted_data/n02096051/ILSVRC2012_val_00003002.JPEG,airedale,True,True,True,yes,biotic,material,"The target entity is an Airedale Terrier puppy in the image. The visual evidence shows a real-world, physical dog, which is a non-human vertebrate (fauna). According to the inclusion criteria, wild, domesticated, or bred non-human organisms fall under Fauna & Animal Derivatives in the Biotic category of nature. The puppy is a living entity, fulfilling the criteria for nature classification. Since nature is 'yes', I evaluate the sub-axes. The Airedale puppy is a living organism, placing it under Fauna & Animal Derivatives within the biotic category. The puppy is a real-world, physical entity with mass and occupying space, captured in an unfiltered documentary photograph, thus it is classified as material under the Tangibility axis.",False
/home/pmonserrat/datasets/imagenet/extracted_data/n02096177/ILSVRC2012_val_00000379.JPEG,cairn,True,True,True,yes,biotic,material,"The target entity in the image is a dog wearing a cone-shaped collar, often referred to as an 'econe' or 'cone of shame'. The dog itself is a non-human living organism (fauna), fitting the inclusion criteria for More-Than-Human Living Entities. The cone is a manufactured object used for medical or behavioral purposes and does not depict or derive from a natural entity. However, the primary focus of the classification is on the dog itself, which is a real-world, physical organism. The cone is an accessory and does not change the classification of the dog as a natural entity. Since nature is 'yes', I evaluate the sub-axes. The dog is a non-human vertebrate (fauna), placing it under the biotic category. The image is an unfiltered documentary photograph capturing a real-world physical organism, making it classified as material under the Tangibility axis.",False
/home/pmonserrat/datasets/imagenet/extracted_data/n02096294/ILSVRC2012_val_00001564.JPEG,australian terrier,True,True,True,yes,biotic,material,"The target entity is an Australian Terrier in the image. The visual evidence shows a real, physical dog, which is a non-human vertebrate (fauna). According to the inclusion criteria, wild, domesticated, or bred non-human organisms fall under Fauna & Animal Derivatives in the Biotic category of nature. The dog is a living entity and thus fulfills the criteria for nature classification. Since nature is 'yes', I evaluate the sub-axes. The Australian Terrier is a non-human living organism, placing it under Fauna within the biotic category. The dog is a real-world, physical entity with mass and occupying space, making it a material instance under the Tangibility axis.",False
/home/pmonserrat/datasets/imagenet/extracted_data/n02096437/ILSVRC2012_val_00000279.JPEG,dandie dinmont,True,True,True,yes,biotic,material,"The target entity is a Dandie Dinmont puppy, a breed of dog. The visual evidence shows real, physical puppies in a natural setting (grass), which are non-human living organisms. According to the inclusion criteria, domesticated non-human organisms (fauna) are explicitly classified under the Flora, Fauna, and Fungi category within the Biotic Life Category Axis. The puppies are not representations, artistic depictions, or fictional entities; they are real, living organisms. Since nature is 'yes', I evaluate the sub-axes. The Dandie Dinmont puppies are non-human vertebrates (fauna), placing them under the Biotic category. Because these are real, physical organisms present in the real world, they are classified as material under the Tangibility axis.",False
/home/pmonserrat/datasets/imagenet/extracted_data/n02096585/ILSVRC2012_val_00000350.JPEG,boston bull,True,True,True,yes,biotic,material,"The target entity is a Boston Bull puppy (a breed of dog). The visual evidence shows a real, physical dog, which is a domesticated non-human vertebrate. According to the inclusion criteria, domesticated non-human organisms fall under Fauna & Animal Derivatives in the Biotic category of nature. The Boston Bull is a living organism, fulfilling the criteria for nature as a more-than-human living entity. Since nature is 'yes', I evaluate the sub-axes. The Boston Bull puppy is a non-human vertebrate, placing it under Fauna & Animal Derivatives within the biotic category. Because the puppy is a real-world physical organism with mass and occupies space, it is classified as material under the Tangibility axis.",False
/home/pmonserrat/datasets/imagenet/extracted_data/n02097047/ILSVRC2012_val_00000176.JPEG,miniature schnauzer,True,True,True,yes,biotic,material,"The target entity is a miniature schnauzer. The visual evidence shows a real-world, physical dog, which is a domesticated non-human vertebrate. Domesticated non-human animals fall under Fauna & Animal Derivatives within the Biotic category of the inclusion criteria for nature. The entity is a living organism and thus qualifies as nature under the provided definitions. Since nature is 'yes', I evaluate the sub-axes. The miniature schnauzer is a non-human vertebrate (fauna), placing it under the biotic category. Because this is a real, physical dog present in the physical environment, it is classified as material under the Tangibility axis.",False
/home/pmonserrat/datasets/imagenet/extracted_data/n02097130/ILSVRC2012_val_00002573.JPEG,giant schnauzer,True,True,True,yes,biotic,material,"The target entity is a giant schnauzer. The visual evidence shows a real-world, physical dog, which is a domesticated non-human vertebrate. Domesticated non-human organisms fall under Fauna & Animal Derivatives within the Biotic category of the More-Than-Human Living Entities inclusion scope, fulfilling the criteria for nature. The dog is a living entity and thus counts as nature under the provided definitions. Since nature is 'yes', I evaluate the sub-axes. The giant schnauzer is a non-human vertebrate (fauna), placing it under the biotic category. Because this is a real-world, physical organism present in the environment, it is classified as material under the Tangibility axis.",False
/home/pmonserrat/datasets/imagenet/extracted_data/n02097209/ILSVRC2012_val_00000044.JPEG,standard schnauzer,True,True,True,yes,biotic,material,"The target entity is a standard schnauzer, a breed of dog. The visual evidence shows a real-world, physical dog, which is a domesticated non-human vertebrate. According to the inclusion criteria, domesticated non-human organisms fall under Fauna & Animal Derivatives within the Biotic category of the Life Category Axis. The dog is a living entity and thus fulfills the criteria for nature under the provided taxonomy. Since nature is 'yes', I evaluate the sub-axes. The standard schnauzer is a living organism, placing it under Fauna within the biotic category. Because this is a real-world, physical dog present in the environment, it is classified as material under the Tangibility axis.",False
/home/pmonserrat/datasets/imagenet/extracted_data/n02097298/ILSVRC2012_val_00000411.JPEG,scotch terrier,True,True,True,yes,biotic,material,"The target entity is a scotch terrier, which is a breed of dog. The visual evidence shows a real, physical dog in an indoor setting. Dogs are domesticated non-human vertebrates, falling under Fauna & Animal Derivatives in the inclusion criteria for more-than-human living entities. This fulfills the criteria for nature as it is a living organism that is not human. Since nature is 'yes', I evaluate the sub-axes. The scotch terrier is a non-human vertebrate, placing it under Fauna within the biotic category. Because this is a real, physical dog occupying space and having mass, it is classified as material under the Tangibility axis.",False
/home/pmonserrat/datasets/imagenet/extracted_data/n02097474/ILSVRC2012_val_00000802.JPEG,tibetan terrier,True,True,True,yes,biotic,material,"The target entity is a Tibetan Terrier, a breed of dog. The visual evidence shows a real-world, physical dog in a snowy environment. According to the inclusion criteria, Fauna (wild, domesticated, or bred non-human vertebrates) explicitly count as more-than-human living entities under the Nature definition. The Tibetan Terrier, as a domesticated non-human vertebrate, falls under the Flora & Fauna category within the Biotic Life Category Axis. The image is a standard, literal, documentary photograph capturing a real-world physical organism, fulfilling the criteria for Material Tangibility. Since nature is 'yes', I evaluate the sub-axes. The Tibetan Terrier is a non-human vertebrate, placing it under Fauna within the biotic category. The photograph is a literal, unfiltered depiction of a real-world physical organism, classifying it as material under the Tangibility axis.",False
/home/pmonserrat/datasets/imagenet/extracted_data/n02097658/ILSVRC2012_val_00000105.JPEG,silky terrier,True,True,True,yes,biotic,material,"The target entity is a silky terrier, a breed of dog. The visual evidence shows a real-world, physical dog with distinct fur and physical features. Dogs are domesticated non-human vertebrates, which fall under Fauna & Animal Derivatives in the Biotic category of the inclusion scope for nature. Although domesticated, dogs are still classified as non-human living organisms, fulfilling the criteria for nature under the provided taxonomy. Since nature is 'yes', I evaluate the sub-axes. The silky terrier is a non-human living organism (fauna), placing it under the biotic category. Because the image is a literal, unfiltered documentary photograph of a real-world physical organism, it is classified as material under the Tangibility axis.",False
/home/pmonserrat/datasets/imagenet/extracted_data/n02098105/ILSVRC2012_val_00000748.JPEG,soft-coated wheaten terrier,True,True,True,yes,biotic,material,"The target entity is a soft-coated wheaten terrier puppy. The visual evidence shows a real-world, physical dog in a natural environment. According to the inclusion criteria, wild, domesticated, or bred non-human organisms (fauna) are explicitly classified under the More-Than-Human Living Entities category. Since this is a real, living organism, it fulfills the criteria for nature. Since nature is 'yes', I evaluate the sub-axes. The soft-coated wheaten terrier is a non-human vertebrate (fauna), placing it under the biotic category. Because this is a real, physical organism present in the real world, it is classified as material under the Tangibility axis.",False
/home/pmonserrat/datasets/imagenet/extracted_data/n02098286/ILSVRC2012_val_00002784.JPEG,west highland white terrier,True,True,True,yes,biotic,material,"The target entity is a West Highland White Terrier (dog). The visual evidence shows a real, physical dog, which is a domesticated non-human vertebrate. According to the inclusion criteria, domesticated non-human organisms fall under Fauna & Animal Derivatives within the Biotic category of More-Than-Human Living Entities. This fulfills the criteria for nature as it is a living entity that is not human. Since nature is 'yes', I evaluate the sub-axes. The West Highland White Terrier is a non-human vertebrate, placing it under Fauna within the biotic category. The dog in the image is a real-world physical organism, occupying space and having mass, thus it is classified as material under the Tangibility axis.",False
/home/pmonserrat/datasets/imagenet/extracted_data/n02098413/ILSVRC2012_val_00001481.JPEG,lhasa,True,True,True,yes,biotic,material,"The target entity is a 'lhasa' (likely referring to a Lhasa Apso, a breed of dog). The visual evidence shows a real-world, physical dog, which is a domesticated non-human vertebrate. Domesticated non-human organisms fall under Fauna & Animal Derivatives within the Biotic category of the inclusion scope for nature. The image is a standard, literal photograph of a real-world entity, fulfilling the criteria for a Material nature instance. Since nature is 'yes', I evaluate the sub-axes. The Lhasa Apso is a non-human vertebrate (fauna), placing it under the biotic category. The image is a documentary photograph capturing a real-world physical organism, thus it is classified as material under the Tangibility axis.",False
/home/pmonserrat/datasets/imagenet/extracted_data/n02099267/ILSVRC2012_val_00000824.JPEG,flat-coated retriever,True,True,True,yes,biotic,material,"The target entity is a flat-coated retriever, specifically the dog in the image. The visual evidence shows a real-world, physical dog sitting on rocks by the sea. According to the inclusion criteria, wild, domesticated, or bred non-human organisms (fauna) are explicitly classified under More-Than-Human Living Entities. This dog is a domesticated non-human organism, fulfilling the inclusion criteria for nature. Since nature is 'yes', I evaluate the sub-axes. The flat-coated retriever is a non-human vertebrate (fauna), placing it under the biotic category. The dog is a real-world, physical organism with mass and occupying space, making it a material entity under the Tangibility axis.",False
/home/pmonserrat/datasets/imagenet/extracted_data/n02099429/ILSVRC2012_val_00001434.JPEG,curly-coated retriever,True,True,True,yes,biotic,material,"The target entity is a curly-coated retriever dog. The visual evidence shows a real-world, physical dog in a natural outdoor setting. According to the inclusion criteria, wild, domesticated, or bred non-human organisms (fauna) are explicitly classified under More-Than-Human Living Entities. This dog is a non-human living entity, fulfilling the inclusion criteria for nature. Since nature is 'yes', I evaluate the sub-axes. The curly-coated retriever is a non-human vertebrate (fauna), placing it under the biotic category. The dog is a real-world, physical organism occupying space and having mass, making it a material entity under the Tangibility axis.",False
/home/pmonserrat/datasets/imagenet/extracted_data/n02099601/ILSVRC2012_val_00001112.JPEG,golden retriever,True,True,True,yes,biotic,material,"The target entity is a golden retriever. The visual evidence shows a real-world, physical dog in a natural environment. According to the inclusion criteria, domesticated non-human animals fall under Fauna & Animal Derivatives within the Biotic category of more-than-human living entities. The golden retriever is a domesticated non-human organism, fulfilling the criteria for nature. Since nature is 'yes', I evaluate the sub-axes. The golden retriever is a domesticated non-human vertebrate, placing it under Fauna & Animal Derivatives within the biotic category. The dog is a real-world, physical organism with mass and occupying space, making it classified as material under the Tangibility axis.",False
/home/pmonserrat/datasets/imagenet/extracted_data/n02099712/ILSVRC2012_val_00000375.JPEG,labrador retriever,True,True,True,yes,biotic,material,"The target entity is a Labrador retriever. The visual evidence shows a real-world, physical dog, which is a domesticated non-human vertebrate. According to the inclusion criteria, domesticated non-human organisms fall under Fauna & Animal Derivatives in the Biotic category of the Life Category Axis. The Labrador retriever is a living entity and thus fulfills the criteria for nature under the provided taxonomy. Since nature is 'yes', I evaluate the sub-axes. The Labrador retriever is a living organism, placing it under Fauna & Animal Derivatives within the biotic category. The dog in the image is a real-world, physical entity with mass and occupying space, making it a material instance under the Tangibility axis.",False
/home/pmonserrat/datasets/imagenet/extracted_data/n02099849/ILSVRC2012_val_00000668.JPEG,chesapeake bay retriever,True,True,True,yes,biotic,material,"The target entity is a Chesapeake Bay Retriever, a breed of dog. The visual evidence shows a real-world, physical dog in an outdoor setting. According to the inclusion criteria, Fauna (wild, domesticated, or bred non-human vertebrates) explicitly count as more-than-human living entities under the Nature taxonomy. Although dogs are domesticated animals, they are still classified as non-human living entities and fall under the Fauna category. Since nature is 'yes', I evaluate the sub-axes. The Chesapeake Bay Retriever is a non-human vertebrate, placing it under Fauna within the biotic category. Because this is a real-world, physical dog occupying space and having mass, it is classified as material under the Tangibility axis.",False
/home/pmonserrat/datasets/imagenet/extracted_data/n02100236/ILSVRC2012_val_00001070.JPEG,german short-haired pointer,True,True,True,yes,biotic,material,"The target entity is a German Short-Haired Pointer. The visual evidence shows a real-world, physical dog, which is a domesticated non-human vertebrate. According to the inclusion criteria, domesticated non-human organisms fall under Fauna & Animal Derivatives within the Biotic category of the Life Category Axis. This entity is a living organism and thus fulfills the criteria for nature under the provided taxonomy. Since nature is 'yes', I evaluate the sub-axes. The German Short-Haired Pointer is a non-human vertebrate, placing it under Fauna within the biotic category. Because this is a real-world, physical organism captured in an unfiltered documentary photograph, it is classified as material under the Tangibility axis.",False
/home/pmonserrat/datasets/imagenet/extracted_data/n02100583/ILSVRC2012_val_00002323.JPEG,vizsla,True,True,True,yes,biotic,material,"The target entity is a vizsla, a breed of dog. The visual evidence shows a real-world, physical dog, which is a domesticated non-human vertebrate. Domesticated non-human animals fall under Fauna & Animal Derivatives within the Biotic category of the More-Than-Human Living Entities inclusion scope, fulfilling the criteria for nature. The image is a standard, literal photograph capturing a real-world physical organism. Since nature is 'yes', I evaluate the sub-axes. The vizsla is a non-human vertebrate (fauna), placing it under the biotic category. Because this is a real-world, physical organism captured in an unfiltered documentary photograph, it is classified as material under the Tangibility axis.",False
/home/pmonserrat/datasets/imagenet/extracted_data/n02100735/ILSVRC2012_val_00000172.JPEG,english setter,True,True,True,yes,biotic,material,"The target entity is an English setter, a breed of dog. The visual evidence shows a real-world, physical dog in an indoor setting. According to the inclusion criteria, domesticated non-human organisms (fauna) are explicitly classified under the More-Than-Human Living Entities category. Since the English setter is a domesticated animal, it fulfills the criteria for nature. Since nature is 'yes', I evaluate the sub-axes. The English setter is a non-human vertebrate (fauna), placing it under the biotic category. Because this is a real-world, physical organism with mass and occupying space, it is classified as material under the Tangibility axis.",False
/home/pmonserrat/datasets/imagenet/extracted_data/n02100877/ILSVRC2012_val_00000161.JPEG,irish setter,True,True,True,yes,biotic,material,"The target entity in the image is a dog that appears to be a Dachshund, not an Irish Setter. However, assuming the target entity is an Irish Setter (a breed of dog), the visual evidence shows a real-world, physical dog. Dogs are domesticated non-human vertebrates, which fall under Fauna & Animal Derivatives in the inclusion criteria for more-than-human living entities. This fulfills the criteria for nature as a biotic entity. Since nature is 'yes', I evaluate the sub-axes. The dog is a non-human vertebrate (fauna), placing it under the biotic category. The image is an unfiltered documentary photograph capturing a real-world physical organism, making it a material instance under the Tangibility axis.",False
/home/pmonserrat/datasets/imagenet/extracted_data/n02101006/ILSVRC2012_val_00000708.JPEG,gordon setter,True,True,True,yes,biotic,material,"The target entity is a Gordon Setter dog. The visual evidence shows a real, physical dog, which is a domesticated non-human vertebrate. Domesticated non-human animals fall under Fauna & Animal Derivatives within the Biotic category of the More-Than-Human Living Entities inclusion scope, fulfilling the criteria for nature. The dog is a living organism and thus counts as nature under the provided definitions. Since nature is 'yes', I evaluate the sub-axes. The Gordon Setter is a non-human vertebrate (fauna), placing it under the biotic category. The dog is a real-world physical organism with mass and occupying space, making it a material entity under the Tangibility axis.",False
/home/pmonserrat/datasets/imagenet/extracted_data/n02101388/ILSVRC2012_val_00000227.JPEG,brittany spaniel,True,True,True,yes,biotic,material,"The target entity is a Brittany Spaniel, a domesticated dog breed. The visual evidence shows a real, physical dog with distinct biological features such as fur, eyes, and a snout. Domesticated non-human animals fall under Fauna & Animal Derivatives within the Biotic category of the inclusion scope for nature. The dog is a living entity, fulfilling the criteria for nature classification as a more-than-human living organism. Since nature is 'yes', I evaluate the sub-axes. The Brittany Spaniel is a non-human vertebrate (fauna), placing it under the biotic category. The dog in the image is a real, physical organism occupying space and having mass, making it a material entity under the Tangibility axis.",False
/home/pmonserrat/datasets/imagenet/extracted_data/n02101556/ILSVRC2012_val_00000643.JPEG,clumber,True,True,True,yes,biotic,material,"The target entity in the image is a dog, specifically a Clumber Spaniel. The visual evidence shows a real-world, physical dog in an outdoor environment. According to the inclusion criteria, wild, domesticated, or bred non-human organisms (fauna) are explicitly classified under More-Than-Human Living Entities. Since the dog is a non-human living entity, it fulfills the criteria for nature. Since nature is 'yes', I evaluate the sub-axes. The dog is a non-human vertebrate (fauna), placing it under the biotic category. The image is an unfiltered documentary photograph capturing a real-world physical organism, making it a material representation under the Tangibility axis.",False
/home/pmonserrat/datasets/imagenet/extracted_data/n02102040/ILSVRC2012_val_00000665.JPEG,english springer,True,True,True,yes,biotic,material,"The target entity is an English Springer Spaniel, a breed of dog. The visual evidence shows a real-world, physical dog with distinct biological features such as fur, eyes, and a tongue. English Springer Spaniels are domesticated non-human vertebrates, falling under Fauna in the inclusion criteria for more-than-human living entities. This fulfills the criteria for nature as a biotic entity. Since nature is 'yes', I evaluate the sub-axes. The English Springer Spaniel is a non-human vertebrate, placing it under Fauna & Animal Derivatives within the biotic category. Because the image is an unfiltered documentary photograph capturing a real-world physical organism, it is classified as material under the Tangibility axis.",False
/home/pmonserrat/datasets/imagenet/extracted_data/n02102177/ILSVRC2012_val_00002298.JPEG,welsh springer spaniel,True,True,True,yes,biotic,material,"The target entity is a Welsh Springer Spaniel puppy. The visual evidence shows a real, physical dog in a natural outdoor setting. According to the inclusion criteria, wild, domesticated, or bred non-human organisms (fauna) are explicitly classified under the More-Than-Human Living Entities category. This puppy is a domesticated non-human organism, fulfilling the inclusion criteria for nature. Since nature is 'yes', I evaluate the sub-axes. The Welsh Springer Spaniel puppy is a non-human vertebrate (fauna), placing it under the biotic category. Because this is a real-world physical organism with mass and occupying space, it is classified as material under the Tangibility axis.",False
/home/pmonserrat/datasets/imagenet/extracted_data/n02102318/ILSVRC2012_val_00000524.JPEG,cocker spaniel,True,True,True,yes,biotic,material,"The target entity is a cocker spaniel. The visual evidence shows a real-world, physical dog in a natural outdoor setting. Cocker spaniels are non-human vertebrates (fauna), and the image captures a living organism in its physical environment. This fulfills the inclusion criteria for Flora & Fauna under the More-Than-Human Living Entities category in the NATURE definition. Since nature is 'yes', I evaluate the sub-axes. The cocker spaniel is a non-human living organism, placing it under Fauna within the biotic category. The image is an unfiltered documentary photograph capturing a real-world physical organism in its environment, thus it is classified as material under the Tangibility axis.",False
/home/pmonserrat/datasets/imagenet/extracted_data/n02102480/ILSVRC2012_val_00000539.JPEG,sussex spaniel,True,True,True,yes,biotic,material,"The target entity is a Sussex Spaniel, a breed of dog. The visual evidence shows a real-world, physical dog sitting outdoors. According to the inclusion criteria, more-than-human living organisms, including domesticated animals, are classified under Fauna & Animal Derivatives in the Biotic category. This dog is a domesticated non-human organism, fulfilling the criteria for nature as a living entity. Since nature is 'yes', I evaluate the sub-axes. The Sussex Spaniel is a non-human vertebrate (fauna), placing it under the biotic category. Because this is a real-world, physical organism with mass and occupying space, it is classified as material under the Tangibility axis.",False
/home/pmonserrat/datasets/imagenet/extracted_data/n02102973/ILSVRC2012_val_00001693.JPEG,irish water spaniel,True,True,True,yes,biotic,material,"The target entity is an Irish Water Spaniel, a breed of dog. The visual evidence shows a real, physical dog in a cemetery setting. According to the inclusion criteria, wild, domesticated, or bred non-human organisms (fauna) are explicitly classified under More-Than-Human Living Entities. Since the Irish Water Spaniel is a domesticated non-human organism, it fulfills the criteria for nature. Since nature is 'yes', I evaluate the sub-axes. The Irish Water Spaniel is a non-human vertebrate (fauna), placing it under the biotic category. The dog is a real-world, physical organism with mass and occupying space, making it a material entity under the Tangibility axis.",False
/home/pmonserrat/datasets/imagenet/extracted_data/n02104029/ILSVRC2012_val_00000507.JPEG,kuvasz,True,True,True,yes,biotic,material,"The target entity is a kuvasz, a breed of dog. The visual evidence in the image shows a real-world, physical dog engaging with its environment. Dogs are domesticated non-human vertebrates, which fall under Fauna & Animal Derivatives in the Biotic category of the inclusion scope for nature. The kuvasz, as a living organism, is explicitly included under the More-Than-Human Living Entities category, fulfilling the inclusion criteria for nature. Since nature is 'yes', I evaluate the sub-axes. The kuvasz is a non-human vertebrate (fauna), placing it under the biotic category. The kuvasz in the image is a real, physical organism present in the real world, making it a material entity under the Tangibility axis.",False
/home/pmonserrat/datasets/imagenet/extracted_data/n02104365/ILSVRC2012_val_00000533.JPEG,schipperke,True,True,True,yes,biotic,material,"The target entity is a schipperke, a breed of dog. The visual evidence shows a real-world, physical dog in its natural form. According to the inclusion criteria, domesticated non-human animals fall under Fauna & Animal Derivatives within the Biotic category of more-than-human living entities. The schipperke is a living organism, fulfilling the criteria for nature as a more-than-human living entity. Since nature is 'yes', I evaluate the sub-axes. The schipperke is a domesticated non-human vertebrate, placing it under Fauna & Animal Derivatives within the biotic category. Because this is a real-world, physical dog, it is classified as material under the Tangibility axis.",False
/home/pmonserrat/datasets/imagenet/extracted_data/n02105056/ILSVRC2012_val_00001109.JPEG,groenendael,True,True,True,yes,biotic,material,"The target entity 'groenendael' refers to a breed of dog, specifically a Belgian Shepherd. The visual evidence in the image shows real, physical dogs that are domesticated animals. Domesticated non-human animals fall under Fauna & Animal Derivatives within the Biotic category of the inclusion scope for nature. These dogs are tangible, living entities present in the real world. Since nature is 'yes', I evaluate the sub-axes. The dogs are non-human vertebrates (fauna), placing them under the biotic category. Because these are real, physical dogs occupying space and having mass, they are classified as material under the Tangibility axis.",False
/home/pmonserrat/datasets/imagenet/extracted_data/n02105162/ILSVRC2012_val_00003176.JPEG,malinois,True,True,True,yes,biotic,material,"The target entity is a Malinois dog. The visual evidence shows a real-world, physical dog, which is a domesticated non-human vertebrate. According to the inclusion criteria, domesticated non-human organisms (fauna) are explicitly classified under More-Than-Human Living Entities, fulfilling the criteria for nature. The dog is not a representation, artistic depiction, or fictional entity but a real, living organism. Since nature is 'yes', I evaluate the sub-axes. The Malinois is a non-human vertebrate, placing it under Fauna & Animal Derivatives within the biotic category. Because it is a real-world, physical organism with mass and occupying space, it is classified as material under the Tangibility axis.",False
/home/pmonserrat/datasets/imagenet/extracted_data/n02105251/ILSVRC2012_val_00004938.JPEG,briard,True,True,True,yes,biotic,material,"The target entity is a briard, a breed of dog. The visual evidence shows a real-world, physical dog that is a domesticated non-human organism. Domesticated non-human organisms fall under the inclusion criteria for Fauna & Animal Derivatives within the More-Than-Human Living Entities category, fulfilling the criteria for nature. Since nature is 'yes', I evaluate the sub-axes. A briard is a domesticated non-human vertebrate, placing it under Fauna & Animal Derivatives within the biotic category. Because this is a real-world, physical organism with mass and occupying space, it is classified as material under the Tangibility axis.",False
/home/pmonserrat/datasets/imagenet/extracted_data/n02105412/ILSVRC2012_val_00000113.JPEG,kelpie,True,True,True,yes,biotic,material,"The target entity is a kelpie, specifically a dog resembling the breed known as a Kelpie. The visual evidence shows a real-world, physical dog, which is a non-human vertebrate (fauna). According to the inclusion criteria, wild, domesticated, or bred non-human organisms fall under the category of Fauna & Animal Derivatives in the Biotic Life Category. This fulfills the criteria for nature as a more-than-human living entity. Since nature is 'yes', I evaluate the sub-axes. The kelpie is a non-human living organism, placing it under Fauna & Animal Derivatives within the biotic category. The entity in the image is a real, physical dog, occupying space and having mass, thus it is classified as material under the Tangibility axis.",False
/home/pmonserrat/datasets/imagenet/extracted_data/n02105505/ILSVRC2012_val_00000383.JPEG,komondor,True,True,True,yes,biotic,material,"The target entity is a Komondor, a breed of dog. The visual evidence shows a real, physical dog in the image. According to the inclusion criteria, wild, domesticated, or bred non-human organisms (fauna) are explicitly classified under the More-Than-Human Living Entities category. The Komondor is a domesticated non-human organism, fulfilling the inclusion criteria for nature. Since nature is 'yes', I evaluate the sub-axes. The Komondor is a non-human vertebrate (fauna), placing it under the biotic category. The entity in the image is a real-world physical organism with mass and occupying space, thus it is classified as material under the Tangibility axis.",False
/home/pmonserrat/datasets/imagenet/extracted_data/n02105641/ILSVRC2012_val_00002247.JPEG,old english sheepdog,True,True,True,yes,biotic,material,"The target entity is an Old English Sheepdog. The visual evidence shows a real-world, physical dog with distinct biological features such as fur, eyes, and a tongue. Old English Sheepdogs are domesticated non-human vertebrates (fauna), which fall under the inclusion criteria for Flora & Fauna in the Biotic category of the Nature taxonomy. The entity is a living organism and thus qualifies as nature under the provided definitions. Since nature is 'yes', I evaluate the sub-axes. The Old English Sheepdog is a non-human vertebrate, placing it under Fauna within the biotic category. Because this is a real-world, physical organism captured in a literal, unfiltered documentary photograph, it is classified as material under the Tangibility axis.",False
/home/pmonserrat/datasets/imagenet/extracted_data/n02105855/ILSVRC2012_val_00000003.JPEG,shetland sheepdog,True,True,True,yes,biotic,material,"The target entity is a Shetland sheepdog, a domesticated non-human mammal. The visual evidence shows a real-world physical dog, which falls under Fauna in the inclusion criteria for more-than-human living entities. Shetland sheepdogs are domesticated animals, and as such, they are explicitly included under the category of Fauna & Animal Derivatives in the Biotic category of nature. Since nature is 'yes', I evaluate the sub-axes. The Shetland sheepdog is a non-human vertebrate (fauna), placing it under the biotic category. The dog in the image is a real, physical organism occupying space and having mass, making it a material entity under the Tangibility axis.",False
/home/pmonserrat/datasets/imagenet/extracted_data/n02106030/ILSVRC2012_val_00003480.JPEG,collie,True,True,True,yes,biotic,material,"The target entity is a collie, specifically a dog of the collie breed. The visual evidence shows a real-world, physical dog with distinct biological features such as fur, eyes, and facial structure. Dogs are domesticated non-human vertebrates, which fall under Fauna & Animal Derivatives in the inclusion criteria for more-than-human living entities. This fulfills the criteria for nature as a biotic entity. Since nature is 'yes', I evaluate the sub-axes. The collie is a non-human vertebrate (fauna), placing it under the biotic category. The dog in the image is a real, physical organism occupying space and having mass, making it a material entity under the Tangibility axis.",False
/home/pmonserrat/datasets/imagenet/extracted_data/n02106166/ILSVRC2012_val_00000672.JPEG,border collie,True,True,True,yes,biotic,material,"The target entity is a border collie. The visual evidence shows a real-world, physical dog in a natural environment (water). Border collies are domesticated non-human vertebrates (fauna), which fall under the inclusion criteria for Flora, Fauna, and Fungi in the More-Than-Human Living Entities category. The entity is a living organism, fulfilling the definition of nature. Since nature is 'yes', I evaluate the sub-axes. The border collie is a non-human vertebrate, placing it under Fauna & Animal Derivatives within the biotic category. The entity is a real-world, physical organism with mass and occupying space, making it classified as material under the Tangibility axis.",False
/home/pmonserrat/datasets/imagenet/extracted_data/n02106382/ILSVRC2012_val_00000203.JPEG,bouvier des flandres,True,True,True,yes,biotic,material,"The target entity is a Bouvier des Flandres, a breed of dog. The visual evidence shows a real-world, physical dog in a garden setting. According to the inclusion criteria, wild, domesticated, or bred non-human organisms (fauna) are explicitly classified under More-Than-Human Living Entities. Since the Bouvier des Flandres is a domesticated non-human organism, it fulfills the criteria for nature. Since nature is 'yes', I evaluate the sub-axes. The Bouvier des Flandres is a non-human vertebrate (fauna), placing it under the biotic category. Because this is a real-world, physical organism occupying space and having mass, it is classified as material under the Tangibility axis.",False
/home/pmonserrat/datasets/imagenet/extracted_data/n02106550/ILSVRC2012_val_00003623.JPEG,rottweiler,True,True,True,yes,biotic,material,"The target entity is a rottweiler. The visual evidence shows a real-world domesticated dog, which is a non-human vertebrate. Domesticated non-human animals fall under Fauna & Animal Derivatives within the Biotic category of the inclusion criteria for nature. The image is a standard, literal, realistic photograph capturing a real-world physical organism, fulfilling the criteria for a Material nature instance. Since nature is 'yes', I evaluate the sub-axes. The rottweiler is a domesticated non-human vertebrate, placing it under Fauna & Animal Derivatives within the biotic category. Because it is a real-world physical organism with mass and occupies space, it is classified as material under the Tangibility axis.",False
/home/pmonserrat/datasets/imagenet/extracted_data/n02106662/ILSVRC2012_val_00000946.JPEG,german shepherd,True,True,True,yes,biotic,material,"The target entity is a German Shepherd dog. The visual evidence shows a real-world, physical German Shepherd in a natural outdoor environment. According to the inclusion criteria, wild, domesticated, or bred non-human organisms (fauna) are explicitly classified under More-Than-Human Living Entities, fulfilling the criteria for nature. The German Shepherd is a domesticated non-human vertebrate, thus qualifying as a biotic entity under the Nature taxonomy. Since nature is 'yes', I evaluate the sub-axes. The German Shepherd is a non-human vertebrate (fauna), placing it under the biotic category. The dog is a real-world, physical organism occupying space and having mass, making it a material entity under the Tangibility axis.",False
/home/pmonserrat/datasets/imagenet/extracted_data/n02107142/ILSVRC2012_val_00000134.JPEG,doberman,True,True,True,yes,biotic,material,"The target entity is a Doberman in the image. The visual evidence shows a real, physical dog in a natural outdoor setting. According to the inclusion criteria, wild, domesticated, or bred non-human organisms (fauna) are explicitly classified under More-Than-Human Living Entities. The Doberman is a domesticated non-human organism, fulfilling the inclusion criteria for nature. Since nature is 'yes', I evaluate the sub-axes. The Doberman is a non-human vertebrate (fauna), placing it under Flora & Plant Derivatives or Fauna & Animal Derivatives within the biotic category. Because this is a real-world physical organism present in the environment, it is classified as material under the Tangibility axis.",False
/home/pmonserrat/datasets/imagenet/extracted_data/n02107312/ILSVRC2012_val_00004386.JPEG,miniature pinscher,True,True,True,yes,biotic,material,"The target entity is a miniature pinscher, a breed of dog. The visual evidence shows a real-world physical dog, which is a non-human vertebrate. According to the inclusion criteria, wild, domesticated, or bred non-human organisms (fauna) are explicitly classified under More-Than-Human Living Entities, fulfilling the criteria for nature. Although domesticated, the miniature pinscher is still a non-human living entity and thus falls under the Flora & Fauna category of the Biotic Life Category Axis. Since nature is 'yes', I evaluate the sub-axes. The miniature pinscher is a living organism (fauna), placing it under the biotic category. Because the entity is a real-world physical organism with mass and occupying space, it is classified as material under the Tangibility axis.",False
/home/pmonserrat/datasets/imagenet/extracted_data/n02107574/ILSVRC2012_val_00000531.JPEG,greater swiss mountain dog,True,True,True,yes,biotic,material,"The target entity is a greater Swiss mountain dog. The visual evidence shows a real-world, physical dog, which is a domesticated non-human vertebrate. Domesticated non-human organisms fall under Fauna & Animal Derivatives within the Biotic category of the inclusion scope for nature. The dog is a living entity and thus fulfills the criteria for nature classification. Since nature is 'yes', I evaluate the sub-axes. The greater Swiss mountain dog is a non-human living organism, placing it under Fauna & Animal Derivatives within the biotic category. Because this is a real-world, physical organism with mass and occupying space, it is classified as material under the Tangibility axis.",False
/home/pmonserrat/datasets/imagenet/extracted_data/n02107683/ILSVRC2012_val_00002708.JPEG,bernese mountain dog,True,True,True,yes,biotic,material,"The target entity is a Bernese Mountain dog. The visual evidence shows a real-world, physical dog, which is a domesticated non-human vertebrate. According to the inclusion criteria, domesticated non-human organisms fall under Fauna & Animal Derivatives in the Biotic category of the Life Category Axis. The dog is a living entity and thus fulfills the criteria for nature under the provided taxonomy. Since nature is 'yes', I evaluate the sub-axes. The Bernese Mountain dog is a non-human living organism, placing it under Fauna & Animal Derivatives within the biotic category. The dog is a real-world, physical entity with mass and occupying space, making it classified as material under the Tangibility axis.",False
/home/pmonserrat/datasets/imagenet/extracted_data/n02107908/ILSVRC2012_val_00000594.JPEG,appenzeller,True,True,True,yes,biotic,material,"The target entity 'Appenzeller' refers to a breed of dog, specifically the Appenzeller Sennenhund. The visual evidence in the image shows a real-world dog, which is a domesticated non-human vertebrate. Domesticated non-human animals fall under Fauna & Animal Derivatives in the Biotic category of the inclusion scope for nature. The dog in the image is a physical, living entity present in the real world, fulfilling the criteria for nature as a more-than-human living entity. Since nature is 'yes', I evaluate the sub-axes. The dog is a non-human vertebrate, placing it under Fauna & Animal Derivatives within the biotic category. The dog is a real-world, physical organism, so it is classified as material under the Tangibility axis.",False
/home/pmonserrat/datasets/imagenet/extracted_data/n02108000/ILSVRC2012_val_00001005.JPEG,entlebucher,True,True,True,yes,biotic,material,"The target entity is an Entlebucher dog, a breed of domesticated dog. The visual evidence shows a real-world physical dog, which is a non-human vertebrate. Domesticated non-human animals fall under Fauna & Animal Derivatives within the Biotic category of the More-Than-Human Living Entities inclusion scope, fulfilling the criteria for nature. The image is a standard, literal, realistic photograph capturing a real-world physical organism. Since nature is 'yes', I evaluate the sub-axes. The Entlebucher dog is a non-human vertebrate, placing it under Fauna & Animal Derivatives within the biotic category. Because the image is an unfiltered documentary photograph capturing a real-world physical organism, it is classified as material under the Tangibility axis.",False
/home/pmonserrat/datasets/imagenet/extracted_data/n02108089/ILSVRC2012_val_00000635.JPEG,boxer,True,True,True,yes,biotic,material,"The target entity is a boxer dog. The visual evidence shows a real-world domesticated non-human vertebrate in its physical form, occupying space and possessing mass. Domesticated non-human animals fall under Fauna & Animal Derivatives within the Biotic category of the inclusion scope for nature, fulfilling the criteria for nature as a more-than-human living entity. Since nature is 'yes', I evaluate the sub-axes. The boxer is a non-human vertebrate (fauna), placing it under the biotic category. The dog is a physical, real-world organism, making it classified as material under the Tangibility axis.",False
/home/pmonserrat/datasets/imagenet/extracted_data/n02108422/ILSVRC2012_val_00000975.JPEG,bull mastiff,True,True,True,yes,biotic,material,"The target entity is a bull mastiff. The visual evidence shows a real-world, physical dog, which is a domesticated non-human vertebrate. Domesticated non-human organisms fall under Fauna & Animal Derivatives within the Biotic category of the inclusion criteria for nature. The bull mastiff is a living entity and thus qualifies as nature under the provided taxonomy. Since nature is 'yes', I evaluate the sub-axes. The bull mastiff is a non-human vertebrate, placing it under Fauna & Animal Derivatives within the biotic category. Because this is a real-world, physical organism captured in an unfiltered documentary photograph, it is classified as material under the Tangibility axis.",False
/home/pmonserrat/datasets/imagenet/extracted_data/n02108551/ILSVRC2012_val_00004506.JPEG,tibetan mastiff,True,True,True,yes,biotic,material,"The target entity is a Tibetan Mastiff, a breed of dog. The visual evidence shows a real, physical dog in its natural form. According to the inclusion criteria, wild, domesticated, or bred non-human organisms (fauna) are explicitly classified under the More-Than-Human Living Entities category. Although the Tibetan Mastiff is a domesticated animal, it is still a non-human living entity and thus falls under the inclusion scope of nature. Since nature is 'yes', I evaluate the sub-axes. The Tibetan Mastiff is a non-human vertebrate (fauna), placing it under the biotic category. Because this is a real-world physical organism with mass and occupying space, it is classified as material under the Tangibility axis.",False
/home/pmonserrat/datasets/imagenet/extracted_data/n02108915/ILSVRC2012_val_00001313.JPEG,french bulldog,True,True,True,yes,biotic,material,"The target entity is a French bulldog. The visual evidence shows a real, physical dog, which is a domesticated non-human vertebrate. According to the inclusion criteria, domesticated non-human organisms fall under Fauna & Animal Derivatives in the Biotic category of the Life Category Axis. This entity is a living organism and thus fulfills the criteria for nature under the provided taxonomy. Since nature is 'yes', I evaluate the sub-axes. The French bulldog is a living non-human organism, placing it under Fauna within the biotic category. The dog in the image is a real-world, physical entity with mass and occupying space, making it classified as material under the Tangibility axis.",False
/home/pmonserrat/datasets/imagenet/extracted_data/n02109047/ILSVRC2012_val_00001408.JPEG,great dane,True,True,True,yes,biotic,material,"The target entity is a Great Dane, a breed of dog. The visual evidence shows a real, physical dog in a relaxed state. According to the inclusion criteria, wild, domesticated, or bred non-human organisms (fauna) are explicitly classified under the More-Than-Human Living Entities category. Since the Great Dane is a domesticated non-human organism, it fulfills the criteria for nature. Since nature is 'yes', I evaluate the sub-axes. The Great Dane is a non-human vertebrate (fauna), placing it under the biotic category. The dog is a real-world physical organism with mass and occupying space, making it a material entity under the Tangibility axis.",False
/home/pmonserrat/datasets/imagenet/extracted_data/n02109525/ILSVRC2012_val_00001937.JPEG,saint bernard,True,True,True,yes,biotic,material,"The target entity is a Saint Bernard dog. The visual evidence shows a real, physical dog in a snowy environment. Saint Bernard is a domesticated breed of dog, which falls under Fauna & Animal Derivatives within the Biotic category of more-than-human living organisms. The inclusion criteria for nature are met as it is a domesticated non-human living entity. Since nature is 'yes', I evaluate the sub-axes. The Saint Bernard is a non-human vertebrate (fauna), placing it under the biotic category. The dog is a real-world, physical organism occupying space and having mass, captured in an unfiltered documentary photograph, thus it is classified as material under the Tangibility axis.",False
/home/pmonserrat/datasets/imagenet/extracted_data/n02109961/ILSVRC2012_val_00000178.JPEG,eskimo dog,True,True,True,yes,biotic,material,"The target entity is an Eskimo dog (also known as the Siberian Husky). The visual evidence shows a real-world, physical dog, which is a domesticated non-human vertebrate. Domesticated non-human organisms fall under Fauna & Animal Derivatives within the Biotic category of the inclusion criteria for nature. The dog is a living entity and thus qualifies as nature under the provided taxonomy. Since nature is 'yes', I evaluate the sub-axes. The Eskimo dog is a non-human vertebrate, placing it under Fauna & Animal Derivatives within the biotic category. The dog is a real-world, physical organism with mass and occupying space, making it classified as material under the Tangibility axis.",False
/home/pmonserrat/datasets/imagenet/extracted_data/n02110063/ILSVRC2012_val_00000729.JPEG,malamute,True,True,True,yes,biotic,material,"The target entity is a malamute, specifically depicted in the image as a real-world physical dog. According to the inclusion criteria, wild, domesticated, or bred non-human organisms (fauna) are explicitly classified under the More-Than-Human Living Entities category. The visual evidence shows a real, physical dog, which is a non-human vertebrate and thus falls under Fauna & Animal Derivatives in the Biotic category of nature. Since nature is 'yes', I evaluate the sub-axes. The malamute is a non-human living organism, placing it under Fauna within the biotic category. The image is an unfiltered documentary photograph capturing a real-world physical organism, making it a material representation under the Tangibility axis.",False
/home/pmonserrat/datasets/imagenet/extracted_data/n02110185/ILSVRC2012_val_00000269.JPEG,siberian husky,True,True,True,yes,biotic,material,"The target entity is a Siberian husky. The visual evidence shows a real-world, physical dog in an outdoor setting. Siberian huskies are domesticated non-human mammals, which fall under Fauna & Animal Derivatives in the inclusion criteria for more-than-human living entities. This entity is a living organism and thus fulfills the criteria for nature. Since nature is 'yes', I evaluate the sub-axes. The Siberian husky is a non-human vertebrate (fauna), placing it under the biotic category. The entity is a real, physical organism present in the real world, making it classified as material under the Tangibility axis.",False
/home/pmonserrat/datasets/imagenet/extracted_data/n02110341/ILSVRC2012_val_00001702.JPEG,dalmatian,True,True,True,yes,biotic,material,"The target entity is a Dalmatian dog in the image. The visual evidence shows a real, physical dog, which is a domesticated non-human vertebrate. According to the inclusion criteria, domesticated non-human organisms (fauna) are explicitly classified under the More-Than-Human Living Entities category, fulfilling the criteria for nature. The dog is not a representation, artistic depiction, or fictional entity; it is a real-world organism. Since nature is 'yes', I evaluate the sub-axes. The Dalmatian is a non-human vertebrate (fauna), placing it under the biotic category. Because this is a real-world, physical organism with mass and occupying space, it is classified as material under the Tangibility axis.",False
/home/pmonserrat/datasets/imagenet/extracted_data/n02110627/ILSVRC2012_val_00002267.JPEG,affenpinscher,True,True,True,yes,biotic,material,"The target entity is an affenpinscher puppy. The affenpinscher is a breed of dog, which is a domesticated non-human vertebrate. The visual evidence shows a real, physical dog puppy, which falls under Fauna & Animal Derivatives within the inclusion criteria for more-than-human living entities. Although it is domesticated, it is still a living organism and thus counts as nature under the provided definition. Since nature is 'yes', I evaluate the sub-axes. The affenpinscher puppy is a non-human vertebrate (fauna), placing it under the biotic category. The puppy is a real-world physical organism with mass and occupies space, making it classified as material under the Tangibility axis.",False
/home/pmonserrat/datasets/imagenet/extracted_data/n02110806/ILSVRC2012_val_00001344.JPEG,basenji,True,True,True,yes,biotic,material,"The target entity is a basenji, a breed of dog. The visual evidence shows a real-world, physical dog in its natural state, not a stylized, fictional, or symbolic representation. Basenjis are domesticated non-human vertebrates, falling under Fauna & Animal Derivatives within the inclusion criteria for more-than-human living entities. This entity is not a human being, nor is it a manufactured object or a representation, thus fulfilling the inclusion criteria for nature. Since nature is 'yes', I evaluate the sub-axes. The basenji is a non-human vertebrate, placing it under Fauna & Animal Derivatives within the biotic category. The basenji is a real-world, physical organism with mass and occupying space, making it classified as material under the Tangibility axis.",False
/home/pmonserrat/datasets/imagenet/extracted_data/n02110958/ILSVRC2012_val_00000220.JPEG,pug,True,True,True,yes,biotic,material,"The target entity is a pug, a domesticated dog breed. The visual evidence shows a real-world physical pug, a non-human living organism. Domesticated non-human vertebrates fall under Fauna & Animal Derivatives within the Biotic category of the inclusion criteria for nature. The pug is a living entity and thus fulfills the criteria for nature classification. Since nature is 'yes', I evaluate the sub-axes. The pug is a non-human vertebrate, placing it under Fauna within the biotic category. Because this is a real-world physical organism with mass and occupying space, it is classified as material under the Tangibility axis.",False
/home/pmonserrat/datasets/imagenet/extracted_data/n02111129/ILSVRC2012_val_00001203.JPEG,leonberg,True,True,True,yes,biotic,material,"The target entity is a Leonberg, a breed of dog. The visual evidence shows a real-world, physical dog in an outdoor setting. According to the inclusion criteria, Fauna (non-human vertebrates) are explicitly classified under More-Than-Human Living Entities, fulfilling the criteria for nature. The Leonberg, as a domesticated non-human animal, falls under this category. Since nature is 'yes', I evaluate the sub-axes. The Leonberg is a non-human vertebrate, placing it under Fauna & Animal Derivatives within the biotic category. Because the image captures a real-world, physical dog with mass and occupying space, it is classified as material under the Tangibility axis.",False
/home/pmonserrat/datasets/imagenet/extracted_data/n02111277/ILSVRC2012_val_00000045.JPEG,newfoundland,True,True,True,yes,biotic,material,"The target entity is a Newfoundland dog. The visual evidence shows a real-world, physical dog in a snowy environment. Newfoundland dogs are domesticated non-human vertebrates (fauna), which fall under the inclusion criteria for More-Than-Human Living Entities (Fauna) in the Nature taxonomy. The image captures a real, tangible organism in its physical environment, fulfilling the criteria for a Material entity under the Tangibility axis. Since nature is 'yes', I evaluate the sub-axes. The Newfoundland dog is a domesticated non-human vertebrate, placing it under Fauna & Animal Derivatives within the biotic category. Because the image is a literal, unfiltered documentary photograph of a real-world physical organism, it is classified as material under the Tangibility axis.",False
/home/pmonserrat/datasets/imagenet/extracted_data/n02111500/ILSVRC2012_val_00000174.JPEG,great pyrenees,True,True,True,yes,biotic,material,"The target entity is a Great Pyrenees dog. The visual evidence shows a real-world, physical dog, which is a domesticated non-human vertebrate. According to the inclusion criteria, domesticated non-human organisms fall under Fauna & Animal Derivatives in the Biotic category of the Life Category Axis. The dog is a living entity and thus fulfills the criteria for nature under the provided taxonomy. Since nature is 'yes', I evaluate the sub-axes. The Great Pyrenees is a non-human living organism (fauna), placing it under the biotic category. The dog is a real-world, physical entity with mass and occupying space, making it a material instance under the Tangibility axis.",False
/home/pmonserrat/datasets/imagenet/extracted_data/n02111889/ILSVRC2012_val_00000590.JPEG,samoyed,True,True,True,yes,biotic,material,"The target entity is a samoyed, a breed of dog. The visual evidence shows a real-world physical dog in a snowy environment. According to the inclusion criteria, domesticated non-human animals fall under Fauna & Animal Derivatives within the Biotic category of more-than-human living entities. The samoyed is a living organism, fulfilling the criteria for nature as a more-than-human living entity. Since nature is 'yes', I evaluate the sub-axes. The samoyed is a domesticated non-human vertebrate, placing it under Fauna & Animal Derivatives within the biotic category. Because this is a real-world, physical organism present in the environment, it is classified as material under the Tangibility axis.",False
/home/pmonserrat/datasets/imagenet/extracted_data/n02112018/ILSVRC2012_val_00000057.JPEG,pomeranian,True,True,True,yes,biotic,material,"The target entity is a Pomeranian dog in the image. Pomeranians are domesticated mammals, a subset of the broader category of fauna. The visual evidence shows real, physical dogs, which are non-human living organisms. According to the inclusion criteria, domesticated non-human organisms fall under Fauna & Animal Derivatives in the Biotic category of the Life Category Axis. The dogs are physically present and occupy space in the real world, fulfilling the criteria for Material nature under the Tangibility Axis. Since nature is 'yes', I evaluate the sub-axes. The Pomeranians are non-human vertebrates (fauna), placing them under the biotic category. As these are real-world, physical organisms captured in a standard, literal photograph, they are classified as material under the Tangibility axis.",False
/home/pmonserrat/datasets/imagenet/extracted_data/n02112137/ILSVRC2012_val_00000355.JPEG,chow,True,True,True,yes,biotic,material,"The target entity is a chow (Chow Chow dog). The visual evidence shows a real-world, physical dog, which is a domesticated non-human vertebrate. Domesticated non-human animals fall under Fauna & Animal Derivatives within the Biotic category of the inclusion scope for nature. The dog is a living entity and thus fulfills the criteria for nature classification. Since nature is 'yes', I evaluate the sub-axes. The chow is a non-human vertebrate (fauna), placing it under the biotic category. Because this is a real-world, physical organism present in the environment, it is classified as material under the Tangibility axis.",False
/home/pmonserrat/datasets/imagenet/extracted_data/n02112350/ILSVRC2012_val_00000658.JPEG,keeshond,True,True,True,yes,biotic,material,"The target entity is a keeshond, a breed of dog. The visual evidence shows a real-world physical dog, which is a domesticated non-human vertebrate. Domesticated non-human animals fall under Fauna & Animal Derivatives within the Biotic category of the inclusion criteria for nature. The keeshond is a living organism, fulfilling the criteria for nature as a more-than-human living entity. Since nature is 'yes', I evaluate the sub-axes. The keeshond is a non-human vertebrate, placing it under Fauna & Animal Derivatives within the biotic category. Because this is a real-world physical organism with mass and occupying space, it is classified as material under the Tangibility axis.",False
/home/pmonserrat/datasets/imagenet/extracted_data/n02112706/ILSVRC2012_val_00001568.JPEG,brabancon griffon,True,True,True,yes,biotic,material,"The target entity is a Brabançon Griffon, a specific breed of dog. The visual evidence shows a real-world, physical dog, which is a domesticated non-human vertebrate. According to the inclusion criteria, domesticated non-human organisms (fauna) are explicitly classified under the More-Than-Human Living Entities category. Therefore, this instance fulfills the criteria for nature. Since nature is 'yes', I evaluate the sub-axes. The Brabançon Griffon is a non-human vertebrate, placing it under Fauna & Animal Derivatives within the biotic category. Because this is a real-world, physical organism with mass and occupying space, it is classified as material under the Tangibility axis.",False
/home/pmonserrat/datasets/imagenet/extracted_data/n02113023/ILSVRC2012_val_00001096.JPEG,pembroke,True,True,True,yes,biotic,material,"The target entity 'pembroke' in the image refers to a Pembroke Welsh Corgi dog. The visual evidence shows a real, physical dog, which is a non-human living organism. However, the dog is surrounded by stuffed toys and is not itself a representation or a fictional depiction. The Pembroke Welsh Corgi is a domesticated animal, which falls under Fauna & Animal Derivatives in the Biotic category of the Nature taxonomy. The inclusion criteria for Fauna explicitly cover domesticated non-human animals, fulfilling the criteria for nature. Since nature is 'yes', I evaluate the sub-axes. The Pembroke Welsh Corgi is a non-human living organism, placing it under Fauna within the biotic category. The dog is a real-world physical entity with mass and occupying space, captured in a standard, literal photograph, which classifies it as material under the Tangibility axis.",False
/home/pmonserrat/datasets/imagenet/extracted_data/n02113186/ILSVRC2012_val_00000997.JPEG,cardigan,True,True,True,no,none,none,"The target entity in question is the 'cardigan' collar on the dog in the image. The visual evidence shows a collar made of synthetic material (likely plastic or nylon) with a blue and white design. This is a manufactured accessory worn by the dog, not a natural entity or a representation of a natural entity. It does not fall under any of the inclusion criteria for nature, such as more-than-human living entities, natural elements, ecosystems, or representations of nature. Instead, it is a human-made object designed for functional use on a domesticated animal. Not applicable since the entity is not classified as nature.",False
/home/pmonserrat/datasets/imagenet/extracted_data/n02113624/ILSVRC2012_val_00000147.JPEG,toy poodle,True,True,True,yes,biotic,material,"The target entity is a toy poodle. The visual evidence shows a real, physical dog that is a domesticated non-human organism. Domesticated non-human animals fall under Fauna & Animal Derivatives within the Biotic category of the inclusion criteria for nature. The entity is a living organism and thus qualifies as nature under the provided definitions. Since nature is 'yes', I evaluate the sub-axes. The toy poodle is a non-human vertebrate (fauna), placing it under the biotic category. Because this is a real, physical dog present in the real world, it is classified as material under the Tangibility axis.",False
/home/pmonserrat/datasets/imagenet/extracted_data/n02113712/ILSVRC2012_val_00000867.JPEG,miniature poodle,True,True,True,yes,biotic,material,"The target entity is a miniature poodle. The visual evidence shows a real, physical dog, which is a non-human vertebrate (fauna). According to the inclusion criteria, wild, domesticated, or bred non-human organisms fall under the category of Fauna, fulfilling the criteria for nature. The miniature poodle is a domesticated animal and thus counts as a more-than-human living entity. Since nature is 'yes', I evaluate the sub-axes. The miniature poodle is a non-human living organism, placing it under Fauna within the biotic category. Because this is a real-world physical organism with mass and occupying space, it is classified as material under the Tangibility axis.",False
/home/pmonserrat/datasets/imagenet/extracted_data/n02113799/ILSVRC2012_val_00000399.JPEG,standard poodle,True,True,True,yes,biotic,material,"The target entity is a standard poodle. The visual evidence shows a real-world, physical dog, which is a domesticated non-human vertebrate. According to the inclusion criteria, domesticated non-human organisms fall under Fauna & Animal Derivatives within the Biotic category of more-than-human living entities. This fulfills the criteria for nature as it is a living entity that is not human. Since nature is 'yes', I evaluate the sub-axes. The standard poodle is a non-human vertebrate, placing it under Fauna within the biotic category. Because this is a real-world, physical organism captured in an unfiltered documentary photograph, it is classified as material under the Tangibility axis.",False
/home/pmonserrat/datasets/imagenet/extracted_data/n02113978/ILSVRC2012_val_00000719.JPEG,mexican hairless,True,True,True,yes,biotic,material,"The target entity is a Mexican Hairless dog, a breed of domesticated dog known for its lack of fur. The visual evidence shows real, living animals that are non-human vertebrates. According to the inclusion criteria, domesticated non-human organisms fall under Fauna & Animal Derivatives in the Biotic category of the Life Category Axis. These animals are physical, living entities that occupy space and can be directly perceived in the real world, fulfilling the criteria for Nature-Based Artefacts under the inclusion scope of more-than-human living entities. Since nature is 'yes', I evaluate the sub-axes. The Mexican Hairless dogs are non-human vertebrates, placing them under Fauna & Animal Derivatives within the biotic category. Because these are real, living organisms present in the physical environment, they are classified as material under the Tangibility axis.",False
/home/pmonserrat/datasets/imagenet/extracted_data/n02114367/ILSVRC2012_val_00000530.JPEG,timber wolf,True,True,True,yes,biotic,material,"The target entity is a timber wolf in the image. The visual evidence shows a real-world, physical timber wolf (Canis lupus) in its natural environment. Timber wolves are non-human vertebrates classified under Fauna, which falls under the inclusion criteria for More-Than-Human Living Entities. The entity is a living organism, fulfilling the definition of biotic nature. Since nature is 'yes', I evaluate the sub-axes. The timber wolf is a non-human vertebrate, placing it under Fauna within the biotic category. The timber wolf in the image is a real, physical organism occupying space and having mass, making it a material entity under the Tangibility axis.",False
/home/pmonserrat/datasets/imagenet/extracted_data/n02114548/ILSVRC2012_val_00000027.JPEG,white wolf,True,True,True,yes,biotic,material,"The target entity is a white wolf. The visual evidence shows real, physical white wolves in a natural setting. These are non-human vertebrates (fauna) that fall under the inclusion criteria for More-Than-Human Living Entities, specifically Fauna & Animal Derivatives within the Biotic category. The image is a standard, literal, realistic photograph capturing real-world physical organisms, fulfilling the criteria for Material nature. Since nature is 'yes', I evaluate the sub-axes. The white wolves are non-human vertebrates, placing them under Fauna & Animal Derivatives within the biotic category. Because the image is an unfiltered documentary photograph capturing real-world physical organisms, it is classified as material under the Tangibility axis.",False
/home/pmonserrat/datasets/imagenet/extracted_data/n02114712/ILSVRC2012_val_00003172.JPEG,red wolf,True,True,True,yes,biotic,material,"The target entity is a red wolf. The visual evidence shows a real, physical animal in its natural environment. Red wolves are non-human vertebrates classified under Fauna, which falls under the inclusion criteria for More-Than-Human Living Entities. The image depicts a living organism in its natural habitat, fulfilling the criteria for nature. Since nature is 'yes', I evaluate the sub-axes. The red wolf is a non-human vertebrate, placing it under Fauna within the biotic category. The image is an unfiltered documentary depiction of a real-world physical organism, thus it is classified as material under the Tangibility axis.",False
/home/pmonserrat/datasets/imagenet/extracted_data/n02114855/ILSVRC2012_val_00000156.JPEG,coyote,True,True,True,yes,biotic,material,"The target entity is a coyote. The visual evidence in the image shows a real-world, physical non-human mammal (fauna) captured in its natural environment. Coyotes are explicitly included under Fauna & Animal Derivatives in the inclusion scope of the taxonomy, fulfilling the criteria for nature as a more-than-human living entity. Since nature is 'yes', I evaluate the sub-axes. The coyote is a non-human vertebrate, placing it under Fauna within the biotic category. The image is an unfiltered documentary photograph capturing a real-world physical organism, thus it is classified as material under the Tangibility axis.",False
/home/pmonserrat/datasets/imagenet/extracted_data/n02115641/ILSVRC2012_val_00000604.JPEG,dingo,True,True,True,yes,biotic,material,"The target entity is a dingo. The visual evidence shows a real-world, physical non-human animal in its natural environment. Dingoes are wild canids, which fall under Fauna in the inclusion criteria for more-than-human living entities. This fulfills the criteria for nature as a biotic entity. Since nature is 'yes', I evaluate the sub-axes. The dingo is a non-human vertebrate (fauna), placing it under the biotic category. The image is an unfiltered documentary photograph capturing a real-world physical organism, making it classified as material under the Tangibility axis.",False
/home/pmonserrat/datasets/imagenet/extracted_data/n02115913/ILSVRC2012_val_00001148.JPEG,dhole,True,True,True,yes,biotic,material,"The target entity is a dhole, which is a wild canine species. The visual evidence in the image shows an animal that is not human, fitting the definition of Fauna under the More-Than-Human Living Entities inclusion scope. Dholes are non-human vertebrates, explicitly included in the biotic category of nature. The image appears to be a standard, literal photograph of a real-world dhole, fulfilling the criteria for a Material entity under the Tangibility axis as it is a real, physical organism. Since nature is 'yes', I evaluate the sub-axes. The dhole is a non-human vertebrate, placing it under Fauna & Animal Derivatives within the biotic category. The image is a documentary photograph capturing a real-world physical organism, classifying it as material under the Tangibility axis.",False
/home/pmonserrat/datasets/imagenet/extracted_data/n02116738/ILSVRC2012_val_00000078.JPEG,african hunting dog,True,True,True,yes,biotic,material,"The target entity is an African hunting dog. The visual evidence shows a real-world, physical non-human vertebrate (fauna) in its natural habitat. African hunting dogs are wild, non-human animals, which fall under the inclusion criteria for Fauna & Animal Derivatives in the Biotic category of the Nature taxonomy. The image captures a real, physical organism, fulfilling the criteria for Material nature under the Tangibility axis. Since nature is 'yes', I evaluate the sub-axes. The African hunting dog is a non-human vertebrate, placing it under Fauna & Animal Derivatives within the biotic category. The entity is a real-world, physical organism, making it classified as material under the Tangibility axis.",False
/home/pmonserrat/datasets/imagenet/extracted_data/n02117135/ILSVRC2012_val_00000133.JPEG,hyena,True,True,True,yes,biotic,material,"The target entity is a hyena. The visual evidence shows a real-world, physical non-human vertebrate (fauna) captured in its natural environment. Wild non-human organisms explicitly fall under the inclusion criteria for Flora, Fauna, and Fungi within the More-Than-Human Living Entities category of nature. Since nature is 'yes', I evaluate the sub-axes. The hyena is a non-human vertebrate, placing it under Fauna & Animal Derivatives within the biotic category. The image is an unfiltered documentary photograph capturing a real-world physical organism, thus it is classified as material under the Tangibility axis.",False
/home/pmonserrat/datasets/imagenet/extracted_data/n02119022/ILSVRC2012_val_00000157.JPEG,red fox,True,True,True,yes,biotic,material,"The target entity is a red fox. The visual evidence shows a real-world, physical red fox in a snowy environment. The fox is a non-human vertebrate (fauna), explicitly included under the More-Than-Human Living Entities category in the inclusion scope of the taxonomy. This fulfills the criteria for nature as it is a living organism in its natural habitat. Since nature is 'yes', I evaluate the sub-axes. The red fox is a non-human living organism, placing it under Fauna & Animal Derivatives within the biotic category. Because the fox is a real-world, physical organism with mass and occupying space, it is classified as material under the Tangibility axis.",False
/home/pmonserrat/datasets/imagenet/extracted_data/n02119789/ILSVRC2012_val_00000756.JPEG,kit fox,True,True,True,yes,biotic,material,"The target entity in the image is a kit fox (likely a red fox cub, given the visual context). The visual evidence shows real, physical non-human animals in a natural setting. Non-human living organisms, such as fauna, explicitly fall under the inclusion criteria for More-Than-Human Living Entities (Fauna) in the Nature Definition. The image captures a real-world physical organism, fulfilling the criteria for a Material entity under the Tangibility axis. Since nature is 'yes', I evaluate the sub-axes. The kit fox is a non-human vertebrate (fauna), placing it under the Flora & Fauna & Animal Derivatives category within the biotic life category. Because the image is an unfiltered documentary photograph capturing real-world physical organisms, it is classified as material under the Tangibility axis.",False
/home/pmonserrat/datasets/imagenet/extracted_data/n02120079/ILSVRC2012_val_00001335.JPEG,arctic fox,True,True,True,yes,biotic,material,"The target entity is an arctic fox. The visual evidence shows a real-world, physical arctic fox in its natural environment. The arctic fox is a non-human vertebrate (fauna), which falls under the inclusion criteria for More-Than-Human Living Entities (Flora, Fauna, Fungi). The image is a standard, literal, realistic photograph capturing a real-world organism, fulfilling the criteria for Material nature under the Tangibility axis. Since nature is 'yes', I evaluate the sub-axes. The arctic fox is a non-human vertebrate, placing it under Fauna & Animal Derivatives within the biotic category. Because the image is an unfiltered documentary photograph capturing a real-world physical organism, it is classified as material under the Tangibility axis.",False
/home/pmonserrat/datasets/imagenet/extracted_data/n02120505/ILSVRC2012_val_00000323.JPEG,grey fox,True,True,True,yes,biotic,material,"The target entity is a grey fox. The visual evidence shows a real-world, physical fox within a natural environment, behind a fence. The fox is a non-human vertebrate (fauna), which falls under the inclusion criteria for More-Than-Human Living Entities (Flora, Fauna, Fungi). The fox is a living organism, fulfilling the criteria for Biotic entities under the Life Category Axis. Since nature is 'yes', I evaluate the sub-axes. The grey fox is a non-human living organism, placing it under Fauna within the biotic category. The fox is a real-world, physical entity occupying space and having mass, captured in an unfiltered documentary photograph, thus it is classified as material under the Tangibility axis.",False
/home/pmonserrat/datasets/imagenet/extracted_data/n02123045/ILSVRC2012_val_00001341.JPEG,tabby,True,True,True,yes,biotic,material,"The target entity is a tabby cat. The visual evidence shows a real, physical, non-human living organism, specifically a domesticated feline. Domesticated non-human animals fall under Fauna & Animal Derivatives within the Biotic category of the inclusion scope for nature. The cat is a living entity and thus fulfills the criteria for nature classification. Since nature is 'yes', I evaluate the sub-axes. The tabby cat is a non-human vertebrate, placing it under Fauna within the biotic category. The cat is a real-world physical organism with mass and occupies space, making it classified as material under the Tangibility axis.",False
/home/pmonserrat/datasets/imagenet/extracted_data/n02123159/ILSVRC2012_val_00000796.JPEG,tiger cat,True,True,True,yes,biotic,material,"The target entity is a 'tiger cat,' which refers to a domestic cat with a striped coat pattern resembling that of a tiger. The visual evidence shows a real, physical domestic cat with distinct striped fur. Domestic cats are domesticated non-human vertebrates (fauna), fulfilling the inclusion criteria for Flora & Fauna under the Biotic category in the More-Than-Human Living Entities scope. Since nature is 'yes', I evaluate the sub-axes. The tiger cat is a living organism (fauna), placing it under the biotic category. The entity is a real-world physical organism with mass and occupying space, making it a material instance under the Tangibility axis.",False
/home/pmonserrat/datasets/imagenet/extracted_data/n02123394/ILSVRC2012_val_00000130.JPEG,persian cat,True,True,True,yes,biotic,material,"The target entity is a Persian cat. The visual evidence shows a real-world, living non-human organism, specifically a domesticated feline. According to the inclusion criteria, domesticated non-human organisms fall under Fauna & Animal Derivatives within the Biotic category of more-than-human living entities. This fulfills the criteria for nature. Since nature is 'yes', I evaluate the sub-axes. The Persian cat is a non-human vertebrate (fauna), placing it under the biotic category. The image is a standard, literal, realistic photograph capturing a real-world physical organism, thus it is classified as material under the Tangibility axis.",False
/home/pmonserrat/datasets/imagenet/extracted_data/n02123597/ILSVRC2012_val_00000211.JPEG,siamese cat,True,True,True,yes,biotic,material,"The target entity is a Siamese cat. The visual evidence shows a real-world, physical feline with distinct biological features such as fur, eyes, and body structure. Siamese cats are a domesticated breed of non-human vertebrates (fauna), which falls under the inclusion criteria for Flora, Fauna, and Fungi in the More-Than-Human Living Entities category. This entity is not a representation, processed food, or artefact, but a living organism itself. Since nature is 'yes', I evaluate the sub-axes. The Siamese cat is a non-human vertebrate, placing it under Fauna & Animal Derivatives within the biotic category. Because it is a real-world, physical living organism with mass and occupying space, it is classified as material under the Tangibility axis.",False
/home/pmonserrat/datasets/imagenet/extracted_data/n02124075/ILSVRC2012_val_00000709.JPEG,egyptian cat,True,True,True,yes,biotic,material,"The target entity is an Egyptian cat in the image. The visual evidence shows a real, physical domestic cat, which is a domesticated non-human organism. Domesticated non-human organisms fall under Fauna & Animal Derivatives within the Biotic category of the More-Than-Human Living Entities inclusion scope, fulfilling the criteria for nature. The cat is a living entity and thus counts as nature under the provided definitions. Since nature is 'yes', I evaluate the sub-axes. The Egyptian cat is a non-human vertebrate (fauna), placing it under the biotic category. The cat is a real-world physical organism with mass and occupying space, making it a material entity under the Tangibility axis.",False
/home/pmonserrat/datasets/imagenet/extracted_data/n02125311/ILSVRC2012_val_00000012.JPEG,cougar,True,True,True,yes,biotic,material,"The target entity is a cougar. The visual evidence shows a real-world, physical cougar, which is a non-human vertebrate (fauna). According to the inclusion criteria, wild non-human organisms fall under the category of Fauna, fulfilling the criteria for nature. Since nature is 'yes', I evaluate the sub-axes. The cougar is a non-human living organism, placing it under Fauna within the biotic category. The cougar in the image is a real, physical entity occupying space and having mass, thus it is classified as material under the Tangibility axis.",False
/home/pmonserrat/datasets/imagenet/extracted_data/n02127052/ILSVRC2012_val_00000898.JPEG,lynx,True,True,True,yes,biotic,material,"The target entity is a lynx. The visual evidence shows a real-world, physical lynx, a non-human mammal, captured in a standard, literal, realistic photograph. The lynx is a wild animal, fitting under the inclusion criteria for Fauna & Animal Derivatives within the More-Than-Human Living Entities category. Since nature is 'yes', I evaluate the sub-axes. The lynx is a non-human vertebrate (fauna), placing it under the biotic category. The image is an unfiltered documentary photograph capturing a real-world physical organism, thus it is classified as material under the Tangibility axis.",False
/home/pmonserrat/datasets/imagenet/extracted_data/n02128385/ILSVRC2012_val_00000600.JPEG,leopard,True,True,True,yes,biotic,material,"The target entity is a leopard. The visual evidence shows a real-world, physical leopard in its environment, captured through a documentary photograph. The leopard is a non-human vertebrate (fauna) and falls under the inclusion criteria for More-Than-Human Living Entities (Fauna). Since nature is 'yes', I evaluate the sub-axes. The leopard is a non-human living organism, placing it under Fauna within the biotic category. The image is an unfiltered documentary photograph capturing a real-world physical organism, thus it is classified as material under the Tangibility axis.",False
/home/pmonserrat/datasets/imagenet/extracted_data/n02128757/ILSVRC2012_val_00000186.JPEG,snow leopard,True,True,True,yes,biotic,material,"The target entity is a snow leopard. The visual evidence shows a real-world, physical snow leopard, a non-human vertebrate (fauna). As a living organism, it falls under the inclusion criteria for More-Than-Human Living Entities (Fauna) in the Nature taxonomy. Since nature is 'yes', I evaluate the sub-axes. The snow leopard is a non-human living organism, placing it under Fauna within the biotic category. Because this is a real, physical organism present in the physical environment, it is classified as material under the Tangibility axis.",False
/home/pmonserrat/datasets/imagenet/extracted_data/n02128925/ILSVRC2012_val_00000610.JPEG,jaguar,True,True,True,yes,biotic,material,"The target entity is a jaguar. The visual evidence shows a real-world, physical jaguar in its natural habitat. Jaguars are non-human vertebrates (fauna), and the image captures a living organism in its environment, fulfilling the inclusion criteria for More-Than-Human Living Entities under Flora, Fauna, and Fungi. Since nature is 'yes', I evaluate the sub-axes. The jaguar is a non-human vertebrate, placing it under Fauna & Animal Derivatives within the biotic category. The image is an unfiltered documentary photograph capturing a real-world physical organism, thus it is classified as material under the Tangibility axis.",False
/home/pmonserrat/datasets/imagenet/extracted_data/n02129165/ILSVRC2012_val_00001359.JPEG,lion,True,True,True,yes,biotic,material,"The target entity is a lion. The visual evidence shows a real-world, physical lion in its natural habitat. Lions are non-human vertebrates (fauna), explicitly included under the More-Than-Human Living Entities category in the inclusion scope of the taxonomy. This fulfills the criteria for nature as it is a living organism in its natural state. Since nature is 'yes', I evaluate the sub-axes. The lion is a non-human vertebrate, placing it under Fauna & Animal Derivatives within the biotic category. The image is an unfiltered documentary photograph capturing a real-world physical organism, thus it is classified as material under the Tangibility axis.",False
/home/pmonserrat/datasets/imagenet/extracted_data/n02129604/ILSVRC2012_val_00000303.JPEG,tiger,True,True,True,yes,biotic,material,"The target entity is a leopard (often mistakenly referred to as a tiger in common language, but visually identifiable by its distinct rosette pattern). The visual evidence shows a real-world, physical non-human animal, specifically a wild feline. This entity falls under Fauna & Animal Derivatives within the inclusion criteria for More-Than-Human Living Entities, fulfilling the definition of nature. Since nature is 'yes', I evaluate the sub-axes. The leopard is a non-human vertebrate (fauna), placing it under the biotic category. The image is an unfiltered documentary photograph capturing a real-world physical organism, making it a material representation under the Tangibility axis.",False
/home/pmonserrat/datasets/imagenet/extracted_data/n02130308/ILSVRC2012_val_00000348.JPEG,cheetah,True,True,True,yes,biotic,material,"The target entity is a cheetah. The visual evidence shows a real-world, physical cheetah in its natural habitat, captured in a documentary-like setting. The cheetah is a non-human vertebrate (fauna) and falls under the inclusion criteria for More-Than-Human Living Entities (Fauna). Since nature is 'yes', I evaluate the sub-axes. The cheetah is a non-human living organism, placing it under Fauna within the biotic category. Because the cheetah is a real, physical organism occupying space and visible in the real world, it is classified as material under the Tangibility axis.",False
/home/pmonserrat/datasets/imagenet/extracted_data/n02132136/ILSVRC2012_val_00000871.JPEG,brown bear,True,True,True,yes,biotic,material,"The target entity is a brown bear. The visual evidence shows a real-world, physical brown bear interacting with its environment in a natural setting. Brown bears are non-human vertebrates (fauna) and fall under the inclusion criteria for More-Than-Human Living Entities, specifically Fauna & Animal Derivatives, within the Biotic category of the Life Category Axis. The image captures a real, living organism in its natural habitat, fulfilling the criteria for nature. Since nature is 'yes', I evaluate the sub-axes. The brown bear is a living organism, placing it under Fauna & Animal Derivatives within the biotic category. The image is an unfiltered documentary depiction of a real-world physical organism, thus it is classified as material under the Tangibility axis.",False
/home/pmonserrat/datasets/imagenet/extracted_data/n02133161/ILSVRC2012_val_00000592.JPEG,american black bear,True,True,True,yes,biotic,material,"The target entity is an American black bear. The visual evidence shows a real-world, physical black bear in its natural environment. The American black bear is a non-human vertebrate (fauna), which falls under the inclusion criteria for More-Than-Human Living Entities (Fauna) in the Nature Definition. This entity is not a human being, a manufactured object, or a representation, but a living organism in its natural habitat. Since nature is 'yes', I evaluate the sub-axes. The American black bear is a non-human living organism, placing it under Fauna & Animal Derivatives within the biotic category. The image is an unfiltered documentary photograph capturing a real-world physical organism, thus it is classified as material under the Tangibility axis.",False
/home/pmonserrat/datasets/imagenet/extracted_data/n02134084/ILSVRC2012_val_00001498.JPEG,ice bear,True,True,True,yes,biotic,material,"The target entity is an 'ice bear,' which refers to a polar bear in its natural habitat. The visual evidence shows a real-world polar bear in a snowy environment, which is a wild, non-human vertebrate (fauna). Wild fauna and their natural environments are explicitly included under the More-Than-Human Living Entities category in the inclusion scope of nature. The image captures a physical, real-world organism in its natural setting, fulfilling the criteria for nature. Since nature is 'yes', I evaluate the sub-axes. The polar bear is a non-human vertebrate, placing it under Fauna & Animal Derivatives within the biotic category. The image is an unfiltered documentary photograph capturing a real-world physical organism in its environment, thus it is classified as material under the Tangibility axis.",False
/home/pmonserrat/datasets/imagenet/extracted_data/n02134418/ILSVRC2012_val_00001745.JPEG,sloth bear,True,True,True,yes,biotic,material,"The target entity in the image is a red panda. The visual evidence shows a real-world, physical non-human mammal, which falls under the category of Fauna in the inclusion scope of More-Than-Human Living Entities. Red pandas are explicitly included as wild non-human organisms, fulfilling the criteria for nature. Since nature is 'yes', I evaluate the sub-axes. The red panda is a non-human vertebrate (fauna), placing it under the biotic category. Because this is a real-world, physical organism captured in an unfiltered documentary photograph, it is classified as material under the Tangibility axis.",False
/home/pmonserrat/datasets/imagenet/extracted_data/n02137549/ILSVRC2012_val_00000518.JPEG,mongoose,True,True,True,yes,biotic,material,"The target entity is a mongoose. The visual evidence shows a real-world, physical non-human mammal in its natural environment. The mongoose is a wild, non-human vertebrate, which falls under Fauna in the inclusion criteria for more-than-human living entities. This fulfills the criteria for nature as it is a living organism in its natural habitat. Since nature is 'yes', I evaluate the sub-axes. The mongoose is a non-human vertebrate, placing it under Fauna & Animal Derivatives within the biotic category. The image is an unfiltered documentary depiction of a real-world physical organism, thus it is classified as material under the Tangibility axis.",False
/home/pmonserrat/datasets/imagenet/extracted_data/n02138441/ILSVRC2012_val_00000779.JPEG,meerkat,True,True,True,yes,biotic,material,"The target entity is a meerkat. The visual evidence shows a real-world, physical meerkat in its natural environment. Meerkats are non-human vertebrates (fauna), and the image captures a living organism in its natural habitat, fulfilling the inclusion criteria for More-Than-Human Living Entities under Flora, Fauna, and Fungi. Since nature is 'yes', I evaluate the sub-axes. The meerkat is a non-human vertebrate, placing it under Fauna & Animal Derivatives within the biotic category. Because the meerkat is a real, physical organism present in the real world, it is classified as material under the Tangibility axis.",False
/home/pmonserrat/datasets/imagenet/extracted_data/n02165105/ILSVRC2012_val_00000361.JPEG,tiger beetle,True,True,True,yes,biotic,material,"The target entity is a tiger beetle. The visual evidence shows a real-world, physical insect with distinct biological features such as segmented body parts, antennae, and a vivid coloration. Tiger beetles are non-human living organisms (fauna), explicitly included under the More-Than-Human Living Entities category in the inclusion scope of the taxonomy. This fulfills the criteria for nature. Since nature is 'yes', I evaluate the sub-axes. The tiger beetle is a non-human living organism, placing it under Fauna & Animal Derivatives within the biotic category. Because the image is an unfiltered documentary photograph capturing a real-world physical organism, it is classified as material under the Tangibility axis.",False
/home/pmonserrat/datasets/imagenet/extracted_data/n02165456/ILSVRC2012_val_00000625.JPEG,ladybug,True,True,True,yes,biotic,material,"The target entity is a ladybug. The visual evidence shows a real-world, physical non-human organism, specifically an insect, which falls under the inclusion scope of Fauna in the Flora, Fauna, and Fungi category. This entity is a living organism and thus fulfills the criteria for nature under the provided taxonomy. Since nature is 'yes', I evaluate the sub-axes. The ladybug is a non-human living organism, placing it under Fauna within the biotic category. The ladybug is a real-world, physical entity with mass and occupying space, captured in an unfiltered documentary manner, thus it is classified as material under the Tangibility axis.",False
/home/pmonserrat/datasets/imagenet/extracted_data/n02167151/ILSVRC2012_val_00000956.JPEG,ground beetle,True,True,True,yes,biotic,material,"The target entity is a ground beetle. The visual evidence shows a real-world, physical non-human organism, specifically an insect. Ground beetles are explicitly included under Fauna & Animal Derivatives in the Biotic category of the More-Than-Human Living Entities inclusion scope, fulfilling the criteria for nature. Since nature is 'yes', I evaluate the sub-axes. The ground beetle is a non-human living organism (fauna), placing it under the biotic category. Because the image is an unfiltered documentary photograph capturing a real-world physical organism, it is classified as material under the Tangibility axis.",False
/home/pmonserrat/datasets/imagenet/extracted_data/n02168699/ILSVRC2012_val_00000926.JPEG,long-horned beetle,True,True,True,yes,biotic,material,"The target entity is a long-horned beetle. The visual evidence in the image shows a real-world, physical insect in its natural environment. Long-horned beetles are non-human living organisms (fauna), and their depiction in a real-world setting fulfills the inclusion criteria for More-Than-Human Living Entities under the Nature Definition. Since nature is 'yes', I evaluate the sub-axes. The long-horned beetle is a non-human living organism, placing it under Fauna & Animal Derivatives within the biotic category. The image is an unfiltered documentary depiction of a real-world physical organism, thus it is classified as material under the Tangibility axis.",False
/home/pmonserrat/datasets/imagenet/extracted_data/n02169497/ILSVRC2012_val_00000510.JPEG,leaf beetle,True,True,True,yes,biotic,material,"The target entity is a leaf beetle (likely a ladybug) in the image. The visual evidence shows a real, physical non-human living organism, specifically an insect, which falls under the inclusion criteria for Fauna in the More-Than-Human Living Entities category. The ladybug is a wild, non-human organism, fulfilling the definition of nature under the provided taxonomy. Since nature is 'yes', I evaluate the sub-axes. The ladybug is a non-human living organism, placing it under Fauna within the biotic category. The ladybug is a real-world physical entity with mass and occupying space, captured in an unfiltered documentary photograph, thus it is classified as material under the Tangibility axis.",False
/home/pmonserrat/datasets/imagenet/extracted_data/n02172182/ILSVRC2012_val_00000342.JPEG,dung beetle,True,True,True,yes,biotic,material,"The target entity is a dung beetle. The visual evidence shows a real-world, physical non-human organism in its natural environment. Dung beetles are classified under Fauna & Animal Derivatives within the More-Than-Human Living Entities inclusion scope, fulfilling the criteria for nature. Since nature is 'yes', I evaluate the sub-axes. The dung beetle is a non-human living organism, placing it under Fauna within the biotic category. Because this is a real-world, physical organism captured in its natural setting, it is classified as material under the Tangibility axis.",False
/home/pmonserrat/datasets/imagenet/extracted_data/n02174001/ILSVRC2012_val_00000692.JPEG,rhinoceros beetle,True,True,True,yes,biotic,material,"The target entity is a rhinoceros beetle. The visual evidence shows a real-world, physical non-human organism, specifically an insect. More-Than-Human Living Entities (Fauna) are explicitly included under the Nature Definition, fulfilling the inclusion criteria. The rhinoceros beetle is a wild, non-human living organism, thus qualifying as nature. Since nature is 'yes', I evaluate the sub-axes. The rhinoceros beetle is a non-human living organism, placing it under Fauna & Animal Derivatives within the biotic category. Because it is a real-world physical organism with mass and occupying space, it is classified as material under the Tangibility axis.",False
/home/pmonserrat/datasets/imagenet/extracted_data/n02177972/ILSVRC2012_val_00001570.JPEG,weevil,True,True,True,yes,biotic,material,"The target entity is a weevil. The visual evidence shows a real, physical insect, which is a non-human living organism. According to the inclusion criteria, wild or domesticated non-human organisms (fauna) are explicitly classified under More-Than-Human Living Entities, fulfilling the criteria for nature. Since nature is 'yes', I evaluate the sub-axes. The weevil is a non-human living organism, placing it under Fauna & Animal Derivatives within the biotic category. Because the weevil is a real-world physical organism with mass and occupying space, it is classified as material under the Tangibility axis.",False
/home/pmonserrat/datasets/imagenet/extracted_data/n02190166/ILSVRC2012_val_00001763.JPEG,fly,True,True,True,yes,biotic,material,"The target entity is a fly. The visual evidence shows a real, physical insect, which is a non-human living organism. According to the inclusion criteria, wild or domesticated non-human organisms (fauna) are explicitly classified under More-Than-Human Living Entities, fulfilling the criteria for nature. Since nature is 'yes', I evaluate the sub-axes. The fly is a non-human living organism, placing it under Fauna & Animal Derivatives within the biotic category. Because the fly is a real-world physical organism with mass and occupies space, it is classified as material under the Tangibility axis.",False
/home/pmonserrat/datasets/imagenet/extracted_data/n02206856/ILSVRC2012_val_00001876.JPEG,bee,True,True,True,yes,biotic,material,"The target entity is a bee. The visual evidence shows a real-world, living insect interacting with a flower. Bees are non-human vertebrates (insects) classified under Fauna, which falls under the inclusion criteria for More-Than-Human Living Entities. This fulfills the definition of nature as a biotic entity. Since nature is 'yes', I evaluate the sub-axes. The bee is a living organism, placing it under Fauna within the biotic category. The image is an unfiltered documentary photograph capturing a real-world physical organism, making it a material representation under the Tangibility axis.",False
/home/pmonserrat/datasets/imagenet/extracted_data/n02219486/ILSVRC2012_val_00000407.JPEG,ant,True,True,True,yes,biotic,material,"The target entity is an ant. The visual evidence shows a real-world, physical insect, which is a non-human living organism. According to the inclusion criteria, wild or domesticated non-human organisms (fauna) are explicitly classified under More-Than-Human Living Entities, fulfilling the criteria for nature. Since nature is 'yes', I evaluate the sub-axes. The ant is a non-human living organism, placing it under Fauna within the biotic category. The ant is a real-world, physical entity with mass and occupying space, making it a material instance under the Tangibility axis.",False
/home/pmonserrat/datasets/imagenet/extracted_data/n02226429/ILSVRC2012_val_00000125.JPEG,grasshopper,True,True,True,yes,biotic,material,"The target entity is a grasshopper. The visual evidence shows a real, physical grasshopper in its natural environment, interacting with plant structures and berries. Grasshoppers are non-human vertebrates classified under Fauna, which falls under the inclusion criteria for More-Than-Human Living Entities. This fulfills the definition of nature as a biotic entity. Since nature is 'yes', I evaluate the sub-axes. The grasshopper is a non-human living organism, placing it under Fauna within the biotic category. Because the grasshopper is a real-world physical organism with mass and occupying space, it is classified as material under the Tangibility axis.",False
/home/pmonserrat/datasets/imagenet/extracted_data/n02229544/ILSVRC2012_val_00001873.JPEG,cricket,True,True,True,yes,biotic,immaterial,"The target entity is a cricket. The visual evidence shows an object that appears to be a toy or figurine designed to resemble a cricket. Although it is a physical object, it is not a real, living cricket but rather a representation of one. Representations of non-human living organisms explicitly count as Representations of Nature under the inclusion criteria, fulfilling the criteria for nature. Since nature is 'yes', I evaluate the sub-axes. The cricket figurine represents a non-human living organism (fauna), placing it under the biotic category. Although it is a physical three-dimensional object, its purpose is primarily representational and symbolic, thus it is classified as immaterial under the Tangibility axis according to the rules for representations.",False
/home/pmonserrat/datasets/imagenet/extracted_data/n02231487/ILSVRC2012_val_00001585.JPEG,walking stick,True,True,True,yes,biotic,material,"The target entity is a walking stick, specifically a real-world organism resembling the stick insect (Phasmatodea). The visual evidence shows a physical, living non-human organism with distinct biological features such as segmented body parts, legs, and antennae. This organism falls under the inclusion criteria for More-Than-Human Living Entities (Fauna) in the taxonomy. Since nature is 'yes', I evaluate the sub-axes. The walking stick is a non-human living organism, placing it under Fauna within the biotic category. Because it is a real-world, physical living entity with mass and occupying space, it is classified as material under the Tangibility axis.",False
/home/pmonserrat/datasets/imagenet/extracted_data/n02233338/ILSVRC2012_val_00001082.JPEG,cockroach,True,True,True,yes,biotic,material,"The target entity is a cockroach. The visual evidence shows a real-world, physical insect captured in a documentary-style photograph. Cockroaches are non-human living organisms (fauna), explicitly included under the More-Than-Human Living Entities category in the inclusion scope of the taxonomy. The image is a literal, unfiltered depiction of a real cockroach, fulfilling the criteria for a Material entity under the Tangibility axis. Since nature is 'yes', I evaluate the sub-axes. The cockroach is a non-human living organism, placing it under Fauna & Animal Derivatives within the biotic category. The image is a standard, literal photograph capturing a real-world physical organism, thus it is classified as material under the Tangibility axis.",False
/home/pmonserrat/datasets/imagenet/extracted_data/n02236044/ILSVRC2012_val_00000772.JPEG,mantis,True,True,True,yes,biotic,material,"The target entity is a mantis. The visual evidence shows a real-world, physical praying mantis in its natural habitat, interacting with a plant. Praying mantises are non-human vertebrates classified under Fauna, which falls under the inclusion criteria for More-Than-Human Living Entities. This entity is a living organism and thus fulfills the criteria for nature. Since nature is 'yes', I evaluate the sub-axes. The mantis is a non-human living organism, placing it under Fauna within the biotic category. The mantis is a real-world, physical organism with mass and occupying space, making it a material entity under the Tangibility axis.",False
/home/pmonserrat/datasets/imagenet/extracted_data/n02256656/ILSVRC2012_val_00002649.JPEG,cicada,True,True,True,yes,biotic,material,"The target entity is a cicada. The visual evidence shows a real-world, physical insect with distinct biological features such as segmented body parts, wings, and antennae. Cicadas are non-human living organisms classified under Fauna, fulfilling the inclusion criteria for More-Than-Human Living Entities in the Nature taxonomy. Since nature is 'yes', I evaluate the sub-axes. The cicada is a non-human living organism, placing it under Fauna within the biotic category. The image is an unfiltered documentary photograph capturing a real-world physical organism, making it classified as material under the Tangibility axis.",False
/home/pmonserrat/datasets/imagenet/extracted_data/n02259212/ILSVRC2012_val_00003032.JPEG,leafhopper,True,True,True,yes,biotic,material,"The target entity is a leafhopper. The visual evidence shows a real-world, physical insect, which is a non-human living organism. Leafhoppers belong to the category of Fauna, explicitly included under More-Than-Human Living Entities in the Nature Definition. This fulfills the inclusion criteria for nature. Since nature is 'yes', I evaluate the sub-axes. The leafhopper is a non-human living organism, placing it under Fauna within the biotic category. Because it is a real-world, physical organism with mass and occupying space, it is classified as material under the Tangibility axis.",False
/home/pmonserrat/datasets/imagenet/extracted_data/n02264363/ILSVRC2012_val_00001466.JPEG,lacewing,True,True,True,yes,biotic,material,"The target entity is a lacewing, specifically the insect shown in the image. The visual evidence depicts a real-world, non-human living organism (an insect) that falls under the Fauna category. Lacewings are explicitly included under the Inclusion Scope for More-Than-Human Living Entities (Fauna), fulfilling the criteria for nature. Since nature is 'yes', I evaluate the sub-axes. The lacewing is a non-human living organism, placing it under Fauna within the biotic category. The image is an unfiltered documentary photograph capturing a real-world physical organism, making it a material representation under the Tangibility axis.",False
/home/pmonserrat/datasets/imagenet/extracted_data/n02268443/ILSVRC2012_val_00000418.JPEG,dragonfly,True,True,True,yes,biotic,material,"The target entity is a dragonfly. The visual evidence shows a real-world, physical dragonfly perched on a plant. Dragonflies are non-human vertebrates classified under Fauna, which falls under the inclusion criteria for More-Than-Human Living Entities. This entity is a living organism and thus fulfills the criteria for nature. Since nature is 'yes', I evaluate the sub-axes. The dragonfly is a non-human living organism, placing it under Fauna within the biotic category. The image is an unfiltered documentary photograph capturing a real-world physical organism, making it classified as material under the Tangibility axis.",False
/home/pmonserrat/datasets/imagenet/extracted_data/n02268853/ILSVRC2012_val_00000639.JPEG,damselfly,True,True,True,yes,biotic,material,"The target entity is a damselfly. The visual evidence shows a real-world, physical non-human organism captured in its natural environment. Damselflies are classified under Fauna, which falls under the inclusion criteria for More-Than-Human Living Entities. The image is a standard, literal, realistic photograph of a real-world organism, fulfilling the criteria for a Material entity under the Tangibility axis. Since nature is 'yes', I evaluate the sub-axes. The damselfly is a non-human vertebrate (fauna), placing it under the biotic category. The image is a documentary photograph capturing a real-world physical organism, thus it is classified as material under the Tangibility axis.",False
/home/pmonserrat/datasets/imagenet/extracted_data/n02276258/ILSVRC2012_val_00001187.JPEG,admiral,True,True,True,yes,biotic,material,"The target entity is an admiral butterfly, specifically a real-world organism depicted in the image. The butterfly is a non-human living entity (fauna) and is captured in a literal, unfiltered documentary photograph. This fulfills the inclusion criteria for More-Than-Human Living Entities under Flora, Fauna, and Fungi, as well as the criteria for Real-World Organisms under the Material category of Tangibility axis. Since nature is 'yes', I evaluate the sub-axes. The butterfly is a non-human vertebrate (fauna), placing it under the biotic category. The image is a standard, literal, realistic photograph capturing a real-world physical organism, thus it is classified as material under the Tangibility axis.",False
/home/pmonserrat/datasets/imagenet/extracted_data/n02277742/ILSVRC2012_val_00000810.JPEG,ringlet,True,True,True,yes,biotic,material,"The target entity is a ringlet butterfly. The visual evidence shows a real-world, physical butterfly perched on a flower in a natural setting. The ringlet is a non-human living organism (fauna), and its depiction is a literal, unfiltered documentary photograph of a real-world entity, fulfilling the inclusion criteria for More-Than-Human Living Entities (Fauna). Since nature is 'yes', I evaluate the sub-axes. The ringlet is a non-human living organism, placing it under Fauna within the biotic category. Because the image is a standard, literal, realistic photograph capturing a real-world physical organism, it is classified as material under the Tangibility axis.",False
/home/pmonserrat/datasets/imagenet/extracted_data/n02279972/ILSVRC2012_val_00001290.JPEG,monarch,True,True,True,yes,biotic,material,"The target entity is a monarch butterfly. The visual evidence shows a real-world, physical butterfly interacting with a plant in its natural environment. Monarch butterflies are non-human vertebrates (fauna) and fall under the inclusion criteria for More-Than-Human Living Entities, specifically Fauna & Animal Derivatives within the Biotic category. The image is a standard, literal, realistic photograph capturing a real-world organism, fulfilling the criteria for Material nature. Since nature is 'yes', I evaluate the sub-axes. The monarch butterfly is a non-human living organism, placing it under Fauna within the biotic category. Because it is a real-world, physical organism with mass and occupying space, it is classified as material under the Tangibility axis.",False
/home/pmonserrat/datasets/imagenet/extracted_data/n02280649/ILSVRC2012_val_00000031.JPEG,cabbage butterfly,True,True,True,yes,biotic,material,"The target entity is a cabbage butterfly. The visual evidence shows a real-world, physical butterfly (Pieris rapae) in its natural habitat, interacting with a plant. The cabbage butterfly is a non-human living organism (fauna), explicitly included under the More-Than-Human Living Entities category in the inclusion scope. It is a real, living entity and not a representation, fictional depiction, or processed derivative. Since nature is 'yes', I evaluate the sub-axes. The cabbage butterfly is a non-human vertebrate (fauna), placing it under the biotic category. Because it is a real-world, physical organism with mass and occupying space, it is classified as material under the Tangibility axis.",False
/home/pmonserrat/datasets/imagenet/extracted_data/n02281406/ILSVRC2012_val_00000581.JPEG,sulphur butterfly,True,True,True,yes,biotic,material,"The target entity is a sulphur butterfly. The visual evidence shows a real-world, physical butterfly in its natural environment. Sulphur butterflies are non-human living organisms (fauna), and the image captures a literal, unaltered depiction of this organism in its natural setting. This fulfills the inclusion criteria for More-Than-Human Living Entities under Flora, Fauna, and Fungi in the Nature Definition. Since nature is 'yes', I evaluate the sub-axes. The sulphur butterfly is a non-human living organism, placing it under Fauna & Animal Derivatives within the biotic category. The image is a standard, literal, realistic photograph capturing a real-world physical organism, thus it is classified as material under the Tangibility axis.",False
/home/pmonserrat/datasets/imagenet/extracted_data/n02281787/ILSVRC2012_val_00001536.JPEG,lycaenid,True,True,True,yes,biotic,material,"The target entity is a lycaenid butterfly, specifically depicted in the image. Lycaenids are a family of small butterflies, which are non-human living organisms (fauna). The visual evidence shows a real-world, physical butterfly resting on a leaf, fulfilling the inclusion criteria for More-Than-Human Living Entities (Fauna) under the Nature Definition. Since nature is 'yes', I evaluate the sub-axes. The lycaenid is a non-human living organism, placing it under Fauna within the biotic category. The butterfly is a real-world, physical organism with mass and occupying space, captured in an unfiltered documentary photograph, thus it is classified as material under the Tangibility axis.",False
/home/pmonserrat/datasets/imagenet/extracted_data/n02317335/ILSVRC2012_val_00001161.JPEG,starfish,True,True,True,yes,biotic,material,"The target entity is a starfish. The visual evidence shows a real-world, physical sea organism with distinct biological features such as arms and a central disc. Starfish are non-human marine animals, explicitly classified under Fauna in the inclusion criteria for More-Than-Human Living Entities, fulfilling the criteria for nature. Since nature is 'yes', I evaluate the sub-axes. The starfish is a non-human marine animal, placing it under Fauna within the biotic category. Because the image is an unfiltered documentary photograph capturing a real-world physical organism, it is classified as material under the Tangibility axis.",False
/home/pmonserrat/datasets/imagenet/extracted_data/n02319095/ILSVRC2012_val_00000138.JPEG,sea urchin,True,True,True,yes,biotic,material,"The target entity is a sea urchin. The visual evidence shows a real-world, physical organism with distinct biological features such as spines and a spherical body, characteristic of a sea urchin. Sea urchins are non-human marine animals, explicitly classified under Fauna & Animal Derivatives within the More-Than-Human Living Entities inclusion scope, fulfilling the criteria for nature. Since nature is 'yes', I evaluate the sub-axes. The sea urchin is a non-human marine animal, placing it under Fauna & Animal Derivatives within the biotic category. The image is an unfiltered documentary depiction of a real-world physical organism, thus it is classified as material under the Tangibility axis.",False
/home/pmonserrat/datasets/imagenet/extracted_data/n02321529/ILSVRC2012_val_00000301.JPEG,sea cucumber,True,True,True,yes,biotic,material,"The target entity is a sea cucumber. The visual evidence in the image shows a real-world, physical organism in its natural environment, specifically underwater. Sea cucumbers are non-human marine organisms belonging to the phylum Echinodermata, which falls under the inclusion criteria for Flora, Fauna, and Fungi (Fauna in this case). The image captures a real, tangible sea cucumber in its natural habitat, fulfilling the criteria for a Biotic entity under the Nature definition. Since nature is 'yes', I evaluate the sub-axes. The sea cucumber is a non-human living organism, placing it under Fauna & Animal Derivatives within the biotic category. The image is a standard, literal, documentary photograph capturing a real-world physical organism in its environment, thus it is classified as material under the Tangibility axis.",False
/home/pmonserrat/datasets/imagenet/extracted_data/n02325366/ILSVRC2012_val_00000097.JPEG,wood rabbit,True,True,True,yes,biotic,material,"The target entity is a 'wood rabbit' in the image. The visual evidence shows a real, physical rabbit in a natural setting, which is a non-human living organism (fauna). This fulfills the inclusion criteria for More-Than-Human Living Entities under the Flora, Fauna, and Fungi category, specifically Fauna & Animal Derivatives. The rabbit is a living entity in its natural habitat, thus qualifying as nature. Since nature is 'yes', I evaluate the sub-axes. The rabbit is a non-human vertebrate, placing it under Fauna within the biotic category. The rabbit is a real-world, physical organism occupying space and having mass, making it a material entity under the Tangibility axis.",False
/home/pmonserrat/datasets/imagenet/extracted_data/n02326432/ILSVRC2012_val_00000644.JPEG,hare,True,True,True,yes,biotic,material,"The target entity is a hare. The visual evidence shows a real, physical non-human mammal in its natural environment. The hare is a wild, non-domesticated animal, fitting under Fauna in the inclusion criteria for More-Than-Human Living Entities. This fulfills the definition of nature as it is a living organism that exists independently of human creation or manipulation beyond its natural state. Since nature is 'yes', I evaluate the sub-axes. The hare is a non-human vertebrate, placing it under Fauna within the biotic category. The hare is a real-world, physical organism with mass and occupying space, making it a material entity under the Tangibility axis.",False
/home/pmonserrat/datasets/imagenet/extracted_data/n02328150/ILSVRC2012_val_00000010.JPEG,angora,True,True,True,yes,biotic,material,"The target entity is an Angora rabbit, specifically depicted in the image. Angora rabbits are domesticated animals, a type of non-human vertebrate (fauna). The visual evidence shows a real-world physical organism, fulfilling the inclusion criteria for Flora, Fauna, and Fungi under the More-Than-Human Living Entities category. The Angora rabbit is a living entity and thus counts as nature under the provided definition. Since nature is 'yes', I evaluate the sub-axes. The Angora rabbit is a domesticated non-human vertebrate, placing it under Fauna & Animal Derivatives within the biotic category. Because the image is a literal, unfiltered depiction of a real-world physical organism, it is classified as material under the Tangibility axis.",False
/home/pmonserrat/datasets/imagenet/extracted_data/n02342885/ILSVRC2012_val_00000617.JPEG,hamster,True,True,True,yes,biotic,material,"The target entity is a hamster. The visual evidence shows a real, physical, non-human vertebrate (fauna) in its natural state, wrapped in a cloth. According to the inclusion criteria, wild, domesticated, or bred non-human organisms fall under the category of Fauna, fulfilling the criteria for nature. Since nature is 'yes', I evaluate the sub-axes. The hamster is a non-human vertebrate, placing it under Fauna within the biotic category. The hamster is a real-world, physical organism with mass and occupying space, making it classified as material under the Tangibility axis.",False
/home/pmonserrat/datasets/imagenet/extracted_data/n02346627/ILSVRC2012_val_00000007.JPEG,porcupine,True,True,True,yes,biotic,material,"The target entity is a porcupine. The visual evidence shows a real-world, physical porcupine in its natural habitat. Porcupines are non-human vertebrates (fauna), which fall under the inclusion criteria for More-Than-Human Living Entities (Fauna) in the taxonomy. This entity is a living organism and thus fulfills the criteria for nature. Since nature is 'yes', I evaluate the sub-axes. The porcupine is a non-human vertebrate, placing it under Fauna within the biotic category. The porcupine is a real-world, physical organism with mass and occupying space, making it classified as material under the Tangibility axis.",False
/home/pmonserrat/datasets/imagenet/extracted_data/n02356798/ILSVRC2012_val_00000502.JPEG,fox squirrel,True,True,True,yes,biotic,material,"The target entity is a fox squirrel. The visual evidence shows a real, physical squirrel in its natural environment. Fox squirrels are non-human vertebrates (fauna), and real-world organisms fall under the inclusion criteria for Flora, Fauna, and Fungi within the More-Than-Human Living Entities category of nature. Since nature is 'yes', I evaluate the sub-axes. The fox squirrel is a non-human vertebrate, placing it under Fauna within the biotic category. The squirrel is a real-world, physical organism with mass and occupying space, making it classified as material under the Tangibility axis.",False
/home/pmonserrat/datasets/imagenet/extracted_data/n02361337/ILSVRC2012_val_00000675.JPEG,marmot,True,True,True,yes,biotic,material,"The target entity is a marmot. The visual evidence shows a real-world, physical non-human mammal (fauna) in its natural environment, surrounded by plants and flowers. More-Than-Human Living Entities (Fauna) are explicitly included under the Inclusion Scope of the Nature Definition, fulfilling the criteria for nature. Since nature is 'yes', I evaluate the sub-axes. The marmot is a non-human vertebrate, placing it under Fauna & Animal Derivatives within the biotic category. The marmot is a real-world, physical organism with mass and occupying space, captured in an unfiltered documentary photograph, thus it is classified as material under the Tangibility axis.",False
/home/pmonserrat/datasets/imagenet/extracted_data/n02363005/ILSVRC2012_val_00003202.JPEG,beaver,True,True,True,yes,biotic,material,"The target entity is a beaver. The visual evidence shows a real-world, physical non-human mammal (fauna) in its natural environment. More-Than-Human Living Entities, specifically fauna, are explicitly included under the definition of nature, fulfilling the inclusion criteria. Since nature is 'yes', I evaluate the sub-axes. The beaver is a non-human vertebrate, placing it under Fauna & Animal Derivatives within the biotic category. The beaver in the image is a real, physical organism occupying space and having mass, thus it is classified as material under the Tangibility axis.",False
/home/pmonserrat/datasets/imagenet/extracted_data/n02364673/ILSVRC2012_val_00000565.JPEG,guinea pig,True,True,True,yes,biotic,material,"The target entity is a guinea pig. The visual evidence shows a real, physical non-human vertebrate (fauna) being held by a person. Guinea pigs are domesticated animals and fall under the inclusion scope of Fauna & Animal Derivatives within the More-Than-Human Living Entities category. This fulfills the criteria for nature as it is a living organism. Since nature is 'yes', I evaluate the sub-axes. The guinea pig is a non-human vertebrate, placing it under Fauna within the biotic category. The guinea pig in the image is a real, physical organism present in the real world, making it classified as material under the Tangibility axis.",False
/home/pmonserrat/datasets/imagenet/extracted_data/n02389026/ILSVRC2012_val_00000179.JPEG,sorrel,True,True,True,yes,biotic,material,"The target entity is a sorrel horse, specifically the horse named Camelot in the image. The visual evidence shows a real, physical non-human animal, which falls under the category of Fauna in the inclusion scope of more-than-human living entities. Sorrel is a color variant of horses, not a separate species or entity, and the horse itself is a living organism. This fulfills the criteria for nature as it is a living, non-human entity. Since nature is 'yes', I evaluate the sub-axes. The sorrel horse is a non-human vertebrate (fauna), placing it under the biotic category. The horse is a real-world physical organism with mass and occupying space, making it a material entity under the Tangibility axis.",False
/home/pmonserrat/datasets/imagenet/extracted_data/n02391049/ILSVRC2012_val_00002070.JPEG,zebra,True,True,True,yes,biotic,material,"The target entity is a zebra. The visual evidence shows a real-world, physical zebra in its natural environment. Zebras are non-human vertebrates (fauna) and fall under the inclusion criteria for More-Than-Human Living Entities, specifically under Fauna & Animal Derivatives within the Biotic category. The image is a literal, unfiltered documentary photograph capturing a real-world organism, fulfilling the criteria for nature. Since nature is 'yes', I evaluate the sub-axes. The zebra is a non-human living organism, placing it under Fauna within the biotic category. Because the image is a direct, unfiltered depiction of a real-world physical organism, it is classified as material under the Tangibility axis.",False
/home/pmonserrat/datasets/imagenet/extracted_data/n02395406/ILSVRC2012_val_00000478.JPEG,hog,True,True,True,yes,biotic,material,"The target entity is a hog (piglet). The visual evidence shows real, living non-human animals in a physical environment. According to the inclusion criteria, domesticated non-human organisms (fauna) are explicitly classified under the More-Than-Human Living Entities category, fulfilling the criteria for nature. The hogs are depicted in a real-world setting, occupying space and having physical presence. Since nature is 'yes', I evaluate the sub-axes. The hogs are non-human vertebrates (fauna), placing them under the biotic category. Because these are real, living animals in a physical environment, they are classified as material under the Tangibility axis.",False
/home/pmonserrat/datasets/imagenet/extracted_data/n02396427/ILSVRC2012_val_00002006.JPEG,wild boar,True,True,True,yes,biotic,material,"The target entity in the provided image is not a wild boar but rather wolves. However, if we were to classify a wild boar based on the taxonomy provided, it would be a non-human vertebrate (fauna) that falls under the inclusion criteria for More-Than-Human Living Entities. The visual evidence for a wild boar would be a real-world physical organism, fulfilling the criteria for Flora, Fauna, and Fungi under the Biotic category in the Life Category Axis. Since the image does not depict a wild boar, I will proceed with the hypothetical classification of a wild boar as a real-world entity. Since nature is 'yes', I evaluate the sub-axes. A wild boar is a non-human vertebrate, placing it under Fauna & Animal Derivatives within the biotic category. Because the wild boar is a real-world physical organism with mass and occupies space, it is classified as material under the Tangibility axis.",False
/home/pmonserrat/datasets/imagenet/extracted_data/n02397096/ILSVRC2012_val_00000136.JPEG,warthog,True,True,True,yes,biotic,material,"The target entity is a warthog. The visual evidence shows a real, physical warthog in its natural environment. Warthogs are non-human vertebrates (fauna) and fall under the inclusion criteria for More-Than-Human Living Entities, specifically Fauna & Animal Derivatives within the Biotic category. The image is a literal, unfiltered documentary photograph capturing a real-world organism, fulfilling the criteria for Material nature. Since nature is 'yes', I evaluate the sub-axes. The warthog is a non-human vertebrate, placing it under Fauna & Animal Derivatives within the biotic category. Because the image is a direct, unfiltered depiction of a real-world physical organism, it is classified as material under the Tangibility axis.",False
/home/pmonserrat/datasets/imagenet/extracted_data/n02398521/ILSVRC2012_val_00001066.JPEG,hippopotamus,True,True,True,yes,biotic,material,"The target entity is a hippopotamus. The visual evidence shows real-world, physical hippopotamuses in their natural environment. As non-human vertebrates, hippopotamuses fall under Fauna within the inclusion criteria for More-Than-Human Living Entities, fulfilling the definition of nature. Since nature is 'yes', I evaluate the sub-axes. The hippopotamus is a non-human vertebrate, placing it under Fauna & Animal Derivatives within the biotic category. The image is an unfiltered documentary photograph capturing real-world physical organisms, thus it is classified as material under the Tangibility axis.",False
/home/pmonserrat/datasets/imagenet/extracted_data/n02403003/ILSVRC2012_val_00001280.JPEG,ox,True,True,True,yes,biotic,material,"The target entity is an ox. The visual evidence shows real, physical non-human animals grazing in a natural environment. Oxen are domesticated non-human vertebrates (fauna), which fall under the inclusion criteria for More-Than-Human Living Entities (Flora, Fauna, Fungi). The ox is a living organism, fulfilling the criteria for biotic nature. Since nature is 'yes', I evaluate the sub-axes. The ox is a non-human vertebrate, placing it under Fauna & Animal Derivatives within the biotic category. The oxes in the image are real-world, physical entities with mass and occupying space, making them classified as material under the Tangibility axis.",False
/home/pmonserrat/datasets/imagenet/extracted_data/n02408429/ILSVRC2012_val_00000306.JPEG,water buffalo,True,True,True,yes,biotic,material,"The target entity is a water buffalo. The visual evidence shows a real, physical non-human vertebrate (fauna) in its natural environment. Water buffaloes are explicitly included under Fauna & Animal Derivatives in the Biotic category of the More-Than-Human Living Entities inclusion scope, fulfilling the criteria for nature. The image is a standard, literal, documentary photograph capturing a real-world physical organism in its environment. Since nature is 'yes', I evaluate the sub-axes. The water buffalo is a non-human vertebrate, placing it under Fauna & Animal Derivatives within the biotic category. Because the image is an unfiltered documentary depiction of a real-world physical organism, it is classified as material under the Tangibility axis.",False
/home/pmonserrat/datasets/imagenet/extracted_data/n02410509/ILSVRC2012_val_00002433.JPEG,bison,True,True,True,yes,biotic,material,"The target entity is a bison. The visual evidence shows a real-world, physical bison in its natural habitat. Bison are non-human vertebrates (fauna) and fall under the inclusion criteria for More-Than-Human Living Entities (Fauna) in the Nature Definition. The bison is a living organism present in the physical environment, fulfilling the criteria for nature. Since nature is 'yes', I evaluate the sub-axes. The bison is a non-human vertebrate, placing it under Fauna & Animal Derivatives within the biotic category. Because the bison is a real-world, physical organism occupying space and having mass, it is classified as material under the Tangibility axis.",False
/home/pmonserrat/datasets/imagenet/extracted_data/n02412080/ILSVRC2012_val_00001027.JPEG,ram,True,True,True,yes,biotic,material,"The target entity is a ram. The visual evidence shows a real-world, physical non-human mammal (a male sheep) with distinct biological features such as horns, wool, and a body structure. This entity falls under Fauna & Animal Derivatives within the inclusion criteria for More-Than-Human Living Entities, fulfilling the definition of nature. Since nature is 'yes', I evaluate the sub-axes. The ram is a non-human vertebrate (fauna), placing it under the biotic category. The ram is a real-world, physical organism occupying space and having mass, making it a material entity under the Tangibility axis.",False
/home/pmonserrat/datasets/imagenet/extracted_data/n02415577/ILSVRC2012_val_00000100.JPEG,bighorn,True,True,True,yes,biotic,material,"The target entity is a bighorn sheep. The visual evidence shows real-world, physical bighorn sheep in a natural environment. Bighorn sheep are non-human vertebrates (fauna) and fall under the inclusion criteria for More-Than-Human Living Entities (Fauna) in the Nature Definition. They are explicitly included in the taxonomy as a biotic entity. Since nature is 'yes', I evaluate the sub-axes. Bighorn sheep are non-human vertebrates, placing them under Fauna & Animal Derivatives within the biotic category. The image is an unfiltered documentary depiction of real-world physical organisms, making it classified as material under the Tangibility axis.",False
/home/pmonserrat/datasets/imagenet/extracted_data/n02417914/ILSVRC2012_val_00000444.JPEG,ibex,True,True,True,yes,biotic,material,"The target entity is an ibex. The visual evidence shows a real-world, living non-human vertebrate (fauna) in its natural habitat. The ibex is a wild animal, fitting under the inclusion criteria for More-Than-Human Living Entities (Fauna) in the taxonomy. Since nature is 'yes', I evaluate the sub-axes. The ibex is a non-human vertebrate, placing it under Fauna within the biotic category. The ibex is a physically present, tangible living organism in the real world, thus it is classified as material under the Tangibility axis.",False
/home/pmonserrat/datasets/imagenet/extracted_data/n02422106/ILSVRC2012_val_00001232.JPEG,hartebeest,True,True,True,yes,biotic,material,"The target entity is a hartebeest. The visual evidence shows a real-world, physical animal in its natural habitat. Hartebeests are non-human vertebrates (fauna), which fall under the inclusion criteria for More-Than-Human Living Entities. This entity is a living organism, fulfilling the definition of nature under the provided taxonomy. Since nature is 'yes', I evaluate the sub-axes. The hartebeest is a non-human vertebrate, placing it under Fauna & Animal Derivatives within the biotic category. Because this is a real-world, physical organism occupying space and visible in an unfiltered documentary photograph, it is classified as material under the Tangibility axis.",False
/home/pmonserrat/datasets/imagenet/extracted_data/n02422699/ILSVRC2012_val_00000127.JPEG,impala,True,True,True,yes,biotic,material,"The target entity is an impala. The visual evidence shows real, physical impalas in a natural environment. Impalas are non-human vertebrates (fauna), and the image captures them in their natural habitat, fulfilling the inclusion criteria for Flora, Fauna, and Fungi under the Biotic category in the Nature Definition. Since nature is 'yes', I evaluate the sub-axes. Impalas are non-human vertebrates, placing them under Fauna & Animal Derivatives within the biotic category. The image is an unfiltered documentary photograph capturing real-world physical organisms in their environment, classifying it as material under the Tangibility axis.",False
/home/pmonserrat/datasets/imagenet/extracted_data/n02423022/ILSVRC2012_val_00003125.JPEG,gazelle,True,True,True,yes,biotic,material,"The target entity is a gazelle. The visual evidence shows real-world, non-human vertebrates in their natural habitat. According to the inclusion criteria, wild non-human organisms (fauna) are explicitly classified under More-Than-Human Living Entities, fulfilling the criteria for nature. The depicted gazelles are physically present and identifiable as living organisms in a real-world setting. Since nature is 'yes', I evaluate the sub-axes. Gazelles are non-human vertebrates, placing them under Fauna & Animal Derivatives within the biotic category. The image is an unfiltered documentary photograph capturing real-world physical organisms, thus it is classified as material under the Tangibility axis.",False
/home/pmonserrat/datasets/imagenet/extracted_data/n02437312/ILSVRC2012_val_00002271.JPEG,arabian camel,True,True,True,yes,biotic,material,"The target entity is an Arabian camel. The visual evidence shows real-world, physical camels in a desert environment. Arabian camels are non-human vertebrates (fauna), which fall under the inclusion scope of More-Than-Human Living Entities (Fauna) in the taxonomy. They are explicitly included as biotic entities under the Nature Definition. Since nature is 'yes', I evaluate the sub-axes. The Arabian camel is a non-human vertebrate, placing it under Fauna within the biotic category. The camels are real, physical organisms present in the real world, occupying space and having mass, thus classified as material under the Tangibility axis.",False
/home/pmonserrat/datasets/imagenet/extracted_data/n02437616/ILSVRC2012_val_00000343.JPEG,llama,True,True,True,yes,biotic,material,"The target entity is a llama. The visual evidence shows a real, physical non-human vertebrate animal in a natural setting. According to the inclusion criteria, wild, domesticated, or bred non-human organisms (fauna) are explicitly classified under More-Than-Human Living Entities, fulfilling the criteria for nature. Since nature is 'yes', I evaluate the sub-axes. The llama is a non-human vertebrate, placing it under Fauna & Animal Derivatives within the biotic category. The entity is a real-world, physical organism with mass and occupying space, thus it is classified as material under the Tangibility axis.",False
/home/pmonserrat/datasets/imagenet/extracted_data/n02441942/ILSVRC2012_val_00000723.JPEG,weasel,True,True,True,yes,biotic,material,"The target entity is a weasel. The visual evidence shows a real, physical non-human mammal in its natural environment. Weasels are classified under Fauna, which falls under the inclusion scope of More-Than-Human Living Entities. This entity is a living organism and thus fulfills the criteria for nature. Since nature is 'yes', I evaluate the sub-axes. The weasel is a non-human vertebrate, placing it under Fauna within the biotic category. The weasel is a real-world physical organism with mass and occupying space, making it a material entity under the Tangibility axis.",False
/home/pmonserrat/datasets/imagenet/extracted_data/n02442845/ILSVRC2012_val_00002028.JPEG,mink,True,True,True,yes,biotic,material,"The target entity is a mink. The visual evidence shows a real-world, physical non-human mammal (fauna) in its natural environment. The mink is a wild, non-human living organism, which falls under the inclusion criteria for More-Than-Human Living Entities (Fauna) in the taxonomy. Since nature is 'yes', I evaluate the sub-axes. The mink is a non-human vertebrate, placing it under Fauna & Animal Derivatives within the biotic category. Because the mink is a real, physical organism present in the real world, it is classified as material under the Tangibility axis.",False
/home/pmonserrat/datasets/imagenet/extracted_data/n02443114/ILSVRC2012_val_00000055.JPEG,polecat,True,True,True,yes,biotic,material,"The target entity is a polecat, specifically depicted in the image as a real, physical animal. Polecats are non-human mammals, belonging to the fauna category. The visual evidence shows real, living organisms, which fall under the inclusion scope of More-Than-Human Living Entities (Fauna). Since nature is 'yes', I evaluate the sub-axes. The polecats are living organisms, placing them under Fauna within the biotic category. The image is a standard, literal, documentary photograph capturing real-world physical organisms, thus it is classified as material under the Tangibility axis.",False
/home/pmonserrat/datasets/imagenet/extracted_data/n02443484/ILSVRC2012_val_00000326.JPEG,black-footed ferret,True,True,True,yes,biotic,material,"The target entity is a black-footed ferret. The visual evidence shows a real, physical black-footed ferret, a non-human mammal. According to the inclusion criteria, wild, domesticated, or bred non-human organisms (fauna) are explicitly classified under More-Than-Human Living Entities, fulfilling the criteria for nature. The black-footed ferret is a living organism and thus falls under the Biotic category. Since nature is 'yes', I evaluate the sub-axes. The black-footed ferret is a non-human vertebrate (fauna), placing it under Flora & Fauna & Animal Derivatives within the biotic category. The entity is a real-world physical organism with mass and occupying space, captured in a literal, unfiltered documentary context (a photograph), thus it is classified as material under the Tangibility axis.",False
/home/pmonserrat/datasets/imagenet/extracted_data/n02444819/ILSVRC2012_val_00001407.JPEG,otter,True,True,True,yes,biotic,material,"The target entity is an otter. The visual evidence shows a real-world, physical otter, a non-human mammal, captured in its natural setting. Otters are explicitly included under Fauna & Animal Derivatives in the Biotic category of the More-Than-Human Living Entities inclusion scope, fulfilling the criteria for nature. Since nature is 'yes', I evaluate the sub-axes. The otter is a non-human vertebrate (fauna), placing it under the biotic category. The otter in the image is a real, physical organism occupying space and having mass, captured through an unfiltered documentary photograph, thus it is classified as material under the Tangibility axis.",False
/home/pmonserrat/datasets/imagenet/extracted_data/n02445715/ILSVRC2012_val_00000181.JPEG,skunk,True,True,True,yes,biotic,material,"The target entity is a skunk. The visual evidence shows a real, physical non-human mammal being held by a person. Skunks are wild, non-human vertebrates classified under Fauna, which falls under the inclusion criteria for More-Than-Human Living Entities in the Nature Definition. This entity is not a representation, artefact, or processed product but a living organism itself. Since nature is 'yes', I evaluate the sub-axes. The skunk is a non-human vertebrate, placing it under Fauna within the biotic category. Because it is a real-world, physical living organism with mass and occupying space, it is classified as material under the Tangibility axis.",False
/home/pmonserrat/datasets/imagenet/extracted_data/n02447366/ILSVRC2012_val_00000726.JPEG,badger,True,True,True,yes,biotic,material,"The target entity is a badger. The visual evidence shows real-world, physical badgers in their natural environment. Badgers are non-human vertebrates (fauna), explicitly included under the More-Than-Human Living Entities category in the inclusion scope of the taxonomy. The image captures these organisms in a literal, unaltered form, fulfilling the criteria for nature as a biotic entity. Since nature is 'yes', I evaluate the sub-axes. Badgers are non-human vertebrates, placing them under Fauna & Animal Derivatives within the biotic category. The image is a standard, literal, documentary photograph capturing real-world physical organisms, thus classifying this instance as material under the Tangibility axis.",False
/home/pmonserrat/datasets/imagenet/extracted_data/n02454379/ILSVRC2012_val_00002448.JPEG,armadillo,True,True,True,yes,biotic,material,"The target entity is an armadillo. The visual evidence shows a real, physical armadillo in its natural environment. Armadillos are non-human vertebrates (fauna) and fall under the inclusion criteria for More-Than-Human Living Entities. The armadillo is a living organism, fulfilling the definition of biotic nature. Since nature is 'yes', I evaluate the sub-axes. The armadillo is a non-human vertebrate, placing it under Fauna & Animal Derivatives within the biotic category. The armadillo is a real-world physical organism with mass and occupying space, captured in an unfiltered documentary context, thus it is classified as material under the Tangibility axis.",False
/home/pmonserrat/datasets/imagenet/extracted_data/n02457408/ILSVRC2012_val_00001442.JPEG,three-toed sloth,True,True,True,yes,biotic,material,"The target entity is a three-toed sloth. The visual evidence shows a real-world, physical non-human vertebrate (fauna) in its natural habitat. Three-toed sloths are wild, non-human organisms that fall under the inclusion criteria for Flora, Fauna, and Fungi within the More-Than-Human Living Entities category. This entity is explicitly included in the taxonomy as a living organism. Since nature is 'yes', I evaluate the sub-axes. The three-toed sloth is a non-human vertebrate, placing it under Fauna within the biotic category. The image is an unfiltered documentary photograph capturing a real-world physical organism, making it classified as material under the Tangibility axis.",False
/home/pmonserrat/datasets/imagenet/extracted_data/n02480495/ILSVRC2012_val_00001535.JPEG,orangutan,True,True,True,yes,biotic,material,"The target entity is an orangutan. The visual evidence shows a real-world, physical orangutan, a non-human primate. According to the inclusion criteria, wild or domesticated non-human organisms (fauna) are explicitly classified under More-Than-Human Living Entities, fulfilling the criteria for nature. Since nature is 'yes', I evaluate the sub-axes. The orangutan is a non-human vertebrate (fauna), placing it under the biotic category. Because the image is an unfiltered documentary photograph capturing a real-world physical organism, it is classified as material under the Tangibility axis.",False
/home/pmonserrat/datasets/imagenet/extracted_data/n02480855/ILSVRC2012_val_00000093.JPEG,gorilla,True,True,True,yes,biotic,material,"The target entity is a gorilla. The visual evidence shows a real-world, physical non-human primate in its natural environment. Gorillas are non-human vertebrates classified under Fauna, which falls under the inclusion criteria for More-Than-Human Living Entities in the Nature Definition. This entity is not a human being, nor is it a representation or depiction; it is a living organism captured in a literal, unfiltered documentary photograph. Since nature is 'yes', I evaluate the sub-axes. The gorilla is a non-human vertebrate, placing it under Fauna within the biotic category. Because the image is an unfiltered documentary photograph capturing a real-world physical organism, it is classified as material under the Tangibility axis.",False
/home/pmonserrat/datasets/imagenet/extracted_data/n02481823/ILSVRC2012_val_00000553.JPEG,chimpanzee,True,True,True,yes,biotic,material,"The target entity is a chimpanzee. The visual evidence shows a real-world, physical chimpanzee in its natural environment. Chimpanzees are non-human vertebrates (fauna) and fall under the inclusion criteria for More-Than-Human Living Entities (Flora, Fauna, Fungi). This entity is not a representation, artistic depiction, or fictional entity but a real organism captured in a documentary context. Since nature is 'yes', I evaluate the sub-axes. The chimpanzee is a non-human vertebrate, placing it under Fauna within the biotic category. Because this is a real-world, physical organism with mass and occupying space, it is classified as material under the Tangibility axis.",False
/home/pmonserrat/datasets/imagenet/extracted_data/n02483362/ILSVRC2012_val_00003388.JPEG,gibbon,True,True,True,yes,biotic,material,"The target entity is a gibbon. The visual evidence shows a real-world, physical primate (a non-human vertebrate) in its natural habitat. Gibbons are explicitly included under Fauna & Animal Derivatives in the Biotic category of the Nature taxonomy, fulfilling the inclusion criteria for more-than-human living entities. Since nature is 'yes', I evaluate the sub-axes. The gibbon is a non-human living organism, placing it under Fauna within the biotic category. The image is an unfiltered documentary photograph capturing a real-world physical organism, thus it is classified as material under the Tangibility axis.",False
/home/pmonserrat/datasets/imagenet/extracted_data/n02483708/ILSVRC2012_val_00000087.JPEG,siamang,True,True,True,yes,biotic,material,"The target entity is a siamang, a type of primate. The visual evidence in the image shows a real-world, physical siamang in its natural habitat. Siamangs are non-human vertebrates (fauna), and the image captures a living organism in its natural environment, fulfilling the inclusion criteria for More-Than-Human Living Entities under Flora, Fauna, and Fungi. Since nature is 'yes', I evaluate the sub-axes. The siamang is a non-human vertebrate, placing it under Fauna & Animal Derivatives within the biotic category. The image is an unfiltered documentary depiction of a real-world physical organism, thus it is classified as material under the Tangibility axis.",False
/home/pmonserrat/datasets/imagenet/extracted_data/n02484975/ILSVRC2012_val_00000013.JPEG,guenon,True,True,True,yes,biotic,material,"The target entity is a guenon, a type of primate. The visual evidence shows a real-world, physical primate with distinct biological features such as fur, facial structure, and eyes. Guenons are non-human vertebrates (fauna), and as such, they fall under the inclusion criteria for More-Than-Human Living Entities (Fauna) in the Nature Definition. Since nature is 'yes', I evaluate the sub-axes. The guenon is a non-human living organism, placing it under Fauna within the biotic category. The image is an unfiltered documentary photograph capturing a real-world physical organism, making it a material representation under the Tangibility axis.",False
/home/pmonserrat/datasets/imagenet/extracted_data/n02486261/ILSVRC2012_val_00000964.JPEG,patas,True,True,True,yes,biotic,material,"The target entity is a patas monkey, a non-human primate. The visual evidence shows a real-world, physical organism in its natural environment. Patas monkeys are classified under Fauna & Animal Derivatives within the inclusion criteria for more-than-human living entities, fulfilling the criteria for nature. Since nature is 'yes', I evaluate the sub-axes. The patas monkey is a non-human vertebrate, placing it under Fauna within the biotic category. The image is an unfiltered documentary photograph capturing a real-world physical organism, making it classified as material under the Tangibility axis.",False
/home/pmonserrat/datasets/imagenet/extracted_data/n02486410/ILSVRC2012_val_00000486.JPEG,baboon,True,True,True,yes,biotic,material,"The target entity is a baboon. The visual evidence shows a real-world, physical non-human primate (fauna) in its natural environment. According to the inclusion criteria, wild non-human organisms fall under the category of Fauna, fulfilling the criteria for nature. Since nature is 'yes', I evaluate the sub-axes. The baboon is a non-human vertebrate, placing it under Fauna within the biotic category. The baboon is a real, physical organism occupying space and having mass, making it a material entity under the Tangibility axis.",False
/home/pmonserrat/datasets/imagenet/extracted_data/n02487347/ILSVRC2012_val_00000095.JPEG,macaque,True,True,True,yes,biotic,material,"The target entity is a macaque. The visual evidence shows a real-world, physical non-human primate, which falls under the category of Fauna in the inclusion scope of More-Than-Human Living Entities. Macaques are explicitly included as wild or domesticated non-human vertebrates, fulfilling the criteria for nature. Since nature is 'yes', I evaluate the sub-axes. The macaque is a non-human vertebrate, placing it under Fauna & Animal Derivatives within the biotic category. The image is an unfiltered documentary photograph capturing a real-world physical organism, thus it is classified as material under the Tangibility axis.",False
/home/pmonserrat/datasets/imagenet/extracted_data/n02488291/ILSVRC2012_val_00001254.JPEG,langur,True,True,True,yes,biotic,material,"The target entity is a langur, a type of non-human primate. The visual evidence shows a real-world, physical langur in its natural setting. Langurs are non-human vertebrates (fauna) and fall under the inclusion criteria for More-Than-Human Living Entities (Fauna) in the taxonomy. The image captures a real, living organism, fulfilling the criteria for nature. Since nature is 'yes', I evaluate the sub-axes. The langur is a non-human living organism, placing it under Fauna & Animal Derivatives within the biotic category. The image is a documentary photograph capturing a real-world, physical organism, thus it is classified as material under the Tangibility axis.",False
/home/pmonserrat/datasets/imagenet/extracted_data/n02488702/ILSVRC2012_val_00001095.JPEG,colobus,True,True,True,yes,biotic,material,"The target entity is a colobus monkey. The visual evidence shows a real-world, physical primate within a confined environment. Colobus monkeys are non-human vertebrates (fauna), and the image captures a living organism in its physical form, fulfilling the inclusion criteria for More-Than-Human Living Entities under Flora, Fauna, and Fungi. Since nature is 'yes', I evaluate the sub-axes. The colobus monkey is a non-human vertebrate, placing it under Fauna & Animal Derivatives within the biotic category. The image is a literal, unfiltered documentary photograph of a real-world physical organism, thus it is classified as material under the Tangibility axis.",False
/home/pmonserrat/datasets/imagenet/extracted_data/n02489166/ILSVRC2012_val_00000206.JPEG,proboscis monkey,True,True,True,yes,biotic,material,"The target entity is a proboscis monkey. The visual evidence shows a real-world, physical non-human primate in its natural habitat. Proboscis monkeys are wild, non-human vertebrates (fauna), which fall under the inclusion criteria for More-Than-Human Living Entities (Flora, Fauna, Fungi). This entity is not a representation, processed food, or artefact, but a living organism in its natural environment. Since nature is 'yes', I evaluate the sub-axes. The proboscis monkey is a non-human vertebrate, placing it under Fauna & Animal Derivatives within the biotic category. Because it is a real-world, physical organism occupying space and visible in the real world, it is classified as material under the Tangibility axis.",False
/home/pmonserrat/datasets/imagenet/extracted_data/n02490219/ILSVRC2012_val_00000520.JPEG,marmoset,True,True,True,yes,biotic,material,"The target entity is a marmoset. The visual evidence shows a real, physical non-human primate within a controlled environment (cage). Marmosets are domesticated or bred non-human vertebrates, explicitly falling under the inclusion criteria for Fauna & Animal Derivatives in the More-Than-Human Living Entities category. The marmoset is a living organism, fulfilling the definition of nature. Since nature is 'yes', I evaluate the sub-axes. The marmoset is a non-human vertebrate, placing it under Fauna within the biotic category. The marmoset is a real-world, physical living entity with mass and occupying space, thus it is classified as material under the Tangibility axis.",False
/home/pmonserrat/datasets/imagenet/extracted_data/n02492035/ILSVRC2012_val_00002450.JPEG,capuchin,True,True,True,yes,biotic,material,"The target entity is a capuchin monkey. The visual evidence shows real-world capuchin monkeys in their physical environment. Capuchins are non-human vertebrates (fauna), which fall under the inclusion criteria for More-Than-Human Living Entities (Flora, Fauna, Fungi). These are living organisms, fulfilling the definition of nature under the provided taxonomy. Since nature is 'yes', I evaluate the sub-axes. Capuchins are non-human vertebrates, placing them under Fauna & Animal Derivatives within the biotic category. The image is an unfiltered documentary photograph capturing real-world physical organisms, thus it is classified as material under the Tangibility axis.",False
/home/pmonserrat/datasets/imagenet/extracted_data/n02492660/ILSVRC2012_val_00003118.JPEG,howler monkey,True,True,True,,,,,True
/home/pmonserrat/datasets/imagenet/extracted_data/n02493509/ILSVRC2012_val_00000340.JPEG,titi,True,True,True,yes,biotic,material,"The target entity is a titi monkey, specifically the Red Howler Monkey (*Alouatta seniculus*), visible in the image. The visual evidence shows a real-world, living non-human primate in its natural environment. Non-human living organisms fall under the inclusion criteria for Flora, Fauna, and Fungi, specifically Fauna & Animal Derivatives, fulfilling the criteria for nature. Since nature is 'yes', I evaluate the sub-axes. The titi monkey is a non-human vertebrate (fauna), placing it under the biotic category. The image is an unfiltered documentary photograph capturing a real-world physical organism, making it a material representation under the Tangibility axis.",False
/home/pmonserrat/datasets/imagenet/extracted_data/n02493793/ILSVRC2012_val_00003812.JPEG,spider monkey,True,True,True,yes,biotic,material,"The target entity is a spider monkey. The visual evidence shows a real-world, physical non-human primate in its natural environment, sitting on a tree branch. Non-human living organisms, such as fauna, explicitly fall under the inclusion criteria for More-Than-Human Living Entities in the Nature Definition, fulfilling the criteria for nature. Since nature is 'yes', I evaluate the sub-axes. The spider monkey is a non-human vertebrate (fauna), placing it under the biotic category. Because this is a real-world, physical organism captured in an unfiltered documentary photograph, it is classified as material under the Tangibility axis.",False
/home/pmonserrat/datasets/imagenet/extracted_data/n02494079/ILSVRC2012_val_00002011.JPEG,squirrel monkey,True,True,True,yes,biotic,material,"The target entity is a squirrel monkey. The visual evidence shows a real-world, physical non-human primate in its natural environment. Squirrel monkeys are classified under Fauna & Animal Derivatives, which falls under the inclusion criteria for More-Than-Human Living Entities (Flora, Fauna, Fungi). This entity is not a human being, nor is it a manufactured object or a representation; it is a living organism in its natural habitat. Since nature is 'yes', I evaluate the sub-axes. The squirrel monkey is a non-human vertebrate (fauna), placing it under the biotic category. Because this is a real-world, physical organism captured in its natural setting, it is classified as material under the Tangibility axis.",False
/home/pmonserrat/datasets/imagenet/extracted_data/n02497673/ILSVRC2012_val_00000092.JPEG,madagascar cat,True,True,True,yes,biotic,material,"The target entity is a lemur (commonly referred to as a 'Madagascar cat' colloquially). The visual evidence shows a real-world, physical non-human primate in its natural habitat. Lemurs are wild, non-human vertebrates (fauna) and fall under the inclusion criteria for More-Than-Human Living Entities (Fauna) in the Nature taxonomy. The image captures a literal, unfiltered depiction of a real organism in its environment, fulfilling the criteria for a Material entity under the Tangibility axis. Since nature is 'yes', I evaluate the sub-axes. The lemur is a non-human vertebrate, placing it under Fauna & Animal Derivatives within the biotic category. The image is a documentary photograph of a real-world physical organism, thus it is classified as material under the Tangibility axis.",False
/home/pmonserrat/datasets/imagenet/extracted_data/n02500267/ILSVRC2012_val_00001025.JPEG,indri,True,True,True,,,,,True
/home/pmonserrat/datasets/imagenet/extracted_data/n02504013/ILSVRC2012_val_00000597.JPEG,indian elephant,True,True,True,yes,biotic,material,"The target entity is an Indian elephant in the image. The visual evidence shows a real, living non-human organism in its physical environment. The elephant is a member of the fauna category, explicitly included under More-Than-Human Living Entities (Flora, Fauna, Fungi) in the Nature Definition. The entity is not a human, a homogenous artefact, or a representation, but a living organism itself, fulfilling the inclusion criteria for nature. Since nature is 'yes', I evaluate the sub-axes. The Indian elephant is a non-human vertebrate (fauna), placing it under the biotic category. The elephant in the image is a real-world, physical organism with mass and occupying space, making it a material entity under the Tangibility axis.",False
/home/pmonserrat/datasets/imagenet/extracted_data/n02504458/ILSVRC2012_val_00001177.JPEG,african elephant,True,True,True,,,,,True
/home/pmonserrat/datasets/imagenet/extracted_data/n02509815/ILSVRC2012_val_00002863.JPEG,lesser panda,True,True,True,yes,biotic,material,"The target entity is a lesser panda (red panda). The visual evidence shows a real-world, physical non-human mammal, specifically a red panda, which is a wild, non-domesticated animal. According to the inclusion criteria, wild fauna explicitly count as more-than-human living entities under the Nature taxonomy. Since nature is 'yes', I evaluate the sub-axes. The lesser panda is a non-human vertebrate (fauna), placing it under the biotic category. The image is an unfiltered documentary photograph capturing a real-world physical organism, making it a material instance under the Tangibility axis.",False
/home/pmonserrat/datasets/imagenet/extracted_data/n02510455/ILSVRC2012_val_00000481.JPEG,giant panda,True,True,True,yes,biotic,material,"The target entity is a giant panda. The visual evidence shows a real-world, physical giant panda in its environment. Giant pandas are non-human vertebrates (fauna) and fall under the inclusion criteria for More-Than-Human Living Entities. This entity is a living organism, fulfilling the definition of biotic nature. Since nature is 'yes', I evaluate the sub-axes. The giant panda is a non-human vertebrate, placing it under Fauna within the biotic category. The image is an unfiltered documentary depiction of a real-world physical organism, making it classified as material under the Tangibility axis.",False
/home/pmonserrat/datasets/imagenet/extracted_data/n02514041/ILSVRC2012_val_00000312.JPEG,barracouta,True,True,True,yes,biotic,material,"The target entity is a barracouta, a type of fish. The visual evidence in the image shows a real-world, physical fish swimming in its natural underwater environment. Barracouta is a non-human vertebrate (fauna), and the image captures it in its natural habitat, fulfilling the inclusion criteria for More-Than-Human Living Entities (Fauna) under the Nature Definition. Since nature is 'yes', I evaluate the sub-axes. The barracouta is a non-human vertebrate, placing it under Fauna within the biotic category. The image is an unfiltered documentary photograph capturing a real-world physical organism in its environment, thus it is classified as material under the Tangibility axis.",False
/home/pmonserrat/datasets/imagenet/extracted_data/n02526121/ILSVRC2012_val_00000066.JPEG,eel,True,True,True,yes,biotic,material,"The target entity in the image is an organism that appears to be a moray eel, a type of fish. The visual evidence shows a real-world, physical, living organism in its natural habitat. Moray eels are non-human vertebrates (fauna) and fall under the inclusion criteria for More-Than-Human Living Entities (Fauna). Since nature is 'yes', I evaluate the sub-axes. The moray eel is a non-human vertebrate, placing it under Fauna within the biotic category. The image is a standard, literal, realistic photograph capturing a real-world physical organism, thus it is classified as material under the Tangibility axis.",False
/home/pmonserrat/datasets/imagenet/extracted_data/n02536864/ILSVRC2012_val_00002364.JPEG,coho,True,True,True,yes,biotic,material,"The target entity is a coho, specifically a fish identified as a coho salmon in the image. The visual evidence shows a real-world, physical organism swimming in a natural aquatic environment. Coho salmon are non-human vertebrates (fauna) and fall under the inclusion criteria for More-Than-Human Living Entities (Fauna). Since nature is 'yes', I evaluate the sub-axes. The coho is a non-human vertebrate, placing it under Fauna within the biotic category. The image is a standard, literal, documentary photograph capturing a real-world physical organism in its environment, thus it is classified as material under the Tangibility axis.",False
/home/pmonserrat/datasets/imagenet/extracted_data/n02606052/ILSVRC2012_val_00000124.JPEG,rock beauty,True,True,True,yes,biotic,material,"The target entity is a 'rock beauty,' specifically referring to the **rock beauty angelfish** (*Centropyge tibicen*), a species of marine fish. The visual evidence in the image shows a real, living organism in its natural underwater habitat. This fish is a non-human vertebrate (fauna) and falls under the inclusion scope of More-Than-Human Living Entities (Fauna). The image is a literal, unfiltered documentary photograph capturing a real-world physical organism, fulfilling the criteria for a Material entity under the Tangibility axis. Since nature is 'yes', I evaluate the sub-axes. The rock beauty angelfish is a non-human vertebrate, placing it under Fauna & Animal Derivatives within the biotic category. Because the image is a standard, literal, realistic photograph of a real-world physical organism, it is classified as material under the Tangibility axis.",False
/home/pmonserrat/datasets/imagenet/extracted_data/n02607072/ILSVRC2012_val_00001176.JPEG,anemone fish,True,True,True,yes,biotic,material,"The target entity is an anemone fish. The visual evidence shows a real-world, physical organism within its natural environment, specifically a coral reef. Anemone fish are non-human vertebrates (fauna) and fall under the inclusion criteria for More-Than-Human Living Entities. The image is a standard, literal, realistic photograph capturing a real-world physical organism in its habitat, fulfilling the criteria for Material nature under the Tangibility axis. Since nature is 'yes', I evaluate the sub-axes. The anemone fish is a non-human vertebrate, placing it under Fauna & Animal Derivatives within the biotic category. The image is an unfiltered documentary photograph capturing a real-world physical organism, thus it is classified as material under the Tangibility axis.",False
/home/pmonserrat/datasets/imagenet/extracted_data/n02640242/ILSVRC2012_val_00000050.JPEG,sturgeon,True,True,True,yes,biotic,material,"The target entity is a sturgeon, specifically the roe (caviar) and the whole fish displayed in the image. The visual evidence shows a physical, processed biological product derived from a non-human vertebrate (fauna). Sturgeon and its derivatives are explicitly included under Fauna & Animal Derivatives in the Biotic category of the Nature taxonomy. The image captures a real-world physical product, fulfilling the inclusion criteria for nature as a processed food item derived from a more-than-human living entity. Since nature is 'yes', I evaluate the sub-axes. Sturgeon is a non-human vertebrate (fauna), placing it under Fauna & Animal Derivatives within the biotic category. The roe and fish are tangible, physical products with mass and occupy space, making them classified as material under the Tangibility axis.",False
/home/pmonserrat/datasets/imagenet/extracted_data/n02641379/ILSVRC2012_val_00001975.JPEG,gar,True,True,True,yes,biotic,material,"The target entity is a gar, specifically a dead alligator gar (a type of fish). The visual evidence shows a real-world, physical specimen of a non-human vertebrate (fauna) in its natural environment. Alligator gars are wild, non-human organisms, and their physical presence in the real world fulfills the inclusion criteria for More-Than-Human Living Entities under Flora, Fauna, and Fungi. The image is a literal, unfiltered depiction of a real-world entity, not a representation or artistic fabrication. Since nature is 'yes', I evaluate the sub-axes. The alligator gar is a non-human vertebrate, placing it under Fauna & Animal Derivatives within the biotic category. Because this is a real-world physical specimen with mass and occupying space, it is classified as material under the Tangibility axis.",False
/home/pmonserrat/datasets/imagenet/extracted_data/n02643566/ILSVRC2012_val_00000196.JPEG,lionfish,True,True,True,yes,biotic,material,"The target entity is a lionfish. The visual evidence shows a real-world, physical organism captured in its natural habitat. Lionfish are non-human vertebrates (fauna) and fall under the inclusion criteria for More-Than-Human Living Entities (Flora, Fauna, Fungi). The image is a standard, literal, realistic photograph of a real-world organism, fulfilling the criteria for a Material entity under the Tangibility axis. Since nature is 'yes', I evaluate the sub-axes. Lionfish are non-human vertebrates, placing them under Fauna & Animal Derivatives within the biotic category. The image is an unfiltered documentary photograph capturing a real-world physical organism, classifying it as material under the Tangibility axis.",False
/home/pmonserrat/datasets/imagenet/extracted_data/n02655020/ILSVRC2012_val_00000699.JPEG,puffer,True,True,True,yes,biotic,material,"The target entity is a pufferfish. The visual evidence shows a real-world, physical organism with distinct biological features such as fins, scales, and a body shape characteristic of a pufferfish. Pufferfish are non-human vertebrates (fauna) and fall under the inclusion criteria for More-Than-Human Living Entities (Flora, Fauna, Fungi). Since nature is 'yes', I evaluate the sub-axes. The pufferfish is a non-human vertebrate, placing it under Fauna & Animal Derivatives within the biotic category. Because the image is an unfiltered documentary depiction of a real-world physical organism, it is classified as material under the Tangibility axis.",False
/home/pmonserrat/datasets/imagenet/extracted_data/n02666196/ILSVRC2012_val_00000038.JPEG,abacus,False,,,yes,biotic,material,"The target entity in the image is a tray filled with what appear to be small, yellow, round objects resembling eggs or similar food items. The tray itself is a manufactured object, but the focus is on the contents, which are processed food items (the eggs). According to the inclusion criteria, processed food and drinks are explicitly included under the Ingestion Criterion as part of the Nature taxonomy, specifically as 'Processed Food & Drinks'. These items are derived from living organisms (chickens) and are edible, fulfilling the inclusion criteria for nature. Since nature is 'yes', I evaluate the sub-axes. The eggs are derived from fauna (chickens), placing them under Fauna & Animal Derivatives within the biotic category. The eggs are physical, tangible items that occupy space and have mass, making them classified as material under the Tangibility axis.",False
/home/pmonserrat/datasets/imagenet/extracted_data/n02666196/ILSVRC2012_val_00000417.JPEG,abacus,False,,,no,none,none,"The target entity is an abacus. The visual evidence shows a physical, functional counting tool made of a structured grid with sliding beads. The abacus is a manufactured artefact without any identifiable natural material or texture, nor does it depict or reference any natural entity, process, or ecosystem. It does not fall under any inclusion criteria for nature, such as natural elements, organisms, ecosystems, or representations of nature. Instead, it is a human-made tool for calculation, which falls under the exclusion scope of the taxonomy. Not applicable since the entity is not classified as nature.",False
/home/pmonserrat/datasets/imagenet/extracted_data/n02667093/ILSVRC2012_val_00001285.JPEG,abaya,False,,,yes,biotic,immaterial,"The target entity is an abaya adorned with floral embroidery. The abaya itself is a garment, not a natural entity, but the embroidered floral patterns explicitly depict natural flora. These floral designs are artistic and symbolic representations of plants, fulfilling the inclusion criteria for Representations of Nature under the Nature-Based Artefacts category. The embroidery is a crafted, stylized depiction of flora, not a literal or unprocessed natural element. Since nature is 'yes', I evaluate the sub-axes. The embroidered floral patterns represent plants, placing them under Flora & Plant Derivatives within the biotic category. Although the abaya is a physical garment, the embroidered floral designs are artistic and symbolic representations rather than real-world physical flora. Therefore, they are classified as immaterial under the Tangibility axis, as they are crafted representations rather than direct depictions of real-world material nature.",False
/home/pmonserrat/datasets/imagenet/extracted_data/n02667093/ILSVRC2012_val_00001495.JPEG,abaya,False,,,no,none,none,"The target entity is an abaya adorned with butterfly motifs. The visual evidence shows a garment that is a manufactured functional object primarily made of fabric. The abaya itself is not a natural entity, but it features decorative elements (butterflies) that are representations of more-than-human living organisms (fauna). However, the abaya itself does not qualify as a nature-based artefact because it is not primarily crafted from or visually identifiable by natural materials in a way that retains their original texture or grain. The decorative elements are symbolic and artistic representations of butterflies, but the abaya as a whole does not fulfill the criteria for nature-based artefacts or natural elements. The inclusion of butterfly motifs alone does not transform the abaya into a natural entity. Not applicable since the abaya as a whole does not qualify as nature. The decorative elements are representations of nature but are not the primary focus or defining characteristic of the abaya itself.",False
/home/pmonserrat/datasets/imagenet/extracted_data/n02669723/ILSVRC2012_val_00000851.JPEG,academic gown,False,,,no,none,none,"The target entity is an academic gown. The visual evidence shows a ceremonial garment worn by individuals in the image. Academic gowns are manufactured, human-made garments and do not originate from or depict natural elements, biological processes, or ecosystems. They are not derived from natural materials in a way that retains identifiable natural texture or grain, nor do they depict natural entities. Therefore, they fall under the exclusion criteria for nature, specifically Homogenous Artefacts, as they do not meet the inclusion criteria for Nature-Based Artefacts or Representations of Nature. Not applicable since the entity is not classified as nature.",False
/home/pmonserrat/datasets/imagenet/extracted_data/n02669723/ILSVRC2012_val_00002220.JPEG,academic gown,False,,,no,none,none,"The target entity is an academic gown. The visual evidence shows a garment worn by an individual during a graduation ceremony. Academic gowns are manufactured garments made from fabric, typically without any identifiable natural texture or grain. They do not depict or reference natural entities, nor are they crafted from materials that retain visible natural characteristics. Additionally, academic gowns are not derived from or representative of any natural elements or processes. Therefore, this entity does not fulfill the inclusion criteria for nature under the provided taxonomy. Not applicable since the entity does not meet the criteria for nature.",False
/home/pmonserrat/datasets/imagenet/extracted_data/n02672831/ILSVRC2012_val_00000204.JPEG,accordion,False,,,no,none,none,"The target entity is an accordion. The visual evidence shows a musical instrument that is a manufactured artefact. Accordions are made from materials like wood, metal, and leather, which are processed and do not retain their original natural texture in a visually identifiable way. The accordion itself is not a natural entity, nor does it depict a natural entity. It is a homogenous artefact, and it does not fall under any of the inclusion criteria for nature, such as natural elements, ecosystems, or representations of nature. Not applicable since the entity is not classified as nature.",False
/home/pmonserrat/datasets/imagenet/extracted_data/n02676566/ILSVRC2012_val_00001416.JPEG,acoustic guitar,False,,,no,none,none,"The target entity is an acoustic guitar. The visual evidence shows a manufactured musical instrument made primarily of wood. While the guitar is a human-made object, it is crafted from wood, a natural material whose grain and texture are still visually identifiable. However, the inclusion criteria for Nature-Based Artefacts specifically require that the natural material of origin remains visually identifiable by its structure, grain, or texture, and that the object itself is not primarily functional or decorative in a way that obscures its natural origin. An acoustic guitar, despite being made from wood, is a functional human-made artefact and does not inherently depict or represent a natural entity. It does not fall under the inclusion criteria for Nature-Based Artefacts, nor does it depict or represent a natural element. Therefore, it does not count as nature under the provided definition. Not applicable since the entity does not fulfill the criteria for nature.",False
/home/pmonserrat/datasets/imagenet/extracted_data/n02687172/ILSVRC2012_val_00000289.JPEG,aircraft carrier,False,,,no,none,none,"The target entity is an aircraft carrier. The visual evidence shows a large, man-made naval vessel designed to deploy aircraft. Aircraft carriers are manufactured structural objects primarily composed of metal and other synthetic materials. They do not originate from or depict natural elements, nor do they involve natural materials in a way that retains identifiable natural texture or structure. They fall under the category of Homogenous Artefacts, which are explicitly excluded from the nature taxonomy. Not applicable since the entity is not classified as nature, as it does not meet the inclusion criteria for nature under the provided definitions.",False
/home/pmonserrat/datasets/imagenet/extracted_data/n02690373/ILSVRC2012_val_00000631.JPEG,airliner,False,,,no,none,none,"The target entity is an airliner. The visual evidence shows a manufactured, human-made aircraft designed for air travel. Airliners are industrial artefacts created for transportation purposes and do not fall under any category of natural entities, biological processes, or physical elements as defined in the taxonomy. They are not derived from or representative of natural materials or processes, nor do they depict natural entities. Therefore, they fall under the Exclusion Scope of the taxonomy. Not applicable since the entity is not classified as nature.",False
/home/pmonserrat/datasets/imagenet/extracted_data/n02692877/ILSVRC2012_val_00001602.JPEG,airship,False,,,no,none,none,"The target entity is an airship in the image. The airship is a man-made vehicle designed for flight, not a natural entity. It is not a more-than-human living organism, ecosystem, natural element, or process. Airships are technological constructs and do not fall under the inclusion criteria for nature, which explicitly excludes manufactured structural or functional objects that do not depict or derive from natural entities. The airship does not represent or depict a natural element, nor is it a natural substance or process. Not applicable since the entity is not classified as nature.",False
/home/pmonserrat/datasets/imagenet/extracted_data/n02699494/ILSVRC2012_val_00000932.JPEG,altar,False,,,no,none,none,"The target entity is an altar in a temple setting. The visual evidence shows a physical structure adorned with statues and decorative elements, primarily serving a religious or ceremonial purpose. The altar itself is a crafted object, not a natural entity or a depiction of nature. It is not a natural element, ecosystem, organism, or representation of nature. Instead, it is a human-made structure designed for ritualistic or spiritual use, which falls under the Exclusion Scope of the taxonomy as it does not meet the criteria for nature, flora, fauna, or abiotic elements. The altar is not a natural entity or representation of nature. Not applicable since the entity is not classified as nature.",False
/home/pmonserrat/datasets/imagenet/extracted_data/n02701002/ILSVRC2012_val_00001910.JPEG,ambulance,False,,,no,none,none,"The target entity is an ambulance. The visual evidence shows a manufactured vehicle designed for emergency medical services. The ambulance is a human-made object, not a natural entity, and does not fall under any category of more-than-human living organisms, ecosystems, natural elements, or processes. It is a homogenous artefact without any identifiable natural material or depiction of natural elements. Therefore, it does not meet the inclusion criteria for nature under the provided taxonomy. Not applicable since the entity is not classified as nature.",False
/home/pmonserrat/datasets/imagenet/extracted_data/n02704792/ILSVRC2012_val_00000998.JPEG,amphibian,False,,,,,,,True
/home/pmonserrat/datasets/imagenet/extracted_data/n02708093/ILSVRC2012_val_00001011.JPEG,analog clock,False,,,no,none,none,"The target entity is an analog clock. The visual evidence shows a manufactured, functional object made of wood and metal, with no identifiable natural material or depiction of natural elements. The clock itself is not a natural entity, nor does it depict or reference any natural elements explicitly. It is a homogenous artefact without any visible natural texture or representation of nature, thus falling under the Exclusion Scope of the taxonomy. Not applicable since the entity does not fulfill the criteria for nature.",False
/home/pmonserrat/datasets/imagenet/extracted_data/n02727426/ILSVRC2012_val_00002391.JPEG,apiary,False,,,yes,biotic,material,"The target entity is an apiary, which in this image is represented by a physical structure containing beehives and bees. The visual evidence shows a real-world setting with bees, beehives, and a beekeeper interacting with the hives. Bees are non-human living organisms (fauna), and beehives are structures used to house them, which are directly related to biological ecosystems. Apiaries are explicitly part of the inclusion scope under Biological Ecosystems (domesticated or bred non-human organisms and their environments), fulfilling the criteria for nature. Since nature is 'yes', I evaluate the sub-axes. Bees and their hives fall under Fauna & Animal Derivatives within the biotic category. The apiary is a real-world physical environment where living organisms (bees) interact and reside, making it a material entity under the Tangibility axis as it occupies space and has physical presence.",False
/home/pmonserrat/datasets/imagenet/extracted_data/n02730930/ILSVRC2012_val_00000771.JPEG,apron,False,,,no,none,none,"The target entity is an apron. The visual evidence shows a functional garment made of fabric, which is a manufactured item. Aprons do not inherently depict or derive from natural elements, nor do they possess any visually identifiable natural texture or grain. The apron itself is a homogenous artefact without any explicit reference to natural elements or organisms. It does not fall under Nature-Based Artefacts, as it does not retain any identifiable natural material or depict a natural entity. Therefore, it does not fulfill the inclusion criteria for nature. Not applicable since the entity does not meet the criteria for nature.",False
/home/pmonserrat/datasets/imagenet/extracted_data/n02747177/ILSVRC2012_val_00000422.JPEG,ashcan,False,,,no,none,none,"The target entity is an ashcan in the image, which is a trash bin typically used for waste disposal. The visual evidence shows a metallic container with a plastic bag inside, which is a manufactured object. This object does not depict or reference any natural entity, nor is it made from or visually identifiable by natural materials in a way that retains their original texture or grain. It is a homogenous artefact without any explicit connection to nature, fulfilling the exclusion criteria for nature. Not applicable since the entity is not classified as nature.",False
/home/pmonserrat/datasets/imagenet/extracted_data/n02749479/ILSVRC2012_val_00000268.JPEG,assault rifle,True,True,True,no,none,none,"The target entity is an assault rifle. The visual evidence shows a manufactured, functional object made of metal and plastic. Assault rifles are human-made weapons and do not fall under any category of more-than-human living entities, ecosystems, natural elements, or processes. They are not derived from natural materials in a way that retains identifiable natural texture or structure, nor do they depict natural entities. Therefore, this entity falls under the Exclusion Scope of the taxonomy, specifically Homogenous Artefacts, as it is a manufactured object without identifiable natural origins or depictions of nature. Not applicable since the entity is not classified as nature.",False
/home/pmonserrat/datasets/imagenet/extracted_data/n02769748/ILSVRC2012_val_00000459.JPEG,backpack,False,,,no,none,none,"The target entity is a backpack. The visual evidence shows a manufactured bag with straps, designed for carrying items. The backpack itself is a functional, homogenous artefact made of synthetic materials (plastic, fabric) without any visible natural texture or grain. It does not depict or reference any natural entity, nor does it consist of natural materials that retain their identifiable structure or texture. Therefore, it does not meet the criteria for Nature-Based Artefacts or any other inclusion criteria for nature under the provided taxonomy. Not applicable since the entity is not classified as nature.",False
/home/pmonserrat/datasets/imagenet/extracted_data/n02776631/ILSVRC2012_val_00000008.JPEG,bakery,False,,,no,none,none,"The target entity is a bakery, specifically the macarons shown in the image. The visual evidence depicts processed food items that are derived from natural ingredients (flour, eggs, sugar, etc.). However, the macarons themselves are fully processed, edible products that do not inherently represent or depict natural entities in their current form. They are not raw or unprocessed natural elements, nor do they depict flora, fauna, or natural processes. Instead, they are a result of human processing and preparation of natural ingredients. Therefore, they do not fulfill the inclusion criteria for nature under the provided definitions, particularly the Ingestion Criterion for Processed Food & Drinks, as they are not directly identifiable as natural elements in their current state. Not applicable since the entity does not qualify as nature under the given taxonomy.",False
/home/pmonserrat/datasets/imagenet/extracted_data/n02777292/ILSVRC2012_val_00000494.JPEG,balance beam,False,,,no,none,none,"The target entity is a balance beam in the context of gymnastics. The visual evidence shows a narrow, elongated apparatus used for gymnastics routines. The balance beam itself is a manufactured, functional object made of wood or composite materials. While it is derived from natural materials like wood, the beam is a processed, structural artefact designed for human use and does not inherently depict or represent a natural entity or process. It does not fall under the inclusion criteria for Nature-Based Artefacts because its primary purpose is functional rather than decorative or symbolic, and it does not retain a visually identifiable natural texture or grain in its current form. Additionally, it is not a natural element, ecosystem, or representation of nature. Not applicable since the entity does not meet the criteria for nature.",False
/home/pmonserrat/datasets/imagenet/extracted_data/n02782093/ILSVRC2012_val_00001731.JPEG,balloon,False,,,no,none,none,"The target entity is a hot air balloon designed to resemble a face. The visual evidence shows a fabricated, non-living object that is not a real organism, ecosystem, or natural process. The balloons are man-made and do not represent a natural entity in a literal, documentary, or biological sense. They are decorative and symbolic representations, designed for aesthetic or entertainment purposes rather than depicting a natural element or process. Therefore, they do not fulfill the inclusion criteria for nature under the provided definitions. Not applicable since the entity is not classified as nature. The balloons are manufactured artefacts without a direct reference to natural elements or processes, and they do not fall under any of the inclusion criteria for nature.",False
/home/pmonserrat/datasets/imagenet/extracted_data/n02783161/ILSVRC2012_val_00000721.JPEG,ballpoint,False,,,no,none,none,"The target entity is a ballpoint pen. The visual evidence shows a manufactured writing instrument made of metal and plastic. The pen itself is not derived from or visually identifiable as a natural material or entity. It does not depict a natural element, nor does it fall under any category of natural entities, ecosystems, or processes. Therefore, it does not meet the inclusion criteria for nature under the provided definitions and falls under the Exclusion Scope as a homogenous artefact. Not applicable since the entity is not classified as nature.",False
/home/pmonserrat/datasets/imagenet/extracted_data/n02786058/ILSVRC2012_val_00000400.JPEG,band aid,False,,,no,none,none,"The target entity is a band aid in the image. The visual evidence shows a piece of adhesive medical tape, which is a manufactured product designed for human use. Band aids are not derived from natural materials, nor do they depict or represent natural entities. They fall under the category of human-made medical supplies and do not meet the inclusion criteria for nature, as they are not more-than-human living entities, ecosystems, natural elements, or representations thereof. Not applicable since the entity is not classified as nature.",False
/home/pmonserrat/datasets/imagenet/extracted_data/n02787622/ILSVRC2012_val_00000315.JPEG,banjo,False,,,no,none,none,"The target entity is a banjo. The visual evidence shows a musical instrument that is crafted from materials such as wood, metal, and gut strings. While the banjo is a manufactured object, it does not fall under the category of nature as defined in the taxonomy. The banjo is not a more-than-human living entity, ecosystem, natural element, or representation of nature. It is a human-made artefact without any explicit reference to natural elements or processes in its form or function, and it does not depict or symbolize any natural entity. Therefore, it does not meet the inclusion criteria for nature. Not applicable since the entity is not classified as nature.",False
/home/pmonserrat/datasets/imagenet/extracted_data/n02788148/ILSVRC2012_val_00000272.JPEG,bannister,False,,,no,none,none,"The target entity is a bannister (handrail) in the image. The visual evidence shows a manufactured structural object made of metal with intricate designs. The bannister itself is not made of a natural material that retains its original texture or grain, nor does it depict a natural entity. It is a homogenous artefact without identifiable natural characteristics or depictions of nature. Therefore, it does not fulfill the criteria for Nature-Based Artefacts or any other inclusion criteria for nature under the provided taxonomy. Not applicable since the entity does not meet the criteria for nature classification.",False
/home/pmonserrat/datasets/imagenet/extracted_data/n02790996/ILSVRC2012_val_00004406.JPEG,barbell,False,,,no,none,none,"The target entity is a barbell. The visual evidence shows a manufactured, functional object made of metal, which is a processed material derived from mining and industrial processes. Barbell is a homogenous artefact used for physical exercise, and its material composition does not retain any identifiable natural texture or grain. Additionally, it does not depict or represent a natural entity. Therefore, it falls under the exclusion criteria for nature as it does not fulfill the inclusion scope for Nature-Based Artefacts or any other natural category. Not applicable since the entity is not classified as nature.",False
/home/pmonserrat/datasets/imagenet/extracted_data/n02791124/ILSVRC2012_val_00000759.JPEG,barber chair,False,,,no,none,none,"The target entity is a barber chair. The visual evidence shows a manufactured, functional object designed for use in a barber shop. The chair itself is made of synthetic materials (leather and metal) and does not depict or derive from any natural entity or process. It is a homogenous artefact without any visible natural texture or grain, and it does not represent or depict a natural element. Therefore, it does not meet the criteria for Nature-Based Artefacts or any other inclusion criteria for nature. Not applicable since the entity is not classified as nature.",False
/home/pmonserrat/datasets/imagenet/extracted_data/n02791270/ILSVRC2012_val_00000076.JPEG,barbershop,False,,,no,none,none,"The target entity is a barbershop. The visual evidence shows a commercial establishment designed for human grooming services. Barbershops are human-centric businesses and do not inherently reference, depict, or interact with more-than-human living entities, non-living natural elements, or processes. They fall under the Exclusion Scope as they are not related to nature in any way according to the provided definitions. Not applicable since the entity is not classified as nature. The barbershop is a human-made facility for human use and does not meet the criteria for nature classification.",False
/home/pmonserrat/datasets/imagenet/extracted_data/n02793495/ILSVRC2012_val_00000234.JPEG,barn,False,,,no,none,none,"The target entity is a barn. The visual evidence shows a red, wooden structure situated in a rural landscape. While the barn is a human-made building, it is constructed from wood, a natural material that retains its visible grain and texture. However, the barn itself is not a natural entity but rather a human-made artefact. The inclusion criteria for Nature-Based Artefacts require that the natural material of origin remains visually identifiable by its structure, grain, or texture, and that the object does not depict a natural entity. Although the barn is made of wood, it is a manufactured structural object that does not inherently belong to the natural environment or ecosystem. It is not a natural element, ecosystem, or representation of nature but rather a human construction. Not applicable since the entity is not classified as nature under the provided definitions.",False
/home/pmonserrat/datasets/imagenet/extracted_data/n02794156/ILSVRC2012_val_00000287.JPEG,barometer,False,,,no,none,none,"The target entity is a barometer. The visual evidence shows a mechanical device designed to measure atmospheric pressure, which is a physical, non-living natural process. While the barometer itself is a manufactured artefact, it is explicitly referencing and measuring an abiotic natural phenomenon (atmospheric pressure). However, the barometer itself is not a natural entity or process but rather a tool for measuring it. Since the barometer is not a natural element, ecosystem, or representation of nature, it does not fulfill the inclusion criteria for nature under the provided taxonomy. Not applicable since the entity itself is not classified as nature; it is a human-made instrument used to measure abiotic natural phenomena.",False
/home/pmonserrat/datasets/imagenet/extracted_data/n02795169/ILSVRC2012_val_00000687.JPEG,barrel,False,,,no,none,none,"The target entity is a barrel. The visual evidence shows a cylindrical container that appears to be made of metal and is likely used for storage. Barrels are typically manufactured objects, often made from wood or metal, and are not inherently natural entities. The visible texture and material do not represent or depict any natural element or process. Instead, it is a homogenous artefact, lacking any identifiable natural texture or reference to natural entities. Therefore, it does not fulfill the criteria for Nature-Based Artefacts or any other inclusion criteria for nature under the provided taxonomy. Not applicable since the entity is not classified as nature.",False
/home/pmonserrat/datasets/imagenet/extracted_data/n02797295/ILSVRC2012_val_00002509.JPEG,barrow,False,,,no,none,none,"The target entity is a barrow (wheelbarrow). The visual evidence shows a manufactured, functional object made of metal and rubber. The barrow is a human-made tool and does not originate from or depict a natural entity. It does not fall under any inclusion criteria for nature, such as natural elements, ecosystems, or representations of nature. Instead, it is a homogenous artefact where the original natural texture is unidentifiable and the object does not depict or derive from a natural entity. Therefore, it falls under the Exclusion Scope of the taxonomy. Not applicable since the entity is not classified as nature.",False
/home/pmonserrat/datasets/imagenet/extracted_data/n02799071/ILSVRC2012_val_00001468.JPEG,baseball,False,,,no,none,none,"The target entity is a baseball. The visual evidence shows a manufactured, spherical object made of a synthetic material (leather and rubber) with a stitched pattern. Baseballs are functional, human-made artefacts designed for sports. They do not originate from or depict natural elements, nor do they have any identifiable natural material or texture. They fall under the exclusion criteria for nature as they are homogenous artefacts without any reference to natural characteristics or depictions of natural entities. Not applicable since the entity is not classified as nature.",False
/home/pmonserrat/datasets/imagenet/extracted_data/n02802426/ILSVRC2012_val_00001517.JPEG,basketball,False,,,no,none,none,"The target entity is a basketball. The visual evidence shows a spherical object used in the sport of basketball. Basketballs are manufactured objects made from synthetic materials like rubber and leather, which are not derived from natural materials in a way that retains identifiable natural texture or grain. The object itself does not depict a natural entity and does not fall under any category of natural elements, ecosystems, or processes. Therefore, it does not meet the inclusion criteria for nature under the provided taxonomy. Not applicable since the entity is not classified as nature.",False
/home/pmonserrat/datasets/imagenet/extracted_data/n02804414/ILSVRC2012_val_00000354.JPEG,bassinet,False,,,,,,,True
/home/pmonserrat/datasets/imagenet/extracted_data/n02804610/ILSVRC2012_val_00001090.JPEG,bassoon,False,,,no,none,none,"The target entity is a bassoon. The visual evidence shows a manufactured musical instrument made of metal and wood. The bassoon is a human-made artefact, and while it may incorporate wood (a natural material), the object itself is not a natural entity, nor does it depict or represent a natural entity. The bassoon does not fall under any inclusion criteria for nature, such as being a more-than-human living organism, a natural element, or a representation of nature. It is a homogenous artefact with no explicit reference to natural elements in its form or function, and it does not qualify as a nature-based artefact under the given taxonomy. Not applicable since the entity is not classified as nature.",False
/home/pmonserrat/datasets/imagenet/extracted_data/n02807133/ILSVRC2012_val_00001013.JPEG,bathing cap,False,,,no,none,none,"The target entity is a bathing cap. The visual evidence shows a manufactured headwear item typically used for swimming. Bathing caps are functional objects made from synthetic materials (e.g., latex, silicone) and do not depict or derive from natural elements. They are not crafted from or visually identifiable by natural materials, nor do they represent or depict any natural entity. Therefore, they fall under the exclusion criteria for nature, specifically Homogenous Artefacts, as they lack any identifiable natural texture or reference to natural elements. Not applicable since the entity is not classified as nature.",False
/home/pmonserrat/datasets/imagenet/extracted_data/n02808304/ILSVRC2012_val_00001384.JPEG,bath towel,False,,,no,none,none,"The target entity is a bath towel. The visual evidence shows a rolled towel made of fabric, which is a manufactured textile product. The towel itself is not a natural entity, nor does it depict or represent a natural element. It is a homogenous artefact without any identifiable natural material or texture, nor does it fall under any category of nature-based artefacts, ecosystems, or representations of nature. Therefore, it does not fulfill the inclusion criteria for nature. Not applicable since the entity does not meet the criteria for nature.",False
/home/pmonserrat/datasets/imagenet/extracted_data/n02808440/ILSVRC2012_val_00002563.JPEG,bathtub,False,,,no,none,none,"The target entity is a bathtub in the image. The visual evidence shows a manufactured, non-functional object that is no longer in use and appears to be discarded. Bathtubs are homogenous artefacts made of materials like porcelain or metal, which do not retain any identifiable natural texture or grain. Additionally, the bathtubs do not depict or represent any natural entity or process. They are purely man-made objects without any explicit connection to natural elements or organisms, thus falling under the exclusion criteria for nature. Not applicable since the entity is not classified as nature.",False
/home/pmonserrat/datasets/imagenet/extracted_data/n02814533/ILSVRC2012_val_00000175.JPEG,beach wagon,False,,,no,none,none,"The target entity is a beach wagon, specifically the red station wagon in the image. The visual evidence shows a manufactured vehicle that is not a natural entity itself. The vehicle is a homogenous artefact made of metal, plastic, and glass, with no visible natural texture or grain. It does not depict a natural entity or have any explicit reference to nature in its design or function. Therefore, it does not fulfill the criteria for Nature-Based Artefacts or any other inclusion criteria for nature under the provided taxonomy. Not applicable since the entity is not classified as nature.",False
/home/pmonserrat/datasets/imagenet/extracted_data/n02814860/ILSVRC2012_val_00000483.JPEG,beacon,False,,,no,none,none,"The target entity is a beacon, specifically a lighthouse. The visual evidence shows a man-made structure with a light source, situated in a natural environment. Beacons are artificial constructs designed to guide navigation and are not inherently natural entities. They do not fall under any category of more-than-human living organisms, ecosystems, natural elements, or processes. The beacon itself is a human-made artefact and does not meet the inclusion criteria for nature, as it is not a natural element or process, nor does it depict or represent a natural entity. Not applicable since the entity is not classified as nature.",False
/home/pmonserrat/datasets/imagenet/extracted_data/n02815834/ILSVRC2012_val_00000253.JPEG,beaker,False,,,no,none,none,"The target entity is a beaker in the image. The beaker is a laboratory container typically used for holding liquids. It is a manufactured object made of glass, which is a processed material derived from natural silica but is not itself a natural entity. The beaker itself does not depict or represent a natural element, nor does it have any inherent natural characteristics or origins that fulfill the inclusion criteria for nature. It is a homogenous artefact without identifiable natural texture or depiction of natural entities. Not applicable since the entity is not classified as nature.",False
/home/pmonserrat/datasets/imagenet/extracted_data/n02817516/ILSVRC2012_val_00001048.JPEG,bearskin,False,,,no,none,none,"The target entity is a bearskin, which is a hat traditionally made from the fur of a bear. The visual evidence shows it being worn by individuals in a ceremonial or military context. While the bearskin itself is a manufactured artefact derived from an animal, it is not a natural entity in its own right but rather a processed product made from a natural material (bear fur). The inclusion criteria for nature-based artefacts require that the natural material of origin remains visually identifiable by its structure, grain, or texture, and that the object does not depict a natural entity. However, the bearskin hat itself is not a natural entity but a crafted item made from a natural material. It does not fall under the inclusion criteria for nature-based artefacts because it is not a depiction or a direct representation of nature but rather a functional object made from natural materials. Therefore, it does not count as nature under the provided definition. Not applicable since the entity does not meet the criteria for nature.",False
/home/pmonserrat/datasets/imagenet/extracted_data/n02823428/ILSVRC2012_val_00000654.JPEG,beer bottle,False,,,,,,,True
/home/pmonserrat/datasets/imagenet/extracted_data/n02823750/ILSVRC2012_val_00003782.JPEG,beer glass,False,,,yes,biotic,material,"The target entity is a beer glass containing beer. The visual evidence shows a processed liquid beverage, which falls under the inclusion criteria for Processed Food & Drinks based on the ingestion criterion. Beer is a fermented drink derived from natural ingredients (grains, hops, yeast), and the glass itself is a container for this natural-derived product. However, the glass itself is not a natural entity; it is a manufactured artefact. The focus here is on the content (beer) rather than the container. Since the beer is a processed food and drink, it qualifies as nature under the inclusion criteria for Processed Food & Drinks. Since nature is 'yes', I evaluate the sub-axes. Beer is a processed food and drink derived from natural ingredients, which places it under the Biotic category due to its biological origins (e.g., grains, yeast). Despite being processed, the core biological components remain. The beer in the glass is a physical, tangible substance, thus it is classified as material under the Tangibility axis.",False
/home/pmonserrat/datasets/imagenet/extracted_data/n02825657/ILSVRC2012_val_00001103.JPEG,bell cote,False,,,no,none,none,"The target entity is a bell cote, which is a structure typically found on church towers or similar buildings, designed to house bells. The visual evidence in the image shows a physical, constructed tower with architectural elements. Bell cotes are man-made structures and do not inherently relate to natural elements, biological processes, or ecosystems. They are not derived from or representative of any natural entity or process. Therefore, it does not fulfill the inclusion criteria for nature under the provided definitions. Not applicable since the entity is not classified as nature.",False
/home/pmonserrat/datasets/imagenet/extracted_data/n02834397/ILSVRC2012_val_00001252.JPEG,bib,False,,,no,none,none,"The target entity is a bib with a pattern resembling concentric circles, which visually references natural elements such as tree rings, ripples in water, or sun/moon phases. However, the bib itself is a manufactured textile item designed for human use, not a natural entity or a direct representation of a natural process or organism. The pattern is decorative and does not depict a real-world natural entity or process explicitly. The inclusion criteria for Nature-Based Artefacts require that the natural material of origin remains visually identifiable by its structure, grain, or texture, which is not the case here. Additionally, the bib does not fall under the Ingestion Criterion or any other category of natural elements or processes. Therefore, it does not fulfill the criteria for nature under the provided taxonomy. Not applicable since the entity is not classified as nature.",False
/home/pmonserrat/datasets/imagenet/extracted_data/n02835271/ILSVRC2012_val_00000953.JPEG,bicycle-built-for-two,False,,,no,none,none,"The target entity is a bicycle-built-for-two, which is a tandem bicycle designed for two riders. The visual evidence shows a manufactured, functional object made of metal and other materials. This object does not depict a natural entity, nor does it consist of or derive from natural materials in a way that retains identifiable natural texture or grain. It is a homogenous artefact, designed for human use and not referencing or representing any natural elements or processes. Therefore, it does not meet the criteria for Nature-Based Artefacts or any other inclusion criteria for nature. Not applicable since the entity is not classified as nature.",False
/home/pmonserrat/datasets/imagenet/extracted_data/n02837789/ILSVRC2012_val_00000239.JPEG,bikini,False,,,no,none,none,"The target entity is a bikini. The visual evidence shows a swimsuit worn by a person, which is a manufactured garment made from synthetic or human-made materials. Bikinis are not derived from natural materials or processes, nor do they depict or represent natural entities. They fall under the category of human-made clothing and do not fulfill the inclusion criteria for nature, as they are not natural elements, ecosystems, or representations of nature. Not applicable since the entity is not classified as nature.",False
/home/pmonserrat/datasets/imagenet/extracted_data/n02840245/ILSVRC2012_val_00003446.JPEG,binder,False,,,no,none,none,"The target entity is a binder. The visual evidence shows a physical object used for holding documents, which is a manufactured, functional item. Binders are typically made from materials like plastic, metal, and paper, none of which are derived from or visually identifiable as natural materials in their original form. The binder itself does not depict, represent, or consist of any natural elements or processes. It is a homogenous artefact without any identifiable natural texture, grain, or depiction of natural entities. Therefore, it does not fulfill the inclusion criteria for nature under the provided taxonomy. Not applicable since the entity is not classified as nature.",False
/home/pmonserrat/datasets/imagenet/extracted_data/n02841315/ILSVRC2012_val_00000917.JPEG,binoculars,False,,,no,none,none,"The target entity is binoculars. The visual evidence shows a manufactured optical device used for viewing distant objects. Binoculars are functional tools made of metal, glass, and plastic, with no inherent natural material or depiction of natural elements. They do not fall under any category of more-than-human living entities, ecosystems, natural elements, or processes, nor do they represent nature in any form. They are a homogenous artefact without identifiable natural texture or depiction of natural entities. Not applicable since binoculars are not classified as nature under the provided taxonomy.",False
/home/pmonserrat/datasets/imagenet/extracted_data/n02843684/ILSVRC2012_val_00000514.JPEG,birdhouse,False,,,no,none,none,"The target entity is a birdhouse in the image. The birdhouse itself is a functional, human-made structure designed to house birds. It does not inherently represent a natural entity, nor is it a natural element or ecosystem. The birdhouse is a manufactured object and does not fall under any of the inclusion criteria for nature, such as more-than-human living entities, natural environments, or representations of nature. It is not a natural artefact because it does not retain any visually identifiable natural texture or material from its origin, nor does it depict a natural entity. Instead, it is a homogenous artefact, which falls under the exclusion scope of the taxonomy. Not applicable since the entity is not classified as nature.",False
/home/pmonserrat/datasets/imagenet/extracted_data/n02859443/ILSVRC2012_val_00000193.JPEG,boathouse,False,,,no,none,none,"The target entity is a boathouse. The visual evidence shows a structure built on or near the water, designed to house boats. Boathouses are human-made structures and do not inherently involve natural elements or processes. They are not classified under any category of nature, such as flora, fauna, ecosystems, or natural elements/processes. They fall under the exclusion scope as homogenous artefacts that do not depict or derive from natural entities or processes. Not applicable since the entity is not classified as nature.",False
/home/pmonserrat/datasets/imagenet/extracted_data/n02860847/ILSVRC2012_val_00000601.JPEG,bobsled,False,,,no,none,none,"The target entity in question is a sled-like vehicle in the image, which is not a bobsled but rather a snowmobile. However, assuming the target entity is indeed a bobsled as per the question, the visual evidence shows a manufactured, human-occupied vehicle designed for racing on ice tracks. Bobsleds are not natural entities; they are human-made machines. The visual evidence in the image does not depict a bobsled but rather snowmobiles, which are also human-made vehicles. Bobsleds are typically used on ice tracks and are not found in snowy outdoor settings like the one shown here. Since bobsleds are artificial constructs, they do not meet the inclusion criteria for nature under the provided definitions. Not applicable since the entity is not classified as nature. Bobsleds are human-made and do not fall under the categories of more-than-human living entities, ecosystems, or natural elements and processes.",False
/home/pmonserrat/datasets/imagenet/extracted_data/n02865351/ILSVRC2012_val_00000763.JPEG,bolo tie,False,,,no,none,none,"The target entity is a bolo tie. The visual evidence shows a decorative accessory consisting of a coin and two metal weights attached to a cord. The coin itself depicts a human figure and an eagle, which are not natural entities. The weights are manufactured metal components, and the cord is a synthetic material. The bolo tie does not depict, represent, or derive from any natural elements or processes. It is a manufactured, functional accessory without any identifiable natural material or reference to nature in its design or composition. Therefore, it does not fulfill the inclusion criteria for nature under the provided taxonomy. Not applicable since the entity does not qualify as nature.",False
/home/pmonserrat/datasets/imagenet/extracted_data/n02869837/ILSVRC2012_val_00000906.JPEG,bonnet,False,,,yes,biotic,immaterial,"The target entity is a bonnet in the image. The bonnet is a head covering adorned with floral and leaf patterns. While the bonnet itself is a human-made garment, the decorative patterns on it explicitly depict natural elements (flora). These patterns are stylized representations of plants and leaves, which fall under the inclusion criteria for Representations of Nature. The bonnet itself is not a natural entity, but the decorative elements on it are representations of flora, fulfilling the inclusion criteria for nature under the Representations of Nature category. Since nature is 'yes', I evaluate the sub-axes. The decorative patterns on the bonnet represent flora, placing it under Flora & Plant Derivatives within the biotic category. Although the bonnet is a physical object, its primary nature-related aspect is the decorative representation of natural elements, which is symbolic and artistic. Therefore, it is classified as immaterial under the Tangibility axis due to its representational nature rather than its physical materiality.",False
/home/pmonserrat/datasets/imagenet/extracted_data/n02870880/ILSVRC2012_val_00003274.JPEG,bookcase,False,,,no,none,none,"The target entity is a bookcase. The visual evidence shows a manufactured wooden structure designed to hold books. Bookcases are homogenous artefacts made from processed materials (wood) that have been altered beyond their natural state, with no visible natural texture or grain remaining. The bookcase itself does not depict or represent a natural entity, nor is it a natural element or ecosystem. It falls under the exclusion criteria for nature as it does not fulfill the inclusion scope for Nature-Based Artefacts or any other natural category. Not applicable since the entity is not classified as nature.",False
/home/pmonserrat/datasets/imagenet/extracted_data/n02871525/ILSVRC2012_val_00000879.JPEG,bookshop,False,,,no,none,none,"The target entity is a bookshop. The visual evidence shows a physical space filled with books, which are human-made objects containing information and cultural content. Bookshops themselves are commercial establishments that sell books and other printed materials. They are not more-than-human living entities, ecosystems, natural elements, or processes, nor do they depict or represent natural entities. Bookshops fall under the Exclusion Scope as they are not related to nature in any of the defined inclusion criteria (e.g., flora, fauna, ecosystems, natural elements, or their representations). Not applicable since the entity does not fulfill the criteria for nature as per the taxonomy provided.",False
/home/pmonserrat/datasets/imagenet/extracted_data/n02877765/ILSVRC2012_val_00000634.JPEG,bottlecap,False,,,no,none,none,"The target entity is a bottle cap from the brand 'Faulaner München'. The visual evidence shows a manufactured object with a logo and silhouette of a person, which is not a natural entity itself. The bottle cap is a homogenous artefact made of metal, with no visible natural texture or depiction of natural elements. It does not represent, depict, or derive from any natural entity or process, nor does it fall under any of the inclusion criteria for nature (e.g., flora, fauna, ecosystems, natural elements, or representations thereof). Not applicable since the entity is not classified as nature.",False
/home/pmonserrat/datasets/imagenet/extracted_data/n02879718/ILSVRC2012_val_00001354.JPEG,bow,False,,,no,none,none,"The target entity is a bow, specifically a traditional bow held by one of the individuals in the image. The bow itself is a manufactured object made of wood and other materials. While it is derived from natural materials (wood), it is a functional tool designed and crafted by humans for archery. The bow does not inherently represent or depict a natural entity or process, nor is it a natural element or ecosystem itself. It falls under the exclusion scope as a homogenous artefact where the original natural texture is altered and the object does not depict a natural entity. Therefore, it does not fulfill the criteria for Nature-Based Artefacts under the inclusion scope. Not applicable since the entity is not classified as nature.",False
/home/pmonserrat/datasets/imagenet/extracted_data/n02883205/ILSVRC2012_val_00000126.JPEG,bow tie,False,,,no,none,none,"The target entity is a bow tie. The visual evidence shows a decorative accessory worn by a person, which is a manufactured, human-made item. Bow ties are not derived from natural materials in a way that retains identifiable natural texture or structure, nor do they depict or represent natural entities. They fall under the exclusion scope of homogenous artefacts that do not meet the criteria for nature-based artefacts or representations of nature. Not applicable since the entity is not classified as nature. Bow ties are human-made accessories without any direct or indirect connection to natural elements or processes.",False
/home/pmonserrat/datasets/imagenet/extracted_data/n02892201/ILSVRC2012_val_00001145.JPEG,brass,False,,,no,none,none,"The target entity is 'brass' as seen on the plaque in the image. Brass is a metal alloy primarily composed of copper and zinc, which is a manufactured material. It is not a natural element or organism but rather a human-made product derived from mining and refining natural ores. Since brass is a processed, non-living material without any direct reference to natural entities, processes, ecosystems, or representations thereof, it does not fulfill the inclusion criteria for nature under the provided taxonomy. Not applicable since brass is not classified as nature.",False
/home/pmonserrat/datasets/imagenet/extracted_data/n02892767/ILSVRC2012_val_00000808.JPEG,brassiere,False,,,no,none,none,"The target entity is a brassiere (bikini top) worn by the woman in the image. The visual evidence shows a manufactured garment made of synthetic fabric, designed for human use. Brassieres are functional clothing items that do not derive from or depict natural elements, nor do they have any inherent connection to flora, fauna, ecosystems, or natural processes. They fall under the exclusion scope as they are human-made artefacts without any identifiable natural material or representation of nature. Not applicable since the entity is not classified as nature. The brassiere is a human-made garment and does not meet the criteria for nature under the provided taxonomy.",False
/home/pmonserrat/datasets/imagenet/extracted_data/n02894605/ILSVRC2012_val_00000358.JPEG,breakwater,False,,,no,none,none,"The target entity is a breakwater. The visual evidence shows a man-made structure composed of large rocks and concrete designed to protect the shoreline from the force of waves. Breakwaters are constructed to alter natural coastal processes and are not naturally occurring geological formations. They are human-made interventions in the natural environment and do not fall under the inclusion criteria for nature, as they are not a natural element, ecosystem, or process but rather an engineered structure. Not applicable since the entity is not classified as nature, as it is a human-made structure.",False
/home/pmonserrat/datasets/imagenet/extracted_data/n02895154/ILSVRC2012_val_00000080.JPEG,breastplate,False,,,no,none,none,"The target entity is a breastplate. The visual evidence shows a metallic, ornate piece of armor with intricate designs, likely made from metal. This object is a manufactured artefact and does not depict or derive from a natural entity or process. It does not fall under any category of natural elements, ecosystems, or representations of nature. The breastplate is a human-made object designed for protection, and its material and design do not align with the inclusion criteria for nature, such as natural textures, biological processes, or depictions of natural entities. It is excluded under the Homogenous Artefacts exclusion scope since it does not visually identify its natural material of origin or depict a natural entity. Not applicable since the entity is not classified as nature.",False
/home/pmonserrat/datasets/imagenet/extracted_data/n02906734/ILSVRC2012_val_00002937.JPEG,broom,False,,,yes,biotic,material,"The target entity is a broom. The visual evidence shows a cleaning tool made from natural materials, specifically straw or grass, bound together with a stick. Although the broom is a manufactured object, it is crafted from natural materials (straw/grass) that are visibly identifiable by their natural texture and origin. This fulfills the criteria for Nature-Based Artefacts, as the natural material of origin remains visually identifiable by its structure and texture, aligning with the inclusion scope for nature. Since nature is 'yes', I evaluate the sub-axes. The broom is made from plant materials (straw/grass), placing it under Flora & Plant Derivatives within the biotic category. Although it is a functional, crafted object, its primary material is derived from natural flora, and it retains the visual characteristics of its natural origin. Because it is a real-world physical object with mass and occupies space, it is classified as material under the Tangibility axis.",False
/home/pmonserrat/datasets/imagenet/extracted_data/n02909870/ILSVRC2012_val_00000226.JPEG,bucket,False,,,,,,,True
/home/pmonserrat/datasets/imagenet/extracted_data/n02910353/ILSVRC2012_val_00000558.JPEG,buckle,False,,,no,none,none,"The target entity is a buckle from the image. The buckle is a manufactured metal object with a graphic design featuring a skull and text. The design itself references a non-human entity (a skull, which is a biological structure of a non-human animal) but is not a depiction of a living organism or natural element in itself. The buckle is a functional, human-made artefact without any identifiable natural material or texture. It does not depict a natural entity or process, nor does it consist of or reference natural elements in a way that fulfills the inclusion criteria for nature. Therefore, it falls under the exclusion scope of homogenous artefacts that do not depict or consist of natural elements. Not applicable since the entity is not classified as nature.",False
/home/pmonserrat/datasets/imagenet/extracted_data/n02916936/ILSVRC2012_val_00000366.JPEG,bulletproof vest,False,,,no,none,none,"The target entity is a bulletproof vest. The visual evidence shows a manufactured protective garment designed for human use. Bulletproof vests are functional, structural objects made of synthetic materials (e.g., Kevlar) that do not originate from or depict natural elements. They fall under Homogenous Artefacts as they lack any identifiable natural texture, grain, or depiction of natural entities. Additionally, they are not representations of nature, nor do they involve natural materials in a way that fulfills the inclusion criteria for Nature-Based Artefacts or any other nature category. Not applicable since the entity is not classified as nature. The bulletproof vest is a manufactured, functional object without any natural characteristics or depictions.",False
/home/pmonserrat/datasets/imagenet/extracted_data/n02917067/ILSVRC2012_val_00000562.JPEG,bullet train,False,,,no,none,none,"The target entity is a bullet train. The visual evidence shows a high-speed train, which is a manufactured, human-made vehicle designed for transportation. Bullet trains are not natural entities, nor are they derived from natural materials in a way that retains identifiable natural characteristics. They do not fall under any inclusion criteria for nature, such as more-than-human living entities, ecosystems, natural elements, or representations of nature. Instead, they are homogenous artefacts created for functional purposes, lacking any direct or symbolic connection to natural elements. Not applicable since the entity is not classified as nature.",False
/home/pmonserrat/datasets/imagenet/extracted_data/n02927161/ILSVRC2012_val_00000071.JPEG,butcher shop,False,,,no,none,none,"The target entity is a butcher shop as inferred from the visual evidence of fish laid out on a surface, which is typically associated with a butcher or fishmonger setting. However, the image itself does not depict the butcher shop as a physical entity or space but rather focuses on the fish, which are more-than-human living organisms. The butcher shop itself, as an administrative or commercial unit, is not a natural entity and does not fall under the inclusion criteria for nature. The butcher shop is an administrative and functional space, not a natural element or process, and thus does not meet the criteria for classification under the nature taxonomy. Not applicable since the entity 'butcher shop' as a concept or space does not qualify as nature under the provided definitions. The fish in the image, however, would be classified separately if they were the target entity.",False
/home/pmonserrat/datasets/imagenet/extracted_data/n02930766/ILSVRC2012_val_00000056.JPEG,cab,False,,,no,none,none,"The target entity is a cab (taxi). The visual evidence shows a manufactured vehicle designed for transportation. This is a homogenous artefact made of metal, plastic, and other materials that do not retain any identifiable natural texture or grain. It does not depict a natural entity, nor is it derived from or representative of any natural material or process. Therefore, it falls under the exclusion criteria for nature. Not applicable since the entity is not classified as nature.",False
/home/pmonserrat/datasets/imagenet/extracted_data/n02939185/ILSVRC2012_val_00000302.JPEG,caldron,False,,,yes,biotic,material,"The target entity is a caldron in the image, which contains a cooked meal consisting of meat and vegetables. The caldron itself is a manufactured container, but the contents are derived from natural sources (meat and vegetables). The inclusion criteria for nature under the 'Processed Food & Drinks' category explicitly state that edible solid or liquid elements at any processing level count as nature. The visual evidence shows a real-world, physical food item that is a processed derivative of natural organisms (biotic). Since nature is 'yes', I evaluate the sub-axes. The contents of the caldron are derived from biotic sources (meat and vegetables), placing them under Flora & Plant Derivatives and Fauna & Animal Derivatives within the biotic category. The food is a real-world, physical substance, thus it is classified as material under the Tangibility axis.",False
/home/pmonserrat/datasets/imagenet/extracted_data/n02948072/ILSVRC2012_val_00002596.JPEG,candle,True,False,True,no,none,none,"The target entity is a candle. The visual evidence shows a physical object made from wax, typically derived from natural sources such as beeswax or plant-based materials. While candles are manufactured artefacts, they are often made from natural materials and can be considered nature-based artefacts if the natural origin remains identifiable or if they are used in a context that references natural elements. However, the candle itself is not a natural entity in its own right but rather a processed product derived from natural materials. It does not fall under the inclusion criteria for nature as it is not a living organism, ecosystem, or a representation of nature. Instead, it is a functional object made from natural materials but not inherently classified as nature itself. Not applicable since the entity does not meet the criteria for nature classification.",False
/home/pmonserrat/datasets/imagenet/extracted_data/n02950826/ILSVRC2012_val_00000392.JPEG,cannon,False,,,no,none,none,"The target entity is a cannon. The visual evidence shows a manufactured, human-made object designed for military use. Cannons are not derived from natural materials or processes, nor do they depict or represent natural entities. They fall under the category of homogenous artefacts, which are explicitly excluded from the nature taxonomy. The cannon is not a natural element, ecosystem, or representation of nature, nor does it possess any identifiable natural texture or origin. Not applicable since the entity is not classified as nature.",False
/home/pmonserrat/datasets/imagenet/extracted_data/n02951358/ILSVRC2012_val_00000347.JPEG,canoe,False,,,no,none,none,"The target entity is a canoe in the image. Canoes are human-made watercraft designed for paddling. While they are manufactured objects, the context of the image shows them being used in a natural environment (a river or lake) for a nature-based activity (kayaking). However, the canoe itself is not a natural entity or a representation of nature; it is a functional tool created by humans. The canoe does not fall under any of the inclusion criteria for nature, such as being a more-than-human living entity, a natural element, or a representation of nature. It is a homogenous artefact used in a natural setting but does not inherently possess natural characteristics or depict natural elements. Not applicable since the entity is not classified as nature.",False
/home/pmonserrat/datasets/imagenet/extracted_data/n02951585/ILSVRC2012_val_00000101.JPEG,can opener,False,,,no,none,none,"The target entity is a can opener. The visual evidence shows a manufactured tool designed for opening cans. This object is a homogenous artefact made of plastic and metal, with no visible natural texture or grain. It does not depict a natural entity, nor does it consist of or reference natural materials in a way that retains their identifiable structure or texture. Therefore, it falls under the exclusion criteria for nature-based artefacts and does not fulfill the inclusion criteria for nature. Not applicable since the entity is not classified as nature.",False
/home/pmonserrat/datasets/imagenet/extracted_data/n02965783/ILSVRC2012_val_00000213.JPEG,car mirror,False,,,no,none,none,"The target entity is a car mirror. The visual evidence shows a manufactured object designed for functional use in vehicles. The car mirror itself is not a natural entity, nor does it depict or represent a natural element. It is a homogenous artefact made of glass and metal, with no visible natural texture or reference to natural elements. Therefore, it does not fulfill the inclusion criteria for nature under the provided taxonomy. Not applicable since the entity is not classified as nature. The car mirror is a manufactured functional object without any identifiable natural material or depiction of natural elements.",False
/home/pmonserrat/datasets/imagenet/extracted_data/n02966193/ILSVRC2012_val_00000074.JPEG,carousel,False,,,no,none,none,"The target entity is a carousel. The visual evidence shows a manufactured amusement ride with horse-shaped seats and decorative elements. The carousel itself is a human-made structure and does not inherently reference or depict natural elements, biological processes, or ecosystems. It is not a natural entity, nor does it represent nature in any explicit way. The horses on the carousel are stylized and artificial depictions of animals, but the carousel as a whole is not classified as nature under the provided definitions. The inclusion criteria for Nature-Based Artefacts require that the natural material of origin remains visually identifiable, which is not the case here. Additionally, the carousel does not fall under any of the other inclusion scopes such as ecosystems, natural processes, or representations of nature in a meaningful way. Not applicable since the entity does not fulfill the criteria for nature.",False
/home/pmonserrat/datasets/imagenet/extracted_data/n02966687/ILSVRC2012_val_00001041.JPEG,carpenter's kit,False,,,no,none,none,"The target entity is a carpenter's kit. The visual evidence shows a set of tools designed for carpentry, including screwdrivers, pliers, and other functional implements. These tools are manufactured artefacts made of metal and plastic, with no visible natural texture or grain. They do not depict or reference any natural entities, nor are they made from identifiable natural materials in their final form. Therefore, this carpenter's kit falls under Homogenous Artefacts, which are explicitly excluded from the nature classification criteria. Not applicable since the entity is not classified as nature.",False
/home/pmonserrat/datasets/imagenet/extracted_data/n02971356/ILSVRC2012_val_00000019.JPEG,carton,False,,,no,none,none,"The target entity is a carton (cardboard box). The visual evidence shows a manufactured, homogenous structural object made of cardboard. Cardboard is a processed material derived from plant fibers (typically wood pulp), but the original natural texture of the material is not visually identifiable in this context. The object does not depict a natural entity and is purely functional, lacking any explicit reference to natural characteristics or representations. Therefore, it falls under the Homogenous Artefacts exclusion criteria and does not fulfill the inclusion criteria for nature. Not applicable since the entity is not classified as nature.",False
/home/pmonserrat/datasets/imagenet/extracted_data/n02974003/ILSVRC2012_val_00000085.JPEG,car wheel,False,,,no,none,none,"The target entity is a car wheel. The visual evidence shows a wheel from a model car, which is a manufactured component made of synthetic materials. The wheel itself is not derived from or representative of any natural entity or process. It does not depict, resemble, or originate from flora, fauna, abiotic natural elements, or ecosystems. It is a homogenous artefact without identifiable natural texture or reference to nature, thus falling under the Exclusion Scope of the taxonomy. Not applicable since the entity is not classified as nature.",False
/home/pmonserrat/datasets/imagenet/extracted_data/n02977058/ILSVRC2012_val_00000580.JPEG,cash machine,False,,,no,none,none,"The target entity is a cash machine (ATM) in the image. The visual evidence shows a manufactured, functional device made of metal and plastic. Cash machines are homogenous artefacts designed for financial transactions and do not reference, depict, or derive from any natural elements or processes. They do not fall under any inclusion criteria for nature, such as natural materials, living organisms, ecosystems, or representations of natural entities. Instead, they are purely functional, human-made objects without any identifiable natural characteristics or symbolic references to nature. Not applicable since the entity is not classified as nature.",False
/home/pmonserrat/datasets/imagenet/extracted_data/n02978881/ILSVRC2012_val_00000353.JPEG,cassette,False,,,no,none,none,"The target entity is a cassette tape. The visual evidence shows a manufactured object designed to hold audio recordings. Cassette tapes are homogenous artefacts made of plastic and magnetic tape, with no identifiable natural material or texture remaining. They do not depict or reference any natural entity, nor are they derived from natural materials in a way that retains their original texture or grain. Therefore, this object falls under the exclusion criteria for nature, specifically Homogenous Artefacts. Not applicable since the entity is not classified as nature.",False
/home/pmonserrat/datasets/imagenet/extracted_data/n02979186/ILSVRC2012_val_00000557.JPEG,cassette player,False,,,no,none,none,"The target entity is a cassette player. The visual evidence shows a manufactured electronic device used for playing audio cassettes. This is a homogenous artefact made of plastic, metal, and other synthetic materials. The original natural texture of the materials is completely unidentifiable and altered, and the object does not depict or reference any natural entity. It does not fall under any inclusion criteria for nature, such as natural elements, ecosystems, or representations of nature. Instead, it is a functional, non-natural device. Not applicable since the entity is not classified as nature.",False
/home/pmonserrat/datasets/imagenet/extracted_data/n02980441/ILSVRC2012_val_00000122.JPEG,castle,False,,,no,none,none,"The target entity is a castle. The visual evidence shows a man-made structure made of stone, situated in a natural environment with visible flora and greenery. The castle itself is a human-made artefact and does not inherently qualify as a natural entity. It is not a more-than-human living organism, ecosystem, natural element, or process, nor does it depict or represent a natural entity. Instead, it is a constructed structure, which falls under the Exclusion Scope of the taxonomy as a homogenous artefact where the natural material of origin is not the focus or identifiable by its natural texture or structure. The surrounding natural elements (plants, grass) are present but do not classify the castle itself as nature. Not applicable since the entity is not classified as nature.",False
/home/pmonserrat/datasets/imagenet/extracted_data/n02981792/ILSVRC2012_val_00000402.JPEG,catamaran,False,,,no,none,none,"The target entity is a catamaran in the image. The catamaran itself is a manufactured vessel designed for water sports and does not inherently qualify as a natural entity. It is a human-made object, constructed from synthetic materials (plastic, fiberglass, etc.), and does not depict or derive from any natural element or process. The inclusion criteria for Nature-Based Artefacts require that the natural material of origin remains visually identifiable by its grain, texture, or structure, which is not the case here. Additionally, the catamaran does not fall under any of the other inclusion scopes such as Flora, Fauna, Ecosystems, or Natural Processes. Therefore, it does not meet the criteria for classification as nature. Not applicable since the entity is not classified as nature.",False
/home/pmonserrat/datasets/imagenet/extracted_data/n02988304/ILSVRC2012_val_00003491.JPEG,cd player,False,,,no,none,none,"The target entity is a CD player. The visual evidence shows a manufactured electronic device designed for playing compact discs. This is a homogenous artefact made of plastic and metal, with no visible natural texture or grain. It does not depict a natural entity, nor does it consist of or derive from natural materials in a way that remains visually identifiable. Therefore, it falls under the exclusion criteria for nature, specifically Homogenous Artefacts. Not applicable since the entity is not classified as nature.",False
/home/pmonserrat/datasets/imagenet/extracted_data/n02992211/ILSVRC2012_val_00000108.JPEG,cello,False,,,no,none,none,"The target entity is a cello. The visual evidence shows a musical instrument made primarily of wood. While the cello is a manufactured object, it is crafted from wood, a natural material. However, the cello itself is not a natural entity but rather a human-made artefact. The visible wood grain is a result of processing and crafting, and the cello does not inherently depict or represent a natural entity. It is not a natural organism, ecosystem, or natural element, nor does it fall under the category of nature-based artefacts as it is not primarily identified by its natural material in a way that aligns with the inclusion criteria for nature (e.g., a wooden table with visible grain). Not applicable since the entity is not classified as nature. The cello is a human-made object and does not meet the criteria for nature under the provided taxonomy.",False
/home/pmonserrat/datasets/imagenet/extracted_data/n02992529/ILSVRC2012_val_00000089.JPEG,cellular telephone,False,,,no,none,none,"The target entity is a cellular telephone, specifically a Samsung mobile phone shown in the image. The visual evidence reveals a manufactured, functional device made of synthetic materials such as plastic and metal. This object does not originate from or depict any natural entity, nor does it have any identifiable natural texture, grain, or biological material. It is a homogenous artefact that does not fulfill the inclusion criteria for nature, such as being a natural element, ecosystem, or representation of nature. Therefore, it falls under the Exclusion Scope of the taxonomy. Not applicable since the entity is not classified as nature.",False
/home/pmonserrat/datasets/imagenet/extracted_data/n02999410/ILSVRC2012_val_00000376.JPEG,chain,False,,,no,none,none,"The target entity is a chain in the image. The visual evidence shows a rusted, physical metal chain laid out on the ground. While chains are typically manufactured objects, this specific chain appears to be part of an artistic or symbolic installation that references industrial or man-made elements. However, the chain itself is not a natural entity or derived from nature. It is a manufactured object without any identifiable natural material or texture, and it does not depict or represent a natural entity. Therefore, it does not fulfill the inclusion criteria for nature under the provided taxonomy. Not applicable since the entity is not classified as nature.",False
/home/pmonserrat/datasets/imagenet/extracted_data/n03000134/ILSVRC2012_val_00001094.JPEG,chainlink fence,False,,,no,none,none,"The target entity is a chainlink fence. The visual evidence shows a manufactured, industrial mesh structure made of metal wire. Chainlink fences are human-made objects designed for functional purposes such as security or boundary demarcation. They do not originate from or depict natural elements, nor do they possess any identifiable natural texture, grain, or biological material. They fall under Homogenous Artefacts, which are explicitly excluded from the nature taxonomy. Not applicable since the entity is not classified as nature.",False
/home/pmonserrat/datasets/imagenet/extracted_data/n03000247/ILSVRC2012_val_00002280.JPEG,chain mail,False,,,no,none,none,"The target entity is chain mail, which is a traditional piece of armor made from interconnected metal rings. Chain mail itself is a manufactured object composed of metal, a non-natural material. It does not originate from or depict any natural entity, nor does it retain any identifiable natural texture or material. The image shows chain mail gloves, which are functional artefacts made from metal rings and leather straps, lacking any natural material or depiction of natural elements. Therefore, it does not fulfill the criteria for Nature-Based Artefacts or any other inclusion criteria for nature under the provided taxonomy. Not applicable since the entity is not classified as nature.",False
/home/pmonserrat/datasets/imagenet/extracted_data/n03000684/ILSVRC2012_val_00000537.JPEG,chain saw,False,,,no,none,none,"The target entity is a chain saw. The visual evidence shows a manufactured tool used for cutting wood. Chain saws are human-made artefacts designed for functional purposes and are not natural entities. They do not originate from or depict any natural material or process in a way that fulfills the inclusion criteria for nature. The chain saw itself is not a natural element, nor does it represent a natural entity or process in a way that would qualify it under the Nature-Based Artefacts or Representations of Nature categories. Not applicable since the entity is not classified as nature. The chain saw is a manufactured tool and does not meet the criteria for being classified under any natural category.",False
/home/pmonserrat/datasets/imagenet/extracted_data/n03014705/ILSVRC2012_val_00001168.JPEG,chest,False,,,yes,biotic,material,"The target entity is a chest designed to resemble a vintage wooden trunk. The visual evidence shows a crafted object made of wood with visible natural grain and texture, and it is styled to evoke a historical or nautical aesthetic. While it is a manufactured artefact, the visible natural wood grain and texture identify it as a nature-based artefact. This fulfills the inclusion criteria for Nature-Based Artefacts, as it retains identifiable natural material characteristics and does not fall under the exclusion of homogenous artefacts without visible natural texture or depiction of natural entities. Since nature is 'yes', I evaluate the sub-axes. The chest is made from wood, which is a derivative of trees, placing it under Flora & Plant Derivatives within the biotic category. As it is a real-world physical object with mass and occupies space, it is classified as material under the Tangibility axis.",False
/home/pmonserrat/datasets/imagenet/extracted_data/n03016953/ILSVRC2012_val_00000162.JPEG,chiffonier,False,,,no,none,none,"The target entity is a chiffonier, which is a type of built-in wardrobe or storage unit. The visual evidence shows a manufactured piece of furniture made of smooth, uniform materials without any visible natural texture or grain. The chiffonier does not depict or reference any natural entity, nor does it retain any identifiable natural material characteristics. It is a homogenous artefact, which falls under the Exclusion Scope of the taxonomy for nature. Not applicable since the entity is not classified as nature.",False
/home/pmonserrat/datasets/imagenet/extracted_data/n03017168/ILSVRC2012_val_00001601.JPEG,chime,False,,,no,none,none,"The target entity is a chime, specifically the bells in the image. Chimes are typically man-made objects designed to produce sound when struck. These bells are crafted from metal and are not derived from or representative of natural entities or processes. They do not depict, resemble, or originate from any natural elements such as flora, fauna, geological formations, or astrophysical phenomena. They are functional, manufactured objects without any identifiable natural texture, grain, or biological origin. Therefore, they fall under the exclusion criteria for nature. Not applicable since the entity is not classified as nature.",False
/home/pmonserrat/datasets/imagenet/extracted_data/n03018349/ILSVRC2012_val_00000346.JPEG,china cabinet,False,,,no,none,none,"The target entity is a china cabinet. The visual evidence shows a piece of furniture designed to store decorative items, such as teacups, figurines, and books. The cabinet itself is a manufactured, homogenous artefact made of smooth materials (likely wood and glass) without any visible natural texture or grain. It does not depict or reference any natural entity or process, nor does it consist of natural materials in a way that retains their identifiable structure or texture. Therefore, it does not meet the criteria for Nature-Based Artefacts or any other inclusion criteria for nature under the provided taxonomy. Not applicable since the entity is not classified as nature.",False
/home/pmonserrat/datasets/imagenet/extracted_data/n03026506/ILSVRC2012_val_00001908.JPEG,christmas stocking,False,,,no,none,none,"The target entity is a Christmas stocking with Santa Claus imagery. The visual evidence shows a fabric item that is a crafted, decorative object shaped to resemble a stocking and adorned with a depiction of Santa Claus. While the stocking itself is a manufactured item, it does not inherently reference or depict any natural elements or processes. The inclusion of Santa Claus, a cultural and fictional character, does not qualify as a natural entity. The stocking itself is not a natural artefact, nor does it depict or represent any natural elements explicitly. Therefore, it does not fulfill the criteria for Nature-Based Artefacts or Representations of Nature. Not applicable since the entity does not qualify as nature under the provided taxonomy.",False
/home/pmonserrat/datasets/imagenet/extracted_data/n03028079/ILSVRC2012_val_00003351.JPEG,church,False,,,no,none,none,"The target entity is a church. The visual evidence shows a man-made structure with architectural elements such as spires, domes, and detailed facades. Churches are human-made buildings and do not fall under the inclusion criteria for nature, which explicitly excludes human beings, human-made structures, and administrative/political units. The church is not a natural entity, nor does it depict or represent a natural element or process. It is a human construct and does not meet the criteria for nature under the provided taxonomy. Not applicable since the entity is not classified as nature.",False
/home/pmonserrat/datasets/imagenet/extracted_data/n03032252/ILSVRC2012_val_00000086.JPEG,cinema,False,,,no,none,none,"The target entity is a cinema, specifically the entrance to 'Westwood Village Final Destination.' The visual evidence shows a man-made structure with neon signs, architectural elements, and a marquee. Cinemas are human-made buildings designed for entertainment purposes. They do not inherently involve natural elements, biological processes, or depictions of nature. The signs and decorations, while possibly referencing nature through titles like 'Final Destination,' are not natural entities themselves but rather thematic elements of a human-made environment. Therefore, this entity does not fulfill the inclusion criteria for nature under the provided definitions. Not applicable since the entity is not classified as nature.",False
/home/pmonserrat/datasets/imagenet/extracted_data/n03041632/ILSVRC2012_val_00000564.JPEG,cleaver,False,,,no,none,none,"The target entity is a cleaver, which is a type of knife specifically designed for chopping and slicing. The visual evidence shows a manufactured kitchen tool made of metal with a thick blade. Cleavers are typically made from steel and do not retain any visible natural texture or material of origin. They are functional objects that do not depict or represent natural entities and are not derived from natural materials in a visually identifiable way. Therefore, it does not fulfill the criteria for Nature-Based Artefacts or any other inclusion criteria for nature under the provided taxonomy. Not applicable since the cleaver is not classified as nature.",False
/home/pmonserrat/datasets/imagenet/extracted_data/n03042490/ILSVRC2012_val_00001426.JPEG,cliff dwelling,True,False,True,yes,abiotic,material,"The target entity is a cliff dwelling. The visual evidence shows a structure built into a cliff face, which is a natural geological formation. Cliff dwellings are constructed within or on natural geological formations (cliffs), and the primary defining feature of the entity in question is the natural cliff itself, which is a geological and topographical component. This fulfills the inclusion criteria for Non-Living Natural Elements & Processes under the abiotic category, as the dwelling itself is a human-made structure but is inextricably linked to the natural cliff environment. The natural cliff is the defining element of the entity in this context. Since nature is 'yes', I evaluate the sub-axes. The natural cliff itself is a geological and topographical component, placing it under the abiotic category. The image is a documentary depiction of a real-world physical environment, capturing the natural cliff dwelling site. The focus on the natural cliff and its geological features makes this classification material under the Tangibility axis, as it is a real-world physical entity.",False
/home/pmonserrat/datasets/imagenet/extracted_data/n03045698/ILSVRC2012_val_00000750.JPEG,cloak,False,,,no,none,none,"The target entity is a cloak worn by individuals in the image. The cloak itself is a piece of clothing made by humans, typically from synthetic or natural fibers like wool, cotton, or synthetic materials. It is not a natural entity, biological process, or physical element of nature. Cloaks are manufactured items designed for human use and do not fall under the inclusion criteria for nature, such as more-than-human living entities, ecosystems, natural elements, or representations of nature. The cloak does not depict, represent, or derive from natural elements or processes. Not applicable since the entity is not classified as nature.",False
/home/pmonserrat/datasets/imagenet/extracted_data/n03047690/ILSVRC2012_val_00001500.JPEG,clog,False,,,yes,biotic,material,"The target entity is a wooden clog with pink fabric straps. The visual evidence shows a crafted object made primarily of wood, a natural material with visible grain, and fabric, which is derived from natural fibers. Although the clog is a manufactured artefact, the visible natural texture of the wood and the natural origin of the fabric straps fulfill the criteria for Nature-Based Artefacts, as the natural material of origin remains visually identifiable by its grain and texture. This aligns with the inclusion criteria for nature. Since nature is 'yes', I evaluate the sub-axes. The wooden part of the clog is derived from flora (trees), placing it under Flora & Plant Derivatives within the biotic category. The fabric straps, while processed, are derived from natural fibers, also falling under biotic. Because the clog is a real-world physical object with mass and occupies space, it is classified as material under the Tangibility axis.",False
/home/pmonserrat/datasets/imagenet/extracted_data/n03062245/ILSVRC2012_val_00000344.JPEG,cocktail shaker,False,,,no,none,none,"The target entity is a cocktail shaker. The visual evidence shows a manufactured metal object designed for mixing drinks. Cocktail shakers are functional artefacts made from metal, which is a processed material derived from natural mineral resources (e.g., iron ore). However, the object itself is a homogenous artefact where the original natural texture of the material is completely unidentifiable and altered. It does not depict or reference any natural entity or process, nor does it fall under the inclusion criteria for nature-based artefacts, food/drink packaging, or representations of nature. Therefore, it does not fulfill the criteria for nature under the provided taxonomy. Not applicable since the entity is not classified as nature.",False
/home/pmonserrat/datasets/imagenet/extracted_data/n03063599/ILSVRC2012_val_00000164.JPEG,coffee mug,False,,,no,none,none,"The target entity is a coffee mug with a photograph of two people on it. The mug itself is a manufactured object, and while it is made of ceramic, it does not inherently possess any natural material or texture that remains visually identifiable as per the inclusion criteria for Nature-Based Artefacts. The mug does not depict or represent a natural entity, ecosystem, or process. The image on the mug is of human beings, which falls under the explicit exclusion criteria for nature. Therefore, the mug itself does not qualify as a nature entity under the provided taxonomy, regardless of the image it contains. Not applicable since the entity itself (the coffee mug) does not qualify as nature. The image on the mug is excluded due to the presence of human beings, and the mug itself is a homogenous artefact without identifiable natural material or texture.",False
/home/pmonserrat/datasets/imagenet/extracted_data/n03063689/ILSVRC2012_val_00001940.JPEG,coffeepot,False,,,no,none,none,"The target entity is a coffeepot. The visual evidence shows a metallic, manufactured object used for brewing coffee. While coffee itself is a natural product derived from coffee beans (a biotic entity), the coffeepot itself is a functional, processed artefact designed for brewing coffee. It does not depict or represent a natural entity, nor is it a natural element or process. The coffeepot is a homogenous artefact made of metal, lacking any identifiable natural texture or reference to natural elements. Therefore, it does not meet the inclusion criteria for nature under the provided taxonomy. Not applicable since the entity is not classified as nature.",False
/home/pmonserrat/datasets/imagenet/extracted_data/n03065424/ILSVRC2012_val_00000915.JPEG,coil,False,,,no,none,none,"The target entity is a coil in the image, which appears to be a man-made, metallic, spiral structure. The visual evidence shows a manufactured object without any identifiable natural material or texture, nor does it depict or represent a natural entity. The coil does not fall under any inclusion criteria for nature, such as natural elements, ecosystems, or representations of nature. It is a homogenous artefact without any natural characteristics or references. Not applicable since the entity does not meet the criteria for nature.",False
/home/pmonserrat/datasets/imagenet/extracted_data/n03075370/ILSVRC2012_val_00004971.JPEG,combination lock,False,,,no,none,none,"The target entity is a combination lock. The visual evidence shows a manufactured mechanical device made of metal and plastic. This object is not derived from or representative of any natural entity, biological process, ecosystem, or natural element. It is a functional, human-made tool without any identifiable natural material or depiction of nature. Therefore, it does not fulfill the inclusion criteria for nature under the provided taxonomy. Not applicable since the entity is not classified as nature. The combination lock is a homogenous artefact without any natural material or depiction of natural elements.",False
/home/pmonserrat/datasets/imagenet/extracted_data/n03085013/ILSVRC2012_val_00000321.JPEG,computer keyboard,False,,,no,none,none,"The target entity is a computer keyboard. The visual evidence shows a manufactured functional object made of plastic and metal. The keyboard itself is not derived from or visually identifiable as a natural material or entity. It does not depict, represent, or derive from any natural element, flora, fauna, ecosystem, or natural process. It falls under the exclusion criteria for nature as it is a homogenous artefact without any identifiable natural texture or reference to natural entities. Not applicable since the entity is not classified as nature.",False
/home/pmonserrat/datasets/imagenet/extracted_data/n03089624/ILSVRC2012_val_00001190.JPEG,confectionery,False,,,yes,biotic,material,"The target entity is confectionery, specifically the round, colorful candies in the image. These candies are processed food items made from sugar and other ingredients. According to the inclusion criteria, processed food and drinks are explicitly included under the Ingestion Criterion, which falls under the category of Nature-Based Artefacts if they are derived from natural materials. The candies are visually identifiable as processed food items derived from natural sugar sources, fulfilling the inclusion criteria for nature under Processed Food & Drinks. Since nature is 'yes', I evaluate the sub-axes. The candies are derived from natural sugar, placing them under Processed Food & Drinks, which is a derivative of Flora (sugar cane or sugar beets). Therefore, they fall under the biotic category. Because these candies are physical, tangible objects that occupy space and have mass, they are classified as material under the Tangibility axis.",False
/home/pmonserrat/datasets/imagenet/extracted_data/n03095699/ILSVRC2012_val_00000403.JPEG,container ship,False,,,no,none,none,"The target entity is a container ship. The visual evidence shows a large, manufactured vessel designed for transporting goods via water. Container ships are industrial artefacts created for human use and do not fall under any category of more-than-human living entities, ecosystems, natural elements, or processes. They are not derived from natural materials in a way that retains identifiable natural texture or structure, nor do they depict or represent natural entities. Instead, they are homogenous artefacts designed for functional purposes, thus falling under the Exclusion Scope of the taxonomy. Not applicable since the entity is not classified as nature.",False
/home/pmonserrat/datasets/imagenet/extracted_data/n03100240/ILSVRC2012_val_00001201.JPEG,convertible,False,,,no,none,none,"The target entity is a convertible car, specifically a vintage muscle car. The visual evidence shows a manufactured vehicle with no explicit reference to natural elements, materials, or processes. The car is a homogenous artefact made of metal, plastic, and synthetic materials, with no visible natural texture or grain. It does not depict or represent any natural entity, ecosystem, or process. Therefore, it does not fulfill the inclusion criteria for Nature-Based Artefacts or any other category under the provided definition of nature. Not applicable since the entity is not classified as nature. The convertible car is a manufactured object that does not meet the criteria for nature under the given taxonomy.",False
/home/pmonserrat/datasets/imagenet/extracted_data/n03109150/ILSVRC2012_val_00000678.JPEG,corkscrew,False,,,no,none,none,"The target entity is a corkscrew. The visual evidence shows a handcrafted tool made primarily of metal, with no visible natural material or texture that remains identifiable from its original natural state. The corkscrew is a manufactured functional object designed for a specific purpose, and it does not depict or reference any natural entity or process. It is not derived from or visually connected to any natural material in its current form, nor does it represent a natural element. Therefore, it does not meet the criteria for Nature-Based Artefacts or any other inclusion criteria for nature under the provided taxonomy. Not applicable since the entity is not classified as nature.",False
/home/pmonserrat/datasets/imagenet/extracted_data/n03110669/ILSVRC2012_val_00002171.JPEG,cornet,False,,,no,none,none,"The target entity is a cornet, a brass musical instrument being played by individuals in the image. The cornet itself is a manufactured object made of metal, which is not a natural material. It does not depict or represent a natural entity, nor is it derived from a natural source in a way that retains identifiable natural characteristics. Cornets are functional, human-made artefacts without any direct connection to natural elements or processes. Therefore, it does not fulfill the inclusion criteria for nature under the provided taxonomy. Not applicable since the entity is not classified as nature.",False
/home/pmonserrat/datasets/imagenet/extracted_data/n03124043/ILSVRC2012_val_00000766.JPEG,cowboy boot,False,,,no,none,none,"The target entity is a cowboy boot. The visual evidence shows a manufactured, functional footwear item made of leather. Leather is a processed material derived from animal hides, which are biotic in origin. However, the cowboy boot itself is a homogenous artefact where the original natural texture of the hide is no longer visually identifiable as part of the natural entity (animal hide) but rather as a processed, functional object. It does not depict a natural entity and does not retain visible natural texture or grain. Therefore, it does not meet the criteria for Nature-Based Artefacts under the inclusion scope and falls under the exclusion scope of homogenous artefacts. Not applicable since the entity is not classified as nature.",False
/home/pmonserrat/datasets/imagenet/extracted_data/n03124170/ILSVRC2012_val_00001875.JPEG,cowboy hat,False,,,no,none,none,"The target entity is a cowboy hat. The visual evidence shows a headwear item traditionally associated with a cultural and historical representation of rural or frontier life. Cowboy hats are typically made from materials like felt, which is derived from animal fur (usually rabbit or beaver). However, the cowboy hat itself is a manufactured, functional object designed for human use and does not inherently reference or depict any natural entity or process. It does not fall under the inclusion criteria for Nature-Based Artefacts because it does not retain or visually identify its natural material origin (e.g., visible grain or texture of wood or stone). Additionally, it does not depict or represent any natural elements, flora, fauna, or processes. Therefore, it does not meet the criteria for nature under the provided taxonomy. Not applicable since the entity does not meet the criteria for nature.",False
/home/pmonserrat/datasets/imagenet/extracted_data/n03125729/ILSVRC2012_val_00000005.JPEG,cradle,False,,,no,none,none,"The target entity is the wooden cradle in the image. The cradle is a manufactured object primarily made of wood, which is a natural material. However, the cradle itself is a functional, structural object designed for human use, and its primary purpose is not to depict or represent a natural entity. The visible wood grain is a result of processing and crafting, but the cradle does not inherently fulfill the criteria for Nature-Based Artefacts as it does not explicitly retain its natural form or texture for aesthetic or symbolic purposes. Instead, it is a homogenous artefact with a functional design, lacking the explicit depiction or retention of natural characteristics that would classify it under Nature-Based Artefacts. Therefore, it does not meet the inclusion criteria for nature. Not applicable since the entity is not classified as nature.",False
/home/pmonserrat/datasets/imagenet/extracted_data/n03127747/ILSVRC2012_val_00001689.JPEG,crash helmet,False,,,no,none,none,"The target entity is a crash helmet. The visual evidence shows a manufactured protective headgear made of synthetic materials (plastic, metal) with no visible natural texture or grain. The helmet does not depict or reference any natural entity, nor is it made from identifiable natural materials. It is a homogenous artefact without any explicit connection to nature, fulfilling the exclusion criteria for nature-based artefacts. Not applicable since the entity does not meet the criteria for nature classification.",False
/home/pmonserrat/datasets/imagenet/extracted_data/n03127925/ILSVRC2012_val_00001411.JPEG,crate,False,,,no,none,none,"The target entity is a crate in the image. The visual evidence shows a cardboard box, which is a manufactured container typically used for packaging goods. Cardboard is derived from processed wood pulp, a material sourced from trees. However, the crate itself is a homogenous artefact designed for functional purposes and does not retain any visually identifiable natural texture or grain. Additionally, it does not depict or represent a natural entity explicitly. The crate is not a natural element, ecosystem, or representation of nature but rather a human-made object used for storage and transport. Therefore, it does not fulfill the inclusion criteria for nature under the provided definitions. Not applicable since the entity is not classified as nature.",False
/home/pmonserrat/datasets/imagenet/extracted_data/n03131574/ILSVRC2012_val_00003036.JPEG,crib,False,,,no,none,none,"The target entity is a crib. The visual evidence shows a wooden, functional piece of furniture designed for infants. The crib itself is a manufactured structural object made of wood, but the visible natural grain of the wood is not the defining characteristic of the crib as a functional item. The crib does not depict or represent a natural entity, nor is it a natural element or process. It is a homogenous artefact, lacking any explicit reference to natural elements or processes in its design or function, and does not fall under Nature-Based Artefacts as it does not retain or emphasize the natural texture or grain of its material in a way that aligns with the inclusion criteria for nature. Not applicable since the entity is not classified as nature.",False
/home/pmonserrat/datasets/imagenet/extracted_data/n03133878/ILSVRC2012_val_00000534.JPEG,crock pot,False,,,no,none,none,"The target entity is a crock pot. The visual evidence shows a manufactured kitchen appliance used for slow-cooking food. The crock pot itself is a homogenous artefact made of metal and plastic, with no visible natural texture or grain. It does not depict a natural entity, nor does it consist of or derive from natural materials in a way that retains identifiable natural characteristics. Therefore, it falls under the exclusion criteria for nature-based artefacts and does not fulfill the inclusion criteria for nature. Not applicable since the entity is not classified as nature.",False
/home/pmonserrat/datasets/imagenet/extracted_data/n03134739/ILSVRC2012_val_00000249.JPEG,croquet ball,False,,,no,none,none,"The target entity is a croquet ball. The visual evidence shows a manufactured, spherical object used in the game of croquet. Croquet balls are typically made from materials like plastic or rubber and do not originate from or depict natural entities. They are homogenous artefacts without any identifiable natural texture or grain, and they do not represent or depict any natural elements. Therefore, they fall under the exclusion criteria for nature. Not applicable since the entity is not classified as nature.",False
/home/pmonserrat/datasets/imagenet/extracted_data/n03141823/ILSVRC2012_val_00001337.JPEG,crutch,False,,,yes,biotic,material,"The target entity is a crutch. The visual evidence shows a wooden support device used for mobility assistance. Crutches are typically manufactured from materials like wood, metal, or plastic. In this image, the crutch is made of wood with visible natural grain. While crutches are functional artefacts, the visible natural grain of the wood fulfills the criteria for Nature-Based Artefacts, as the natural material of origin remains identifiable by its texture and grain. Therefore, it counts as a nature-based artefact under the inclusion criteria. Since nature is 'yes', I evaluate the sub-axes. The crutch is made from wood, which is a derivative of trees, placing it under Flora & Plant Derivatives within the biotic category. Because it is a real-world physical object with mass and occupies space, it is classified as material under the Tangibility axis.",False
/home/pmonserrat/datasets/imagenet/extracted_data/n03146219/ILSVRC2012_val_00000730.JPEG,cuirass,False,,,,,,,True
/home/pmonserrat/datasets/imagenet/extracted_data/n03160309/ILSVRC2012_val_00000330.JPEG,dam,False,,,no,none,none,"The target entity is a dam. The visual evidence shows a large, man-made structure designed to control water flow. Dams are constructed by humans and are primarily functional, structural objects. They are not natural elements or processes but rather human-made interventions in natural environments. The dam itself is not a natural entity but rather an artificial barrier. However, the surrounding environment, such as the river and the natural landscape, is part of nature. The dam itself does not fulfill the inclusion criteria for nature as it is not a natural element, ecosystem, or process but rather a human-made artefact. Not applicable since the dam itself is not classified as nature. The dam is a human-made structure and does not fall under the inclusion criteria for nature, regardless of its interaction with natural elements.",False
/home/pmonserrat/datasets/imagenet/extracted_data/n03179701/ILSVRC2012_val_00000777.JPEG,desk,False,,,no,none,none,"The target entity is a desk. The visual evidence shows a manufactured, functional piece of furniture made primarily of materials like metal and plastic, with no visible natural texture or grain. The desk does not depict a natural entity, nor does it retain any identifiable natural material characteristics. It is a homogenous artefact, which falls under the Exclusion Scope of the nature taxonomy. Not applicable since the entity does not meet the criteria for nature as it is a manufactured, homogenous artefact without identifiable natural elements or depictions.",False
/home/pmonserrat/datasets/imagenet/extracted_data/n03180011/ILSVRC2012_val_00001246.JPEG,desktop computer,False,,,no,none,none,"The target entity is a desktop computer in the image. The visual evidence shows a manufactured electronic device that is not derived from or representing a natural entity or process. The desktop computer is a homogenous artefact made of plastic, metal, and glass, with no visible natural texture or grain. It does not depict or reference any natural elements, nor is it a natural material or process. Therefore, it does not fulfill the inclusion criteria for nature under the provided taxonomy. Not applicable since the entity is not classified as nature.",False
/home/pmonserrat/datasets/imagenet/extracted_data/n03187595/ILSVRC2012_val_00000137.JPEG,dial telephone,False,,,no,none,none,"The target entity is a dial telephone. The visual evidence shows a vintage, mechanical telephone designed for dialing numbers manually. This object is a manufactured, functional device made of plastic and metal, with no identifiable natural material or texture. It does not depict or reference any natural entity, nor is it derived from or made of natural materials in a way that retains their identifiable characteristics. It falls under the exclusion criteria for nature as it is a homogenous artefact without any natural reference or depiction. Not applicable since the entity is not classified as nature.",False
/home/pmonserrat/datasets/imagenet/extracted_data/n03188531/ILSVRC2012_val_00000493.JPEG,diaper,False,,,no,none,none,"The target entity is a diaper. The visual evidence shows a disposable, manufactured product designed for hygiene purposes. Diapers are human-made items intended for use on human beings and are not derived from or related to natural elements, biological processes, or ecosystems. They fall under the Exclusion Scope as they are not natural entities, nor do they depict or reference natural elements. Therefore, they do not fulfill the inclusion criteria for nature. Not applicable since the entity is not classified as nature.",False
/home/pmonserrat/datasets/imagenet/extracted_data/n03196217/ILSVRC2012_val_00003643.JPEG,digital clock,False,,,no,none,none,"The target entity is a digital clock. The visual evidence shows a manufactured electronic device designed for timekeeping. This object is a homogenous artefact made of metal and plastic, with no identifiable natural material or texture. It does not depict or reference any natural entity, nor does it fall under any inclusion criteria for nature, such as more-than-human living entities, ecosystems, natural elements, or representations of nature. Therefore, it falls under the Exclusion Scope of the taxonomy. Not applicable since the entity is not classified as nature.",False
/home/pmonserrat/datasets/imagenet/extracted_data/n03197337/ILSVRC2012_val_00000339.JPEG,digital watch,False,,,no,none,none,"The target entity is a digital watch. The visual evidence shows a manufactured, functional timekeeping device made of metal and plastic. This object is a homogenous artefact, as it does not depict a natural entity and its materials do not retain any identifiable natural texture or grain. It is a human-made tool without any explicit reference to natural elements or processes, thus falling under the exclusion criteria for nature. Not applicable since the entity is not classified as nature.",False
/home/pmonserrat/datasets/imagenet/extracted_data/n03201208/ILSVRC2012_val_00000241.JPEG,dining table,False,,,yes,biotic,material,"The target entity is a dining table. The visual evidence shows a manufactured wooden table with visible natural wood grain and texture. The table is crafted from wood, which originates from trees, and retains its natural grain and texture, making it identifiable as a nature-based artefact. This fulfills the inclusion criteria for Nature-Based Artefacts under the definition of nature. Since nature is 'yes', I evaluate the sub-axes. The table is made from wood, which is a derivative of flora, placing it under Flora & Plant Derivatives within the biotic category. The table is a real-world physical object with mass and occupies space, thus it is classified as material under the Tangibility axis.",False
/home/pmonserrat/datasets/imagenet/extracted_data/n03207743/ILSVRC2012_val_00000256.JPEG,dishrag,False,,,no,none,none,"The target entity is a dishrag in the image, which appears to be a knitted cloth item. The dishrag itself is a manufactured textile object made from yarn, which is derived from natural fibers (such as cotton, wool, or synthetic materials that mimic natural fibers). However, the dishrag itself does not inherently depict, represent, or derive its nature classification from any more-than-human living or non-living natural entity. It is a functional, human-made object without any explicit reference to natural elements, flora, fauna, ecosystems, or natural processes. Therefore, it does not fulfill the inclusion criteria for nature under the provided taxonomy. Not applicable since the entity does not meet the criteria for nature.",False
/home/pmonserrat/datasets/imagenet/extracted_data/n03207941/ILSVRC2012_val_00000698.JPEG,dishwasher,False,,,no,none,none,"The target entity is a dishwasher. The visual evidence shows a built-in kitchen appliance, which is a manufactured, functional object designed for cleaning dishes. Dishwashers are homogenous artefacts made of materials like metal and plastic, where the original natural texture is completely unidentifiable and altered. The dishwasher does not depict a natural entity or have any visually identifiable natural material, nor does it fall under any category of natural elements, ecosystems, or processes. Therefore, it falls strictly under the Homogenous Artefacts exclusion and does not fulfill the criteria for nature. Not applicable since the entity is not classified as nature.",False
/home/pmonserrat/datasets/imagenet/extracted_data/n03208938/ILSVRC2012_val_00002489.JPEG,disk brake,False,,,no,none,none,"The target entity is a disk brake on a bicycle. The visual evidence shows a mechanical component made of metal, which is a manufactured, human-made part. Disk brakes are functional components of bicycles and do not originate from or depict any natural entity, biological process, or natural element. They are not derived from or representative of flora, fauna, ecosystems, or abiotic natural processes. Therefore, they fall under the exclusion criteria for nature, specifically Homogenous Artefacts, as they do not meet the inclusion criteria for nature-based artefacts or representations. Not applicable since the entity is not classified as nature.",False
/home/pmonserrat/datasets/imagenet/extracted_data/n03216828/ILSVRC2012_val_00001729.JPEG,dock,False,,,no,none,none,"The target entity is a dock. The visual evidence shows a man-made structure designed for mooring ships, constructed from materials like concrete, metal, and wood. Docks are functional, human-engineered facilities and do not inherently involve natural elements or processes. They are not classified under any inclusion criteria for nature, such as more-than-human living entities, ecosystems, natural elements, or representations of nature. Instead, they fall under the Exclusion Scope as homogenous artefacts that do not depict or derive from natural elements. Not applicable since the dock is not classified as nature.",False
/home/pmonserrat/datasets/imagenet/extracted_data/n03218198/ILSVRC2012_val_00002266.JPEG,dogsled,False,,,no,none,none,"The target entity is a dogsled. The visual evidence shows a sled being pulled by dogs in a snowy environment. While the dogs are non-human living organisms (fauna) and thus part of the biotic category, the dogsled itself is a manufactured, functional object designed for human use. The sled is not a natural entity or a representation of nature but rather a human-made tool. However, the context of the image includes dogs, which are explicitly part of the biotic category under Fauna & Animal Derivatives. The dogsled is not a natural element itself, but the dogs are. Since the question specifically targets the 'dogsled' and not the dogs, we must focus on the sled alone. The sled does not meet the criteria for nature as it is a homogenous artefact without identifiable natural material or depiction of natural elements. Not applicable since the dogsled itself does not qualify as nature under the provided definitions.",False
/home/pmonserrat/datasets/imagenet/extracted_data/n03220513/ILSVRC2012_val_00001868.JPEG,dome,False,,,yes,biotic,immaterial,"The target entity is the dome in the image. The dome itself is a man-made architectural structure, not a natural entity. However, the dome features intricate stained glass artwork depicting botanical and floral patterns, which are representations of natural flora. These artistic depictions explicitly reference more-than-human living entities (flora) and fall under the inclusion criteria for Representations of Nature. The dome as a whole is not a natural entity, but the artistic elements within it are. Since the artistic elements within the dome are classified as nature, I evaluate the sub-axes for these elements. The stained glass artwork represents flora, placing it under Flora & Plant Derivatives within the biotic category. Because the artwork is an artistic representation rather than a physical real-world organism, it is classified as immaterial under the Tangibility axis.",False
/home/pmonserrat/datasets/imagenet/extracted_data/n03223299/ILSVRC2012_val_00001893.JPEG,doormat,False,,,no,none,none,"The target entity is a doormat with the NASA logo. The visual evidence shows a manufactured object with a printed design. The doormat itself is a functional, homogenous artefact made of a material that does not retain any identifiable natural texture or grain. The printed NASA logo is a symbolic representation of an organization, not a depiction of natural elements. Since the doormat does not depict or retain any natural material or natural entity, it does not fulfill the criteria for Nature-Based Artefacts or Representations of Nature. Additionally, the logo itself is not a natural entity or representation of nature. Not applicable since the entity does not qualify as nature under the provided taxonomy.",False
/home/pmonserrat/datasets/imagenet/extracted_data/n03240683/ILSVRC2012_val_00000504.JPEG,drilling platform,False,,,no,none,none,"The target entity is a drilling platform. The visual evidence shows a large, man-made structure designed for oil and gas extraction in marine environments. Drilling platforms are industrial constructions, not natural entities. They are not derived from or representative of any natural material, process, or ecosystem. They fall under the Exclusion Scope as homogenous artefacts that do not depict or originate from natural elements, fulfilling none of the inclusion criteria for nature. Not applicable since the entity is not classified as nature.",False
/home/pmonserrat/datasets/imagenet/extracted_data/n03249569/ILSVRC2012_val_00001609.JPEG,drum,False,,,no,none,none,"The target entity is a drum in the image. The drum is a manufactured musical instrument, typically made of materials like wood, metal, or synthetic substances. It does not inherently reference or depict any natural entity, biological process, or ecosystem. The drum itself is not a natural element or process, nor does it represent a natural entity in a symbolic or artistic way. It is a functional object designed for human use and does not fall under any inclusion criteria for nature, such as flora, fauna, ecosystems, or natural processes. It also does not depict or symbolize any natural elements, making it fall under the exclusion scope of homogenous artefacts that do not reference nature. Not applicable since the entity is not classified as nature.",False
/home/pmonserrat/datasets/imagenet/extracted_data/n03250847/ILSVRC2012_val_00000542.JPEG,drumstick,False,,,yes,biotic,material,"The target entity is a drumstick. The visual evidence shows wooden sticks used for playing drums. These sticks are crafted from wood, which originates from trees, a natural material. While they are processed and manufactured into a functional object, the visible natural grain and texture of the wood fulfill the criteria for Nature-Based Artefacts under the inclusion scope. The sticks are not homogenous artefacts as they retain identifiable natural characteristics. Since nature is 'yes', I evaluate the sub-axes. Drumsticks are made from wood, which is a derivative of flora. This places them under Flora & Plant Derivatives within the biotic category. As physical objects with mass and identifiable natural texture, they are classified as material under the Tangibility axis.",False
/home/pmonserrat/datasets/imagenet/extracted_data/n03255030/ILSVRC2012_val_00001045.JPEG,dumbbell,False,,,no,none,none,"The target entity is a dumbbell. The visual evidence shows a manufactured weightlifting tool made of metal, which is a homogenous artefact. Dumbbells are functional objects where the original natural texture of the materials is completely unidentifiable and altered. They do not depict a natural entity or retain any visually identifiable natural material. Therefore, it falls under the exclusion criteria for nature as it does not meet the inclusion scope for Nature-Based Artefacts or any other natural category. Not applicable since the entity is not classified as nature.",False
/home/pmonserrat/datasets/imagenet/extracted_data/n03259280/ILSVRC2012_val_00000182.JPEG,dutch oven,False,,,no,none,none,"The target entity is a Dutch oven in the image, which is a cooking pot typically made of cast iron or enameled metal. The Dutch oven itself is a manufactured container and does not inherently reference or depict any natural elements or processes. It is a functional kitchen tool and does not fall under the inclusion criteria for nature, such as more-than-human living entities, ecosystems, natural elements, or their representations. The contents of the pot (food) are not the entity in question here, and the pot itself does not qualify as a nature-based artefact or representation of nature. Not applicable since the Dutch oven is not classified as nature.",False
/home/pmonserrat/datasets/imagenet/extracted_data/n03271574/ILSVRC2012_val_00000942.JPEG,electric fan,False,,,no,none,none,"The target entity in the image is a ceiling fan with a label that reads 'SEA GULL.' The visual evidence shows a functional, manufactured object primarily made of metal and plastic, with no visible natural texture or grain. The fan itself is a homogenous artefact, and its design does not depict or reference any natural entity explicitly. The label 'SEA GULL' refers to the brand name and does not imply a natural connection to gulls (birds) in a way that would classify the fan itself as a representation of nature. Therefore, this object does not meet the criteria for Nature-Based Artefacts or Representations of Nature. Not applicable since the entity is not classified as nature.",False
/home/pmonserrat/datasets/imagenet/extracted_data/n03272010/ILSVRC2012_val_00000374.JPEG,electric guitar,False,,,no,none,none,"The target entity is an electric guitar. The visual evidence shows a manufactured musical instrument made of materials such as wood, plastic, and metal. The guitar itself is not a natural entity or derived from a natural element in a way that retains its original natural texture or structure. It is a homogenous artefact designed for a functional purpose, and it does not depict or represent a natural entity. Therefore, it does not meet the criteria for Nature-Based Artefacts or any other inclusion criteria for nature under the provided taxonomy. Not applicable since the entity is not classified as nature.",False
/home/pmonserrat/datasets/imagenet/extracted_data/n03272562/ILSVRC2012_val_00001699.JPEG,electric locomotive,False,,,no,none,none,"The target entity is an electric locomotive. The visual evidence shows a manufactured, mechanical, and functional object designed for transportation on railway tracks. This entity is a human-made artefact, not a natural element, biological process, or ecosystem. It does not fall under any inclusion criteria for nature, such as more-than-human living entities, natural environments, or representations of natural elements. Instead, it is a homogenous artefact with no identifiable natural material or depiction of natural entities. Not applicable since the entity is not classified as nature. The electric locomotive is a human-made machine and does not meet the criteria for nature classification.",False
/home/pmonserrat/datasets/imagenet/extracted_data/n03290653/ILSVRC2012_val_00000199.JPEG,entertainment center,False,,,no,none,none,"The target entity is an entertainment center. The visual evidence shows a manufactured piece of furniture made primarily of wood and metal. The wood used in the entertainment center has a smooth finish with no visible natural grain or texture, and the overall design is functional and structural rather than depicting or referencing natural elements. Since the original natural texture of the materials is not identifiable and the object does not depict or represent a natural entity, it falls under Homogenous Artefacts, which are explicitly excluded from the nature taxonomy. Not applicable since the entity does not meet the criteria for nature.",False
/home/pmonserrat/datasets/imagenet/extracted_data/n03291819/ILSVRC2012_val_00000419.JPEG,envelope,False,,,no,none,none,"The target entity is an envelope from the United States Postal Service. The visual evidence shows a plain, functional, manufactured container made of paper. Envelopes are administrative and functional objects used for mailing, and they do not inherently reference or depict any natural elements, biological processes, or ecosystems. They are not crafted or manufactured to visually identify natural materials or depict natural entities. Therefore, this envelope does not fulfill the inclusion criteria for nature under the provided definitions. Not applicable since the entity does not meet the criteria for nature.",False
/home/pmonserrat/datasets/imagenet/extracted_data/n03297495/ILSVRC2012_val_00001545.JPEG,espresso maker,False,,,no,none,none,"The target entity is an espresso maker, specifically a stovetop moka pot. The visual evidence shows a manufactured, functional kitchen appliance made primarily of metal. The espresso maker itself is not a natural entity, nor does it depict or represent a natural element, organism, ecosystem, or process. It is a homogenous artefact designed for brewing coffee and does not retain any identifiable natural texture or material from its origin. Additionally, it does not fall under the inclusion criteria for nature-based artefacts, processed food, or representations of nature. It is strictly a functional kitchen tool and does not meet the criteria for nature under the provided taxonomy. Not applicable since the entity is not classified as nature.",False
/home/pmonserrat/datasets/imagenet/extracted_data/n03314780/ILSVRC2012_val_00000624.JPEG,face powder,False,,,no,none,none,"The target entity is face powder, specifically the product shown in the image. Face powder is a cosmetic product made from finely milled ingredients, primarily consisting of minerals and sometimes plant-based components like rice or cornstarch. While it may contain natural ingredients, the product itself is a processed, manufactured item designed for human use. The inclusion criteria for nature focus on more-than-human living entities, ecosystems, natural elements, and their representations or derivatives in their natural state or form. Face powder, as a processed cosmetic, does not fit within the inclusion criteria for nature, as it is not a natural entity, ecosystem, or representation of nature in its raw or natural form. It is a homogenous artefact created for human consumption and beauty purposes, and it does not depict or represent natural elements explicitly. Not applicable since the entity is not classified as nature.",False
/home/pmonserrat/datasets/imagenet/extracted_data/n03325584/ILSVRC2012_val_00001256.JPEG,feather boa,False,,,,,,,True
/home/pmonserrat/datasets/imagenet/extracted_data/n03337140/ILSVRC2012_val_00000132.JPEG,file,False,,,no,none,none,"The target entity is a 'file' in the context of the image, referring to the drawers of the filing cabinet. The visual evidence shows a manufactured piece of furniture made of metal and designed for storing physical documents. Files in this context are administrative tools for organizing paper documents and are not related to natural elements, biological processes, or physical natural phenomena. They are homogenous artefacts without any identifiable natural material or depiction of natural entities, thus falling under the Exclusion Scope of the taxonomy. Not applicable since the entity does not meet the criteria for nature.",False
/home/pmonserrat/datasets/imagenet/extracted_data/n03344393/ILSVRC2012_val_00000288.JPEG,fireboat,False,,,no,none,none,"The target entity is a fireboat. The visual evidence shows a manufactured vessel designed for firefighting purposes. Fireboats are human-made machines and do not inherently involve natural elements or processes in their design or function. They are not derived from or representative of natural entities, ecosystems, or processes. Therefore, they fall under the exclusion criteria for nature, specifically Homogenous Artefacts, as they are functional objects without identifiable natural textures or depictions of natural elements. Not applicable since the entity is not classified as nature.",False
/home/pmonserrat/datasets/imagenet/extracted_data/n03345487/ILSVRC2012_val_00000764.JPEG,fire engine,False,,,no,none,none,"The target entity is a fire engine. The visual evidence shows a manufactured vehicle designed for firefighting purposes. Fire engines are human-made artefacts, not natural entities. They are not derived from or representative of any natural material, process, or living organism. They fall under the exclusion criteria for nature as they are homogenous artefacts without identifiable natural texture or depiction of natural elements. Not applicable since the entity is not classified as nature. Fire engines are human-made tools and do not meet the criteria for nature under the provided taxonomy.",False
/home/pmonserrat/datasets/imagenet/extracted_data/n03347037/ILSVRC2012_val_00000743.JPEG,fire screen,False,,,no,none,none,"The target entity is a fire screen. The visual evidence shows a decorative metal object with ornamental designs resembling foliage or leaves. While the screen is a manufactured artefact, it does not depict a natural entity in a literal or realistic manner. The ornamental patterns are stylized and do not represent a real, identifiable natural material or organism. The screen itself is not a natural element, nor does it depict a natural entity in a way that fulfills the inclusion criteria for Nature-Based Artefacts or Representations of Nature. It is purely functional and decorative without any explicit reference to natural elements or processes. Not applicable since the entity does not fulfill the criteria for nature.",False
/home/pmonserrat/datasets/imagenet/extracted_data/n03355925/ILSVRC2012_val_00000445.JPEG,flagpole,False,,,no,none,none,"The target entity is a flagpole with a flag attached. The flagpole itself is a manufactured structural object, typically made of metal or wood, and does not inherently reference or depict any natural elements or processes. It is a functional, human-made object without any identifiable natural material or texture, and it does not fall under any of the inclusion criteria for nature, such as depicting, representing, or being a natural entity or process. The flag itself is an artificial fabric with printed text and symbols, which also does not qualify as nature under the given definitions. Not applicable since the entity is not classified as nature. The flagpole and flag are both human-made artefacts without any natural characteristics or references.",False
/home/pmonserrat/datasets/imagenet/extracted_data/n03372029/ILSVRC2012_val_00000140.JPEG,flute,False,,,no,none,none,"The target entity is a flute being played by a person in the image. The flute itself is a manufactured musical instrument made of metal and wood, which are processed materials. The flute does not inherently refer to or depict any natural entity, biological process, or ecosystem. It is a human-made object without any direct connection to nature as defined by the taxonomy (e.g., it is not a natural material, a depiction of nature, or a representation of a natural element). Therefore, it does not fulfill the inclusion criteria for nature. Not applicable since the entity is not classified as nature.",False
/home/pmonserrat/datasets/imagenet/extracted_data/n03376595/ILSVRC2012_val_00001616.JPEG,folding chair,False,,,no,none,none,"The target entity is a folding chair. The visual evidence shows a manufactured, homogenous structural object made of plastic and metal without any visible natural texture or grain. The chair does not depict a natural entity, nor does it retain any identifiable natural material characteristics. It falls under the exclusion criteria for Homogenous Artefacts, as it does not meet the criteria for Nature-Based Artefacts or Representations of Nature. Not applicable since the entity is not classified as nature.",False
/home/pmonserrat/datasets/imagenet/extracted_data/n03379051/ILSVRC2012_val_00002562.JPEG,football helmet,False,,,no,none,none,"The target entity is a football helmet. The visual evidence shows a manufactured protective headgear designed for human use in the sport of football. Football helmets are homogenous artefacts made of synthetic materials (e.g., plastic, metal, foam) that do not retain any identifiable natural texture or grain. They do not depict or reference any natural entity, nor are they made from natural materials that remain visually identifiable. Therefore, this entity falls under the exclusion criteria for nature, specifically Homogenous Artefacts. Not applicable since the entity is not classified as nature.",False
/home/pmonserrat/datasets/imagenet/extracted_data/n03384352/ILSVRC2012_val_00001579.JPEG,forklift,False,,,no,none,none,"The target entity is a forklift. The visual evidence shows a manufactured industrial vehicle used for lifting and transporting materials. Forklifts are industrial machines made of metal and other synthetic materials, with no identifiable natural material or texture. They do not depict or reference any natural entity, nor are they derived from natural materials in a way that retains visible natural characteristics. Therefore, it falls under the exclusion criteria for nature, specifically Homogenous Artefacts, as it does not meet the inclusion criteria for Nature-Based Artefacts or any other category of nature. Not applicable since the entity is not classified as nature.",False
/home/pmonserrat/datasets/imagenet/extracted_data/n03388043/ILSVRC2012_val_00001018.JPEG,fountain,False,,,no,none,none,"The target entity is a fountain. The visual evidence shows a physical structure designed to emit streams of water. While fountains are human-made, they are designed to mimic natural hydrological processes and are often situated in natural or semi-natural environments. The inclusion criteria for Non-Living Natural Elements & Processes (hydrological components) are not directly met because the fountain itself is a manufactured object. However, the water jets in the fountain are a representation of a hydrological process (water flow), and the setting itself is often part of a larger natural or semi-natural environment. Since the fountain itself is not a natural element but rather a human-made structure that simulates natural processes, it does not qualify as nature under the provided definitions. The fountain is an artefact and does not inherently belong to the inclusion scope of nature. Not applicable since the fountain, as a human-made structure, does not meet the criteria for nature.",False
/home/pmonserrat/datasets/imagenet/extracted_data/n03388183/ILSVRC2012_val_00002799.JPEG,fountain pen,False,,,no,none,none,"The target entity is a fountain pen. The visual evidence shows a collection of pens made primarily of metal and other manufactured materials. These pens do not originate from or depict any natural entity, nor do they retain any visually identifiable natural texture or material. They are functional, human-made objects without any explicit reference to natural elements or processes. Therefore, they fall under the exclusion criteria for nature, specifically Homogenous Artefacts, as they do not meet the criteria for Nature-Based Artefacts or Representations of Nature. Not applicable since the entity is not classified as nature.",False
/home/pmonserrat/datasets/imagenet/extracted_data/n03388549/ILSVRC2012_val_00002945.JPEG,four-poster,False,,,no,none,none,"The target entity is a four-poster bed. The visual evidence shows a manufactured piece of furniture with a canopy structure. The canopy itself is a fabric covering, which is not a natural material in its original form but is often made from synthetic or natural fibers. The bed frame and canopy are crafted objects, not directly derived from or depicting natural entities in a literal sense. The canopy does not depict or represent a natural element explicitly, nor is it made from visibly identifiable natural textures or materials in a way that fulfills the criteria for Nature-Based Artefacts. Therefore, it does not meet the inclusion criteria for nature under the provided taxonomy. Not applicable since the entity does not qualify as nature under the given taxonomy.",False
/home/pmonserrat/datasets/imagenet/extracted_data/n03393912/ILSVRC2012_val_00000047.JPEG,freight car,False,,,no,none,none,"The target entity is a freight car. The visual evidence shows a manufactured, industrial object designed for transporting goods. Freight cars are human-made, functional structures that do not inherently reference or depict natural elements, nor are they composed of identifiable natural materials in their primary form. They fall under the exclusion criteria for nature as they are homogenous artefacts without any explicit connection to natural entities or processes, and they do not depict or represent nature in any form. Not applicable since the entity is not classified as nature.",False
/home/pmonserrat/datasets/imagenet/extracted_data/n03394916/ILSVRC2012_val_00000957.JPEG,french horn,False,,,no,none,none,"The target entity is a french horn, a musical instrument. The visual evidence shows a person playing a brass instrument that is not a natural entity itself but is a human-made object. The french horn is not a more-than-human living organism, ecosystem, natural element, or representation of nature. It does not fall under any inclusion criteria for nature, such as Flora, Fauna, Fungi, natural environments, or representations of natural elements. It is a manufactured artefact without any natural material or depiction of nature. Not applicable since the entity is not classified as nature.",False
/home/pmonserrat/datasets/imagenet/extracted_data/n03400231/ILSVRC2012_val_00000516.JPEG,frying pan,False,,,no,none,none,"The target entity is a frying pan. The visual evidence in the image shows a kitchen utensil that is a manufactured, functional object made of metal. Frying pans are typically made from materials like stainless steel, aluminum, or non-stick coatings, which are not derived from natural materials in a way that retains identifiable natural texture or grain. The frying pan does not depict a natural entity, nor does it retain any visually identifiable natural material properties. It falls under the exclusion criteria for nature-based artefacts and does not fulfill the inclusion criteria for nature. Not applicable since the entity is not classified as nature.",False
/home/pmonserrat/datasets/imagenet/extracted_data/n03404251/ILSVRC2012_val_00000641.JPEG,fur coat,False,,,no,none,none,"The target entity is a fur coat. The visual evidence shows a garment made from animal fur, which is derived from non-human animals. While the coat itself is a manufactured product, it is made from a natural material (animal fur) that originates from a living organism (fauna). However, the coat itself is not a living entity or a direct representation of nature in its raw form; it is a processed product derived from a natural source. The inclusion criteria for Nature-Based Artefacts require that the natural material of origin remains visually identifiable by its structure, grain, or texture, but the coat itself is not a natural entity or ecosystem. Instead, it is a processed product that falls under the exclusion scope for homogenous artefacts where the original natural texture is not the primary focus of the object’s identity. Fur coats are functional garments and not explicitly classified as nature under the given taxonomy. Not applicable since the entity does not fulfill the criteria for nature.",False
/home/pmonserrat/datasets/imagenet/extracted_data/n03417042/ILSVRC2012_val_00001144.JPEG,garbage truck,False,,,no,none,none,"The target entity is a garbage truck. The visual evidence shows a manufactured vehicle designed for waste collection. This is a homogenous artefact made of metal and other materials that do not retain any identifiable natural texture or grain. The garbage truck does not depict or reference any natural entity, nor is it made from visibly identifiable natural materials. It falls under the exclusion criteria for nature as it does not fulfill the inclusion scope for nature-based artefacts or representations of nature. Not applicable since the entity is not classified as nature.",False
/home/pmonserrat/datasets/imagenet/extracted_data/n03424325/ILSVRC2012_val_00002290.JPEG,gasmask,False,,,no,none,none,"The target entity is a gasmask, specifically the Jetstream model shown in the image. The gasmask is a manufactured protective device designed to filter air and protect the wearer from harmful gases or particles. It is not a natural entity, nor does it depict or derive from any natural element, organism, ecosystem, or process. The gasmask is a human-made artefact intended for functional use, lacking any identifiable natural material or reference to nature in its design or purpose. Therefore, it does not meet the inclusion criteria for nature under the provided taxonomy. Not applicable since the entity is not classified as nature.",False
/home/pmonserrat/datasets/imagenet/extracted_data/n03425413/ILSVRC2012_val_00000732.JPEG,gas pump,False,,,no,none,none,"The target entity is a gas pump. The visual evidence shows a manufactured, functional device designed for dispensing fuel. Gas pumps are homogenous artefacts made of metal and plastic, with no visible natural texture or grain. They do not depict or reference any natural elements, nor are they derived from natural materials in a way that retains identifiable natural characteristics. Therefore, it falls under the exclusion criteria for nature, specifically Homogenous Artefacts. Not applicable since the entity is not classified as nature.",False
/home/pmonserrat/datasets/imagenet/extracted_data/n03443371/ILSVRC2012_val_00000311.JPEG,goblet,False,,,no,none,none,"The target entity in question are the goblets shown in the image. These goblets are artistic glassware with intricate designs that depict natural elements such as flowers, plants, and organic patterns. While they are functional objects, their primary visual and thematic inspiration is rooted in natural forms and motifs. However, the goblets themselves are manufactured artefacts made of glass, and their primary function is utilitarian rather than representational of nature. The visible natural textures or organic shapes are stylized and integrated into the design rather than being the primary material of the object itself. Since the goblets do not depict or explicitly reference natural entities as their core identity and are not made from natural materials in a way that retains their original texture, they do not fulfill the criteria for Nature-Based Artefacts. Instead, they are decorative objects with natural-inspired designs but are not classified as nature under the provided taxonomy. Not applicable since the entity does not fulfill the criteria for nature.",False
/home/pmonserrat/datasets/imagenet/extracted_data/n03444034/ILSVRC2012_val_00000032.JPEG,go-kart,False,,,no,none,none,"The target entity is a go-kart. The visual evidence shows a manufactured, functional vehicle designed for recreational driving. Go-karts are homogenous artefacts made of materials like plastic, metal, and rubber, where the original natural texture is completely unidentifiable and altered. The vehicle does not depict a natural entity or have any explicit reference to nature in its design or function. Therefore, it does not fulfill the inclusion criteria for nature under the provided taxonomy. Not applicable since the entity is not classified as nature.",False
/home/pmonserrat/datasets/imagenet/extracted_data/n03445777/ILSVRC2012_val_00002314.JPEG,golf ball,False,,,no,none,none,"The target entity is a golf ball. The visual evidence shows a manufactured, functional object made of synthetic materials (typically rubber and dimpled plastic). Golf balls are not derived from natural materials in a way that retains identifiable natural texture or grain, nor do they depict or represent natural entities. They are homogenous artefacts, manufactured for a specific functional purpose without any explicit reference to natural elements. Therefore, they fall under the exclusion criteria for nature. Not applicable since the entity is not classified as nature.",False
/home/pmonserrat/datasets/imagenet/extracted_data/n03445924/ILSVRC2012_val_00001116.JPEG,golfcart,False,,,no,none,none,"The target entity is a golf cart. The visual evidence shows a manufactured, functional vehicle designed for transportation on golf courses or similar terrains. Golf carts are homogenous artefacts made of metal, plastic, and other materials that do not retain any identifiable natural texture or grain. They do not depict or reference any natural entity and are not crafted from natural materials in a way that retains their original natural characteristics. Therefore, they fall under the exclusion criteria for nature. Not applicable since the entity is not classified as nature.",False
/home/pmonserrat/datasets/imagenet/extracted_data/n03447447/ILSVRC2012_val_00000913.JPEG,gondola,False,,,no,none,none,"The target entity is a gondola. The visual evidence shows a traditional Venetian boat used for transportation on waterways. Gondolas are human-made artefacts designed for functional use in water environments. They are not derived from natural materials in a way that retains identifiable natural texture or grain, nor do they depict natural entities. Instead, they are manufactured objects without explicit natural references in their form or material composition. Therefore, they fall under the exclusion criteria for nature-based artefacts and do not fulfill the inclusion criteria for nature. Not applicable since the entity is not classified as nature.",False
/home/pmonserrat/datasets/imagenet/extracted_data/n03447721/ILSVRC2012_val_00001052.JPEG,gong,False,,,no,none,none,"The target entity is a gong. The visual evidence shows a large, circular, metal percussion instrument. Gong is a manufactured object made of metal, which is a processed material derived from mined ores. While gongs are crafted from natural minerals, the final product is a homogenous artefact where the original natural texture of the material is no longer identifiable. The gong does not depict a natural entity or retain any visible natural characteristics, nor does it fall under the categories of natural elements, ecosystems, or living organisms. Therefore, it does not fulfill the inclusion criteria for nature under the provided taxonomy. Not applicable since the entity is not classified as nature.",False
/home/pmonserrat/datasets/imagenet/extracted_data/n03450230/ILSVRC2012_val_00000780.JPEG,gown,False,,,no,none,none,"The target entity is a gown in the image. The gown itself is a manufactured garment made of synthetic or fabric materials, which do not inherently derive from or represent natural elements in a way that fulfills the inclusion criteria for nature. The gown does not depict, resemble, or derive from any natural entity, ecosystem, or process. It is a human-made clothing item without any explicit natural texture, grain, or symbolic representation of flora, fauna, or abiotic elements. Therefore, it does not meet the criteria for Nature-Based Artefacts or Representations of Nature. Not applicable since the entity does not qualify as nature under the provided taxonomy.",False
/home/pmonserrat/datasets/imagenet/extracted_data/n03452741/ILSVRC2012_val_00000662.JPEG,grand piano,False,,,no,none,none,"The target entity is a grand piano. The visual evidence shows a manufactured musical instrument made primarily of wood and metal. The wood used in the piano has a visible natural grain, but the primary function of the piano is not to depict or represent natural elements. Instead, it is a homogenous artefact designed for musical purposes. The natural material of origin (wood) is identifiable by its grain, but the object itself is not a natural entity or a representation of nature. It does not fall under Nature-Based Artefacts because its primary purpose is not to depict or be a natural entity but rather a functional, human-made tool. Therefore, it does not fulfill the inclusion criteria for nature. Not applicable since the entity is not classified as nature.",False
/home/pmonserrat/datasets/imagenet/extracted_data/n03457902/ILSVRC2012_val_00000295.JPEG,greenhouse,False,,,,,,,True
/home/pmonserrat/datasets/imagenet/extracted_data/n03459775/ILSVRC2012_val_00000852.JPEG,grille,False,,,no,none,none,"The target entity is the grille of a classic car. The grille is a manufactured component made of metal, with no visible natural material or texture. It does not depict a natural entity, nor does it retain any identifiable natural material or structure. The grille is a functional part of a vehicle, designed for aesthetic and functional purposes unrelated to nature. It falls under Homogenous Artefacts, which are explicitly excluded from the nature classification. Not applicable since the grille does not meet the criteria for nature.",False
/home/pmonserrat/datasets/imagenet/extracted_data/n03461385/ILSVRC2012_val_00000372.JPEG,grocery store,False,,,no,none,none,"The target entity is a grocery store. The visual evidence shows a store interior filled with packaged goods, shelves, and products. Grocery stores are commercial establishments designed for the sale of food and other household items. They are not inherently natural entities, nor do they depict or represent natural elements. The items on the shelves, such as packaged food, are processed and do not inherently qualify as nature under the given definitions. The store itself is a human-made structure and does not fall under any category of nature, flora, fauna, ecosystems, or natural elements/processes. Therefore, it does not fulfill the inclusion criteria for nature. Not applicable since the grocery store itself is not classified as nature. The items within the store, such as food products, may individually be classified differently, but the store as a whole does not meet the criteria for nature.",False
/home/pmonserrat/datasets/imagenet/extracted_data/n03467068/ILSVRC2012_val_00000169.JPEG,guillotine,False,,,no,none,none,"The target entity is a guillotine. The visual evidence shows a mechanical execution device made of metal and wood. The guillotine is a manufactured artefact designed for a specific function and does not originate from or depict a natural entity, biological process, or ecosystem. It is not a natural element, living organism, ecosystem, or representation thereof. Instead, it is a human-made tool with no inherent natural characteristics or references to nature. Therefore, it falls under the Exclusion Scope of the taxonomy. Not applicable since the entity is not classified as nature.",False
/home/pmonserrat/datasets/imagenet/extracted_data/n03476684/ILSVRC2012_val_00000190.JPEG,hair slide,False,,,yes,biotic,immaterial,"The target entity is a hair slide designed to resemble a flower. The visual evidence shows a manufactured decorative object shaped to depict a natural entity (a flower), which falls under the inclusion criteria for Representations of Nature. The hair slide is explicitly crafted to mimic a natural form, fulfilling the criteria for Nature-Based Artefacts under the Representations of Nature category. Since nature is 'yes', I evaluate the sub-axes. The hair slide represents a non-living natural form (a flower) that is typically associated with flora, but since it is a crafted object designed to depict a natural entity, it is classified under the biotic category due to its representation of a living organism's form. Although it is a physical object, its primary purpose is decorative and symbolic, representing nature rather than being a real-world organism or ecosystem. Therefore, it is classified as immaterial under the Tangibility axis.",False
/home/pmonserrat/datasets/imagenet/extracted_data/n03476991/ILSVRC2012_val_00000856.JPEG,hair spray,False,,,no,none,none,"The target entity is hair spray. Hair spray is a manufactured product designed for styling hair, typically containing propellants, solvents, and other chemicals. It is not derived from or a representation of any natural entity, biological process, or ecosystem. It does not fall under any inclusion criteria for nature, such as Flora, Fauna, Fungi, ecosystems, natural elements, or their representations. Instead, it is a human-made chemical product, which falls under the Exclusion Scope of the taxonomy. Not applicable since hair spray is not classified as nature.",False
/home/pmonserrat/datasets/imagenet/extracted_data/n03478589/ILSVRC2012_val_00000035.JPEG,half track,False,,,no,none,none,"The target entity is a half-track vehicle. The visual evidence shows a military vehicle with mechanical and structural components, designed for transportation and combat. Half-tracks are manufactured, human-made machines and do not fall under any category of natural entities, biological processes, ecosystems, or natural elements. They are explicitly excluded under the inclusion criteria for nature, as they are homogenous artefacts without any identifiable natural material or depiction of natural entities. Not applicable since the entity is not classified as nature. The half-track is a human-made machine without any natural elements or references to nature.",False
/home/pmonserrat/datasets/imagenet/extracted_data/n03481172/ILSVRC2012_val_00000887.JPEG,hammer,False,,,yes,biotic,material,"The target entity is a hammer, specifically a wooden mallet. The visual evidence shows a physical object made from a single piece of wood with visible natural grain and texture. Although it is a manufactured tool, the natural material of origin remains visually identifiable by its grain and texture, fulfilling the criteria for Nature-Based Artefacts under the inclusion scope. Since nature is 'yes', I evaluate the sub-axes. The hammer is made from wood, which is a derivative of trees, placing it under Flora & Plant Derivatives within the biotic category. Because it is a real-world physical object with mass and occupies space, it is classified as material under the Tangibility axis.",False
/home/pmonserrat/datasets/imagenet/extracted_data/n03482405/ILSVRC2012_val_00000060.JPEG,hamper,False,,,no,none,none,"The target entity is a hamper. The visual evidence shows a woven basket made from natural materials, such as straw or reeds. While the hamper itself is a manufactured object, it is crafted from visibly identifiable natural materials (woven plant fibers). However, the hamper itself is not a natural entity or a representation of nature; it is a container made from natural materials. The contents of the hamper (e.g., toiletries, framed picture) are not natural entities either, but rather human-made items. Therefore, the hamper as a whole does not fulfill the criteria for being classified as nature under the provided definitions, as it is not a natural element, ecosystem, or representation of nature. Not applicable since the entity itself and its contents do not meet the criteria for nature.",False
/home/pmonserrat/datasets/imagenet/extracted_data/n03483316/ILSVRC2012_val_00000876.JPEG,hand blower,False,,,no,none,none,"The target entity is a hand blower with a bear-themed design. The visual evidence shows a manufactured, functional appliance primarily made of plastic and metal, with a decorative bear sticker. The appliance itself is a homogenous artefact, as its primary function is not derived from or visually identifiable by natural materials or textures. The bear sticker is a representation of fauna but does not constitute the main entity in question. Since the hand blower itself does not depict or derive from natural elements and lacks identifiable natural texture or material, it does not meet the criteria for Nature-Based Artefacts. The bear sticker, while a representation of nature, is not the primary target entity and does not classify the hand blower as nature under the given taxonomy. Not applicable since the entity is not classified as nature.",False
/home/pmonserrat/datasets/imagenet/extracted_data/n03485407/ILSVRC2012_val_00000149.JPEG,hand-held computer,False,,,no,none,none,"The target entity is a Dell Axim Pocket PC, a hand-held computer. The visual evidence shows a manufactured electronic device made of synthetic materials such as plastic and metal. This device does not originate from or depict any natural entity, nor does it have any identifiable natural material or texture. It is a homogenous artefact that does not fulfill the inclusion criteria for nature, such as being a natural entity, ecosystem, or representation of nature. It is purely a human-made technological tool. Not applicable since the entity is not classified as nature. The device is a manufactured product without any natural elements or depictions.",False
/home/pmonserrat/datasets/imagenet/extracted_data/n03485794/ILSVRC2012_val_00000054.JPEG,handkerchief,False,,,yes,biotic,immaterial,"The target entity is a handkerchief with a floral pattern. The visual evidence shows a fabric item with an artistic depiction of roses and leaves. Although the handkerchief itself is a manufactured textile object, the primary inclusion criterion for nature in this context is the explicit representation of natural elements (roses and leaves). The handkerchief qualifies as a Representation of Nature because it features stylized depictions of flora, fulfilling the inclusion criteria for artistic or cultural representations of natural entities. Since nature is 'yes', I evaluate the sub-axes. The roses and leaves depicted on the handkerchief are flora, placing this representation under Flora & Plant Derivatives within the biotic category. The handkerchief is a physical object but serves as a symbolic representation of natural elements through artistic design, thus it is classified as immaterial under the Tangibility axis.",False
/home/pmonserrat/datasets/imagenet/extracted_data/n03492542/ILSVRC2012_val_00000367.JPEG,hard disc,False,,,no,none,none,"The target entity is a hard disc (hard drive). The visual evidence shows a dismantled electronic device with printed circuit boards, connectors, and electronic components. Hard discs are manufactured, non-natural technological devices designed for data storage. They do not originate from or depict any natural elements, biological processes, or ecosystems. They fall under the exclusion scope of homogenous artefacts where the original natural texture is unidentifiable and the object does not depict or derive from natural entities. Not applicable since the entity is not classified as nature. The hard disc is a manufactured electronic component with no natural origin or depiction.",False
/home/pmonserrat/datasets/imagenet/extracted_data/n03494278/ILSVRC2012_val_00001030.JPEG,harmonica,False,,,no,none,none,"The target entity is a harmonica. The harmonica is a musical instrument made of metal and does not inherently reference or depict any natural elements, biological processes, ecosystems, or non-living natural phenomena. It is a manufactured object without any identifiable natural material or texture, nor does it represent or depict any natural entity. Therefore, it does not fulfill the inclusion criteria for nature under the provided taxonomy. Not applicable since the harmonica does not meet the criteria for nature.",False
/home/pmonserrat/datasets/imagenet/extracted_data/n03495258/ILSVRC2012_val_00000448.JPEG,harp,False,,,no,none,none,"The target entity is a harp-like structure in the image. The visual evidence shows a large, artistic, and symbolic metal sculpture shaped like a harp. While the harp itself is a musical instrument, this particular instance is a decorative, artistic representation that does not depict a natural entity or process. It is a manufactured object that does not fall under the inclusion criteria for nature, as it is not a natural element, ecosystem, or representation of nature. The harp in this context is purely functional and symbolic in a non-natural way, lacking any identifiable natural material or biological/physical process. Not applicable since the entity is not classified as nature.",False
/home/pmonserrat/datasets/imagenet/extracted_data/n03496892/ILSVRC2012_val_00000015.JPEG,harvester,False,,,no,none,none,"The target entity is a harvester. The visual evidence shows a machine used for harvesting crops in a field of wheat. The harvester itself is a manufactured, mechanical device designed for agricultural purposes. It does not inherently belong to the natural world, nor does it depict or represent a natural entity. It is a human-made tool used in the process of harvesting crops, which are biotic entities. However, the harvester itself is not a natural element, biological process, or ecosystem, nor does it fall under any category of nature-based artefacts or representations. It is an exclusion by definition under the provided taxonomy. Not applicable since the entity is not classified as nature.",False
/home/pmonserrat/datasets/imagenet/extracted_data/n03498962/ILSVRC2012_val_00002436.JPEG,hatchet,False,,,no,none,none,"The target entity is a hatchet. The visual evidence shows a tool made of metal and wood, which is a manufactured object. The hatchet is not a natural entity itself but rather a human-made artefact. The natural material of origin (wood) is present but has been processed and altered significantly for a functional purpose. The hatchet does not fall under any of the inclusion criteria for nature, such as being a more-than-human living entity, a natural element, or a representation of nature. It is a homogenous artefact with a functional purpose, and its natural texture is not the primary focus or defining characteristic. Therefore, it does not meet the criteria for Nature-Based Artefacts. Not applicable since the entity is not classified as nature.",False
/home/pmonserrat/datasets/imagenet/extracted_data/n03527444/ILSVRC2012_val_00002822.JPEG,holster,False,,,no,none,none,"The target entity is a holster in the image. The holster is a manufactured leather pouch designed to hold a firearm. The material itself, leather, is derived from animal hides, which are biotic in origin. However, the holster is a crafted object where the natural texture of the leather is still visually identifiable by its grain and texture, but it is primarily a functional, human-made artefact. The holster does not depict a natural entity or ecosystem and is not a natural element or process itself. It falls under the exclusion scope for homogenous artefacts that do not depict natural entities and are not natural in origin or function. The inclusion criteria for Nature-Based Artefacts require that the natural material of origin remains visually identifiable and the object's purpose is not purely functional but also retains a connection to nature. Since the holster is a functional item without explicit natural depiction or representation, it does not meet the criteria for nature. Not applicable since the entity does not meet the criteria for nature.",False
/home/pmonserrat/datasets/imagenet/extracted_data/n03529860/ILSVRC2012_val_00000387.JPEG,home theater,False,,,no,none,none,"The target entity is a home theater setup. The visual evidence shows a room equipped with a large screen displaying a scene, seating arrangements, and lighting. The home theater itself is a manufactured, functional space designed for entertainment purposes. It does not inherently involve or depict any natural elements, organisms, ecosystems, or processes. The screen displays an artistic or fictional representation of a natural scene (a dragon-like creature), but the home theater setup itself is not a natural entity or representation of nature. It is a human-made environment and does not fulfill the inclusion criteria for nature under the provided definitions. Not applicable since the entity itself is not classified as nature. The screen content, while potentially depicting nature, is not the focus of the classification for the home theater setup.",False
/home/pmonserrat/datasets/imagenet/extracted_data/n03530642/ILSVRC2012_val_00001784.JPEG,honeycomb,True,False,True,yes,biotic,material,"The target entity is honeycomb. The visual evidence shows a physical structure created by bees, consisting of hexagonal cells made of wax. Honeycomb is a natural product derived from the biological processes of bees, which are non-human living organisms. This falls under Fauna & Animal Derivatives within the Biotic category of the inclusion scope for nature, as it is a tangible result of biological activity and is explicitly referenced in the inclusion criteria for more-than-human living entities and their derivatives. Since nature is 'yes', I evaluate the sub-axes. Honeycomb is a product of bee activity, placing it under Fauna & Animal Derivatives within the biotic category. Because honeycomb is a real-world physical object with mass and occupies space, it is classified as material under the Tangibility axis.",False
/home/pmonserrat/datasets/imagenet/extracted_data/n03532672/ILSVRC2012_val_00000575.JPEG,hook,False,,,no,none,none,"The target entity is a hook, specifically part of a crane mechanism. The visual evidence shows a manufactured, industrial component made of metal. This is a homogenous artefact, as it is a functional object without any identifiable natural material or texture, nor does it depict a natural entity. It does not meet the criteria for Nature-Based Artefacts or any other inclusion criteria for nature, as it is purely man-made and lacks any reference to natural elements or processes. Not applicable since the entity is not classified as nature.",False
/home/pmonserrat/datasets/imagenet/extracted_data/n03534580/ILSVRC2012_val_00000776.JPEG,hoopskirt,False,,,no,none,none,"The target entity is a hoopskirt. The hoopskirt is a garment traditionally made of layers of fabric or petticoats designed to create a circular, voluminous skirt. While it is a human-made object, it does not inherently reference or depict any natural elements, biological processes, or ecosystems. It is a functional piece of clothing without any explicit connection to flora, fauna, abiotic natural elements, or representations thereof. Therefore, it does not fulfill the inclusion criteria for nature under the provided taxonomy. Not applicable since the entity does not meet the criteria for nature.",False
/home/pmonserrat/datasets/imagenet/extracted_data/n03535780/ILSVRC2012_val_00001827.JPEG,horizontal bar,False,,,no,none,none,"The target entity is a horizontal bar in the image. The visual evidence shows a manufactured piece of equipment, likely made of metal, used for physical activities such as gymnastics. This is a homogenous artefact, as it is a functional object without any visible natural texture or grain. It does not depict a natural entity and does not originate from or retain any identifiable natural material. Therefore, it does not fulfill the criteria for Nature-Based Artefacts or any other inclusion criteria for nature. Not applicable since the entity is not classified as nature.",False
/home/pmonserrat/datasets/imagenet/extracted_data/n03538406/ILSVRC2012_val_00000752.JPEG,horse cart,False,,,,,,,True
/home/pmonserrat/datasets/imagenet/extracted_data/n03544143/ILSVRC2012_val_00001943.JPEG,hourglass,True,False,True,no,none,none,"The target entity is an hourglass. The hourglass in the image is a manufactured, functional object made of glass, which is a processed material derived from natural silica but is no longer identifiable as a natural element in its original form. It does not depict, represent, or directly engage with any natural entity, ecosystem, or process. The hourglass is a homogenous artefact that does not fulfill the criteria for Nature-Based Artefacts, as it lacks any visible natural texture or reference to natural elements. Additionally, it does not fall under any of the inclusion criteria for nature, such as living organisms, ecosystems, or representations of natural elements. Not applicable since the entity is not classified as nature.",False
/home/pmonserrat/datasets/imagenet/extracted_data/n03584254/ILSVRC2012_val_00000647.JPEG,ipod,False,,,no,none,none,"The target entity is an iPod. The visual evidence shows a manufactured electronic device that is not derived from or representative of any natural entity, biological process, or ecosystem. The iPod is a homogenous artefact made of plastic and metal, with no visible natural texture or grain. It does not depict, symbolize, or derive from any natural element, process, or living organism. Therefore, it falls under the exclusion criteria for nature. Not applicable since the entity is not classified as nature.",False
/home/pmonserrat/datasets/imagenet/extracted_data/n03584829/ILSVRC2012_val_00000208.JPEG,iron,False,,,no,none,none,"The target entity is an iron (ironing board). The visual evidence shows a manufactured, functional appliance made of metal and plastic. The ironing board itself is a homogenous artefact designed for a functional purpose, with no visible natural texture or material of origin. It does not depict or reference any natural entity, nor does it consist of or derive from natural materials in a visually identifiable way. Therefore, it falls under the exclusion criteria for nature, specifically Homogenous Artefacts. Not applicable since the entity is not classified as nature.",False
/home/pmonserrat/datasets/imagenet/extracted_data/n03590841/ILSVRC2012_val_00000308.JPEG,jack-o'-lantern,False,,,,,,,True
/home/pmonserrat/datasets/imagenet/extracted_data/n03594734/ILSVRC2012_val_00000110.JPEG,jean,False,,,no,none,none,"The target entity is a pair of jeans worn by the individuals in the image. Jeans are manufactured garments made from denim, a fabric derived from cotton, which is a natural plant fiber. However, the jeans in the image are fully processed, dyed, and stitched into clothing, with no visible natural texture or grain of the original plant material. The jeans do not depict or represent a natural entity and are not a natural element or ecosystem. They fall under the exclusion criteria for homogenous artefacts where the original natural texture is unidentifiable and the object does not depict a natural entity. Not applicable since the entity is not classified as nature.",False
/home/pmonserrat/datasets/imagenet/extracted_data/n03594945/ILSVRC2012_val_00000659.JPEG,jeep,False,,,no,none,none,"The target entity is a jeep. The visual evidence shows a manufactured vehicle parked on a snowy road. Jeeps are human-made vehicles designed for transportation and do not fall under any category of more-than-human living entities, ecosystems, natural elements, or processes. They are homogenous artefacts, as their materials (metal, plastic, etc.) do not retain any identifiable natural texture or structure. Additionally, they do not depict or represent natural entities. Therefore, this entity does not fulfill the inclusion criteria for nature. Not applicable since the entity is not classified as nature.",False
/home/pmonserrat/datasets/imagenet/extracted_data/n03595614/ILSVRC2012_val_00000219.JPEG,jersey,False,,,no,none,none,"The target entity is the jersey worn by the person in the image. The jersey is a piece of clothing with a printed design that reads 'Warn Level: 1 (18%) get Frozen!' and a website address. The design itself is a fictional, symbolic representation of a warning level, not a depiction of any natural entity or process. The jersey is a manufactured garment and does not inherently reference or depict any natural elements, flora, fauna, ecosystems, or abiotic processes. It does not meet the criteria for Nature-Based Artefacts, as it does not have a visually identifiable natural texture or material, nor does it depict a natural entity. Therefore, it does not fulfill the inclusion criteria for nature. Not applicable since the entity does not qualify as nature.",False
/home/pmonserrat/datasets/imagenet/extracted_data/n03598930/ILSVRC2012_val_00000607.JPEG,jigsaw puzzle,False,,,no,none,none,"The target entity is a jigsaw puzzle piece placed on a map. The visual evidence shows a physical object that is a representation of a geographical area, specifically a part of the UK. Jigsaw puzzles themselves are manufactured objects, but the piece in question is placed on a map that depicts natural geographical features (e.g., rivers, cities, and regions). However, the puzzle piece itself is not a natural entity or a depiction of a natural entity; it is a functional, human-made tool for recreating a map. The puzzle piece does not inherently represent or depict any natural elements, flora, fauna, or abiotic processes. It is a human-created object used to represent a map, which is a human construct rather than a natural entity or representation of nature. Not applicable since the jigsaw puzzle piece itself does not qualify as nature under the provided definitions. It is a manufactured item used for recreating a map, which is not a natural entity or representation of nature.",False
/home/pmonserrat/datasets/imagenet/extracted_data/n03599486/ILSVRC2012_val_00000281.JPEG,jinrikisha,False,,,no,none,none,"The target entity is a jinrikisha (rickshaw). The visual evidence shows a human-pulled, traditional vehicle designed for transporting passengers. This is a manufactured, functional object made primarily of metal and wood, with no direct reference to natural elements in its structure or purpose. It does not depict or derive from any natural entity, nor does it fall under the categories of natural elements, ecosystems, or representations of nature. It is a homogenous artefact, lacking any identifiable natural texture or depiction of natural elements, and does not meet the inclusion criteria for nature. Not applicable since the entity is not classified as nature.",False
/home/pmonserrat/datasets/imagenet/extracted_data/n03602883/ILSVRC2012_val_00000969.JPEG,joystick,False,,,no,none,none,"The target entity is a joystick, specifically an analog joystick designed for gaming or simulation purposes. The visual evidence shows a manufactured, functional device made of plastic and metal, with no identifiable natural material or texture. The joystick does not depict or reference any natural entity, nor is it made from or derived from natural materials in a way that retains visible natural characteristics. It is a homogenous artefact, lacking any explicit connection to nature under the provided definitions. Not applicable since the entity is not classified as nature. The joystick is a manufactured, functional object without any natural material or depiction, fitting the exclusion criteria for homogenous artefacts.",False
/home/pmonserrat/datasets/imagenet/extracted_data/n03617480/ILSVRC2012_val_00000900.JPEG,kimono,False,,,no,none,none,"The target entity is a kimono. The kimono in the image is a traditional Japanese garment worn by humans. According to the provided taxonomy, human beings, human body parts, and groups of people are explicitly excluded from the nature classification, regardless of the clothing they wear. The kimono itself is a manufactured textile item designed for human use and does not inherently reference or depict natural elements, processes, or ecosystems. Therefore, it does not fulfill the inclusion criteria for nature. Not applicable since the kimono, as a garment worn by humans, is excluded from the nature taxonomy.",False
/home/pmonserrat/datasets/imagenet/extracted_data/n03623198/ILSVRC2012_val_00000686.JPEG,knee pad,False,,,no,none,none,"The target entity is a knee pad with a white graphic of a stylized animal (likely a bear) on it. The knee pad itself is a manufactured functional object made of synthetic materials. The graphic on the knee pad depicts a non-human entity, but the knee pad itself is not a natural entity or a representation of nature in the context of the inclusion criteria. The graphic is a stylized design and does not depict a real-world natural organism or environment. Since the knee pad is a homogenous artefact without identifiable natural texture or material, and it does not explicitly depict or reference natural elements in a way that fulfills the inclusion criteria for nature, it does not count as nature under the provided taxonomy. Not applicable since the entity itself does not qualify as nature, even though it features a graphic of a non-human entity. The graphic alone does not transform the knee pad into a nature-based artefact or representation.",False
/home/pmonserrat/datasets/imagenet/extracted_data/n03627232/ILSVRC2012_val_00002377.JPEG,knot,False,,,no,none,none,"The target entity is a knot. The knot in the image is a functional, human-made binding of a rope. Knots are a result of human activity and do not inherently belong to the natural world. They are not a more-than-human living entity, ecosystem, natural element, or process, nor do they depict or represent any natural entity. Knots are purely functional constructs created by humans and do not fulfill any inclusion criteria for nature as defined in the taxonomy. Not applicable since the entity is not classified as nature.",False
/home/pmonserrat/datasets/imagenet/extracted_data/n03630383/ILSVRC2012_val_00002627.JPEG,lab coat,False,,,no,none,none,"The target entity is a lab coat. The visual evidence shows a garment worn by a person, which is a manufactured, functional item made from synthetic or natural fibers. Lab coats are designed for human use and are not derived from or representative of natural elements, nor do they depict or interact with more-than-human living or non-living entities. They fall under the Exclusion Scope as homogenous artefacts that do not meet the criteria for nature, particularly since they do not reference or depict natural characteristics, materials, or processes. Not applicable since the entity is not classified as nature. Lab coats are human-made garments and do not fulfill the inclusion criteria for nature under the provided taxonomy.",False
/home/pmonserrat/datasets/imagenet/extracted_data/n03633091/ILSVRC2012_val_00000684.JPEG,ladle,False,,,no,none,none,"The target entity is a ladle. The visual evidence shows a kitchen utensil made of metal, which is a manufactured object. Ladles are typically crafted from materials like metal, plastic, or wood, but in this case, the ladle is made of metal without any visible natural texture or grain. It does not depict a natural entity or retain any identifiable natural material properties. Therefore, it does not meet the criteria for Nature-Based Artefacts or any other inclusion criteria for nature under the provided taxonomy. Not applicable since the entity is not classified as nature.",False
/home/pmonserrat/datasets/imagenet/extracted_data/n03637318/ILSVRC2012_val_00000427.JPEG,lampshade,False,,,no,none,none,"The target entity is a lampshade in the image. The lampshade itself is a manufactured object made of fabric or paper, which is not a natural element or derived from nature in its own right. The lampshade is part of a lamp that has a decorative shape resembling a stylized natural form (a loop resembling a wave or leaf). However, the lampshade itself does not depict or represent a natural entity; it is a functional component of a lamp designed to diffuse light. The lampshade does not fulfill the criteria for Nature-Based Artefacts, Representations of Nature, or any other inclusion criteria for nature under the provided taxonomy. The decorative base of the lamp, while stylized, is not the focus of the target entity in question. Not applicable since the entity does not fulfill the criteria for nature.",False
/home/pmonserrat/datasets/imagenet/extracted_data/n03642806/ILSVRC2012_val_00000151.JPEG,laptop,False,,,no,none,none,"The target entity is a laptop. The visual evidence shows a manufactured electronic device used for computing. Laptops are homogenous artefacts made of materials like plastic, metal, and glass, which do not retain any identifiable natural texture or grain. Additionally, laptops do not depict or represent natural entities; they are functional tools. Therefore, this entity does not fulfill the criteria for Nature-Based Artefacts or any other inclusion criteria for nature. Not applicable since the entity is not classified as nature.",False
/home/pmonserrat/datasets/imagenet/extracted_data/n03649909/ILSVRC2012_val_00000384.JPEG,lawn mower,False,,,no,none,none,"The target entity is a lawn mower. The visual evidence shows a manufactured, mechanical device designed for cutting grass. Lawn mowers are functional, structural objects made primarily of metal and plastic, with no identifiable natural material or texture remaining. The lawn mower does not depict a natural entity, nor does it consist of natural materials in a way that retains their original texture or grain. It falls under Homogenous Artefacts, which are explicitly excluded from the nature classification. Not applicable since the entity is not classified as nature.",False
/home/pmonserrat/datasets/imagenet/extracted_data/n03657121/ILSVRC2012_val_00000359.JPEG,lens cap,False,,,no,none,none,"The target entity is a lens cap. The visual evidence shows a manufactured, functional object made of plastic or metal, designed to cover the lens of a camera. Lens caps are homogenous artefacts, as they do not depict or retain any identifiable natural texture, material, or reference to natural entities. They are purely functional and do not fall under any inclusion criteria for nature, such as depicting, representing, or being derived from natural elements. Therefore, it falls under the Exclusion Scope. Not applicable since the entity is not classified as nature.",False
/home/pmonserrat/datasets/imagenet/extracted_data/n03658185/ILSVRC2012_val_00001977.JPEG,letter opener,False,,,no,none,none,"The target entity in question is a letter opener from the image provided. The letter openers are manufactured tools made of metal, with no visible natural material or texture that remains identifiable from its original natural state. They do not depict or reference any natural entity, nor are they crafted from or derived from natural materials in a way that retains their natural characteristics. They fall under the category of homogenous artefacts, which are explicitly excluded from the nature taxonomy. Not applicable since the entity does not fulfill the criteria for nature.",False
/home/pmonserrat/datasets/imagenet/extracted_data/n03661043/ILSVRC2012_val_00000715.JPEG,library,False,,,no,none,none,"The target entity is a library, specifically depicted in the image as a room filled with numerous old books arranged on shelves. The library itself, as a collection of books and physical space, is not inherently a natural entity. The books are human-made objects, and the room's architecture is designed by humans. The shelves and the books are not natural elements or processes but rather human creations for storing and organizing knowledge. Therefore, this library does not fulfill the inclusion criteria for nature under the provided taxonomy. Not applicable since the entity does not meet the criteria for nature.",False
/home/pmonserrat/datasets/imagenet/extracted_data/n03662601/ILSVRC2012_val_00000556.JPEG,lifeboat,False,,,no,none,none,"The target entity is a lifeboat. The visual evidence shows a manufactured, functional vessel designed for rescue operations at sea. Lifeboats are human-made artefacts intended for safety and rescue purposes. They are not derived from natural materials or processes, nor do they depict or represent natural entities. Instead, they are homogenous artefacts designed for a specific functional purpose, lacking any identifiable natural texture or reference to natural elements. Therefore, it does not meet the inclusion criteria for nature under the provided taxonomy. Not applicable since the entity is not classified as nature.",False
/home/pmonserrat/datasets/imagenet/extracted_data/n03666591/ILSVRC2012_val_00003417.JPEG,lighter,False,,,no,none,none,"The target entity is a lighter, specifically a disposable butane lighter. The visual evidence shows a manufactured object designed for igniting fuel. Lighters are functional artefacts made from materials like metal and plastic, which are not derived from or visually identifiable as natural materials in their original form. The lighter does not depict or represent a natural entity, nor does it consist of natural elements in a way that fulfills the inclusion criteria for Nature-Based Artefacts. It is a homogenous artefact without any visible natural texture or grain, and it does not fall under any of the categories of more-than-human living entities, ecosystems, or natural elements/processes. Not applicable since the entity is not classified as nature.",False
/home/pmonserrat/datasets/imagenet/extracted_data/n03670208/ILSVRC2012_val_00000185.JPEG,limousine,False,,,no,none,none,"The target entity in the image is the interior of a vehicle, specifically a minivan, not a limousine. The vehicle itself is a manufactured, human-made object designed for transportation. The image does not depict a limousine as a natural entity or a representation of nature. Limousines, as a type of vehicle, are not classified under any category of nature (biotic or abiotic) because they are entirely artificial constructs and do not meet the inclusion criteria for nature-based artefacts, organisms, ecosystems, or processes. The interior elements, such as seats and materials, are also human-made and do not qualify as nature under the given taxonomy. Not applicable since the entity does not qualify as nature.",False
/home/pmonserrat/datasets/imagenet/extracted_data/n03673027/ILSVRC2012_val_00000664.JPEG,liner,False,,,no,none,none,"The target entity is a 'liner,' specifically a cruise ship. The visual evidence shows a large, manufactured vessel designed for transportation and accommodation. Cruise ships are human-made structures, not natural entities. They do not fall under any category of more-than-human living organisms, ecosystems, natural elements, or processes. Additionally, they do not depict or represent natural elements in a meaningful way. Therefore, this entity does not fulfill the inclusion criteria for nature under the provided definitions. Not applicable since the entity is not classified as nature. The liner is a human-made artefact and does not meet the criteria for nature classification.",False
/home/pmonserrat/datasets/imagenet/extracted_data/n03676483/ILSVRC2012_val_00000984.JPEG,lipstick,False,,,no,none,none,"The target entity is lipstick, specifically the lipstick tube shown in the image. Lipstick is a manufactured cosmetic product made from synthetic and mineral ingredients, such as waxes, oils, pigments, and binders. It does not originate from or directly reference any natural entity, ecosystem, or natural process. The lipstick tube itself is a homogenous artefact with no visible natural texture or material that could be traced back to a natural source. It does not depict, represent, or derive its meaning from any natural element, flora, fauna, or abiotic process. Therefore, it falls under the Exclusion Scope of the taxonomy. Not applicable since the entity is not classified as nature.",False
/home/pmonserrat/datasets/imagenet/extracted_data/n03680355/ILSVRC2012_val_00000385.JPEG,loafer,False,,,no,none,none,"The target entity is a loafer, specifically the green socks worn by the man in the image. Loafers themselves are a type of footwear and are not inherently natural entities. However, the green socks are a manufactured item made from synthetic or natural fibers. Since the socks are not derived from or representing a natural entity, nor are they a depiction of nature, they do not meet the inclusion criteria for nature under the provided definitions. The socks are a homogenous artefact without any identifiable natural texture or reference to natural elements. Not applicable since the entity does not qualify as nature based on the provided taxonomy.",False
/home/pmonserrat/datasets/imagenet/extracted_data/n03690938/ILSVRC2012_val_00001814.JPEG,lotion,False,,,no,none,none,"The target entity is a lotion bottle labeled 'Aceite de Rosa Mosqueta' and 'Lotion con Aceite de Rosa Mosqueta'. The visual evidence shows a product derived from rosehip oil, which is a natural plant-based ingredient. Although the lotion itself is a processed product, the label explicitly references a natural ingredient (rosehip oil), and the product is marketed as containing natural components. However, the lotion itself is a manufactured, processed substance and does not inherently qualify as nature under the provided definitions. The inclusion criteria for nature focus on more-than-human living entities, ecosystems, natural elements, and representations of nature. Processed food and drink derivatives are included only if they are in their raw or minimally processed form and explicitly fall under the Ingestion Criterion. This lotion, being a processed cosmetic product, does not meet the criteria for nature as it is not a raw natural element or a representation of nature. Not applicable since the entity does not meet the criteria for nature.",False
/home/pmonserrat/datasets/imagenet/extracted_data/n03691459/ILSVRC2012_val_00000109.JPEG,loudspeaker,False,,,no,none,none,"The target entity is a loudspeaker. The visual evidence shows a manufactured, functional device made primarily of metal and plastic. Loudspeakers are homogenous artefacts designed for sound reproduction and do not retain any identifiable natural texture or material from their origin. They do not depict or reference any natural entity, nor are they crafted from visibly identifiable natural materials. Therefore, this loudspeaker does not fulfill the criteria for Nature-Based Artefacts or any other inclusion criteria for nature under the provided taxonomy. Not applicable since the entity is not classified as nature.",False
/home/pmonserrat/datasets/imagenet/extracted_data/n03692522/ILSVRC2012_val_00000999.JPEG,loupe,True,True,True,no,none,none,"The target entity is a loupe (magnifying glass). The visual evidence shows a magnifying glass, which is a manufactured optical tool. Loupes are not natural entities, nor do they depict or represent natural elements. They are functional artefacts created for human use and do not fall under any inclusion criteria for nature, such as more-than-human living entities, ecosystems, natural elements, or their representations. Therefore, it does not meet the criteria for nature under the provided taxonomy. Not applicable since the entity is not classified as nature.",False
/home/pmonserrat/datasets/imagenet/extracted_data/n03697007/ILSVRC2012_val_00000760.JPEG,lumbermill,False,,,,,,,True
/home/pmonserrat/datasets/imagenet/extracted_data/n03706229/ILSVRC2012_val_00001229.JPEG,magnetic compass,False,,,no,none,none,"The target entity is a magnetic compass. The visual evidence shows a mechanical device used for navigation, which is a human-made instrument. Magnetic compasses are not natural entities, nor do they depict or represent natural elements. They are manufactured tools designed to interact with Earth's magnetic field, which is a natural phenomenon, but the compass itself is not a natural object or representation of nature. It does not fall under any inclusion criteria for nature, such as more-than-human living entities, ecosystems, natural elements, or their representations. Instead, it is a human-made artefact. Not applicable since the entity is not classified as nature.",False
/home/pmonserrat/datasets/imagenet/extracted_data/n03709823/ILSVRC2012_val_00000221.JPEG,mailbag,False,,,no,none,none,"The target entity is a mailbag with a leopard print pattern. The visual evidence shows a manufactured handbag with a synthetic or printed design that mimics the appearance of a leopard's fur. The bag itself is a homogenous artefact made of synthetic materials (leather and fabric) with no visible natural texture or grain. The leopard print is an artistic representation of a non-human animal (fauna) but does not depict a real-world physical organism or natural element. Since the bag itself is not a natural entity and the leopard print is a stylized, artificial depiction rather than a literal representation of a real animal, it does not fulfill the criteria for Nature-Based Artefacts or Representations of Nature under the inclusion scope. The bag is a functional, manufactured object without any explicit reference to natural elements in its physical form or material composition. Not applicable since the entity does not qualify as nature under the provided taxonomy.",False
/home/pmonserrat/datasets/imagenet/extracted_data/n03710193/ILSVRC2012_val_00000152.JPEG,mailbox,False,,,no,none,none,"The target entity is a mailbox. The visual evidence shows a manufactured, functional object designed for receiving mail. The mailbox itself is made of materials that do not retain any identifiable natural texture or grain. It does not depict or represent any natural entity, nor is it made from natural materials in a way that retains their original form or texture. It is a homogenous artefact and does not fulfill the criteria for Nature-Based Artefacts or any other inclusion criteria for nature. Not applicable since the entity is not classified as nature.",False
/home/pmonserrat/datasets/imagenet/extracted_data/n03710637/ILSVRC2012_val_00000117.JPEG,maillot,False,,,no,none,none,"The target entity is a 'maillot,' which refers to a swimsuit in this context. The visual evidence shows a swimsuit worn by a person. Swimsuits are manufactured garments made from synthetic or processed materials (e.g., polyester, nylon) and do not originate from or depict natural elements. They are not derived from or representative of flora, fauna, ecosystems, or natural processes. Therefore, it does not fulfill the inclusion criteria for nature under the provided taxonomy. Not applicable since the entity does not meet the criteria for nature.",False
/home/pmonserrat/datasets/imagenet/extracted_data/n03717622/ILSVRC2012_val_00002223.JPEG,manhole cover,False,,,no,none,none,"The target entity is a manhole cover. The visual evidence shows a manufactured, functional, metallic object embedded in a paved surface. Manhole covers are structural artefacts designed for utility and maintenance access, not for depicting or referencing natural elements. They do not originate from or depict any natural material, organism, ecosystem, or process. Therefore, it does not fulfill the inclusion criteria for nature, as it falls under Homogenous Artefacts, which are explicitly excluded from the nature taxonomy. Not applicable since the entity is not classified as nature.",False
/home/pmonserrat/datasets/imagenet/extracted_data/n03720891/ILSVRC2012_val_00000710.JPEG,maraca,False,,,no,none,none,"The target entity is a maraca, a musical instrument depicted in the image. The maraca is a crafted object made of wood and painted with colors and patterns. While it is a manufactured artefact, the visible wooden material retains its natural grain and texture, fulfilling the criteria for Nature-Based Artefacts. However, the primary purpose of the maraca is functional and not explicitly representational of natural entities. The inclusion criteria for Nature-Based Artefacts require that the natural material of origin remains visually identifiable and the object itself is crafted from natural materials. Although the wood is natural, the maraca itself is not a depiction of a natural entity or ecosystem, nor is it a direct representation of flora or fauna. It is a functional object made from natural materials but does not inherently reference nature beyond its material composition. Not applicable since the entity does not fulfill the criteria for nature under the provided taxonomy. The maraca, while made from natural materials, does not explicitly reference or depict natural elements, ecosystems, or processes in its form or function.",False
/home/pmonserrat/datasets/imagenet/extracted_data/n03721384/ILSVRC2012_val_00001796.JPEG,marimba,False,,,no,none,none,"The target entity is a marimba. The marimba is a musical instrument made primarily of wooden bars that produce sound when struck. While the wooden bars are derived from trees, the marimba itself is a manufactured, functional object designed for human use. The visible natural grain of the wood is present, but the instrument as a whole is not a natural entity or ecosystem. It is a crafted artefact with a clear functional purpose beyond its natural material origin. According to the inclusion criteria, nature-based artefacts must have a primary purpose that retains the natural material's visual or structural identity, but the marimba is fundamentally a human-made tool. Therefore, it does not fulfill the criteria for Nature-Based Artefacts under the provided definition. Not applicable since the entity is not classified as nature.",False
/home/pmonserrat/datasets/imagenet/extracted_data/n03724870/ILSVRC2012_val_00000608.JPEG,mask,False,,,no,none,none,"The target entity is a mask worn by a child in the image. The mask is designed to resemble a stylized, fictional character with a green, textured face pattern and decorative elements. It does not depict or represent a real, living organism or a natural element in its literal form. Instead, it is a costume item that anthropomorphizes and stylizes a non-existent natural entity or process. While it may be inspired by nature (e.g., a green color reminiscent of foliage), it is not a natural entity itself or a representation of a real natural element. It falls under the exclusion scope for natural elements and is a manufactured object designed for human use, not for depicting or referencing nature directly. Not applicable since the entity is not classified as nature.",False
/home/pmonserrat/datasets/imagenet/extracted_data/n03729826/ILSVRC2012_val_00000259.JPEG,matchstick,False,,,no,none,none,"The target entity is a lit matchstick. The matchstick itself is a manufactured object made from wood or other combustible materials. While the matchstick is derived from natural materials (wood), the process of manufacturing it removes it from its natural state and transforms it into a functional, human-made item. The lit matchstick is a result of human intervention and does not inherently belong to the natural world as defined by the taxonomy. It is not a natural element, ecosystem, or representation of nature but rather a human-made tool used to create fire. Therefore, it does not fulfill the inclusion criteria for nature. Not applicable since the entity is not classified as nature.",False
/home/pmonserrat/datasets/imagenet/extracted_data/n03733131/ILSVRC2012_val_00000120.JPEG,maypole,False,,,no,none,none,"The target entity is a maypole. The visual evidence shows a tall pole decorated with ribbons, traditionally used in cultural celebrations. While the maypole itself is a human-made structure, it is a symbolic representation of a natural or organic form (a tree or plant stem) and is used in rituals that often involve natural elements. However, the maypole itself is not a natural entity or a direct representation of a natural element in a literal sense. It is a crafted object used in cultural practices that reference nature indirectly. Since it is not a natural entity, biological process, or a direct depiction of nature, it does not fulfill the inclusion criteria for nature under the provided definitions. Not applicable since the entity is not classified as nature.",False
/home/pmonserrat/datasets/imagenet/extracted_data/n03733281/ILSVRC2012_val_00000118.JPEG,maze,False,,,no,none,none,"The target entity is a maze depicted in the provided image. The maze is a human-designed, geometric pattern consisting of intersecting lines and enclosed paths. It is a constructed, artificial structure without any reference to natural elements, organisms, ecosystems, or processes. The maze does not fulfill the inclusion criteria for nature, as it is not a more-than-human living entity, ecosystem, natural element, or representation thereof. It is purely a functional or recreational human-made object and does not align with any of the defined categories of nature, such as flora, fauna, geological formations, or natural processes. Therefore, it falls under the Exclusion Scope of the taxonomy. Not applicable since the entity is not classified as nature.",False
/home/pmonserrat/datasets/imagenet/extracted_data/n03733805/ILSVRC2012_val_00000163.JPEG,measuring cup,False,,,no,none,none,"The target entity is a measuring cup. The visual evidence shows a container made of glass, typically used for measuring ingredients in cooking. Measuring cups are manufactured objects designed for functional use in food preparation. They are not derived from natural materials in a way that retains identifiable natural texture or grain, nor do they depict natural entities. They fall under the exclusion criteria for nature-based artefacts because their primary purpose is functional and does not retain or depict natural characteristics. Additionally, measuring cups are not food or drink themselves, nor do they represent natural elements or processes. Not applicable since the entity is not classified as nature.",False
/home/pmonserrat/datasets/imagenet/extracted_data/n03742115/ILSVRC2012_val_00001318.JPEG,medicine chest,False,,,no,none,none,"The target entity is a medicine chest in the image. The medicine chest is a functional cabinet typically used for storing health-related items. It is a manufactured, homogenous artefact made of materials like wood, metal, and glass, with no visible natural texture or grain. It does not depict or reference any natural entity, nor does it consist of natural materials in a way that retains their identifiable structure or texture. Therefore, it does not fulfill the criteria for Nature-Based Artefacts or any other inclusion criteria for nature under the provided taxonomy. Not applicable since the entity is not classified as nature.",False
/home/pmonserrat/datasets/imagenet/extracted_data/n03743016/ILSVRC2012_val_00000382.JPEG,megalith,False,,,yes,abiotic,material,"The target entity is a megalith, specifically a stone arrangement resembling a dolmen. The visual evidence shows large, natural stones arranged in a physical, real-world setting. Geological and topographical components, such as rocks and natural formations, are explicitly included under Non-Living Natural Elements & Processes in the taxonomy. Although megaliths are often associated with human construction, the stones themselves are natural geological formations. The image captures these stones in their natural state, fulfilling the inclusion criteria for nature as non-living natural elements. Since nature is 'yes', I evaluate the sub-axes. The stones are geological formations, placing them under Geological & Topographical Components within the abiotic category. Because the image is a literal, unfiltered depiction of real-world physical stones, it is classified as material under the Tangibility axis.",False
/home/pmonserrat/datasets/imagenet/extracted_data/n03759954/ILSVRC2012_val_00001982.JPEG,microphone,False,,,no,none,none,"The target entity is a microphone. The visual evidence shows a microphone being used by a performer on stage. A microphone is a manufactured device designed to convert sound into an electrical signal. It is not a natural entity, nor does it depict or represent a natural element, process, organism, or ecosystem. It falls under the category of human-made technology and does not meet the inclusion criteria for nature as defined in the taxonomy. Not applicable since the entity is not classified as nature.",False
/home/pmonserrat/datasets/imagenet/extracted_data/n03761084/ILSVRC2012_val_00000519.JPEG,microwave,False,,,no,none,none,"The target entity is a microwave. The visual evidence shows a manufactured kitchen appliance made of metal and plastic. Microwaves are homogenous artefacts, as they are functional objects where the original natural texture or material is completely unidentifiable and altered. They do not depict or reference any natural entity or process, and they do not fall under the inclusion criteria for Nature-Based Artefacts, Processed Food & Drinks, or any other category of nature. Therefore, it falls strictly under the Exclusion Scope. Not applicable since the entity is not classified as nature.",False
/home/pmonserrat/datasets/imagenet/extracted_data/n03763968/ILSVRC2012_val_00003199.JPEG,military uniform,False,,,no,none,none,"The target entity is a military uniform. The visual evidence shows a garment worn by a human being, which is explicitly excluded from the nature taxonomy under the Inclusion Scope and Exclusion Scope rules. Military uniforms are manufactured artefacts designed for human use and do not fall under any category of more-than-human living entities, ecosystems, natural elements, or representations of nature. The uniform itself is not a natural entity, nor does it depict or represent a natural element or process. Not applicable since the entity is not classified as nature. The uniform is a human-made object intended for human use and does not meet the criteria for nature classification.",False
/home/pmonserrat/datasets/imagenet/extracted_data/n03764736/ILSVRC2012_val_00001170.JPEG,milk can,False,,,no,none,none,"The target entity is a milk can. The visual evidence shows an old, rusted metal container with a label that reads 'Blue Seal Cowanna-59'. While the milk can is a manufactured object, it is associated with the processing and storage of milk, which is a product derived from cows (a non-human animal). However, the milk can itself is not a natural entity or a representation of nature. It is a homogenous artefact made of metal, with no visible natural texture or depiction of natural elements. The can is not a natural material, nor does it depict or symbolize any natural entity or process. Therefore, it does not meet the inclusion criteria for nature under the provided taxonomy. Not applicable since the entity is not classified as nature.",False
/home/pmonserrat/datasets/imagenet/extracted_data/n03769881/ILSVRC2012_val_00000314.JPEG,minibus,False,,,no,none,none,"The target entity is a minibus, specifically a Volkswagen Type 2 (commonly known as a VW Bus or Kombi). The visual evidence shows a manufactured vehicle made of metal, plastic, and glass. This is a homogenous artefact, as it is a functional object where the original natural material is completely unidentifiable and altered. The minibus does not depict a natural entity, nor does it consist of or derive from natural materials in a way that retains identifiable natural texture or grain. Therefore, it falls under the exclusion criteria for nature. Not applicable since the entity is not classified as nature.",False
/home/pmonserrat/datasets/imagenet/extracted_data/n03770439/ILSVRC2012_val_00001192.JPEG,miniskirt,False,,,no,none,none,"The target entity is a miniskirt. The visual evidence shows a garment worn by a person. Miniskirts are clothing items made from synthetic or natural fabrics, but they are manufactured and designed for human use. They do not inherently reference, depict, or derive from natural elements or processes. The miniskirt itself is not a natural entity, nor does it depict or represent a natural entity. It falls under the Exclusion Scope as a homogenous artefact that does not meet the criteria for nature-based artefacts or representations of nature. Not applicable since the entity is not classified as nature.",False
/home/pmonserrat/datasets/imagenet/extracted_data/n03770679/ILSVRC2012_val_00001722.JPEG,minivan,True,True,True,no,none,none,"The target entity is a minivan in the image. The visual evidence shows a manufactured vehicle made of metal, plastic, and glass. This is a homogenous artefact, as the original natural materials are not identifiable by their natural texture or grain. The minivan does not depict a natural entity or have any explicit reference to nature, nor is it a natural element or ecosystem. Therefore, it falls under the Exclusion Scope of the taxonomy. Not applicable since the entity is not classified as nature.",False
/home/pmonserrat/datasets/imagenet/extracted_data/n03773504/ILSVRC2012_val_00000700.JPEG,missile,False,,,no,none,none,"The target entity is a missile. The visual evidence shows a manufactured, human-made projectile designed for military or defense purposes. Missiles are artificial, non-natural objects created through human engineering and do not fall under any category of more-than-human living entities, ecosystems, natural elements, or processes. They are explicitly excluded from the inclusion criteria for nature as they are not derived from or representative of natural materials, processes, or entities. The missile does not depict or reference any natural elements, nor is it a natural artefact or a representation of nature. Not applicable since the entity is not classified as nature.",False
/home/pmonserrat/datasets/imagenet/extracted_data/n03775071/ILSVRC2012_val_00001574.JPEG,mitten,False,,,yes,biotic,immaterial,"The target entity is a mitten shaped like a leaf. The visual evidence shows a crafted, knitted object that is designed to resemble a leaf, a natural entity. Although the mitten itself is a human-made artefact, it is explicitly shaped to depict a natural form (leaf) and does not serve a purely functional purpose unrelated to nature. Representations of nature, including crafted or manufactured objects shaped to depict natural entities, fall under the inclusion criteria for Nature-Based Artefacts. Since nature is 'yes', I evaluate the sub-axes. The leaf shape is a representation of Flora, placing it under Flora & Plant Derivatives within the biotic category. Although the mitten is a physical object, its primary purpose is to represent a natural form rather than to be a real-world organism or ecosystem. Therefore, it is classified as immaterial under the Tangibility axis, as it falls under the category of Representations of Nature.",False
/home/pmonserrat/datasets/imagenet/extracted_data/n03775546/ILSVRC2012_val_00000173.JPEG,mixing bowl,False,,,,,,,True
/home/pmonserrat/datasets/imagenet/extracted_data/n03776460/ILSVRC2012_val_00000254.JPEG,mobile home,False,,,no,none,none,"The target entity is a mobile home. The visual evidence shows a manufactured, human-made structure designed for residential use. Mobile homes are constructed by humans and are not natural entities. They do not fall under any inclusion criteria for nature, such as more-than-human living entities, ecosystems, natural elements, or representations of nature. Instead, they are homogenous artefacts created for human habitation and do not depict or derive from natural elements in a way that fulfills the inclusion criteria for nature. Not applicable since the entity is not classified as nature. Mobile homes are human-made structures and fall outside the scope of the nature taxonomy.",False
/home/pmonserrat/datasets/imagenet/extracted_data/n03777568/ILSVRC2012_val_00002010.JPEG,model t,False,,,no,none,none,"The target entity is a Model T Ford, an iconic vintage car. The visual evidence shows a manufactured vehicle made of metal, rubber, and other synthetic materials. The Model T itself is not a natural entity, nor does it depict or represent a natural element, organism, ecosystem, or process. It is a homogenous artefact created through human engineering and manufacturing processes. The original natural materials are not identifiable in its construction, and it does not fall under any of the inclusion criteria for nature, such as flora, fauna, ecosystems, natural elements, or representations of nature. Not applicable since the entity is not classified as nature.",False
/home/pmonserrat/datasets/imagenet/extracted_data/n03777754/ILSVRC2012_val_00000222.JPEG,modem,False,,,no,none,none,"The target entity is a modem. The visual evidence shows a manufactured electronic device made of plastic and metal. Modems are functional, homogenous artefacts designed for connectivity and do not depict or derive from natural elements. They do not have any identifiable natural texture, grain, or reference to natural entities. Therefore, it does not fulfill the inclusion criteria for nature, and it falls under the exclusion scope of Homogenous Artefacts. Not applicable since the entity is not classified as nature.",False
/home/pmonserrat/datasets/imagenet/extracted_data/n03781244/ILSVRC2012_val_00000670.JPEG,monastery,False,,,no,none,none,"The target entity is a monastery, specifically the building in the image. The visual evidence shows a constructed structure made of stone and other materials, designed for religious or monastic use. Monasteries are human-made buildings and do not fall under the inclusion criteria for nature, which explicitly excludes human-made structures and focuses on more-than-human living entities, ecosystems, natural elements, and their representations. The building is not a natural entity, nor does it depict or represent a natural element or process. Not applicable since the entity is not classified as nature. Monasteries are human-made structures and fall under the exclusion scope of the taxonomy.",False
/home/pmonserrat/datasets/imagenet/extracted_data/n03782006/ILSVRC2012_val_00000119.JPEG,monitor,False,,,no,none,none,"The target entity is a monitor in the image. The monitor is a manufactured electronic device used for displaying visual information. It is made of synthetic materials such as glass, plastic, and metal, none of which are natural in their current form or retain any identifiable natural texture or origin. The monitor does not depict or represent a natural entity, nor is it a natural element or process. It falls under the exclusion criteria for nature as it is a homogenous artefact without any identifiable natural material or depiction of natural elements. Not applicable since the entity is not classified as nature.",False
/home/pmonserrat/datasets/imagenet/extracted_data/n03785016/ILSVRC2012_val_00000717.JPEG,moped,True,True,True,no,none,none,"The target entity is a moped. The visual evidence shows a manufactured, human-powered vehicle designed for transportation. Mopeds are mechanical constructs made of metal, plastic, and other synthetic materials, none of which are derived from or visually identifiable as natural materials. They do not depict or represent natural entities, nor are they living organisms or natural processes. Therefore, this entity does not fulfill the inclusion criteria for nature under the provided definitions, as it falls under Homogenous Artefacts and does not meet the criteria for Nature-Based Artefacts or Representations of Nature. Not applicable since the entity is not classified as nature.",False
/home/pmonserrat/datasets/imagenet/extracted_data/n03786901/ILSVRC2012_val_00000168.JPEG,mortar,False,,,no,none,none,"The target entity is a mortar, specifically a ceramic mortar and pestle. The visual evidence shows a functional object made of ceramic material, which is a processed natural substance derived from clay (a geological material). While the mortar itself is a manufactured tool, it is designed to mimic and interact with natural substances (e.g., herbs, spices, or minerals) and retains a connection to natural processes (e.g., grinding or crushing). However, the mortar itself is not a natural entity or a representation of nature; it is a functional tool used in conjunction with natural materials. Since the mortar does not inherently depict, represent, or embody a natural entity or process on its own, it does not fulfill the inclusion criteria for nature under the provided taxonomy. Not applicable since the entity is not classified as nature.",False
/home/pmonserrat/datasets/imagenet/extracted_data/n03787032/ILSVRC2012_val_00000923.JPEG,mortarboard,False,,,no,none,none,"The target entity is a mortarboard. The visual evidence shows a graduation cap, which is a manufactured, symbolic object traditionally associated with academic achievements. It is not a natural entity, nor does it depict or derive from any natural element, organism, ecosystem, or process. The mortarboard is a human-made artefact without any identifiable natural material or reference to nature in its form or function. Therefore, it does not fulfill the inclusion criteria for nature under the provided definitions. Not applicable since the entity is not classified as nature.",False
/home/pmonserrat/datasets/imagenet/extracted_data/n03788195/ILSVRC2012_val_00000680.JPEG,mosque,False,,,no,none,none,"The target entity is a mosque. The visual evidence shows a man-made architectural structure with minarets and domes. Mosques are human-made buildings and do not fall under the inclusion criteria for nature, which explicitly excludes human beings, human-made structures, and administrative/political units. The mosque is not a natural entity, biological process, or physical element of the environment but rather a cultural and architectural construct. Not applicable since the entity is not classified as nature.",False
/home/pmonserrat/datasets/imagenet/extracted_data/n03788365/ILSVRC2012_val_00000859.JPEG,mosquito net,False,,,no,none,none,"The target entity is a mosquito net. The visual evidence shows a synthetic fabric structure designed to protect against insects. Mosquito nets are manufactured objects made from synthetic materials and do not inherently reference or depict any natural entity, biological process, or ecosystem. They are functional artefacts without any explicit connection to nature, flora, fauna, or natural processes. Therefore, they fall under the exclusion criteria for nature-based artefacts and do not fulfill the inclusion criteria for nature under the provided taxonomy. Not applicable since the entity does not meet the criteria for nature.",False
/home/pmonserrat/datasets/imagenet/extracted_data/n03791053/ILSVRC2012_val_00001892.JPEG,motor scooter,False,,,no,none,none,"The target entity is a motor scooter. The visual evidence shows a manufactured, functional vehicle made of metal and plastic. Motor scooters are human-made artefacts designed for transportation and do not originate from or depict natural elements. They fall under the exclusion criteria for nature as they are homogenous artefacts with no identifiable natural material or depiction of natural entities. Not applicable since the entity is not classified as nature. The motor scooter is a manufactured object without any natural material or depiction of natural elements.",False
/home/pmonserrat/datasets/imagenet/extracted_data/n03792782/ILSVRC2012_val_00001659.JPEG,mountain bike,False,,,no,none,none,"The target entity is a mountain bike. The visual evidence shows a manufactured, functional object made of metal and other synthetic materials. Mountain bikes are designed for off-road cycling and are not derived from natural materials in a way that retains identifiable natural texture or grain. They do not depict or represent natural entities and are not crafted from natural materials that remain visually identifiable. Therefore, this entity falls under Homogenous Artefacts and does not fulfill the criteria for nature. Not applicable since the entity is not classified as nature.",False
/home/pmonserrat/datasets/imagenet/extracted_data/n03792972/ILSVRC2012_val_00002082.JPEG,mountain tent,False,,,no,none,none,"The target entity is a mountain tent. The visual evidence shows a tent pitched in a natural outdoor environment, surrounded by hills and vegetation. The tent itself is a manufactured object, but it is not a natural entity. The inclusion criteria for nature focus on more-than-human living entities, ecosystems, natural elements, processes, and their representations. The tent is a human-made artefact and does not fall under any of the inclusion criteria for nature, such as flora, fauna, ecosystems, or natural elements. It is not a depiction or representation of nature either, but rather a functional object used by humans in natural settings. Not applicable since the entity is not classified as nature.",False
/home/pmonserrat/datasets/imagenet/extracted_data/n03793489/ILSVRC2012_val_00000803.JPEG,mouse,False,,,no,none,none,"The target entity is a computer mouse. The visual evidence shows a manufactured, functional device made of plastic and metal. This object does not originate from or depict any natural entity, nor does it have any identifiable natural material or texture. It is a homogenous artefact that does not meet the criteria for nature under the provided taxonomy, as it does not reference, depict, or consist of any natural elements or processes. Not applicable since the entity is not classified as nature.",False
/home/pmonserrat/datasets/imagenet/extracted_data/n03794056/ILSVRC2012_val_00000009.JPEG,mousetrap,False,,,no,none,none,"The target entity in the image is a wooden mousetrap with a mouse on it. The mousetrap itself is a manufactured device designed to capture rodents. It is made of wood, which is a natural material, but the mousetrap is a functional, human-made object with a specific purpose. The inclusion criteria for Nature-Based Artefacts require that the natural material of origin remains visually identifiable by its structure, grain, or texture, and that the object does not depict a natural entity. While the wood used in the mousetrap is natural, the mousetrap itself is a homogenous artefact with a functional purpose, not a representation or depiction of nature. Therefore, it does not fulfill the criteria for Nature-Based Artefacts and is excluded under the Homogenous Artefacts exclusion scope. Not applicable since the entity is not classified as nature.",False
/home/pmonserrat/datasets/imagenet/extracted_data/n03796401/ILSVRC2012_val_00000365.JPEG,moving van,True,True,True,no,none,none,"The target entity is a moving van, specifically a large truck with a trailer. The visual evidence shows a manufactured, functional vehicle designed for transporting goods. This is a homogenous artefact, as it is a structural object made of metal and other materials where the original natural texture is completely unidentifiable and altered. The vehicle does not depict a natural entity or have any explicit reference to nature in its design or function. Therefore, it falls under the exclusion criteria for nature. Not applicable since the entity is not classified as nature.",False
/home/pmonserrat/datasets/imagenet/extracted_data/n03803284/ILSVRC2012_val_00000277.JPEG,muzzle,False,,,no,none,none,"The target entity is a muzzle, specifically the type shown in the image, which is a collar-like device used for restraining animals. The visual evidence shows a manufactured object made of synthetic materials (plastic, metal studs) with no visible natural texture or origin. The muzzle itself is not a natural entity, nor does it depict or represent a natural entity. It is a functional, human-made artefact designed for controlling animals, and it does not fall under any of the inclusion criteria for nature, such as more-than-human living entities, natural elements, ecosystems, or representations of nature. It is also not a natural artefact where the natural material remains identifiable. Therefore, it falls under the Exclusion Scope. Not applicable since the entity is not classified as nature.",False
/home/pmonserrat/datasets/imagenet/extracted_data/n03804744/ILSVRC2012_val_00000649.JPEG,nail,False,,,no,none,none,"The target entity is a nail. The visual evidence shows a rusted metal nail embedded in a piece of wood. While the nail itself is a manufactured object, it is embedded in a natural material (wood) that retains its visible natural grain and texture. However, the nail itself is not a natural entity; it is a human-made artefact. The nail does not depict or represent a natural entity and does not fall under the inclusion criteria for Nature-Based Artefacts because it is not primarily crafted to depict or retain the natural material's identity in a meaningful way. Instead, it is a functional object that has been applied to a natural material. The nail itself is not a natural element and does not meet the criteria for inclusion under the definitions of nature provided. Not applicable since the nail itself is not classified as nature.",False
/home/pmonserrat/datasets/imagenet/extracted_data/n03814639/ILSVRC2012_val_00000243.JPEG,neck brace,False,,,no,none,none,"The target entity is a neck brace. The visual evidence shows a medical device designed to immobilize and support the neck. Neck braces are manufactured medical aids made from synthetic materials such as plastic and foam. They do not originate from or depict any natural entity, nor do they possess any identifiable natural texture or material. They fall under the exclusion criteria for nature as they are homogenous artefacts without any reference to natural elements or processes. Not applicable since the entity is not classified as nature.",False
/home/pmonserrat/datasets/imagenet/extracted_data/n03814906/ILSVRC2012_val_00000850.JPEG,necklace,False,,,no,none,none,"The target entity is a necklace. The visual evidence shows a crafted object composed of beads and decorative elements. The necklace itself is a manufactured artefact, and while it contains beads that may resemble natural elements (like stones or seeds), the necklace as a whole does not depict or represent a natural entity or process. It is not a natural material or a direct depiction of flora, fauna, or abiotic elements. Additionally, the necklace does not fall under the inclusion criteria for Nature-Based Artefacts because it does not retain visible natural texture or grain of its original material, nor does it explicitly depict a natural entity. It is a functional, decorative item without a direct connection to nature beyond its potential materials. Not applicable since the entity does not fulfill the criteria for nature.",False
/home/pmonserrat/datasets/imagenet/extracted_data/n03825788/ILSVRC2012_val_00000540.JPEG,nipple,False,,,no,none,none,"The target entity is a nipple-shaped object made of clear plastic, resembling a baby bottle nipple. The visual evidence shows a manufactured, functional object made of synthetic material. This object does not originate from or depict a natural entity, nor does it have any identifiable natural texture, grain, or biological material. It is a homogenous artefact designed for human use and does not fulfill the inclusion criteria for nature, such as being a more-than-human living entity, natural element, ecosystem, or representation thereof. Additionally, it does not fall under the Nature-Based Artefacts category because the natural material of origin is not visually identifiable or relevant to its function. Not applicable since the entity is not classified as nature.",False
/home/pmonserrat/datasets/imagenet/extracted_data/n03832673/ILSVRC2012_val_00000677.JPEG,notebook,False,,,no,none,none,"The target entity in question is the **red plush rabbit figurine** on the laptop and the **sticker on the laptop lid** labeled 'April Fools.' Neither of these entities is a 'notebook' as requested, but assuming the 'notebook' refers to the **laptop itself** (as it is the central object in the image), the laptop is a manufactured electronic device made of plastic, metal, and glass. It does not meet the criteria for nature as it is a homogenous artefact without identifiable natural material or texture, nor does it depict a natural entity. Therefore, it does not qualify as nature under the provided taxonomy. Not applicable since the laptop does not qualify as nature under the taxonomy provided.",False
/home/pmonserrat/datasets/imagenet/extracted_data/n03837869/ILSVRC2012_val_00002278.JPEG,obelisk,False,,,no,none,none,"The target entity is an obelisk in the image. The obelisk is a man-made structure made of stone, which is a processed material derived from natural geological elements. However, the obelisk itself is not a natural entity or a representation of a natural entity. It is a human-made monument, and its primary purpose is commemorative rather than depicting or being a natural element. Therefore, it does not fulfill the inclusion criteria for nature under the provided definitions, as it is not a natural element, ecosystem, or representation of nature. Not applicable since the entity is not classified as nature.",False
/home/pmonserrat/datasets/imagenet/extracted_data/n03838899/ILSVRC2012_val_00001464.JPEG,oboe,False,,,no,none,none,"The target entity is an oboe, specifically the wooden parts of the instrument shown in the image. The oboe is a manufactured musical instrument primarily made of wood. While wood is a natural material derived from trees, the oboe itself is a crafted artefact with a functional purpose. The visible wood grain is present, but the oboe is not a natural entity in its own right; it is a human-made object that utilizes natural materials. According to the taxonomy, nature-based artefacts are included only if the natural material of origin remains visually identifiable and the object does not depict a natural entity. However, the oboe is not a natural entity or ecosystem but rather a human-made tool. Therefore, it does not fulfill the criteria for Nature-Based Artefacts under the inclusion scope of nature. Not applicable since the entity is not classified as nature.",False
/home/pmonserrat/datasets/imagenet/extracted_data/n03840681/ILSVRC2012_val_00000521.JPEG,ocarina,False,,,no,none,none,"The target entity is an ocarina, which is a musical instrument traditionally made from clay or ceramic. The ocarina itself is a manufactured object, not a natural entity. It does not depict or represent a natural element, nor is it a natural material or process. The ocarina is a human-made artefact without any identifiable natural texture or origin that fulfills the inclusion criteria for nature under the provided definitions. Not applicable since the ocarina is not classified as nature. It is a homogenous artefact without any natural material or depiction of natural elements.",False
/home/pmonserrat/datasets/imagenet/extracted_data/n03841143/ILSVRC2012_val_00001380.JPEG,odometer,False,,,no,none,none,"The target entity is an odometer, which is a mechanical or digital device used to measure the distance traveled by a vehicle. The odometer itself is a manufactured component designed for functional use in vehicles. It does not refer to any natural entity, biological process, ecosystem, or natural element. It is a homogenous artefact that does not depict or derive from nature and does not fulfill any inclusion criteria for nature under the provided taxonomy. Not applicable since the odometer is not classified as nature.",False
/home/pmonserrat/datasets/imagenet/extracted_data/n03843555/ILSVRC2012_val_00000114.JPEG,oil filter,False,,,no,none,none,"The target entity is an oil filter. The visual evidence shows a mechanical component made of metal and plastic, which is a manufactured part used in vehicles for filtering oil. Oil filters are industrial components designed for functional purposes and are not derived from or representative of natural elements. They do not meet the inclusion criteria for nature, as they are not more-than-human living entities, ecosystems, natural elements, or representations thereof. They fall under Homogenous Artefacts, which are explicitly excluded from the nature classification. Not applicable since the entity is not classified as nature.",False
/home/pmonserrat/datasets/imagenet/extracted_data/n03854065/ILSVRC2012_val_00000166.JPEG,organ,False,,,no,none,none,"The target entity is an 'organ' in the context of the image, specifically referring to the pipes of an organ. The visual evidence shows a set of physical, metallic pipes arranged in a structured manner. These pipes are a manufactured component of an organ, a musical instrument. They are not natural entities themselves but are made from metal, which is a processed material derived from natural ores. However, the pipes themselves do not depict or represent any natural entity or process. They are functional, homogenous artefacts without any identifiable natural texture or depiction of nature. Therefore, they do not fulfill the inclusion criteria for nature under the provided taxonomy. Not applicable since the entity does not qualify as nature under the given definitions.",False
/home/pmonserrat/datasets/imagenet/extracted_data/n03857828/ILSVRC2012_val_00001016.JPEG,oscilloscope,False,,,no,none,none,"The target entity is an oscilloscope. The visual evidence shows a piece of electronic equipment designed for measuring and displaying electrical signals. Oscilloscopes are manufactured devices made of metal, plastic, and glass, with no identifiable natural material or natural entity depicted or derived from nature. They do not fall under any category of more-than-human living entities, ecosystems, natural elements, or processes, nor do they represent or depict natural elements. Therefore, it does not fulfill the inclusion criteria for nature under the provided taxonomy. Not applicable since the entity is not classified as nature.",False
/home/pmonserrat/datasets/imagenet/extracted_data/n03866082/ILSVRC2012_val_00001961.JPEG,overskirt,False,,,,,,,True
/home/pmonserrat/datasets/imagenet/extracted_data/n03868242/ILSVRC2012_val_00001581.JPEG,oxcart,False,,,,,,,True
/home/pmonserrat/datasets/imagenet/extracted_data/n03868863/ILSVRC2012_val_00000549.JPEG,oxygen mask,False,,,no,none,none,"The target entity is an oxygen mask. The visual evidence shows a piece of equipment designed for human use, specifically for breathing purposes. Oxygen masks are manufactured devices and do not fall under the inclusion criteria for nature, as they are not more-than-human living entities, ecosystems, natural elements, or representations thereof. They are also not derived from natural materials in a way that retains identifiable natural characteristics. Oxygen masks are functional artefacts created for human use and do not meet the criteria for nature-based artefacts or representations of nature. Not applicable since the entity is not classified as nature.",False
/home/pmonserrat/datasets/imagenet/extracted_data/n03871628/ILSVRC2012_val_00002069.JPEG,packet,False,,,no,none,none,"The target entity is a packet of cigarettes. The visual evidence shows a manufactured container designed to hold tobacco products. The packets themselves are homogenous artefacts made of cardboard or paper, with no visible natural texture or depiction of natural elements. They do not represent or depict any natural entity or process, nor do they contain or consist of natural elements in a way that fulfills the inclusion criteria for nature. The packaging is purely functional and does not meet the criteria for Nature-Based Artefacts, Processed Food & Drinks, or Representations of Nature. Not applicable since the entity is not classified as nature. The packets are purely administrative and functional containers for a non-natural product.",False
/home/pmonserrat/datasets/imagenet/extracted_data/n03873416/ILSVRC2012_val_00003004.JPEG,paddle,False,,,no,none,none,"The target entity is a paddle in the context of the image. The paddle is a physical object used for propelling the kayak through water. While paddles are typically human-made tools, the context of the image shows it being used in a natural environment (a body of water surrounded by trees). However, the paddle itself is a manufactured tool and does not inherently belong to the natural world. It is not a natural element, organism, ecosystem, or representation of nature. It is a functional object designed for human use and does not meet the inclusion criteria for nature under the provided taxonomy. Not applicable since the entity is not classified as nature.",False
/home/pmonserrat/datasets/imagenet/extracted_data/n03874293/ILSVRC2012_val_00000264.JPEG,paddlewheel,False,,,no,none,none,"The target entity is a paddlewheel, specifically the red, rusted wooden structure in the image. Paddlewheels are mechanical devices typically used for propulsion in boats and are not natural entities. They are manufactured artefacts made from materials like wood and metal, which have been processed and altered from their natural state. The visible wooden parts, while derived from trees, have been shaped and assembled into a functional, non-natural structure. This does not fulfill the criteria for Nature-Based Artefacts because the primary purpose of the paddlewheel is functional and mechanical, not representational or symbolic of natural elements. Additionally, the structure does not depict or reference any natural entity or process. Therefore, it falls under the exclusion scope of homogenous artefacts that do not retain identifiable natural texture or reference natural elements. Not applicable since the entity is not classified as nature.",False
/home/pmonserrat/datasets/imagenet/extracted_data/n03874599/ILSVRC2012_val_00000265.JPEG,padlock,False,,,no,none,none,"The target entity is a padlock in the image. The padlock is a manufactured, functional object made of metal, which is a processed material. It does not originate from or depict any natural entity, nor does it have any identifiable natural texture, grain, or biological material. The padlock is a homogenous artefact and does not fulfill the criteria for Nature-Based Artefacts or any other inclusion criteria for nature, as it does not reference, depict, or derive from any more-than-human living or non-living natural elements. Not applicable since the entity is not classified as nature.",False
/home/pmonserrat/datasets/imagenet/extracted_data/n03876231/ILSVRC2012_val_00000360.JPEG,paintbrush,False,,,no,none,none,"The target entity is a paintbrush. The visual evidence shows a tool made of synthetic bristles attached to a wooden handle. The wooden handle has a visible natural grain, which is a processed material derived from trees. However, the paintbrush itself is a manufactured object designed for human use, not a natural entity in its own right. The inclusion criteria for Nature-Based Artefacts require that the natural material of origin remains visually identifiable and the object itself should be a direct representation or derivative of natural elements. While the wooden handle is natural, the paintbrush as a whole is a functional tool and not a natural entity or representation of nature in the context of the taxonomy provided. It does not fall under the inclusion criteria for nature as it is not a natural element, ecosystem, or representation of nature. Not applicable since the entity does not fulfill the criteria for nature.",False
/home/pmonserrat/datasets/imagenet/extracted_data/n03877472/ILSVRC2012_val_00001424.JPEG,pajama,False,,,no,none,none,"The target entity is a pajama in the image. The pajama is a piece of clothing worn by a human and is not a natural entity itself. It is a manufactured garment made from synthetic or natural fibers, but it does not fall under the inclusion criteria for nature as defined. Pajamas are not more-than-human living entities, ecosystems, natural elements, or representations of nature. They are human-made items designed for human use and comfort, and they do not depict or derive from natural elements in a way that fulfills the inclusion criteria for nature. Not applicable since the entity is not classified as nature.",False
/home/pmonserrat/datasets/imagenet/extracted_data/n03877845/ILSVRC2012_val_00003804.JPEG,palace,False,,,no,none,none,"The target entity is a palace as depicted in the image. The palace itself is a human-made structure, characterized by architectural elements such as arches, columns, and detailed carvings. According to the provided definitions, human-made structures, even if they incorporate natural materials or artistic representations, are not classified as nature unless they explicitly depict or are directly derived from natural entities. The palace in the image is a built environment and does not inherently represent or derive from natural elements in a way that fulfills the inclusion criteria for nature. It is an architectural and cultural construct rather than a natural entity or representation of nature. Not applicable since the entity is not classified as nature.",False
/home/pmonserrat/datasets/imagenet/extracted_data/n03884397/ILSVRC2012_val_00000681.JPEG,panpipe,False,,,,,,,True
/home/pmonserrat/datasets/imagenet/extracted_data/n03887697/ILSVRC2012_val_00001833.JPEG,paper towel,False,,,yes,biotic,material,"The target entity is a roll of paper towel. The visual evidence shows a roll of paper towel placed in a wooden holder. Paper towels are processed food and drink derivatives made from plant fibers (typically wood pulp). While they are not directly derived from living organisms in their final form, they originate from natural materials (trees) and are explicitly included under Processed Food & Drinks based on the Ingestion Criterion. The inclusion of paper towels in this context is due to their origin from natural materials and their functional use in a domestic setting, fulfilling the criteria for nature as a processed natural product. Since nature is 'yes', I evaluate the sub-axes. Paper towels are derived from plant materials (trees), placing them under Flora & Plant Derivatives within the biotic category. Although they are processed and no longer living, they are a tangible, physical product derived from natural sources, thus classified as material under the Tangibility axis.",False
/home/pmonserrat/datasets/imagenet/extracted_data/n03888257/ILSVRC2012_val_00001440.JPEG,parachute,False,,,no,none,none,"The target entity is a parachute. The visual evidence shows a parachute used for skydiving, which is a human-made device designed for controlled descent. Parachutes are manufactured objects and do not inherently reference or depict any natural elements, biological processes, or ecosystems. They are not derived from natural materials in a way that retains identifiable natural texture or structure, nor do they depict natural entities. Therefore, it does not fulfill the inclusion criteria for Nature-Based Artefacts or any other category under the provided definitions of nature. Not applicable since the entity is not classified as nature.",False
/home/pmonserrat/datasets/imagenet/extracted_data/n03888605/ILSVRC2012_val_00000240.JPEG,parallel bars,False,,,no,none,none,"The target entity is 'parallel bars' as seen in the image. Parallel bars are a piece of gym equipment designed for physical exercise. They are manufactured, functional objects made of metal and other materials, with no identifiable natural material or texture remaining. The parallel bars do not depict or reference any natural entity, nor are they made from natural materials in a way that retains their original texture or grain. They fall under the category of homogenous artefacts, which are explicitly excluded from the nature taxonomy. Not applicable since the entity does not meet the criteria for nature.",False
/home/pmonserrat/datasets/imagenet/extracted_data/n03891251/ILSVRC2012_val_00000192.JPEG,park bench,False,,,yes,biotic,material,"The target entity is a park bench in the image. The bench is made of wood, which retains visible natural grain and texture. Although it is a manufactured object, the visible natural material of origin (wood) fulfills the criteria for Nature-Based Artefacts under the inclusion scope. The bench is not a homogenous artefact since its natural texture remains identifiable. Since nature is 'yes', I evaluate the sub-axes. The bench is made from wood, which is a derivative of trees, placing it under Flora & Plant Derivatives within the biotic category. As a real-world physical object with mass and occupying space, it is classified as material under the Tangibility axis.",False
/home/pmonserrat/datasets/imagenet/extracted_data/n03891332/ILSVRC2012_val_00000201.JPEG,parking meter,False,,,no,none,none,"The target entity is a parking meter. The visual evidence shows a manufactured, functional object made of metal and plastic. Parking meters are homogenous artefacts designed for a specific administrative purpose and do not depict or retain any identifiable natural material or characteristics. They are not derived from or representative of any natural entity, ecosystem, or process. Therefore, they fall under the Exclusion Scope of the taxonomy, specifically Homogenous Artefacts, and do not fulfill the criteria for nature. Not applicable since the entity is not classified as nature.",False
/home/pmonserrat/datasets/imagenet/extracted_data/n03895866/ILSVRC2012_val_00000096.JPEG,passenger car,False,,,no,none,none,"The target entity is a passenger car, specifically a train carriage. The visual evidence shows a manufactured, functional object designed for human transportation. It is a homogenous artefact made of metal and other materials that do not retain any identifiable natural texture or grain. The passenger car does not depict a natural entity, nor is it derived from natural materials in a way that retains their visual characteristics. Therefore, it falls under the exclusion criteria for nature, specifically Homogenous Artefacts. Not applicable since the entity is not classified as nature.",False
/home/pmonserrat/datasets/imagenet/extracted_data/n03899768/ILSVRC2012_val_00001665.JPEG,patio,False,,,no,none,none,"The target entity is a 'patio' in this image. The patio is an outdoor space that includes tables, chairs, and umbrellas, but it is primarily an area designed for human use and activity. The patio itself is not a natural entity but rather a constructed environment. The elements within the patio, such as the tables and chairs, are homogenous artefacts, and the umbrellas are functional objects. The background includes buildings and a cityscape, which are human-made structures. The natural elements visible in the background, such as the sky and distant landscape, are not the focus of the patio itself. Therefore, the patio as a constructed area does not fulfill the inclusion criteria for nature under the provided definitions. Not applicable since the entity does not qualify as nature.",False
/home/pmonserrat/datasets/imagenet/extracted_data/n03902125/ILSVRC2012_val_00000335.JPEG,pay-phone,False,,,no,none,none,"The target entity is a pay-phone. The visual evidence shows a manufactured, functional object that is a homogenous artefact made of metal and glass. It does not depict a natural entity, nor does it retain any identifiable natural texture or material from its origin. The pay-phone is a human-made structure designed for communication and does not fall under any category of natural elements, ecosystems, or processes. Therefore, it falls strictly under the Exclusion Scope of the taxonomy. Not applicable since the entity is not classified as nature.",False
/home/pmonserrat/datasets/imagenet/extracted_data/n03903868/ILSVRC2012_val_00002193.JPEG,pedestal,False,,,no,none,none,"The target entity is the pedestal of the column in the image. The pedestal is a manufactured structural element made of stone, which is a natural material. However, the pedestal itself is not a natural entity but rather a human-made artefact constructed from natural materials. The inclusion criteria for nature-based artefacts require that the natural material of origin remains visually identifiable by its structure, grain, or texture, and that the object does not depict a natural entity. While the stone is a natural material, the pedestal is a homogenous artefact that serves a structural purpose and does not depict or inherently reference a natural entity. Therefore, it does not meet the criteria for Nature-Based Artefacts under the inclusion scope of nature. Not applicable since the entity does not meet the criteria for nature.",False
/home/pmonserrat/datasets/imagenet/extracted_data/n03908618/ILSVRC2012_val_00001265.JPEG,pencil box,False,,,,,,,True
/home/pmonserrat/datasets/imagenet/extracted_data/n03908714/ILSVRC2012_val_00004441.JPEG,pencil sharpener,False,,,no,none,none,"The target entity is a pencil sharpener with a decorative design. The visual evidence shows a functional object with a child-like cartoon character and foliage-like patterns. The object itself is a manufactured, functional tool and does not depict or consist of any natural elements in a literal or identifiable way. The decorative elements are stylized and symbolic, not representing real-world natural entities or processes. Since the primary function of the object is utilitarian and the decorative elements are not natural representations fulfilling the inclusion criteria for nature, this entity does not count as nature under the provided definition. Not applicable since the entity does not meet the criteria for nature.",False
/home/pmonserrat/datasets/imagenet/extracted_data/n03916031/ILSVRC2012_val_00001754.JPEG,perfume,False,,,,,,,True
/home/pmonserrat/datasets/imagenet/extracted_data/n03920288/ILSVRC2012_val_00000465.JPEG,petri dish,False,,,no,none,none,"The target entity is a petri dish. Petri dishes are laboratory containers used for culturing microorganisms, such as bacteria or fungi. While they are made of plastic and glass, their primary function and content are related to biological processes and living organisms. However, the petri dish itself is a manufactured object without any inherent natural material or depiction of natural elements. It does not fall under any of the inclusion criteria for nature, such as more-than-human living entities, ecosystems, natural elements, or representations of nature. Instead, it is a functional tool used in scientific contexts to study living organisms, but it is not itself a natural entity or representation of nature. Not applicable since the entity is not classified as nature.",False
/home/pmonserrat/datasets/imagenet/extracted_data/n03924679/ILSVRC2012_val_00000489.JPEG,photocopier,False,,,no,none,none,"The target entity is a photocopier. The visual evidence shows a manufactured machine designed for duplicating documents. This is a homogenous artefact made of plastic, metal, and electronic components, with no visible natural material or texture. It does not depict or reference any natural entity, nor does it consist of natural materials that retain their identifiable structure or grain. Therefore, it falls under the exclusion criteria for nature, specifically Homogenous Artefacts. Not applicable since the entity is not classified as nature.",False
/home/pmonserrat/datasets/imagenet/extracted_data/n03929660/ILSVRC2012_val_00001365.JPEG,pick,False,,,no,none,none,"The target entity in the image is a guitar pick. The visual evidence shows a small, flat object with colorful patterns that resemble natural elements like stripes, waves, and abstract shapes. However, the pick itself is a manufactured, functional object made of plastic or similar material, and it does not depict a natural entity or ecosystem. It is not a natural element, biological process, or representation of nature in the sense of flora, fauna, ecosystems, or natural phenomena. The patterns on the pick are decorative and do not inherently reference or depict natural elements in a meaningful way that aligns with the inclusion criteria for nature. Therefore, it does not fulfill the criteria for nature under the provided taxonomy. Not applicable since the entity is not classified as nature.",False
/home/pmonserrat/datasets/imagenet/extracted_data/n03929855/ILSVRC2012_val_00000834.JPEG,pickelhaube,False,,,no,none,none,"The target entity is a pickelhaube, which is a traditional German military helmet with a distinctive spike on top. The visual evidence shows it as a physical object worn by individuals in the photograph. While the pickelhaube itself is a manufactured artefact, it is not a homogenous artefact because it is explicitly designed to resemble a stylized representation of a natural element (the spike) and is associated with a historical military context. However, the spike itself is not a natural entity but rather a manufactured addition. The pickelhaube does not depict or represent a natural entity or process, nor is it made from a visibly identifiable natural material. It is a functional, human-made object without any direct reference to nature in its form or material composition. Not applicable since the entity does not fulfill the criteria for nature under the provided taxonomy.",False
/home/pmonserrat/datasets/imagenet/extracted_data/n03930313/ILSVRC2012_val_00000626.JPEG,picket fence,False,,,no,none,none,"The target entity is a picket fence. The visual evidence shows a physical, white-painted wooden fence surrounding a house. While the fence is a manufactured object, it is made from wood, a natural material. However, the fence itself is not a natural entity but rather a human-made structure designed to enclose a space. The inclusion criteria for Nature-Based Artefacts require that the natural material of origin remains visually identifiable by its structure, grain, or texture, and that the object does not depict a natural entity. Although the wood is a natural material, the fence is a functional, homogenous artefact that does not inherently depict or represent a natural entity. It is not classified under any of the inclusion criteria for nature, such as Flora, Fauna, Ecosystems, or Natural Processes. Not applicable since the entity is not classified as nature.",False
/home/pmonserrat/datasets/imagenet/extracted_data/n03930630/ILSVRC2012_val_00000049.JPEG,pickup,False,,,no,none,none,"The target entity is a pickup truck. The visual evidence shows a manufactured vehicle that is not derived from or depicting a natural entity. The truck is a homogenous artefact made of metal and other synthetic materials, with no visible natural texture or grain. It does not fall under any category of nature, such as flora, fauna, ecosystems, natural elements, or representations of nature. The pickup truck is a functional, human-made object without any explicit connection to natural elements or processes. Not applicable since the entity is not classified as nature.",False
/home/pmonserrat/datasets/imagenet/extracted_data/n03933933/ILSVRC2012_val_00000121.JPEG,pier,False,,,no,none,none,"The target entity is a pier. The visual evidence shows a man-made structure extending over water, constructed primarily of wood and metal. Piers are human-made structures designed for access to water bodies and are not natural entities. They do not fall under any inclusion criteria for nature, such as more-than-human living entities, ecosystems, natural elements, or representations of nature. Instead, they are homogenous artefacts that do not depict or derive from natural elements in a way that fulfills the inclusion criteria for nature. Not applicable since the entity is not classified as nature.",False
/home/pmonserrat/datasets/imagenet/extracted_data/n03935335/ILSVRC2012_val_00001023.JPEG,piggy bank,True,True,False,yes,biotic,immaterial,"The target entity is a piggy bank shaped like a pig. The visual evidence shows a manufactured, decorative object that explicitly depicts a non-human animal (fauna). While the object itself is a functional artefact, it is designed to represent a pig, which is a more-than-human living entity. According to the inclusion criteria, representations of nature, including figurines or sculptures depicting fauna, count as nature. Therefore, this piggy bank fulfills the criteria for Representations of Nature. Since nature is 'yes', I evaluate the sub-axes. The piggy bank represents a non-human vertebrate (fauna), placing it under the biotic category. Although the piggy bank is a physical object, its primary purpose is to represent a pig rather than to be a real-world organism or natural element. Thus, it is classified as immaterial under the Tangibility axis, as it is a fabricated, symbolic representation.",False
/home/pmonserrat/datasets/imagenet/extracted_data/n03937543/ILSVRC2012_val_00000112.JPEG,pill bottle,False,,,no,none,none,"The target entity is a pill bottle. The visual evidence shows a container typically used for storing medication or supplements. This is a manufactured object, not a natural entity, and it does not depict or derive from any natural element or process. It is a homogenous artefact without any identifiable natural material or texture, and it does not fall under any category of natural elements, ecosystems, or representations of nature. Therefore, it fails the inclusion criteria for nature. Not applicable since the entity is not classified as nature.",False
/home/pmonserrat/datasets/imagenet/extracted_data/n03938244/ILSVRC2012_val_00000438.JPEG,pillow,False,,,,,,,True
/home/pmonserrat/datasets/imagenet/extracted_data/n03942813/ILSVRC2012_val_00000428.JPEG,ping-pong ball,False,,,no,none,none,"The target entity is a ping-pong ball. The visual evidence shows a small, lightweight ball used in the game of table tennis. Ping-pong balls are manufactured objects made from celluloid or plastic, which are synthetic materials derived from petroleum and other non-natural sources. They do not originate from or depict any natural entity, biological process, or ecosystem. Therefore, they fall under the exclusion criteria for nature as they are homogenous artefacts without identifiable natural material or depiction of natural elements. Not applicable since the entity is not classified as nature.",False
/home/pmonserrat/datasets/imagenet/extracted_data/n03944341/ILSVRC2012_val_00000991.JPEG,pinwheel,False,,,yes,biotic,immaterial,"The target entity is a pinwheel designed to resemble a butterfly. The visual evidence shows a crafted, decorative object with artistic and stylized depictions of flowers and a butterfly-like shape. This object is a functional or decorative item explicitly shaped to depict a natural entity (a butterfly, which is fauna) and is not a real-world organism or a literal representation of a natural process. It falls under the inclusion criteria for Representations of Nature, specifically as a crafted or manufactured object shaped to depict a natural entity. Since nature is 'yes', I evaluate the sub-axes. The pinwheel represents a butterfly, which is a non-human living organism (fauna), placing it under the biotic category. Although the pinwheel is a physical three-dimensional object, its primary purpose is decorative and symbolic, depicting a natural entity rather than being a real-world organism or natural process. Therefore, it is classified as immaterial under the Tangibility axis, as it is a crafted representation rather than a material natural entity.",False
/home/pmonserrat/datasets/imagenet/extracted_data/n03947888/ILSVRC2012_val_00000966.JPEG,pirate,False,,,no,none,none,"The target entity 'pirate' in the provided image refers to the people on the sailboat. The visual evidence shows human beings on a vessel. According to the taxonomy, human beings, human body parts, and groups of people are explicitly excluded from the nature classification, regardless of their activity or setting. Therefore, the term 'pirate' in this context does not refer to a natural entity but to human individuals. Not applicable since human beings are excluded from the nature taxonomy.",False
/home/pmonserrat/datasets/imagenet/extracted_data/n03950228/ILSVRC2012_val_00000046.JPEG,pitcher,False,,,no,none,none,"The target entity is a pitcher. The visual evidence shows a ceramic vessel that is a manufactured object. The pitcher itself is not a natural entity or derived from a natural entity in a way that retains its original natural texture or form. It is a homogenous artefact without any visible natural grain, texture, or depiction of a natural element. Therefore, it does not meet the criteria for Nature-Based Artefacts or any other inclusion criteria for nature under the provided definitions. Not applicable since the entity does not qualify as nature based on the exclusion criteria.",False
/home/pmonserrat/datasets/imagenet/extracted_data/n03954731/ILSVRC2012_val_00000144.JPEG,plane,False,,,yes,biotic,material,"The target entity is a hand plane, a tool used for smoothing wood surfaces. The visual evidence shows a wooden tool with visible natural grain and texture on its handle and body. This object is a crafted artefact where the natural material of origin (wood) remains visually identifiable by its grain and texture, fulfilling the criteria for Nature-Based Artefacts under the inclusion scope. Since nature is 'yes', I evaluate the sub-axes. The plane is made from wood, which is a derivative of trees, placing it under Flora & Plant Derivatives within the biotic category. As it is a real-world physical object with mass and occupies space, it is classified as material under the Tangibility axis.",False
/home/pmonserrat/datasets/imagenet/extracted_data/n03956157/ILSVRC2012_val_00000024.JPEG,planetarium,False,,,no,none,none,"The target entity is a planetarium. The visual evidence shows a building designed for astronomical observation and educational purposes. Planetariums are human-made structures and do not inherently involve natural elements, biological processes, or ecosystems. They are not natural entities, artefacts derived from nature, or representations of nature. Instead, they are constructed for human use and do not fall under the inclusion criteria for nature, such as more-than-human living entities, ecosystems, natural elements, or their representations. Not applicable since the entity is not classified as nature. The planetarium is a human-made facility and does not meet the criteria for nature classification.",False
/home/pmonserrat/datasets/imagenet/extracted_data/n03958227/ILSVRC2012_val_00000722.JPEG,plastic bag,False,,,no,none,none,"The target entity is a plastic bag. The visual evidence shows a manufactured, synthetic bag used for carrying items. Plastic bags are homogenous artefacts made from non-natural materials (petroleum-based polymers) and do not depict or derive from natural entities. They do not meet the inclusion criteria for Nature-Based Artefacts, as the original natural material is not identifiable, nor do they fall under any other category of natural elements or processes. Therefore, this entity falls under the Exclusion Scope of the taxonomy. Not applicable since the entity is not classified as nature.",False
/home/pmonserrat/datasets/imagenet/extracted_data/n03961711/ILSVRC2012_val_00001853.JPEG,plate rack,False,,,no,none,none,"The target entity is a plate rack. The visual evidence shows a manufactured object designed to hold plates, made of metal with no visible natural texture or grain. The plate rack does not depict a natural entity, nor does it retain any identifiable natural material or structure. It is a homogenous artefact without any explicit reference to natural elements, fulfilling the exclusion criteria for nature. Not applicable since the entity does not meet the criteria for nature.",False
/home/pmonserrat/datasets/imagenet/extracted_data/n03967562/ILSVRC2012_val_00000292.JPEG,plow,False,,,no,none,none,"The target entity is a plow. The visual evidence shows a piece of agricultural machinery used for tilling soil. The plow itself is a manufactured tool and does not inherently refer to or depict any natural entity, biological process, or ecosystem. It is a homogenous artefact designed for a functional purpose, lacking any identifiable natural material or texture. Additionally, it does not fall under the inclusion criteria for Nature-Based Artefacts because it does not retain or depict any natural material or structure. Therefore, it does not meet the criteria for nature under the provided taxonomy. Not applicable since the entity is not classified as nature.",False
/home/pmonserrat/datasets/imagenet/extracted_data/n03970156/ILSVRC2012_val_00002729.JPEG,plunger,False,,,no,none,none,"The target entity is a 'plunger' in the context of the image, which appears to be a diving mask. The visual evidence shows a piece of diving equipment used for underwater activities. Diving masks are manufactured artefacts designed for human use and are not natural entities themselves. They are not derived from or representative of natural elements in a way that fulfills the inclusion criteria for nature. The mask itself is a human-made object without any natural material or depiction of nature that remains visually identifiable or symbolic of natural elements. Not applicable since the entity is not classified as nature.",False
/home/pmonserrat/datasets/imagenet/extracted_data/n03976467/ILSVRC2012_val_00000765.JPEG,polaroid camera,False,,,no,none,none,"The target entity is a Polaroid Land Camera (Model 95). The visual evidence shows a manufactured, functional device designed to capture photographic images. This object is a homogenous artefact made of metal, plastic, and leather, with no visible natural texture or grain. It does not depict or represent a natural entity, nor is it made from identifiable natural materials in its final form. Therefore, it does not meet the criteria for Nature-Based Artefacts or any other inclusion criteria for nature under the provided taxonomy. Not applicable since the entity is not classified as nature.",False
/home/pmonserrat/datasets/imagenet/extracted_data/n03976657/ILSVRC2012_val_00000334.JPEG,pole,False,,,no,none,none,"The target entity is a pole in the image. The visual evidence shows a red, painted structural object that appears to be a manufactured support post. The pole itself is not a natural entity but rather a human-made artefact. It does not depict or represent a natural element, nor is it made from a material that retains identifiable natural texture or grain. It is a homogenous artefact without any explicit reference to natural elements, thus falling under the Exclusion Scope of the taxonomy. Not applicable since the entity does not fulfill the criteria for nature.",False
/home/pmonserrat/datasets/imagenet/extracted_data/n03977966/ILSVRC2012_val_00000452.JPEG,police van,True,True,True,no,none,none,"The target entity is a police van. The visual evidence shows a manufactured vehicle used by law enforcement. The police van is a human-made object designed for administrative and operational purposes, not a natural entity. It does not fall under any category of more-than-human living entities, ecosystems, natural elements, or processes, nor does it depict or represent any natural elements. It is a homogenous artefact without identifiable natural material or depiction of nature, thus falling under the Exclusion Scope of the taxonomy. Not applicable since the entity is not classified as nature.",False
/home/pmonserrat/datasets/imagenet/extracted_data/n03980874/ILSVRC2012_val_00004159.JPEG,poncho,False,,,no,none,none,"The target entity is a poncho worn by the child in the image. The poncho itself is a manufactured garment made of a synthetic or fabric material, not derived from or depicting a natural entity. The poncho does not have any visible natural texture, grain, or depiction of flora, fauna, or abiotic elements. It is a homogenous artefact without any explicit reference to natural elements, fulfilling the exclusion criteria for nature-based artefacts and not meeting the inclusion criteria for nature under the provided taxonomy. Not applicable since the entity does not qualify as nature.",False
/home/pmonserrat/datasets/imagenet/extracted_data/n03982430/ILSVRC2012_val_00002385.JPEG,pool table,False,,,no,none,none,"The target entity is a pool table. The visual evidence shows a manufactured, functional object made of materials such as felt, wood, and metal. Pool tables are homogenous artefacts designed for a specific purpose and do not depict natural entities. The original natural texture of the materials is not identifiable, and the object itself does not fall under any category of natural elements, ecosystems, or processes. Therefore, it does not fulfill the inclusion criteria for nature. Not applicable since the entity is not classified as nature.",False
/home/pmonserrat/datasets/imagenet/extracted_data/n03983396/ILSVRC2012_val_00001970.JPEG,pop bottle,False,,,no,none,none,"The target entity is a pop bottle, specifically a Coca-Cola bottle. The visual evidence shows a manufactured container made of glass, which is a processed material derived from natural resources (sand, soda ash, limestone). However, the bottle itself is a homogenous artefact with no visible natural texture or grain, and it does not depict or represent a natural entity. The inclusion criteria for Nature-Based Artefacts require that the natural material of origin remains visually identifiable by its structure, grain, or texture, which is not the case here. Additionally, the bottle is a container for a processed food/drink product, not the natural element itself. Therefore, it does not fulfill the criteria for nature under the provided taxonomy. Not applicable since the entity is not classified as nature.",False
/home/pmonserrat/datasets/imagenet/extracted_data/n03991062/ILSVRC2012_val_00001919.JPEG,pot,False,,,no,none,none,"The target entity is a pot in the image. The pot is a physical container made of terracotta, which is a natural material derived from clay. Although it is a manufactured object, it is used for holding plants and is visually associated with gardening and plant cultivation. The pot itself does not depict a natural entity but is a functional object made from natural materials and used in a natural context (gardening). However, the pot itself is not a natural entity or ecosystem but rather a human-made artefact. Since the pot is not a natural entity or a representation of nature, it does not fulfill the inclusion criteria for nature under the provided definitions. Not applicable since the entity is not classified as nature.",False
/home/pmonserrat/datasets/imagenet/extracted_data/n03992509/ILSVRC2012_val_00000458.JPEG,potter's wheel,False,,,no,none,none,"The target entity is a potter's wheel. The visual evidence shows a tool used for shaping clay into pottery. The potter's wheel itself is a manufactured device made of metal and other materials, not a natural entity or a representation of nature. It is a functional tool used in the process of creating pottery, which is derived from natural materials (clay), but the tool itself is not a natural element or process. Therefore, it does not fulfill the inclusion criteria for nature under the provided definitions. Not applicable since the entity is not classified as nature. The potter's wheel is a human-made artefact and does not fall under any natural category or tangibility classification.",False
/home/pmonserrat/datasets/imagenet/extracted_data/n03995372/ILSVRC2012_val_00000589.JPEG,power drill,False,,,no,none,none,"The target entity is a power drill. The visual evidence shows a manufactured tool made of metal and plastic, which is a human-made object. Power drills are not derived from natural materials in a way that retains identifiable natural texture or structure, nor do they depict or represent natural entities. They fall under the exclusion criteria for nature as they are homogenous artefacts without any explicit reference to natural elements or processes. Not applicable since the entity is not classified as nature. The power drill is a manufactured tool without any identifiable natural characteristics or depictions.",False
/home/pmonserrat/datasets/imagenet/extracted_data/n03998194/ILSVRC2012_val_00000230.JPEG,prayer rug,False,,,no,none,none,"The target entity is a prayer rug. The visual evidence shows a textile object with intricate designs, including depictions of natural elements such as mountains, domes, and landscapes. While the rug itself is a manufactured artefact, the inclusion criteria for Nature-Based Artefacts specify that crafted or manufactured objects where the natural material of origin remains visually identifiable by its structure, grain, or texture are included. However, the primary focus of the rug is its symbolic and decorative representations of natural and architectural elements rather than the natural material itself. The rug does not inherently depict or consist of natural elements in a way that fulfills the inclusion criteria for nature under the provided taxonomy. Instead, it is a functional and symbolic object that references nature indirectly through its designs. Not applicable since the entity does not fulfill the criteria for nature under the provided taxonomy. The rug is a functional item with symbolic representations rather than a direct depiction or material representation of natural elements.",False
/home/pmonserrat/datasets/imagenet/extracted_data/n04004767/ILSVRC2012_val_00002985.JPEG,printer,False,,,no,none,none,"The target entity is a machine labeled 'SETema' in the image, which appears to be an industrial processing or drying machine. This device is a manufactured, functional object made of metal and plastic, with no visible natural material or texture. It does not depict or reference any natural entity, nor does it consist of natural elements or processes. The machine is a homogenous artefact, lacking any identifiable natural material or symbolic representation of nature. Therefore, it does not fulfill the inclusion criteria for nature under the provided taxonomy. Not applicable since the entity is not classified as nature.",False
/home/pmonserrat/datasets/imagenet/extracted_data/n04005630/ILSVRC2012_val_00002554.JPEG,prison,False,,,no,none,none,"The target entity is a prison, specifically depicted in the image as a series of cells with numbered doors. The visual evidence shows a constructed, human-made facility designed for incarceration. Prisons are administrative and political units created for the detention of individuals, which fall under the Exclusion Scope of the taxonomy. They are not natural entities, ecosystems, or elements, nor do they represent natural processes or living organisms. The image itself is a documentary photograph of a real-world prison, but the prison itself is not a natural entity. Not applicable since the entity is not classified as nature. The prison is an administrative and political unit, explicitly excluded from the nature taxonomy.",False
/home/pmonserrat/datasets/imagenet/extracted_data/n04008634/ILSVRC2012_val_00000468.JPEG,projectile,False,,,no,none,none,"The target entity is a missile or rocket projectile. The visual evidence shows a manufactured, human-made object designed for propulsion and military or space applications. This entity is not a natural element, biological process, ecosystem, or representation thereof. It is a human-made artefact, and thus does not meet the inclusion criteria for nature under the provided definitions. The projectile is not derived from or representative of any natural entity, biological process, or environment. Not applicable since the entity is not classified as nature.",False
/home/pmonserrat/datasets/imagenet/extracted_data/n04009552/ILSVRC2012_val_00001253.JPEG,projector,False,,,no,none,none,"The target entity is a projector, specifically the Christie CP2000-ZX model shown in the image. The visual evidence reveals a manufactured electronic device designed for projecting images. This is a homogenous artefact made of synthetic materials (metal, plastic) with no visible natural texture or grain. It does not depict or reference any natural entity, nor is it derived from natural materials in a way that retains identifiable natural characteristics. Therefore, it falls under the exclusion criteria for nature, specifically Homogenous Artefacts. Not applicable since the entity is not classified as nature.",False
/home/pmonserrat/datasets/imagenet/extracted_data/n04019541/ILSVRC2012_val_00000454.JPEG,puck,False,,,no,none,none,"The target entity is a puck, which is a small, round disc used in the sport of ice hockey. The puck is a manufactured object made of vulcanized rubber and is not derived from or representative of any natural entity or process. It does not fall under any category of flora, fauna, fungi, ecosystems, natural elements, or processes, nor does it depict or represent any natural entity. Therefore, it does not meet the inclusion criteria for nature under the provided taxonomy. Not applicable since the entity is not classified as nature.",False
/home/pmonserrat/datasets/imagenet/extracted_data/n04023962/ILSVRC2012_val_00002782.JPEG,punching bag,False,,,no,none,none,"The target entity in question is a punching bag in the image. The visual evidence shows a manufactured object designed for physical exercise, typically made from synthetic materials like leather or vinyl. This object does not originate from or depict any natural entity, nor does it have any identifiable natural material or texture. It is a homogenous artefact without any reference to natural elements, either in its material composition or its depiction. Therefore, it does not fulfill the inclusion criteria for nature. Not applicable since the entity is not classified as nature.",False
/home/pmonserrat/datasets/imagenet/extracted_data/n04026417/ILSVRC2012_val_00001343.JPEG,purse,False,,,no,none,none,"The target entity is a purse made from red fabric resembling a tape measure. The visual evidence shows a crafted object that is primarily functional and decorative, with no visible natural material or texture that remains identifiable from its original natural state. The fabric itself is a processed material, and the tape measure design is a human-made pattern. The purse does not depict or represent a natural entity, nor does it consist of a natural material in its original form. Therefore, it does not fulfill the criteria for Nature-Based Artefacts or any other inclusion criteria for nature under the provided taxonomy. Not applicable since the entity is not classified as nature.",False
/home/pmonserrat/datasets/imagenet/extracted_data/n04033901/ILSVRC2012_val_00001345.JPEG,quill,False,,,yes,biotic,material,"The target entity is a quill, specifically a feather from a bird. The visual evidence shows a physical feather with natural coloration and structure. Feathers are biological derivatives of fauna (birds), and as such, they fall under the inclusion criteria for More-Than-Human Living Entities (Fauna & Animal Derivatives). Since nature is 'yes', I evaluate the sub-axes. The quill is a derivative of a bird, placing it under Fauna & Animal Derivatives within the biotic category. Because it is a real-world physical object with mass and occupies space, it is classified as material under the Tangibility axis.",False
/home/pmonserrat/datasets/imagenet/extracted_data/n04033995/ILSVRC2012_val_00000260.JPEG,quilt,False,,,no,none,none,"The target entity is a quilt in the image. A quilt is a textile object made from woven materials, typically cotton or synthetic fibers, and does not originate from or depict any natural entity or process. It is a manufactured, human-made item designed for comfort and warmth, lacking any identifiable natural material or reference to nature in its composition or function. Therefore, it does not fulfill the inclusion criteria for nature under the provided definitions. Not applicable since the entity is not classified as nature.",False
/home/pmonserrat/datasets/imagenet/extracted_data/n04037443/ILSVRC2012_val_00000135.JPEG,racer,False,,,no,none,none,"The target entity is a 'racer,' specifically a race car. The visual evidence shows a manufactured vehicle designed for racing. The car itself is a homogenous artefact made of metal and other synthetic materials, with no visible natural texture or grain. It does not depict a natural entity or have any explicit reference to nature. Additionally, the car is not a natural organism, ecosystem, or natural element, nor does it fall under the inclusion criteria for nature-based artefacts, food, or representations of nature. Therefore, it does not meet the criteria for nature under the provided taxonomy. Not applicable since the entity is not classified as nature.",False
/home/pmonserrat/datasets/imagenet/extracted_data/n04039381/ILSVRC2012_val_00001786.JPEG,racket,False,,,no,none,none,"The target entity is a racket, specifically a tennis racket, which is being modified or repaired in the image. The racket itself is a manufactured object made of materials such as metal, composite, and synthetic fibers. It does not originate from or depict a natural entity, nor does it retain any identifiable natural texture or material. The racket is a homogenous artefact, designed for a functional purpose without any explicit reference to natural elements or processes. Therefore, it does not fulfill the inclusion criteria for nature under the provided taxonomy. Not applicable since the entity is not classified as nature.",False
/home/pmonserrat/datasets/imagenet/extracted_data/n04040759/ILSVRC2012_val_00000770.JPEG,radiator,False,,,no,none,none,"The target entity is a radiator. The visual evidence shows a manufactured heating device made of metal and painted surfaces. Radiators are functional, structural objects designed for heating purposes and do not originate from or depict natural elements. They are not derived from natural materials in a way that retains identifiable natural texture or grain, nor do they represent or depict any natural entity. Therefore, it falls under the exclusion criteria for nature, specifically Homogenous Artefacts, as it does not meet the inclusion criteria for nature-based artefacts or representations. Not applicable since the entity is not classified as nature.",False
/home/pmonserrat/datasets/imagenet/extracted_data/n04041544/ILSVRC2012_val_00001346.JPEG,radio,False,,,no,none,none,"The target entity is a 'Pioneer Elite' audio receiver, which is a manufactured electronic device. The visual evidence shows a homogenous artefact made of plastic and metal with no visible natural texture or grain. The device does not depict a natural entity and does not have any identifiable natural material properties. It is a functional electronic component used for audio processing and does not fall under any inclusion criteria for nature, such as natural elements, organisms, ecosystems, or representations of nature. Not applicable since the entity is not classified as nature. The device is a homogenous artefact without any natural characteristics or depictions.",False
/home/pmonserrat/datasets/imagenet/extracted_data/n04044716/ILSVRC2012_val_00002046.JPEG,radio telescope,False,,,no,none,none,"The target entity is a radio telescope. The visual evidence shows a large, man-made dish structure designed for astronomical purposes. Radio telescopes are manufactured devices and do not inherently belong to any natural category (biotic or abiotic) as they are not part of the natural world, nor are they representations of natural elements. They are technological artefacts created for scientific observation and do not fulfill the inclusion criteria for nature, as they are not living organisms, ecosystems, natural elements, or representations thereof. Not applicable since the entity is not classified as nature. Radio telescopes are human-made technological structures and do not meet the criteria for nature under the provided taxonomy.",False
/home/pmonserrat/datasets/imagenet/extracted_data/n04049303/ILSVRC2012_val_00000042.JPEG,rain barrel,False,,,no,none,none,"The target entity is a rain barrel. The visual evidence shows a container designed to collect and store rainwater. Rain barrels are typically made from materials like plastic or metal and are used to harness natural precipitation. While they are functional artefacts designed to manage a natural process (rainfall), they themselves are not natural entities or processes. Rain barrels are manufactured objects and do not inherently possess the characteristics of natural elements or organisms. They do not fall under the inclusion criteria for nature as they are not more-than-human living entities, ecosystems, natural elements, or representations of nature. Instead, they are human-made tools for managing natural resources. Not applicable since the entity is not classified as nature.",False
/home/pmonserrat/datasets/imagenet/extracted_data/n04065272/ILSVRC2012_val_00000014.JPEG,recreational vehicle,False,,,no,none,none,"The target entity is a recreational vehicle (RV) in the image. The visual evidence shows a manufactured, human-made vehicle designed for travel and living accommodations. This entity is a homogenous artefact, constructed primarily for human use and lacking any identifiable natural material or depiction of natural elements. It does not fall under any inclusion criteria for nature, such as natural materials, living organisms, ecosystems, or representations of nature. Instead, it is a functional, human-centric object that does not reference or depict any natural elements or processes. Not applicable since the entity is not classified as nature.",False
/home/pmonserrat/datasets/imagenet/extracted_data/n04067472/ILSVRC2012_val_00000473.JPEG,reel,False,,,no,none,none,"The target entity is a fishing reel. The visual evidence shows a manufactured mechanical device used for fishing. The reel itself is a functional, human-made object primarily composed of metal and plastic, with no identifiable natural material or texture remaining. It does not depict or represent a natural entity, nor is it derived from natural materials in a way that retains their original texture or grain. Therefore, it does not meet the criteria for Nature-Based Artefacts or any other inclusion criteria for nature under the provided taxonomy. Not applicable since the entity is not classified as nature.",False
/home/pmonserrat/datasets/imagenet/extracted_data/n04069434/ILSVRC2012_val_00001085.JPEG,reflex camera,False,,,no,none,none,"The target entity is a reflex camera. The visual evidence shows a manufactured device designed for capturing images. A reflex camera is a human-made tool and does not inherently reference, depict, or derive from any natural entity, process, or ecosystem. It is a functional object without any explicit connection to nature, either as a natural element, derivative, or representation. Therefore, it does not fulfill the inclusion criteria for nature under the provided taxonomy. Not applicable since the entity is not classified as nature. The reflex camera is a homogenous artefact without any identifiable natural material or depiction of natural elements.",False
/home/pmonserrat/datasets/imagenet/extracted_data/n04070727/ILSVRC2012_val_00000331.JPEG,refrigerator,False,,,no,none,none,"The target entity is a refrigerator. The visual evidence shows a manufactured appliance designed to store food and beverages. The refrigerator itself is a homogenous artefact made of metal, glass, and plastic, with no visible natural texture or grain. It does not depict or reference any natural entity, nor does it consist of natural materials that retain their identifiable structure or texture. Therefore, it falls under the exclusion criteria for nature, specifically Homogenous Artefacts. Not applicable since the entity is not classified as nature.",False
/home/pmonserrat/datasets/imagenet/extracted_data/n04074963/ILSVRC2012_val_00000275.JPEG,remote control,False,,,no,none,none,"The target entity is a remote control. The visual evidence shows a manufactured electronic device used to operate electronic equipment. Remote controls are homogenous artefacts made of plastic and metal, with no identifiable natural material or texture. They do not depict or reference any natural entity, nor are they derived from natural materials in a way that retains visible natural characteristics. Therefore, it falls under the exclusion criteria for nature. Not applicable since the entity is not classified as nature.",False
/home/pmonserrat/datasets/imagenet/extracted_data/n04081281/ILSVRC2012_val_00000591.JPEG,restaurant,False,,,no,none,none,"The target entity is a restaurant. The visual evidence shows an indoor dining establishment with human patrons, staff, and furniture. According to the provided taxonomy, human beings, human body parts, and groups of people are explicitly excluded from the nature classification. The restaurant itself is a human-made structure and a social space designed for human activities, not a natural entity or representation of nature. Therefore, it does not fulfill the inclusion criteria for nature. Not applicable since the entity is not classified as nature, as it involves human beings and human-centric activities.",False
/home/pmonserrat/datasets/imagenet/extracted_data/n04086273/ILSVRC2012_val_00000158.JPEG,revolver,False,,,no,none,none,"The target entity is a revolver. The visual evidence shows a manufactured firearm with a wooden grip. The revolver itself is a human-made object, not a natural entity. It does not fall under any category of more-than-human living entities, ecosystems, natural elements, or processes. Additionally, it does not depict or represent a natural entity. The wooden grip, while derived from a natural source, is processed and integrated into a homogenous artefact that does not retain its natural texture or identity in a way that fulfills the criteria for Nature-Based Artefacts. Therefore, it does not meet the inclusion criteria for nature under the provided taxonomy. Not applicable since the entity is not classified as nature.",False
/home/pmonserrat/datasets/imagenet/extracted_data/n04090263/ILSVRC2012_val_00000244.JPEG,rifle,False,,,no,none,none,"The target entity is a rifle. The visual evidence shows a manufactured, functional object made of metal and wood. Rifles are human-made tools and do not originate from or depict natural elements. They fall under the exclusion criteria for nature as they are not derived from or representing natural materials or processes, nor do they depict natural entities. The rifle is a homogenous artefact without identifiable natural texture or reference to nature. Not applicable since the entity is not classified as nature.",False
/home/pmonserrat/datasets/imagenet/extracted_data/n04099969/ILSVRC2012_val_00000421.JPEG,rocking chair,False,,,yes,biotic,material,"The target entity is a rocking chair. The visual evidence shows a manufactured object made primarily of wood with visible natural grain in its structure. Although it is a functional artefact, the visible natural texture and grain of the wood fulfill the criteria for Nature-Based Artefacts, as defined by the inclusion scope for objects where the natural material of origin remains visually identifiable. Since nature is 'yes', I evaluate the sub-axes. The rocking chair is made from wood, which is a processed material derived from trees, placing it under Flora & Plant Derivatives within the biotic category. The chair is a real-world physical object with mass and occupies space, thus it is classified as material under the Tangibility axis.",False
/home/pmonserrat/datasets/imagenet/extracted_data/n04111531/ILSVRC2012_val_00001625.JPEG,rotisserie,False,,,yes,biotic,material,"The target entity is a rotisserie in the image, specifically displaying cooked chickens. The visual evidence shows processed food items derived from animals, which fall under the inclusion scope of 'Processed Food & Drinks' in the Ingestion Criterion. These items are derived from non-human organisms (fauna) and are explicitly included in the definition of nature as they are edible solid elements at any processing level. Since nature is 'yes', I evaluate the sub-axes. The chickens are derived from fauna, placing them under Fauna & Animal Derivatives within the biotic category. The rotisserie chickens are physical, tangible food items that occupy space and have mass, thus they are classified as material under the Tangibility axis.",False
/home/pmonserrat/datasets/imagenet/extracted_data/n04116512/ILSVRC2012_val_00000453.JPEG,rubber eraser,False,,,no,none,none,"The target entity is a rubber eraser. The visual evidence shows a manufactured object made from synthetic rubber, which is a processed material derived from natural rubber but has been chemically altered and lacks any identifiable natural texture or origin. Rubber erasers are homogenous artefacts that do not depict natural entities or retain any visible natural characteristics. They fall under the exclusion scope as they do not meet the criteria for Nature-Based Artefacts or any other inclusion criteria for nature. Not applicable since the entity is not classified as nature.",False
/home/pmonserrat/datasets/imagenet/extracted_data/n04118538/ILSVRC2012_val_00001497.JPEG,rugby ball,False,,,no,none,none,"The target entity is a rugby ball. The visual evidence shows a manufactured, spherical object used in the sport of rugby. Rugby balls are made from synthetic materials like leather or rubber and are designed for physical use in sports. They do not originate from or depict any natural entity, nor do they have any inherent natural texture or material that remains visually identifiable. The object is a homogenous artefact, lacking any identifiable natural material or depiction of natural elements, and thus does not fulfill the inclusion criteria for nature under the provided taxonomy. Not applicable since the entity is not classified as nature.",False
/home/pmonserrat/datasets/imagenet/extracted_data/n04118776/ILSVRC2012_val_00001210.JPEG,rule,False,,,no,none,none,"The target entity is a ruler. The visual evidence shows a manufactured measuring tool made of plastic with a printed scale. The ruler itself is not a natural entity, nor does it depict or represent a natural element. It is a homogenous artefact without any identifiable natural material or texture, and it does not fall under any category of natural elements, ecosystems, or representations of nature. Therefore, it does not fulfill the inclusion criteria for nature. Not applicable since the entity is not classified as nature.",False
/home/pmonserrat/datasets/imagenet/extracted_data/n04120489/ILSVRC2012_val_00001465.JPEG,running shoe,False,,,no,none,none,"The target entity is a running shoe. The visual evidence shows a manufactured, functional object made of synthetic materials (e.g., rubber, fabric, and plastic). Running shoes are homogenous artefacts designed for human use and do not retain any identifiable natural texture, grain, or structure from their original natural materials. Additionally, they do not depict or represent any natural entity. Therefore, this entity does not fulfill the inclusion criteria for nature under the provided taxonomy. Not applicable since the entity is not classified as nature.",False
/home/pmonserrat/datasets/imagenet/extracted_data/n04125021/ILSVRC2012_val_00000143.JPEG,safe,False,,,no,none,none,"The target entity is a safe. The visual evidence shows a manufactured, functional object designed for storing items securely. It is made of metal and plastic, with no visible natural texture, grain, or depiction of natural elements. The safe does not represent, depict, or derive from any natural entity or process. It is a homogenous artefact without any identifiable natural material or reference to nature, thus falling under the Exclusion Scope of the taxonomy. Not applicable since the entity does not meet the criteria for nature classification.",False
/home/pmonserrat/datasets/imagenet/extracted_data/n04127249/ILSVRC2012_val_00002068.JPEG,safety pin,False,,,,,,,True
/home/pmonserrat/datasets/imagenet/extracted_data/n04131690/ILSVRC2012_val_00000792.JPEG,saltshaker,False,,,no,none,none,"The target entity is a saltshaker. The visual evidence shows a manufactured container made of ceramic material. The saltshaker itself is a functional object designed to hold salt, which is a processed food derivative. However, the saltshaker as a container does not inherently depict or reference any natural entity or process. It is a homogenous artefact without any visible natural texture or depiction of natural elements. The saltshaker itself does not fulfill the criteria for Nature-Based Artefacts, as it does not retain any identifiable natural material or reference natural elements explicitly. Additionally, it does not fall under any other inclusion criteria for nature, such as being a depiction or representation of nature. Not applicable since the entity does not qualify as nature under the provided taxonomy.",False
/home/pmonserrat/datasets/imagenet/extracted_data/n04133789/ILSVRC2012_val_00002426.JPEG,sandal,False,,,no,none,none,"The target entity is a sandal. The visual evidence shows a manufactured footwear item made of leather and adorned with gold embellishments. The sandal itself is a human-made object, and while it may incorporate materials derived from nature (like leather), it is not a natural entity itself. The sandal does not depict or represent a natural element, nor does it consist primarily of natural material in a way that retains its original natural texture or structure. It is a homogenous artefact designed for human use and does not meet the criteria for Nature-Based Artefacts or any other inclusion criteria for nature. Not applicable since the entity is not classified as nature.",False
/home/pmonserrat/datasets/imagenet/extracted_data/n04136333/ILSVRC2012_val_00000442.JPEG,sarong,False,,,no,none,none,"The target entity is a sarong, which in this image is a piece of fabric worn as a skirt. The sarong itself is a manufactured textile item. While it is made from natural fibers (such as cotton or silk), the fabric has been processed and woven into a garment. The inclusion criteria for nature-based artefacts require that the natural material of origin remains visually identifiable by its structure, grain, or texture, and that the object does not depict a natural entity. The sarong in the image does not inherently depict or represent a natural entity; it is a functional garment. Additionally, the fabric's texture and grain are not visibly identifiable as natural in this context, and it does not fall under the inclusion criteria for nature-based artefacts or representations of nature. Not applicable since the entity does not fulfill the criteria for nature.",False
/home/pmonserrat/datasets/imagenet/extracted_data/n04141076/ILSVRC2012_val_00000614.JPEG,sax,False,,,no,none,none,"The target entity is a saxophone (sax) being played by a musician in the image. The saxophone itself is a manufactured musical instrument made of metal and other materials. It does not inherently refer to or depict any natural entity, biological process, ecosystem, or natural element. The saxophone is a human-made object and does not fall under the inclusion criteria for nature, such as flora, fauna, ecosystems, natural elements, or their representations. Not applicable since the saxophone is not classified as nature under the provided taxonomy.",False
/home/pmonserrat/datasets/imagenet/extracted_data/n04141327/ILSVRC2012_val_00000039.JPEG,scabbard,False,,,no,none,none,"The target entity is a scabbard, which is a protective sheath for a blade, such as a sword. The visual evidence shows a sheath made of leather and other materials, which are human-made and serve a functional purpose. Scabbards are manufactured artefacts designed to protect blades and are not derived from or representative of natural elements or processes. They do not depict or originate from flora, fauna, ecosystems, or natural phenomena, nor do they possess any identifiable natural texture or material that remains visually distinct. Therefore, it does not fulfill the inclusion criteria for Nature-Based Artefacts or any other category under the provided definitions. Not applicable since the entity is not classified as nature.",False
/home/pmonserrat/datasets/imagenet/extracted_data/n04141975/ILSVRC2012_val_00001091.JPEG,scale,False,,,no,none,none,"The target entity is a scale, specifically a weighing scale. The visual evidence shows a functional, manufactured device used for measuring weight. This object is a homogenous artefact made of metal and plastic, with no visible natural texture or grain. It does not depict a natural entity or have any identifiable natural material properties. Therefore, it does not meet the criteria for Nature-Based Artefacts or any other inclusion criteria for nature under the provided taxonomy. Not applicable since the entity is not classified as nature.",False
/home/pmonserrat/datasets/imagenet/extracted_data/n04146614/ILSVRC2012_val_00001736.JPEG,school bus,False,,,no,none,none,"The target entity is a school bus. The visual evidence shows a manufactured vehicle designed for transporting students. School buses are human-made, functional objects that do not originate from or depict natural elements. They fall under Homogenous Artefacts as they lack any identifiable natural texture or reference to natural entities. Additionally, they do not represent or depict any natural elements or processes, thus failing the inclusion criteria for Nature-Based Artefacts or Representations of Nature. Not applicable since the entity is not classified as nature. The school bus is a manufactured, functional object without any natural characteristics or references.",False
/home/pmonserrat/datasets/imagenet/extracted_data/n04147183/ILSVRC2012_val_00000094.JPEG,schooner,False,,,no,none,none,"The target entity is a schooner, specifically the ship in the image. The schooner is a type of sailing vessel, which is a human-made artefact. Despite its association with maritime environments and sailing, it is not a natural entity itself. The schooner is a manufactured object designed for human use and does not fall under any category of more-than-human living entities, ecosystems, natural elements, or processes. It is not a natural artefact, nor does it depict or represent a natural entity. Therefore, it does not fulfill the inclusion criteria for nature under the provided taxonomy. Not applicable since the schooner is not classified as nature.",False
/home/pmonserrat/datasets/imagenet/extracted_data/n04149813/ILSVRC2012_val_00000167.JPEG,scoreboard,False,,,no,none,none,"The target entity is a scoreboard displaying sports scores and player statistics. The visual evidence shows a manufactured electronic display board in a public setting. This is an administrative and informational device used for tracking and displaying data related to human activities (sports). It does not reference, depict, or interact with any more-than-human living entities, non-living natural elements, or processes. It falls under the Exclusion Scope as it is not related to nature in any way, fulfilling none of the inclusion criteria for nature. Not applicable since the entity does not meet the criteria for nature.",False
/home/pmonserrat/datasets/imagenet/extracted_data/n04152593/ILSVRC2012_val_00001269.JPEG,screen,False,,,no,none,none,"The target entity is the screen in the image, which displays a scene from a television show. The screen itself is a manufactured electronic device and does not inherently possess any natural characteristics or elements. It is a medium for displaying content, but it is not a natural entity itself. The content shown on the screen (e.g., the car, landscape, and sky) may contain natural elements, but the screen as a physical object does not qualify as nature under the provided definitions. The screen is a technological artefact and does not fall under any inclusion criteria for nature. Not applicable since the screen itself is not classified as nature.",False
/home/pmonserrat/datasets/imagenet/extracted_data/n04153751/ILSVRC2012_val_00001639.JPEG,screw,False,,,no,none,none,"The target entity is a screw. The visual evidence shows a manufactured mechanical fastener made of metal. Screws are homogenous artefacts, as they are functional objects where the original natural texture or material is completely altered and unidentifiable. They do not depict or reference any natural entity or process, nor are they derived from natural materials in a visually identifiable way. Therefore, they fall under the exclusion criteria for nature. Not applicable since the entity is not classified as nature.",False
/home/pmonserrat/datasets/imagenet/extracted_data/n04154565/ILSVRC2012_val_00000310.JPEG,screwdriver,False,,,no,none,none,"The target entity is a screwdriver. The visual evidence shows a manufactured tool made of metal, which is a homogenous artefact without any identifiable natural material or texture. The screwdriver does not depict a natural entity, nor does it have any explicit reference to nature in its form or function. It falls under the exclusion criteria for nature as it is a functional, non-natural object without any natural material or symbolic reference to nature. Not applicable since the entity is not classified as nature.",False
/home/pmonserrat/datasets/imagenet/extracted_data/n04162706/ILSVRC2012_val_00001792.JPEG,seat belt,False,,,no,none,none,"The target entity is a seat belt. The visual evidence shows a manufactured safety device made of synthetic materials (plastic, metal) and designed for use in vehicles. Seat belts are functional, homogenous artefacts that do not depict natural elements or retain any identifiable natural texture or material. They are not derived from or representative of any natural entity, ecosystem, or process. Therefore, they fall under the exclusion criteria for nature. Not applicable since the entity is not classified as nature.",False
/home/pmonserrat/datasets/imagenet/extracted_data/n04179913/ILSVRC2012_val_00000377.JPEG,sewing machine,False,,,no,none,none,"The target entity is a sewing machine. The visual evidence shows a manufactured mechanical device used for sewing. Sewing machines are homogenous artefacts made of metal and other materials that do not retain any identifiable natural texture or grain. They do not depict or reference any natural entity, nor are they crafted from natural materials in a way that retains their original natural characteristics. Therefore, it falls under the exclusion criteria for nature as it does not meet the inclusion scope for Nature-Based Artefacts or any other natural category. Not applicable since the entity is not classified as nature.",False
/home/pmonserrat/datasets/imagenet/extracted_data/n04192698/ILSVRC2012_val_00000232.JPEG,shield,False,,,no,none,none,"The target entity is a shield used by the individuals in the image. The visual evidence shows a manufactured, protective barrier made of metal, likely plastic or rubber, designed for crowd control. This object is a homogenous artefact, as it does not depict a natural entity and its material composition does not retain any identifiable natural texture or grain. It is a functional tool used by law enforcement and does not reference or represent any natural elements or processes. Therefore, it falls under the exclusion criteria for nature. Not applicable since the entity is not classified as nature.",False
/home/pmonserrat/datasets/imagenet/extracted_data/n04200800/ILSVRC2012_val_00000083.JPEG,shoe shop,False,,,no,none,none,"The target entity is a shoe shop. The visual evidence shows a retail space displaying various shoes, handbags, and accessories. Shoe shops are commercial establishments that sell manufactured goods, primarily footwear and related items. These items are homogenous artefacts made from materials like leather, synthetic fabrics, and rubber, which do not retain any identifiable natural texture or grain. Additionally, the shop itself is not a natural entity but a constructed environment for commerce. Therefore, it does not fulfill the criteria for nature under the provided definitions. Not applicable since the entity is not classified as nature.",False
/home/pmonserrat/datasets/imagenet/extracted_data/n04201297/ILSVRC2012_val_00000159.JPEG,shoji,False,,,,,,,True
/home/pmonserrat/datasets/imagenet/extracted_data/n04204238/ILSVRC2012_val_00000629.JPEG,shopping basket,False,,,no,none,none,"The target entity is a shopping basket, specifically a shopping cart. The visual evidence shows a manufactured, functional object made of metal and plastic. This object is designed for carrying goods and does not depict, represent, or derive from any natural entity or process. It is a homogenous artefact with no visible natural texture or reference to natural elements. Therefore, it does not fulfill the inclusion criteria for nature under the provided taxonomy. Not applicable since the entity does not meet the criteria for nature classification.",False
/home/pmonserrat/datasets/imagenet/extracted_data/n04204347/ILSVRC2012_val_00001316.JPEG,shopping cart,False,,,no,none,none,"The target entity is a shopping cart. The visual evidence shows a manufactured, functional object made of metal and plastic, designed for transporting goods. Shopping carts are homogenous artefacts, as they are manufactured structural objects where the original natural texture is unidentifiable and altered. They do not depict natural entities or have any identifiable natural material properties. Therefore, they fall strictly under the Homogenous Artefacts exclusion and do not fulfill the criteria for nature. Not applicable since the entity is not classified as nature.",False
/home/pmonserrat/datasets/imagenet/extracted_data/n04208210/ILSVRC2012_val_00002065.JPEG,shovel,False,,,no,none,none,"The target entity is a shovel. The visual evidence shows a functional tool made of metal and wood, used for moving snow. While the shovel is a manufactured object, it is not a natural entity itself. It is a human-made tool designed for practical use in an environment that includes natural elements (snow). However, the shovel itself does not fall under the inclusion criteria for nature, as it is not a more-than-human living entity, ecosystem, natural element, or representation of nature. It is a homogenous artefact without identifiable natural texture or depiction of natural entities. Not applicable since the entity is not classified as nature.",False
/home/pmonserrat/datasets/imagenet/extracted_data/n04209133/ILSVRC2012_val_00002394.JPEG,shower cap,False,,,no,none,none,"The target entity is a shower cap. The visual evidence shows a fabric head covering typically used to protect hair during bathing. Shower caps are manufactured items made from synthetic or natural fabrics, but they do not inherently reference, depict, or derive from natural elements or processes. They are functional objects without any explicit connection to flora, fauna, ecosystems, or natural phenomena. Therefore, they fall under the exclusion scope of the taxonomy, as they do not fulfill the criteria for nature-based artefacts or representations. Not applicable since the entity does not meet the criteria for nature.",False
/home/pmonserrat/datasets/imagenet/extracted_data/n04209239/ILSVRC2012_val_00000527.JPEG,shower curtain,False,,,,,,,True
/home/pmonserrat/datasets/imagenet/extracted_data/n04228054/ILSVRC2012_val_00000568.JPEG,ski,False,,,no,none,none,"The target entity is a ski. The visual evidence shows skis being used by individuals in a snowy environment. Skis are manufactured objects designed for use on snow, but they are not natural elements themselves. They are not derived from or depicting natural entities, nor do they possess any inherent natural characteristics or origins that would classify them under the inclusion criteria for nature. They are functional artefacts made from materials like wood, metal, or synthetic polymers, which are processed and do not retain any visually identifiable natural texture or structure. Therefore, they fall under the exclusion scope of homogenous artefacts that do not depict or originate from natural elements. Not applicable since the entity is not classified as nature.",False
/home/pmonserrat/datasets/imagenet/extracted_data/n04229816/ILSVRC2012_val_00000550.JPEG,ski mask,False,,,no,none,none,"The target entity is a ski mask. The visual evidence shows a black fabric mask covering the face, which is a manufactured item designed for anonymity or protection. Ski masks are not derived from or representative of natural elements, biological processes, ecosystems, or natural phenomena. They are purely functional human-made objects without any identifiable natural material or depiction of nature. Therefore, it does not fulfill the inclusion criteria for nature under the provided definitions. Not applicable since the entity is not classified as nature.",False
/home/pmonserrat/datasets/imagenet/extracted_data/n04235860/ILSVRC2012_val_00001395.JPEG,sleeping bag,False,,,no,none,none,"The target entity is a sleeping bag. The visual evidence shows a manufactured, inflatable bag designed for warmth and comfort, typically used for sleeping outdoors. The sleeping bag itself is a homogenous artefact made of synthetic materials (e.g., nylon or polyester) and does not depict or retain any identifiable natural texture, material, or form. It does not fall under any category of natural elements, ecosystems, or representations of nature. Therefore, it does not fulfill the inclusion criteria for nature under the provided taxonomy. Not applicable since the entity is not classified as nature.",False
/home/pmonserrat/datasets/imagenet/extracted_data/n04238763/ILSVRC2012_val_00000266.JPEG,slide rule,False,,,no,none,none,"The target entity is a slide rule. The visual evidence shows a mechanical calculating device made of metal and plastic, which is a manufactured tool designed for mathematical computations. Slide rules are not derived from natural materials or processes, nor do they depict or represent natural entities. They fall under the category of human-made instruments and do not fulfill any inclusion criteria for nature, such as being a natural element, organism, ecosystem, or representation thereof. Therefore, it does not count as nature under the provided taxonomy. Not applicable since the entity is not classified as nature.",False
/home/pmonserrat/datasets/imagenet/extracted_data/n04239074/ILSVRC2012_val_00002286.JPEG,sliding door,False,,,no,none,none,"The target entity is a sliding door in the image. The visual evidence shows a manufactured structural object made of glass and fabric curtains. The sliding door itself is a functional, human-made component of the interior design and does not depict or derive from a natural entity. It does not have any visible natural texture, grain, or reference to natural elements. Additionally, it is not a representation of nature, nor does it involve natural materials in a way that fulfills the inclusion criteria for Nature-Based Artefacts. Therefore, it falls under the exclusion scope of homogenous artefacts that do not reference or depict natural elements. Not applicable since the entity is not classified as nature.",False
/home/pmonserrat/datasets/imagenet/extracted_data/n04243546/ILSVRC2012_val_00000857.JPEG,slot,False,,,no,none,none,"The target entity is a slot machine. The visual evidence shows a manufactured gaming device with no direct reference to natural elements, biological processes, or natural depictions. Slot machines are homogenous artefacts designed for entertainment and financial transactions, lacking any identifiable natural material or representation of nature. They do not fulfill the inclusion criteria for nature, as they are not derived from or representing natural entities, ecosystems, or processes. Not applicable since the entity does not meet the criteria for nature.",False
/home/pmonserrat/datasets/imagenet/extracted_data/n04251144/ILSVRC2012_val_00000508.JPEG,snorkel,False,,,no,none,none,"The target entity is a snorkel. The visual evidence shows a piece of equipment used for underwater breathing, which is a manufactured, functional object made of plastic. Snorkels are not derived from natural materials, nor do they depict or represent natural entities. They are purely human-made tools and do not fulfill the inclusion criteria for nature, such as being a natural element, organism, ecosystem, or representation thereof. Therefore, it falls under the exclusion scope of homogenous artefacts that do not reference natural characteristics or depict natural entities. Not applicable since the entity is not classified as nature.",False
/home/pmonserrat/datasets/imagenet/extracted_data/n04252077/ILSVRC2012_val_00000131.JPEG,snowmobile,False,,,no,none,none,"The target entity is a snowmobile. The visual evidence shows a manufactured vehicle designed for travel over snow. Snowmobiles are human-made machines and do not inherently belong to the natural world. They are not derived from natural materials in a way that retains identifiable natural texture or structure, nor do they depict or represent natural entities. They fall under the exclusion scope of Homogenous Artefacts, as they are functional objects without explicit natural references or depictions. Not applicable since the entity is not classified as nature.",False
/home/pmonserrat/datasets/imagenet/extracted_data/n04252225/ILSVRC2012_val_00000767.JPEG,snowplow,False,,,no,none,none,"The target entity is a snowplow. The visual evidence shows a manufactured vehicle designed for clearing snow. Snowplows are mechanical devices used for removing snow from roads and are not natural entities. They are human-made artefacts and do not fall under any category of more-than-human living entities, ecosystems, natural elements, or processes. They also do not depict or represent natural elements. Therefore, they fall under the Exclusion Scope of the taxonomy. Not applicable since the entity is not classified as nature.",False
/home/pmonserrat/datasets/imagenet/extracted_data/n04254120/ILSVRC2012_val_00003585.JPEG,soap dispenser,False,,,no,none,none,"The target entity is a soap dispenser. The visual evidence shows a manufactured device designed for dispensing liquid soap. This is a functional, homogenous artefact made of plastic and metal, with no visible natural texture or grain. It does not depict a natural entity, nor does it consist of or derive from natural materials in a way that retains identifiable natural characteristics. Therefore, it falls under the exclusion criteria for nature-based artefacts and does not fulfill the inclusion criteria for nature. Not applicable since the entity is not classified as nature.",False
/home/pmonserrat/datasets/imagenet/extracted_data/n04254680/ILSVRC2012_val_00002349.JPEG,soccer ball,False,,,no,none,none,"The target entity is a soccer ball. The visual evidence shows a manufactured, spherical object used in the sport of soccer. The soccer ball is a manufactured functional object made of synthetic materials (typically leather or synthetic leather and rubber). It does not originate from or depict a natural entity, nor does it have any identifiable natural texture or material. It is a homogenous artefact and does not fulfill the criteria for Nature-Based Artefacts or any other inclusion criteria for nature as defined in the taxonomy. Not applicable since the entity is not classified as nature.",False
/home/pmonserrat/datasets/imagenet/extracted_data/n04254777/ILSVRC2012_val_00000936.JPEG,sock,False,,,no,none,none,"The target entity is a sock. The visual evidence shows a knitted garment made of synthetic or man-made fibers, designed for covering the feet. Socks are manufactured functional items that do not originate from or depict natural elements, nor do they possess any identifiable natural material or texture. They fall under the exclusion scope as homogenous artefacts that do not meet the criteria for nature, whether biotic or abiotic, and do not represent natural entities. Not applicable since the entity is not classified as nature.",False
/home/pmonserrat/datasets/imagenet/extracted_data/n04258138/ILSVRC2012_val_00000897.JPEG,solar dish,False,,,no,none,none,"The target entity is a solar dish, which is a device designed to collect and focus solar energy. The visual evidence shows a manufactured, engineered structure that is not a natural entity or process. Solar dishes are human-made technological artefacts intended for energy conversion and do not originate from or depict any natural elements, biological processes, or ecosystems. They fall under the exclusion scope as homogenous artefacts where the original natural texture is unidentifiable and the object does not depict or represent a natural entity. Not applicable since the entity is not classified as nature.",False
/home/pmonserrat/datasets/imagenet/extracted_data/n04259630/ILSVRC2012_val_00002335.JPEG,sombrero,False,,,yes,biotic,material,"The target entity is a sombrero, specifically the woven hats in the image. These hats are crafted from natural materials such as straw or palm leaves, which are derived from plants. While they are manufactured artefacts, the visible natural texture and material origin (plant-based) fulfill the criteria for Nature-Based Artefacts under the inclusion scope. The hats are not homogenous artefacts because their natural material of origin remains visually identifiable by their woven texture and plant-based composition. Since nature is 'yes', I evaluate the sub-axes. The sombreros are made from plant materials, placing them under Flora & Plant Derivatives within the biotic category. Although they are crafted artefacts, their primary material is derived from natural sources and retains identifiable natural characteristics. As physical objects with mass and space occupation, they are classified as material under the Tangibility axis.",False
/home/pmonserrat/datasets/imagenet/extracted_data/n04263257/ILSVRC2012_val_00000004.JPEG,soup bowl,False,,,no,none,none,"The target entity is a soup bowl. The visual evidence shows a ceramic bowl containing a liquid substance, likely soup. The bowl itself is a manufactured object, and while it is decorated with floral patterns, these are artistic designs rather than representations of real-world natural elements. The inclusion criteria for nature-based artefacts require that the natural material of origin remains visually identifiable by its structure, grain, or texture, which is not the case here. Additionally, the bowl is a container and not a depiction or derivative of a natural entity. The soup inside is a processed food item, which falls under the Ingestion Criterion for nature, but the bowl itself does not qualify as a nature-based artefact. Therefore, the bowl itself does not meet the criteria for nature under the provided taxonomy. Not applicable since the entity (soup bowl) is not classified as nature.",False
/home/pmonserrat/datasets/imagenet/extracted_data/n04264628/ILSVRC2012_val_00001672.JPEG,space bar,False,,,no,none,none,"The target entity is the space bar on a typewriter. The space bar is a functional component of a manufactured object (the typewriter) and is made of plastic or rubber. It does not originate from or depict any natural entity, nor does it have any inherent natural characteristics or reference to nature. The typewriter itself is a homogenous artefact, and the space bar, as a part of it, does not meet the criteria for nature under the provided definitions. It is not a natural element, biological process, ecosystem, or representation of nature. Not applicable since the entity does not meet the criteria for nature.",False
/home/pmonserrat/datasets/imagenet/extracted_data/n04265275/ILSVRC2012_val_00004382.JPEG,space heater,False,,,no,none,none,"The target entity is a space heater. The visual evidence shows a manufactured, functional appliance made of plastic and metal. This object is a homogenous artefact, as its materials do not retain any identifiable natural texture or grain, and it does not depict or represent any natural entity. It is purely a human-made device designed for heating spaces, thus falling under the exclusion criteria for nature. Not applicable since the entity is not classified as nature.",False
/home/pmonserrat/datasets/imagenet/extracted_data/n04266014/ILSVRC2012_val_00000559.JPEG,space shuttle,False,,,no,none,none,"The target entity is a space shuttle. The visual evidence shows a man-made, mechanical spacecraft designed for space travel. Space shuttles are entirely human-engineered, non-natural entities. They do not fall under any category of more-than-human living entities, ecosystems, natural elements, or processes, nor are they representations of nature. They are explicitly excluded from the nature taxonomy as they are not derived from or related to natural materials or processes in any meaningful way under the given definitions. Not applicable since the entity is not classified as nature.",False
/home/pmonserrat/datasets/imagenet/extracted_data/n04270147/ILSVRC2012_val_00001587.JPEG,spatula,False,,,no,none,none,"The target entity is a spatula. The visual evidence shows a manufactured kitchen utensil made of metal and plastic. The spatula itself is a functional object designed for human use and does not originate from or depict a natural entity. It does not have any identifiable natural material or texture, nor does it represent a natural element. Therefore, it falls under the exclusion criteria for nature, specifically Homogenous Artefacts, as it does not meet the criteria for Nature-Based Artefacts or Representations of Nature. Not applicable since the entity is not classified as nature.",False
/home/pmonserrat/datasets/imagenet/extracted_data/n04273569/ILSVRC2012_val_00000901.JPEG,speedboat,False,,,no,none,none,"The target entity is a speedboat. The visual evidence shows a manufactured, human-operated watercraft designed for speed and transportation on water. Speedboats are functional, structural objects made of materials like fiberglass, metal, and plastic, which are not derived from or visually identifiable as natural materials. The speedboat does not depict a natural entity, nor does it consist of natural elements in their original form. It falls under the exclusion criteria for Homogenous Artefacts, as it is a manufactured object without identifiable natural texture or reference to natural entities. Not applicable since the entity is not classified as nature.",False
/home/pmonserrat/datasets/imagenet/extracted_data/n04275548/ILSVRC2012_val_00002128.JPEG,spider web,True,False,True,yes,biotic,material,"The target entity is a spider web. The visual evidence shows a real-world physical structure created by a spider, consisting of silk threads and water droplets. Spider webs are biological products created by living organisms (spiders) and are part of the natural environment. They fall under the inclusion criteria for More-Than-Human Living Entities (Fauna & Animal Derivatives) as a byproduct of biological processes, fulfilling the criteria for nature. Since nature is 'yes', I evaluate the sub-axes. A spider web is a biological product created by a living organism (spider), placing it under Fauna & Animal Derivatives within the biotic category. Because the spider web is a real-world physical entity with mass and occupies space, it is classified as material under the Tangibility axis.",False
/home/pmonserrat/datasets/imagenet/extracted_data/n04277352/ILSVRC2012_val_00000349.JPEG,spindle,False,,,yes,biotic,material,"The target entity is a spindle. The spindle in the image is a wooden tool traditionally used for spinning yarn. While it is a manufactured object, it is crafted from wood, a natural material that retains its visible grain and texture. This aligns with the inclusion criteria for Nature-Based Artefacts, as the natural material of origin remains visually identifiable by its structure and texture, fulfilling the criteria for nature under the taxonomy. Since nature is 'yes', I evaluate the sub-axes. The spindle is made from wood, which is derived from trees, placing it under Flora & Plant Derivatives within the biotic category. Although it is a crafted object, it retains its natural material characteristics and is a physical, tangible item, thus it is classified as material under the Tangibility axis.",False
/home/pmonserrat/datasets/imagenet/extracted_data/n04285008/ILSVRC2012_val_00001247.JPEG,sports car,False,,,no,none,none,"The target entity is a sports car. The visual evidence shows a manufactured vehicle made of metal and other synthetic materials. The sports car itself is a human-made artefact without any identifiable natural material or texture that remains visually distinct from its processed form. It does not depict or represent a natural entity, nor does it consist of natural elements that meet the inclusion criteria for nature. Therefore, it falls under the exclusion scope of Homogenous Artefacts. Not applicable since the entity is not classified as nature.",False
/home/pmonserrat/datasets/imagenet/extracted_data/n04286575/ILSVRC2012_val_00000345.JPEG,spotlight,False,,,no,none,none,"The target entity is a spotlight, specifically an old-fashioned theatrical or industrial spotlight. The visual evidence shows a mechanical device with intricate brass and metal components, designed for directing light. This is a manufactured functional object without any identifiable natural material or texture, nor does it depict or represent any natural entity. It does not fall under any inclusion criteria for nature, such as natural elements, organisms, ecosystems, or representations of nature. Instead, it is a homogenous artefact, lacking any natural material or symbolic reference to nature. Not applicable since the entity is not classified as nature.",False
/home/pmonserrat/datasets/imagenet/extracted_data/n04296562/ILSVRC2012_val_00001388.JPEG,stage,False,,,no,none,none,"The target entity is a stage in the image. The stage is a large, constructed platform primarily used for performances, equipped with lighting, sound systems, and structural elements. It is a manufactured, human-made structure designed for events and does not inherently reference or depict any natural elements, biological processes, or ecosystems. The stage itself is not a natural entity, nor does it depict or represent nature. It is a functional, human-created artefact without any identifiable natural material or natural depiction, thus falling under the Exclusion Scope of the taxonomy. Not applicable since the entity is not classified as nature.",False
/home/pmonserrat/datasets/imagenet/extracted_data/n04310018/ILSVRC2012_val_00000544.JPEG,steam locomotive,False,,,no,none,none,"The target entity is a steam locomotive. The visual evidence shows a manufactured, mechanical object designed for transportation, constructed primarily from metal and other industrial materials. Steam locomotives are not derived from natural materials or processes, nor do they depict or represent natural entities. They fall under the category of Homogenous Artefacts, which are explicitly excluded from the nature taxonomy due to the absence of identifiable natural texture or reference to natural elements. Not applicable since the entity is not classified as nature. The steam locomotive does not meet the inclusion criteria for nature as it is a manufactured, non-natural object without any identifiable natural material or depiction.",False
/home/pmonserrat/datasets/imagenet/extracted_data/n04311004/ILSVRC2012_val_00000271.JPEG,steel arch bridge,False,,,no,none,none,"The target entity is a steel arch bridge. The visual evidence shows a large, man-made structure composed of steel and concrete. Steel arch bridges are constructed by humans and are not natural entities. They do not fall under any inclusion criteria for nature, such as more-than-human living entities, ecosystems, natural elements, or representations of nature. Instead, they are homogenous artefacts designed for structural and functional purposes without any identifiable natural material or depiction of natural elements. Not applicable since the entity is not classified as nature.",False
/home/pmonserrat/datasets/imagenet/extracted_data/n04311174/ILSVRC2012_val_00000842.JPEG,steel drum,False,,,no,none,none,"The target entity is a steel drum. The visual evidence shows a manufactured musical instrument made from a metal barrel. Steel drums are crafted from metal sheets, which are derived from mined iron ore, a natural mineral resource. However, the steel drum itself is a processed, manufactured artefact where the original natural texture of the material is completely altered and unidentifiable. It does not depict a natural entity or retain any visible natural characteristics. Therefore, it does not fulfill the criteria for Nature-Based Artefacts and falls under the exclusion scope of homogenous artefacts that do not reference or depict natural elements. Not applicable since the entity is not classified as nature.",False
/home/pmonserrat/datasets/imagenet/extracted_data/n04317175/ILSVRC2012_val_00001183.JPEG,stethoscope,False,,,no,none,none,"The target entity is a stethoscope. The visual evidence shows a medical device made of metal and rubber tubing. A stethoscope is a manufactured tool designed for human use and does not originate from or depict any natural entity, biological process, or ecosystem. It is a homogenous artefact with no identifiable natural material or texture, and it does not represent or depict any natural element. Therefore, it falls under the Exclusion Scope of the taxonomy. Not applicable since the entity is not classified as nature.",False
/home/pmonserrat/datasets/imagenet/extracted_data/n04325704/ILSVRC2012_val_00001059.JPEG,stole,False,,,no,none,none,"The target entity is a stole, specifically a knitted shawl or scarf. The visual evidence shows a crafted textile item with an intricate lace-like pattern. This item is a manufactured object made from yarn, which is a processed material derived from natural fibers (such as wool or cotton). However, the natural material of origin (e.g., wool from sheep) is no longer visually identifiable by its original natural texture or structure. The stole does not depict or represent a natural entity explicitly, nor does it retain any visible natural texture or grain. Therefore, it does not fulfill the criteria for Nature-Based Artefacts or any other inclusion criteria for nature under the provided taxonomy. Not applicable since the entity does not meet the criteria for nature.",False
/home/pmonserrat/datasets/imagenet/extracted_data/n04326547/ILSVRC2012_val_00000171.JPEG,stone wall,True,False,True,yes,abiotic,material,"The target entity is a stone wall. The visual evidence shows a wall constructed from irregularly shaped stones. These stones are natural geological formations, and the wall itself is a natural artefact where the natural material of origin (stone) remains visually identifiable by its texture and structure. This fulfills the inclusion criteria for Nature-Based Artefacts under Non-Living Natural Elements & Processes. Since nature is 'yes', I evaluate the sub-axes. The stones are geological components, placing this entity under Geological & Topographical Components within the abiotic category. Because the wall is a real-world physical structure made of natural stones, it is classified as material under the Tangibility axis.",False
/home/pmonserrat/datasets/imagenet/extracted_data/n04328186/ILSVRC2012_val_00000290.JPEG,stopwatch,False,,,no,none,none,"The target entity is a stopwatch on a Casio watch. The visual evidence shows a manufactured, functional timekeeping device made of plastic and metal. This object is a homogenous artefact with no identifiable natural material or texture, nor does it depict a natural entity. It does not fall under any inclusion criteria for nature, such as natural elements, ecosystems, or representations of nature. Instead, it is a human-made tool designed for utility, not nature-related purposes. Not applicable since the entity is not classified as nature.",False
/home/pmonserrat/datasets/imagenet/extracted_data/n04330267/ILSVRC2012_val_00000205.JPEG,stove,False,,,no,none,none,"The target entity is a portable gas stove. The visual evidence shows a manufactured, functional object made of metal and plastic. This object is not derived from natural materials in a way that retains identifiable natural texture or grain, nor does it depict a natural entity. It is a homogenous artefact designed for human use and does not meet the criteria for Nature-Based Artefacts or any other inclusion criteria for nature. The stove is a human-made tool and does not fall under any category of more-than-human living entities, ecosystems, or natural elements/processes. Not applicable since the entity is not classified as nature.",False
/home/pmonserrat/datasets/imagenet/extracted_data/n04332243/ILSVRC2012_val_00001470.JPEG,strainer,False,,,no,none,none,"The target entity is a strainer. The visual evidence shows a kitchen utensil made of metal, designed for filtering liquids. Strainers are manufactured functional objects typically made from materials like metal or plastic. The original natural texture of the materials is completely unidentifiable and altered, and the object itself does not depict or represent a natural entity. It is a homogenous artefact without any visible natural material or depiction of nature, thus falling under the Exclusion Scope of the taxonomy. Not applicable since the entity is not classified as nature.",False
/home/pmonserrat/datasets/imagenet/extracted_data/n04335435/ILSVRC2012_val_00000714.JPEG,streetcar,False,,,no,none,none,"The target entity is a streetcar. The visual evidence shows a manufactured, functional urban transport vehicle made of metal and glass. Streetcars are human-made artefacts designed for transportation and do not originate from or depict natural elements. They fall under the exclusion criteria for nature as they are homogenous artefacts without identifiable natural material or depictions of natural entities. Not applicable since the entity is not classified as nature. The streetcar is a human-made object without any identifiable natural material or representation of natural elements.",False
/home/pmonserrat/datasets/imagenet/extracted_data/n04336792/ILSVRC2012_val_00000535.JPEG,stretcher,False,,,no,none,none,"The target entity is a stretcher. The visual evidence shows a medical device used for transporting individuals, typically made of lightweight materials such as metal and fabric. This is a manufactured functional object without any identifiable natural material or texture, nor does it depict a natural entity. It falls under Homogenous Artefacts, which are explicitly excluded from the nature taxonomy. Not applicable since the stretcher is not classified as nature; it is a manufactured object without any natural characteristics or depictions.",False
/home/pmonserrat/datasets/imagenet/extracted_data/n04344873/ILSVRC2012_val_00001811.JPEG,studio couch,False,,,no,none,none,"The target entity is a studio couch. The visual evidence shows a manufactured, functional piece of furniture made of fabric and metal frame. The couch itself is not derived from natural materials in a way that retains visible natural texture or grain, nor does it depict a natural entity. It is a homogenous artefact, lacking any identifiable natural material or representation of nature, and thus does not fulfill the inclusion criteria for Nature-Based Artefacts or Representations of Nature. Not applicable since the entity is not classified as nature. The couch is a manufactured, homogenous artefact without any identifiable natural characteristics or depictions.",False
/home/pmonserrat/datasets/imagenet/extracted_data/n04346328/ILSVRC2012_val_00000522.JPEG,stupa,False,,,no,none,none,"The target entity is a stupa, which is a dome-shaped building in Buddhist tradition, often used as a place of meditation or to house relics. The visual evidence shows a man-made structure with ornate architectural features, such as tiered roofs and golden decorations. Stupas are not natural entities but are human-made structures. They do not fall under any category of more-than-human living organisms, ecosystems, natural elements, or processes. Therefore, it does not fulfill the inclusion criteria for nature under the provided definitions. Not applicable since the entity is not classified as nature.",False
/home/pmonserrat/datasets/imagenet/extracted_data/n04347754/ILSVRC2012_val_00000595.JPEG,submarine,False,,,no,none,none,"The target entity is a submarine. The visual evidence shows a man-made, mechanical underwater vessel. Submarines are artificial, human-engineered structures designed for underwater navigation and do not fall under any category of more-than-human living entities, ecosystems, natural elements, or processes. They are not derived from natural materials in a way that retains identifiable natural texture or structure, nor do they depict or represent natural entities. Therefore, it does not fulfill the inclusion criteria for nature under the provided taxonomy. Not applicable since the entity is not classified as nature.",False
/home/pmonserrat/datasets/imagenet/extracted_data/n04350905/ILSVRC2012_val_00000380.JPEG,suit,False,,,no,none,none,"The target entity is a 'suit' in the context of the image, specifically a man wearing a formal suit. The suit itself is a manufactured garment made of fabric, which is a processed material derived from natural sources like cotton or wool. However, the inclusion criteria for nature-based artefacts require that the natural material of origin remains visually identifiable by its structure, grain, or texture, or that the object explicitly depicts a natural entity. The suit in this image is a functional, everyday garment without any visible natural texture or depiction of natural elements. It does not fall under the Nature-Based Artefacts category, nor does it depict or reference any natural entity. Additionally, the term 'suit' here is used in a human-centric context and does not refer to any natural characteristic or element. Therefore, it does not meet the inclusion criteria for nature. Not applicable since the entity does not qualify as nature under the provided taxonomy.",False
/home/pmonserrat/datasets/imagenet/extracted_data/n04355338/ILSVRC2012_val_00002015.JPEG,sundial,False,,,no,none,none,"The target entity is a sundial. The visual evidence shows a physical object with gnomon sticks and numbered markings embedded in a surface, which is a device designed to indicate time by the position of the sun. While the sundial itself is a human-made object, it relies on the natural phenomenon of sunlight and shadows to function. The sundial's purpose is to measure time based on the sun’s position, which is an astrophysical component. However, the sundial itself is not a natural entity but rather a tool that interacts with natural elements. Since the sundial is not a natural entity but rather a human-made device that references natural phenomena, it does not fulfill the inclusion criteria for nature under the provided definitions. It is not a natural element, ecosystem, or representation of nature but rather a functional object that utilizes natural processes. Not applicable since the sundial is not classified as nature.",False
/home/pmonserrat/datasets/imagenet/extracted_data/n04355933/ILSVRC2012_val_00000413.JPEG,sunglass,False,,,no,none,none,"The target entity is sunglasses. Sunglasses are manufactured eyewear designed to protect and enhance vision in bright conditions. They are made from synthetic materials such as plastic and metal, which are not derived from natural materials in a way that retains identifiable natural texture or grain. Sunglasses do not depict or represent natural entities, nor are they crafted from natural materials that retain their original form or texture. They fall under the exclusion scope as homogenous artefacts that do not meet the criteria for nature-based artefacts or representations of nature. Not applicable since the entity is not classified as nature.",False
/home/pmonserrat/datasets/imagenet/extracted_data/n04356056/ILSVRC2012_val_00000815.JPEG,sunglasses,False,,,no,none,none,"The target entity is sunglasses. The visual evidence shows a manufactured object designed for human use, made of plastic and metal frames. Sunglasses are functional artefacts that do not depict or derive from natural elements, nor do they possess any identifiable natural texture or material. They are not crafted or shaped to represent natural entities, nor are they made from visibly identifiable natural materials. Therefore, they fall under the exclusion criteria for nature-based artefacts and do not fulfill the inclusion criteria for nature. Not applicable since the entity is not classified as nature.",False
/home/pmonserrat/datasets/imagenet/extracted_data/n04357314/ILSVRC2012_val_00001102.JPEG,sunscreen,False,,,no,none,none,"The target entity is sunscreen, specifically the product labeled 'NORMADERM' from Vichy. The visual evidence shows the packaging of a skincare product. Sunscreen is a chemical or physical product designed to protect the skin from ultraviolet radiation. It is a manufactured item, not a natural entity in itself, nor does it depict or represent a natural entity. Sunscreen packaging does not fall under any of the inclusion criteria for nature, such as more-than-human living entities, ecosystems, natural elements, or representations of nature. It is an administrative and functional product meant for human use and does not meet the criteria for nature-based artefacts or natural processes. Not applicable since the entity is not classified as nature.",False
/home/pmonserrat/datasets/imagenet/extracted_data/n04366367/ILSVRC2012_val_00000778.JPEG,suspension bridge,False,,,no,none,none,"The target entity is a suspension bridge. The visual evidence shows a man-made structure designed for pedestrian or vehicular crossing, supported by cables and towers. The suspension bridge itself is a human-made artefact and does not inherently involve natural elements or processes. It is not a natural entity, ecosystem, or representation of nature. It does not fall under any inclusion criteria for nature, such as more-than-human living entities, natural environments, or representations of natural elements. Instead, it is a human construction and thus falls under the Exclusion Scope of the taxonomy. Not applicable since the entity is not classified as nature.",False
/home/pmonserrat/datasets/imagenet/extracted_data/n04367480/ILSVRC2012_val_00000701.JPEG,swab,False,,,no,none,none,"The target entity in the image is a swab (specifically, a mop head) filled with what appears to be a cleaning solution. The swab itself is a manufactured object made of synthetic materials (likely plastic and foam) and does not inherently reference or depict any natural entity, biological process, or natural element. It is a functional household item designed for cleaning and does not meet the criteria for nature under the provided taxonomy. The inclusion criteria for nature-based artefacts require that the natural material of origin remains visually identifiable by its structure, grain, or texture, which is not the case here. Additionally, the swab does not fall under any of the other categories such as flora, fauna, ecosystems, or natural processes. Not applicable since the entity does not meet the criteria for nature.",False
/home/pmonserrat/datasets/imagenet/extracted_data/n04370456/ILSVRC2012_val_00000070.JPEG,sweatshirt,False,,,no,none,none,"The target entity is a sweatshirt worn by the doll in the image. The sweatshirt itself is a manufactured garment made of synthetic or fabric material, not derived from or representing a natural entity. It does not depict, resemble, or originate from any natural element, flora, fauna, ecosystem, or natural process. The inclusion criteria for Nature-Based Artefacts require that the natural material of origin remains visually identifiable by its structure, grain, or texture, which is not the case here. Additionally, the sweatshirt does not fall under any other category of nature such as food, drink, or representations of nature. Therefore, it does not fulfill the inclusion criteria for nature. Not applicable since the entity is not classified as nature.",False
/home/pmonserrat/datasets/imagenet/extracted_data/n04371430/ILSVRC2012_val_00000065.JPEG,swimming trunks,False,,,no,none,none,"The target entity is swimming trunks. The visual evidence shows a piece of clothing worn by a person. Swimming trunks are a manufactured garment made from synthetic or fabric materials, which are not derived from or representative of natural elements in their functional form. They do not depict, derive from, or interact with any natural entity or process. Therefore, they fall under the exclusion scope of the taxonomy, as they are not nature-based artefacts, representations, or elements. Not applicable since the entity is not classified as nature. Swimming trunks are a human-made item designed for human use and do not meet the criteria for nature under the provided definitions.",False
/home/pmonserrat/datasets/imagenet/extracted_data/n04371774/ILSVRC2012_val_00001086.JPEG,swing,False,,,no,none,none,"The target entity is a swing in the image. The swing itself is a manufactured, human-made object designed for recreational use. It is constructed from metal and synthetic materials, and its primary function is not related to natural elements or processes. The swing does not depict, represent, or derive from any natural entity or process, nor does it have any inherent natural material or texture. It is a homogenous artefact that does not meet the criteria for Nature-Based Artefacts or any other inclusion criteria for nature under the provided taxonomy. Not applicable since the entity is not classified as nature.",False
/home/pmonserrat/datasets/imagenet/extracted_data/n04372370/ILSVRC2012_val_00000053.JPEG,switch,False,,,no,none,none,"The target entity is a wall switch. The visual evidence shows a manufactured functional object made of plastic and metal, designed for controlling electrical circuits. This object is a homogenous artefact with no visible natural texture or grain, and it does not depict or reference any natural entity. It falls under the exclusion criteria for nature as it does not meet the inclusion scope for nature-based artefacts or representations. Not applicable since the entity is not classified as nature.",False
/home/pmonserrat/datasets/imagenet/extracted_data/n04376876/ILSVRC2012_val_00002160.JPEG,syringe,False,,,no,none,none,The target entity is a syringe. The visual evidence shows a manufactured medical device made of plastic and metal. Syringes are human-made objects designed for medical use and do not originate from or depict any natural entity or process. They fall under the exclusion criteria for nature as they are homogenous artefacts without identifiable natural material or depiction of natural elements. Not applicable since the entity is not classified as nature. Syringes are manufactured objects without any natural origin or representation.,False
/home/pmonserrat/datasets/imagenet/extracted_data/n04380533/ILSVRC2012_val_00000026.JPEG,table lamp,False,,,,,,,True
/home/pmonserrat/datasets/imagenet/extracted_data/n04389033/ILSVRC2012_val_00002120.JPEG,tank,False,,,no,none,none,"The target entity is a tank. The visual evidence shows a military vehicle, which is a manufactured, human-made machine. Tanks are not derived from natural materials or processes, nor do they depict or represent natural entities. They fall under the category of Homogenous Artefacts, which are explicitly excluded from the nature taxonomy based on the provided definitions. Not applicable since the entity is not classified as nature. The tank is a human-made object without any identifiable natural material or depiction of natural elements.",False
/home/pmonserrat/datasets/imagenet/extracted_data/n04392985/ILSVRC2012_val_00000627.JPEG,tape player,False,,,no,none,none,"The target entity is a tape player. The visual evidence shows a manufactured electronic device designed for playing audio cassettes. This is a homogenous artefact made of plastic and metal, with no visible natural material or texture that remains identifiable. It does not depict or reference any natural entity, nor is it derived from natural materials in a way that retains their identifiable characteristics. Therefore, it falls under the exclusion criteria for nature. Not applicable since the entity is not classified as nature.",False
/home/pmonserrat/datasets/imagenet/extracted_data/n04398044/ILSVRC2012_val_00000464.JPEG,teapot,False,,,,,,,True
/home/pmonserrat/datasets/imagenet/extracted_data/n04399382/ILSVRC2012_val_00000602.JPEG,teddy,True,True,False,yes,biotic,immaterial,"The target entity is a teddy bear. The visual evidence shows a plush toy designed to resemble a bear, which is a non-human animal. Although the object is a manufactured representation, it explicitly depicts a fauna entity (bear) and falls under the category of Representations of Nature, specifically fictional representations of non-human living organisms. This fulfills the inclusion criteria for nature as it is a crafted object shaped to depict a natural entity. Since nature is 'yes', I evaluate the sub-axes. The subject of the teddy bear is a non-human vertebrate (fauna), placing it under the biotic category. The teddy bear is a fabricated, three-dimensional object with a symbolic or representational purpose, rather than a real-world physical organism, thus it is classified as immaterial under the Tangibility axis.",False
/home/pmonserrat/datasets/imagenet/extracted_data/n04404412/ILSVRC2012_val_00001532.JPEG,television,False,,,no,none,none,"The target entity is a television. The visual evidence shows a manufactured electronic device displaying a baseball game. Televisions are homogenous artefacts designed for functional use and do not inherently depict or reference natural elements. They are not crafted or manufactured to visually identify natural textures, materials, or depictions of natural entities. Therefore, this entity does not fulfill the inclusion criteria for nature under the provided definitions. Not applicable since the entity itself (the television) is not classified as nature. The content displayed on the television (a baseball game) could be classified separately if it depicted natural elements, but the television device itself does not.",False
/home/pmonserrat/datasets/imagenet/extracted_data/n04409515/ILSVRC2012_val_00000123.JPEG,tennis ball,False,,,no,none,none,"The target entity is a tennis ball. The visual evidence shows a manufactured, spherical object made of synthetic materials (likely rubber) with no visible natural texture, grain, or identifiable natural material. Tennis balls are homogenous artefacts designed for functional use and do not depict or derive from natural entities. They do not meet the criteria for Nature-Based Artefacts, as the original natural material is unidentifiable and the object does not represent or depict a natural entity. Therefore, it falls under the Exclusion Scope of the taxonomy. Not applicable since the entity is not classified as nature.",False
/home/pmonserrat/datasets/imagenet/extracted_data/n04417672/ILSVRC2012_val_00003312.JPEG,thatch,True,False,True,yes,biotic,material,"The target entity is thatch, specifically the roofing material made from dried vegetation (such as straw, reeds, or palm leaves) visible in the image. Thatch is a natural material derived from plants, fulfilling the inclusion criteria for Nature-Based Artefacts under Flora & Plant Derivatives. The visual evidence shows that the thatch is crafted from natural plant materials, retaining its identifiable natural texture and origin, thus qualifying as a nature-based artefact. Since nature is 'yes', I evaluate the sub-axes. Thatch is derived from plants, placing it under Flora & Plant Derivatives within the biotic category. Because thatch is a real-world physical object made from natural materials and occupies space, it is classified as material under the Tangibility axis.",False
/home/pmonserrat/datasets/imagenet/extracted_data/n04418357/ILSVRC2012_val_00002206.JPEG,theater curtain,False,,,no,none,none,"The target entity is a theater curtain. The visual evidence shows a fabric or material covering the stage, designed to depict a scene or setting, but it is not a natural entity itself. Theater curtains are manufactured objects, typically made from synthetic or blended materials, and do not originate from or depict natural elements in a literal sense. They are functional and decorative elements in a constructed environment, not a natural or nature-based entity. Therefore, it does not fulfill the inclusion criteria for nature under the provided definitions. Not applicable since the entity is not classified as nature.",False
/home/pmonserrat/datasets/imagenet/extracted_data/n04423845/ILSVRC2012_val_00001263.JPEG,thimble,False,,,no,none,none,"The target entity is a thimble in the image. The visual evidence shows a small, functional object typically used for protecting fingers while sewing. Thimbles are manufactured artefacts made from materials like metal or plastic, which are not derived from or representative of natural elements. They do not depict or reference any natural entity, nor do they possess any identifiable natural texture or material. Therefore, it does not fulfill the inclusion criteria for Nature-Based Artefacts or any other category under the provided definitions of nature. Not applicable since the entity is not classified as nature.",False
/home/pmonserrat/datasets/imagenet/extracted_data/n04428191/ILSVRC2012_val_00000416.JPEG,thresher,False,,,no,none,none,"The target entity is a thresher, specifically a piece of agricultural machinery used for separating grains from stalks. The visual evidence shows a mechanical device involved in processing plant materials. Threshers are human-made tools designed to facilitate agricultural processes and are not natural entities themselves. They do not fall under any category of more-than-human living organisms, ecosystems, natural elements, or processes. Instead, they are manufactured artefacts used in the processing of natural materials. Therefore, they do not meet the inclusion criteria for nature under the provided definitions. Not applicable since the entity is not classified as nature.",False
/home/pmonserrat/datasets/imagenet/extracted_data/n04429376/ILSVRC2012_val_00001160.JPEG,throne,False,,,no,none,none,"The target entity is a throne in the image. The throne is a crafted, ornate object designed for ceremonial or symbolic use, primarily made of materials like wood, metal, and possibly other decorative elements. While it is a functional and decorative object, it does not depict a natural entity or have a visually identifiable natural texture or grain. The throne itself is not a natural element, nor does it represent a natural entity in a way that fulfills the inclusion criteria for Nature-Based Artefacts or Representations of Nature. It is a manufactured, human-made object without direct reference to natural elements or processes. Not applicable since the entity is not classified as nature.",False
/home/pmonserrat/datasets/imagenet/extracted_data/n04435653/ILSVRC2012_val_00000030.JPEG,tile roof,False,,,no,none,none,"The target entity is a tile roof on a model structure. The tiles are made of a reddish-brown material that visually resembles traditional clay tiles used in architecture. Although the tiles themselves are manufactured, they are designed to mimic natural clay tiles, which are derived from natural earth materials. However, the tiles in this context are part of a model or miniature structure, which is a crafted or manufactured object. The tiles do not represent a natural entity in their own right but are a stylized imitation of a natural material derivative. Since the tiles are not a natural element or process themselves but rather a crafted representation of a natural material, they do not fulfill the inclusion criteria for nature as defined by the taxonomy. They are not a real-world physical natural element or a depiction of one in a way that qualifies as a Nature-Based Artefact or Representation of Nature. Not applicable since the entity does not qualify as nature under the provided definitions.",False
/home/pmonserrat/datasets/imagenet/extracted_data/n04442312/ILSVRC2012_val_00000737.JPEG,toaster,False,,,no,none,none,"The target entity is a toaster. The visual evidence shows a manufactured kitchen appliance made of metal and plastic. The toaster is a homogenous artefact designed for a functional purpose, with no visible natural material or texture remaining. It does not depict a natural entity, nor does it consist of or reference natural elements in its design or material composition. Therefore, it falls under the exclusion criteria for nature. Not applicable since the entity is not classified as nature.",False
/home/pmonserrat/datasets/imagenet/extracted_data/n04443257/ILSVRC2012_val_00000561.JPEG,tobacco shop,False,,,no,none,none,"The target entity is a tobacco shop, specifically identified by the sign 'Club Macanudo Cigar Divan'. The sign itself features a stylized depiction of a leaf, which is a representation of a plant (tobacco leaf). However, the tobacco shop itself is a commercial establishment selling tobacco products, which are derived from plants but are processed and manufactured goods. The sign is a representation of nature (the tobacco leaf) but the shop itself is not a natural entity. The inclusion criteria for nature focus on more-than-human living entities, ecosystems, natural elements, and their representations. While the sign includes a representation of nature, the tobacco shop as a whole is not a natural entity but rather a human-made commercial space. Not applicable since the tobacco shop itself is not classified as nature. The signage includes a representation of nature (the tobacco leaf), but the shop is a human-made entity and does not fit within the inclusion criteria for nature under the provided taxonomy.",False
/home/pmonserrat/datasets/imagenet/extracted_data/n04447861/ILSVRC2012_val_00000449.JPEG,toilet seat,False,,,no,none,none,"The target entity is a toilet seat. The visual evidence shows a manufactured, functional object made of plastic or another synthetic material, which is part of a toilet—a human-made fixture. The toilet seat itself does not depict or derive from any natural entity, nor does it possess any identifiable natural texture, grain, or biological material. It is a homogenous artefact that does not meet the criteria for nature-based artefacts or representations of nature. Additionally, it does not fall under any category of living organisms, ecosystems, or natural elements/processes. Not applicable since the entity is not classified as nature.",False
/home/pmonserrat/datasets/imagenet/extracted_data/n04456115/ILSVRC2012_val_00001008.JPEG,torch,False,,,no,none,none,"The target entity is a torch in the image. The torches are constructed from natural materials (likely wood) and are being used to create fireworks-like displays. While torches themselves are human-made objects, the fire they produce and the natural materials they are made from (wood) are derived from nature. However, the torches themselves are not natural entities but tools used to manipulate natural elements (fire). The fire itself is a result of a chemical process involving natural materials (wood) and is a natural phenomenon, albeit controlled by humans. The question specifically targets the torch, not the fire or the wood itself. Since the torch is a manufactured object and does not inherently possess natural characteristics beyond its material origin, it does not fulfill the criteria for nature under the provided definitions. Not applicable since the entity does not qualify as nature.",False
/home/pmonserrat/datasets/imagenet/extracted_data/n04458633/ILSVRC2012_val_00000525.JPEG,totem pole,False,,,,,,,True
/home/pmonserrat/datasets/imagenet/extracted_data/n04461696/ILSVRC2012_val_00000671.JPEG,tow truck,False,,,no,none,none,"The target entity is a tow truck. The visual evidence shows a manufactured vehicle designed for towing damaged or disabled vehicles. Tow trucks are industrial, functional machines made from metal and other synthetic materials. They do not originate from or depict natural elements, nor do they possess any identifiable natural material or texture. They fall under Homogenous Artefacts, which are explicitly excluded from the nature taxonomy. Not applicable since tow trucks are not classified as nature under the provided definitions.",False
/home/pmonserrat/datasets/imagenet/extracted_data/n04462240/ILSVRC2012_val_00000261.JPEG,toyshop,False,,,yes,biotic,immaterial,"The target entity is a 'toyshop' as depicted by the image of stuffed teddy bears. The visual evidence shows a collection of plush toys shaped like bears, which are fictional, fabricated representations of fauna. These toys are explicitly crafted to depict non-human living organisms and fall under the category of Representations of Nature, fulfilling the inclusion criteria for nature-based artefacts that are symbolic or fictional depictions of living entities. Since nature is 'yes', I evaluate the sub-axes. The stuffed bears are representations of fauna (biotic category). Although these are physical objects, their primary purpose is to represent and symbolize living entities rather than to be the actual organisms themselves. Therefore, they are classified as immaterial under the Tangibility axis, as they are crafted representations rather than real-world physical organisms or processes.",False
/home/pmonserrat/datasets/imagenet/extracted_data/n04465501/ILSVRC2012_val_00000294.JPEG,tractor,False,,,no,none,none,"The target entity is a tractor. The visual evidence shows a manufactured, rusted, and abandoned piece of machinery that was originally designed for agricultural purposes. The tractor itself is a human-made artefact, and despite its rusted and overgrown state, it does not inherently possess any natural characteristics or origins. The inclusion criteria for nature require either more-than-human living entities, natural elements, ecosystems, or representations of these. The tractor does not meet these criteria as it is a homogenous artefact without identifiable natural material or depiction of natural entities. The surrounding vegetation is natural, but the tractor itself is not. Not applicable since the entity is not classified as nature.",False
/home/pmonserrat/datasets/imagenet/extracted_data/n04467665/ILSVRC2012_val_00000187.JPEG,trailer truck,False,,,no,none,none,"The target entity is a trailer truck. The visual evidence shows a manufactured, human-made vehicle designed for transporting goods. This entity is a homogenous artefact, as it is a functional object made of materials (metal, plastic) where the original natural texture is completely unidentifiable and altered. It does not depict a natural entity, nor is it a natural element or process. Therefore, it falls under the Exclusion Scope of the taxonomy and does not count as nature. Not applicable since the entity is not classified as nature.",False
/home/pmonserrat/datasets/imagenet/extracted_data/n04476259/ILSVRC2012_val_00000513.JPEG,tray,False,,,no,none,none,"The target entity is a tray. The visual evidence shows a manufactured, flat, circular object typically used for holding items. The tray itself is a functional, homogenous artefact made of metal, with no visible natural texture or grain. It does not depict or reference any natural entity, nor does it consist of a natural material that remains visually identifiable. Therefore, it does not meet the criteria for Nature-Based Artefacts or any other inclusion criteria for nature under the provided taxonomy. Not applicable since the entity is not classified as nature.",False
/home/pmonserrat/datasets/imagenet/extracted_data/n04479046/ILSVRC2012_val_00000291.JPEG,trench coat,False,,,no,none,none,"The target entity is a trench coat worn by the individuals in the image. The trench coat is a manufactured garment made from synthetic or blended fabrics, which are not derived from natural materials in a way that retains identifiable natural texture or grain. It does not depict or represent any natural entity, nor is it made from visibly identifiable natural materials like wood or stone. Therefore, it falls under the exclusion criteria for Nature-Based Artefacts and does not fulfill the inclusion criteria for nature. Not applicable since the entity is not classified as nature. The trench coat is a homogenous artefact without identifiable natural material properties or depictions of natural elements.",False
/home/pmonserrat/datasets/imagenet/extracted_data/n04482393/ILSVRC2012_val_00000069.JPEG,tricycle,False,,,no,none,none,"The target entity is a tricycle. The visual evidence shows a manufactured, functional object designed for children to ride. The tricycle is made of plastic, metal, and rubber, none of which retain any identifiable natural texture or grain. It does not depict a natural entity, nor is it derived from natural materials in a way that retains their visual characteristics. It is a homogenous artefact, lacking any explicit reference to natural elements or processes, and does not fall under Nature-Based Artefacts, Representations of Nature, or any other inclusion criteria for nature. Not applicable since the entity is not classified as nature.",False
/home/pmonserrat/datasets/imagenet/extracted_data/n04483307/ILSVRC2012_val_00001519.JPEG,trimaran,False,,,no,none,none,"The target entity is a trimaran, which is a type of boat with three hulls. The visual evidence shows a physical, real-world vessel resting on a beach. Although the trimaran is a human-made artefact, it is not a homogenous artefact since it is designed to interact with and navigate natural environments (water). However, the trimaran itself is not a natural entity but rather a human-made object designed to function in natural settings. Since the trimaran is not a natural element, ecosystem, organism, or representation of nature, it does not fulfill the inclusion criteria for nature under the provided taxonomy. Not applicable since the trimaran is not classified as nature.",False
/home/pmonserrat/datasets/imagenet/extracted_data/n04485082/ILSVRC2012_val_00000059.JPEG,tripod,False,,,no,none,none,"The target entity is a tripod. The visual evidence shows a manufactured, functional support structure made of metal and plastic, designed to hold a camera or other equipment. Tripods are homogenous artefacts, as they are manufactured objects without any identifiable natural material or texture. They do not depict or reference any natural entity, nor do they consist of natural materials that retain their original texture. Therefore, this entity does not fulfill the inclusion criteria for nature under the provided taxonomy. Not applicable since the entity is not classified as nature.",False
/home/pmonserrat/datasets/imagenet/extracted_data/n04486054/ILSVRC2012_val_00001325.JPEG,triumphal arch,False,,,no,none,none,"The target entity is a triumphal arch. The visual evidence shows a monumental, ancient architectural structure made of stone, which is a human-made artefact. According to the provided definitions, human-made structures, even if they are monumental and historically significant, are not classified as nature. They fall under the exclusion scope of homogenous artefacts where the original natural texture is unidentifiable and the object does not depict or represent a natural entity. The triumphal arch does not depict or reference any natural elements or processes explicitly. Not applicable since the entity is not classified as nature.",False
/home/pmonserrat/datasets/imagenet/extracted_data/n04487081/ILSVRC2012_val_00000573.JPEG,trolleybus,False,,,no,none,none,"The target entity is a trolleybus. The visual evidence shows a manufactured vehicle designed for public transportation, powered by electricity drawn from overhead wires. Trolleybuses are human-made, functional objects that do not originate from or depict natural elements, nor do they involve any natural materials or processes in their design or function. They fall under the exclusion criteria for nature as they are homogenous artefacts without identifiable natural textures or depictions of natural entities. Not applicable since the entity is not classified as nature. Trolleybuses are human-made, functional objects that do not meet the criteria for nature under the provided taxonomy.",False
/home/pmonserrat/datasets/imagenet/extracted_data/n04487394/ILSVRC2012_val_00000146.JPEG,trombone,False,,,no,none,none,"The target entity is a trombone. The visual evidence in the image shows a reflection of a trombone in a mirror. A trombone is a manufactured musical instrument made of metal, which is a homogenous artefact. It does not depict a natural entity, nor does it have any identifiable natural material or texture. The trombone itself is not a natural element, biological process, ecosystem, or representation of nature. Therefore, it falls under the exclusion criteria for nature. Not applicable since the entity is not classified as nature.",False
/home/pmonserrat/datasets/imagenet/extracted_data/n04493381/ILSVRC2012_val_00000874.JPEG,tub,False,,,no,none,none,"The target entity is a bathtub. The visual evidence shows a manufactured, functional object made of smooth, non-porous materials (likely porcelain or acrylic). The tub itself is not derived from natural materials in a way that retains identifiable natural texture or grain, nor does it depict or represent a natural entity. It is a homogenous artefact, lacking any explicit connection to natural elements or organisms. Therefore, it does not fulfill the inclusion criteria for nature under the provided taxonomy. Not applicable since the entity does not meet the criteria for nature.",False
/home/pmonserrat/datasets/imagenet/extracted_data/n04501370/ILSVRC2012_val_00001750.JPEG,turnstile,False,,,no,none,none,"The target entity is a turnstile. The visual evidence shows a mechanical device used for controlling access, typically found in transit stations or other controlled entry points. Turnstiles are manufactured functional objects made of metal and plastic, with no identifiable natural material or texture. They do not depict or reference any natural entity, nor are they derived from natural materials in a way that retains visible natural characteristics. Therefore, they fall under the exclusion criteria for nature, specifically Homogenous Artefacts, as they do not meet the inclusion criteria for nature-based artefacts or representations. Not applicable since the entity is not classified as nature.",False
/home/pmonserrat/datasets/imagenet/extracted_data/n04505470/ILSVRC2012_val_00000104.JPEG,typewriter keyboard,False,,,no,none,none,"The target entity is a typewriter keyboard. The visual evidence shows a mechanical device made of metal and plastic, designed for typing. Typewriters are manufactured artefacts with no inherent natural material or origin that remains visually identifiable. The keyboard itself does not depict, represent, or derive from any natural entity, nor does it interact with or reference any natural elements. It falls under the exclusion criteria for nature as it is a homogenous artefact without identifiable natural texture or depiction of natural entities. Not applicable since the entity is not classified as nature. The typewriter keyboard is a functional, manufactured object without any natural characteristics or references.",False
/home/pmonserrat/datasets/imagenet/extracted_data/n04507155/ILSVRC2012_val_00000381.JPEG,umbrella,False,,,no,none,none,"The target entity is an umbrella. The visual evidence shows a functional object used to shield from rain, made of synthetic materials (likely plastic and fabric). Umbrellas are manufactured artefacts designed for practical use and do not inherently reference or depict natural elements or processes. They do not fall under any inclusion criteria for nature, such as being a natural entity, ecosystem, or representation of nature. Instead, they are homogenous artefacts that do not retain any identifiable natural texture or depict natural elements. Not applicable since the entity does not fulfill the criteria for nature.",False
/home/pmonserrat/datasets/imagenet/extracted_data/n04509417/ILSVRC2012_val_00002599.JPEG,unicycle,False,,,no,none,none,"The target entity is a unicycle in the image. The unicycle itself is a manufactured, human-made object designed for transportation. It is not a natural entity, nor does it depict or represent a natural element, process, organism, or ecosystem. The unicycle is a homogenous artefact made of metal and rubber, lacking any identifiable natural material or texture. It does not fall under any inclusion criteria for nature, such as more-than-human living entities, natural environments, or representations of nature. Therefore, it is excluded under the taxonomy rules. Not applicable since the entity is not classified as nature.",False
/home/pmonserrat/datasets/imagenet/extracted_data/n04515003/ILSVRC2012_val_00000284.JPEG,upright,False,,,no,none,none,"The target entity is an upright piano. The visual evidence shows a manufactured musical instrument made primarily of wood and metal. The piano itself is not a natural entity, nor does it depict or represent a natural element. It is a homogenous artefact where the original natural texture of the materials is not visually identifiable in a way that aligns with the inclusion criteria for Nature-Based Artefacts. The piano does not fall under any category of more-than-human living entities, ecosystems, or natural elements/processes. It is a functional object designed for human use and does not meet the criteria for nature under the provided taxonomy. Not applicable since the entity does not qualify as nature.",False
/home/pmonserrat/datasets/imagenet/extracted_data/n04517823/ILSVRC2012_val_00000712.JPEG,vacuum,False,,,no,none,none,"The target entity is a vacuum cleaner. The visual evidence shows a manufactured, functional household appliance made of metal and plastic. The vacuum cleaner is a homogenous artefact, as it does not depict a natural entity and its materials do not retain any identifiable natural texture or grain. It is not a natural element, biological process, or representation of nature. Therefore, it falls under the exclusion criteria for nature. Not applicable since the entity is not classified as nature.",False
/home/pmonserrat/datasets/imagenet/extracted_data/n04522168/ILSVRC2012_val_00000895.JPEG,vase,False,,,no,none,none,"The target entity is a vase. The visual evidence shows a crafted ceramic object with artistic, swirling patterns. While the vase is made from clay, a natural material, it is a manufactured, functional object that does not depict a natural entity or retain its original natural texture. The vase itself is not a natural entity but rather an artefact crafted from natural materials. Since the original natural texture of the clay is no longer visually identifiable in its final form and the vase does not depict a natural entity, it does not fulfill the criteria for Nature-Based Artefacts under the inclusion scope. Instead, it is a homogenous artefact that falls under the Exclusion Scope. Not applicable since the entity is not classified as nature.",False
/home/pmonserrat/datasets/imagenet/extracted_data/n04523525/ILSVRC2012_val_00001002.JPEG,vault,False,,,no,none,none,"The target entity is a vault, specifically the architectural vault in the image. The vault is a structural element made of stone blocks, which are natural materials. However, the vault itself is a human-made architectural feature designed for functional purposes (e.g., supporting a ceiling or roof). The visible natural texture of the stone is present, but the vault is not a natural entity in itself; it is a constructed element using natural materials. According to the inclusion criteria, nature-based artefacts where the natural material of origin remains visually identifiable by its structure or texture are classified as nature. However, the vault is primarily a functional architectural component rather than a natural element or representation of nature. Not applicable since the entity is not classified as nature. The vault is a human-made structure, and while it uses natural materials, it does not inherently fall under the categories of more-than-human living entities, ecosystems, or natural elements/processes. It is an architectural artefact, not a natural entity or representation of nature.",False
/home/pmonserrat/datasets/imagenet/extracted_data/n04525038/ILSVRC2012_val_00000433.JPEG,velvet,False,,,no,none,none,"The target entity in question is the fabric of the handbag in the image, which features a floral pattern. The fabric itself is a manufactured textile and does not inherently possess natural characteristics or depictions of natural entities in its material composition. The patterns on the fabric are artistic representations of flowers and leaves, which are depictions of natural entities. However, the fabric itself is not a natural entity or a direct representation of nature in a way that fulfills the inclusion criteria for nature-based artefacts or representations. The fabric is a processed material without any visible natural texture or origin, and it does not qualify as a natural element or ecosystem. The patterns are artistic and stylized, but the fabric itself is not a natural entity or a depiction of nature in a way that aligns with the inclusion criteria for nature. Not applicable since the fabric itself does not qualify as nature under the provided definitions. The patterns on the fabric are artistic representations, but the fabric material itself is not a natural entity or a depiction of nature in a literal sense.",False
/home/pmonserrat/datasets/imagenet/extracted_data/n04525305/ILSVRC2012_val_00001881.JPEG,vending machine,False,,,no,none,none,"The target entity is a vending machine. The visual evidence shows a manufactured device designed to dispense items such as beverages and snacks. The vending machine itself is a functional, human-made object without any direct reference to natural elements, biological processes, or natural depictions. It does not fall under any inclusion criteria for nature, such as more-than-human living entities, natural environments, natural elements, or representations of nature. Instead, it is a homogenous artefact designed for a functional purpose unrelated to nature. Not applicable since the entity is not classified as nature.",False
/home/pmonserrat/datasets/imagenet/extracted_data/n04532106/ILSVRC2012_val_00000036.JPEG,vestment,False,,,no,none,none,"The target entity is the ornate vestment worn by the statue in the image. The vestment is a crafted, decorative garment that features intricate designs and motifs, including floral patterns and embellishments. While the vestment itself is a human-made object, it is adorned with detailed representations of natural elements such as flowers and foliage. However, the vestment itself is not a natural entity or a depiction of a natural entity in a way that fulfills the inclusion criteria for nature. It is a human-made artefact with symbolic or decorative natural motifs, but it does not qualify as a natural element or representation of nature under the given taxonomy. The inclusion criteria for nature-based artefacts require that the natural material of origin remains visually identifiable by its structure, grain, or texture, or that the object explicitly depicts natural entities. This vestment does not meet those criteria as it is a manufactured item without a visible natural texture or material and does not inherently represent nature itself. Not applicable since the entity does not qualify as nature.",False
/home/pmonserrat/datasets/imagenet/extracted_data/n04532670/ILSVRC2012_val_00000296.JPEG,viaduct,False,,,no,none,none,"The target entity is a viaduct. The visual evidence shows a man-made structure designed to support a train track above ground. Viaducts are engineered structures, typically constructed from materials like steel and concrete, and are not natural formations. They fall under the Exclusion Scope as homogenous artefacts where the original natural texture is unidentifiable and the object does not depict or originate from natural elements. Therefore, it does not fulfill the criteria for nature. Not applicable since the viaduct is not classified as nature, as it is a manufactured structural object without identifiable natural origins or depictions.",False
/home/pmonserrat/datasets/imagenet/extracted_data/n04536866/ILSVRC2012_val_00000212.JPEG,violin,False,,,no,none,none,"The target entity is a violin. The visual evidence shows a manufactured musical instrument made primarily of wood and other materials. While wood is a natural material, the violin itself is a crafted artefact designed for a functional purpose (music production) and does not depict or represent a natural entity. The visible wood grain does not fulfill the criteria for Nature-Based Artefacts because the primary purpose of the violin is not to retain or emphasize its natural texture or origin. Instead, it is a homogenous artefact where the natural material is processed and altered for a specific function, thus falling under the exclusion scope of the taxonomy. Not applicable since the entity is not classified as nature.",False
/home/pmonserrat/datasets/imagenet/extracted_data/n04540053/ILSVRC2012_val_00001680.JPEG,volleyball,False,,,no,none,none,"The target entity is a volleyball in the context of a beach volleyball game. Volleyballs are manufactured objects made of synthetic materials (typically rubber or synthetic leather) and are designed for sports use. They do not originate from or depict natural elements, nor do they possess any identifiable natural texture or material. The volleyball itself is a functional, homogenous artefact that does not meet the criteria for nature under the provided taxonomy, as it does not reference or depict any natural entity or process, nor is it a natural element or derivative. Not applicable since the entity is not classified as nature.",False
/home/pmonserrat/datasets/imagenet/extracted_data/n04542943/ILSVRC2012_val_00000797.JPEG,waffle iron,False,,,no,none,none,"The target entity is a waffle iron. The visual evidence shows a manufactured kitchen appliance made of metal with a grid pattern for cooking. The waffle iron itself is a functional, homogenous artefact made from metal, which is a processed material derived from mining and industrial processes. It does not depict or reference any natural entity, nor does it retain any identifiable natural texture or material from its origin. Therefore, it does not fulfill the criteria for Nature-Based Artefacts or any other inclusion criteria for nature under the provided taxonomy. Not applicable since the entity is not classified as nature.",False
/home/pmonserrat/datasets/imagenet/extracted_data/n04548280/ILSVRC2012_val_00004307.JPEG,wall clock,False,,,no,none,none,"The target entity is a wall clock. The visual evidence shows a manufactured, functional object mounted on a building. The clock itself is a human-made artefact without any identifiable natural material or texture, nor does it depict a natural entity. It does not meet the criteria for Nature-Based Artefacts, as it lacks any visible natural grain, texture, or depiction of a natural element. Additionally, it does not fall under any other inclusion criteria for nature, such as being a representation of nature or a natural element itself. Not applicable since the entity is not classified as nature.",False
/home/pmonserrat/datasets/imagenet/extracted_data/n04548362/ILSVRC2012_val_00000866.JPEG,wallet,False,,,no,none,none,"The target entity is a wallet. The visual evidence shows a manufactured object with two distinct sections: one section has a black interior with a visible silhouette of a horse, and the other section features a decorative design with a stylized image of a horse and a floral or nature-inspired pattern. While the wallet itself is a functional, human-made object, the decorative elements on the wallet include representations of a horse and nature-inspired designs. However, the wallet as a whole is not a natural entity or a depiction of nature in its own right; it is a functional item with decorative elements referencing nature. Since the wallet itself does not fulfill the criteria for being a natural entity, biological or physical process, substance, or ecosystem, it does not count as nature under the provided definitions. The decorative elements are not the primary focus or the wallet itself. Not applicable since the wallet itself does not qualify as nature, even though it contains decorative elements referencing nature.",False
/home/pmonserrat/datasets/imagenet/extracted_data/n04550184/ILSVRC2012_val_00000482.JPEG,wardrobe,False,,,no,none,none,"The target entity is a wardrobe. The visual evidence shows a manufactured piece of furniture made primarily of wood. While the material is derived from natural sources (trees), the wardrobe is a homogenous artefact with no visible natural grain or texture that would identify its origin. The wardrobe does not depict or represent a natural entity, nor does it fall under the inclusion criteria for nature-based artefacts, processed food, or natural environments. It is a functional, structural object without explicit natural characteristics or references. Not applicable since the entity does not fulfill the criteria for nature.",False
/home/pmonserrat/datasets/imagenet/extracted_data/n04552348/ILSVRC2012_val_00000369.JPEG,warplane,False,,,no,none,none,"The target entity is a warplane. The visual evidence shows a manufactured military aircraft. Warplanes are human-made machines designed for combat and do not fall under any category of more-than-human living entities, ecosystems, natural elements, or processes. They are not derived from natural materials in a way that retains identifiable natural texture or structure, nor do they depict natural entities. Therefore, this entity falls under the exclusion scope of the taxonomy, as it is a homogenous artefact without any natural reference or depiction. Not applicable since the entity is not classified as nature.",False
/home/pmonserrat/datasets/imagenet/extracted_data/n04553703/ILSVRC2012_val_00000538.JPEG,washbasin,False,,,no,none,none,"The target entity is a washbasin. The visual evidence shows a manufactured, functional object made of a smooth, non-porous material (likely ceramic or porcelain) with no visible natural texture or grain. Washbasins are homogenous artefacts designed for utility rather than depicting or retaining natural characteristics. They do not fall under any inclusion criteria for nature, such as natural materials, living organisms, ecosystems, or representations of natural elements. Instead, they are purely functional and manufactured objects without any identifiable natural origin or depiction. Not applicable since the entity is not classified as nature.",False
/home/pmonserrat/datasets/imagenet/extracted_data/n04554684/ILSVRC2012_val_00000280.JPEG,washer,False,,,no,none,none,"The target entity is a washing machine, commonly referred to as a 'washer'. The visual evidence shows a manufactured, functional appliance made of metal and plastic. This object is a homogenous artefact, as its materials do not retain any identifiable natural texture or grain. Additionally, it does not depict or represent any natural entity or process. Therefore, it falls under the exclusion criteria for nature, specifically Homogenous Artefacts. Not applicable since the entity is not classified as nature.",False
/home/pmonserrat/datasets/imagenet/extracted_data/n04557648/ILSVRC2012_val_00000745.JPEG,water bottle,False,,,yes,abiotic,material,"The target entity is a water bottle. The visual evidence shows a plastic bottle filled with water, which is a processed food/drink product. While the bottle itself is a manufactured container, the inclusion criteria for nature explicitly mention 'Processed Food & Drinks' under the Ingestion Criterion. The water inside the bottle is a natural substance, and the bottle itself is a container for a natural element, fulfilling the inclusion criteria for nature as a processed natural product. Since nature is 'yes', I evaluate the sub-axes. Water is a hydrological component, placing it under Hydrological Components within the abiotic category. The water bottle is a physical, tangible container holding a natural substance, and the bottle itself is a processed material derived from natural resources (petroleum). Therefore, it is classified as material under the Tangibility axis, as it is a real-world physical object with mass and occupies space.",False
/home/pmonserrat/datasets/imagenet/extracted_data/n04560804/ILSVRC2012_val_00000286.JPEG,water jug,False,,,no,none,none,"The target entity is a water jug wrapped in aluminum foil. The visual evidence shows a container that appears to be holding a liquid, likely water, but it is wrapped in foil, which is not a natural material. The container itself is not a natural entity but rather a human-made object. The inclusion criteria for nature-based artefacts require that the natural material of origin remains visually identifiable by its structure, grain, or texture, which is not the case here. Additionally, the packaging itself (aluminum foil) is not a natural element. The water jug in this context is a processed container and does not fulfill the criteria for nature-based artefacts or natural elements under the provided taxonomy. Not applicable since the entity does not meet the criteria for nature.",False
/home/pmonserrat/datasets/imagenet/extracted_data/n04562935/ILSVRC2012_val_00000586.JPEG,water tower,False,,,no,none,none,"The target entity is a water tower. The visual evidence shows a manufactured, human-made structure designed for storing and distributing water. Water towers are not natural entities; they are constructed by humans for functional purposes. They do not fall under any category of More-Than-Human Living Entities, Ecosystems, Non-Living Natural Elements & Processes, or Nature-Based Artefacts because they are not derived from or representative of natural elements. Instead, they are homogenous artefacts that do not depict or retain any natural characteristics or textures. Therefore, they fall under the Exclusion Scope of the taxonomy. Not applicable since the entity is not classified as nature.",False
/home/pmonserrat/datasets/imagenet/extracted_data/n04579145/ILSVRC2012_val_00002867.JPEG,whiskey jug,False,,,no,none,none,"The target entity is a whiskey jug. The visual evidence shows a ceramic container with a decorative design that includes natural elements such as a landscape with trees and water, but the jug itself is a manufactured object. The inclusion criteria for Nature-Based Artefacts require that the natural material of origin remains visually identifiable by its structure, grain, or texture, or that the object explicitly depicts natural entities. While the design on the jug references natural elements (e.g., the landscape), the jug itself is not made of natural material with identifiable natural texture, nor is it a depiction of a natural entity in a literal sense. Instead, it is a functional object with artistic representations of nature on its surface. Therefore, it does not fulfill the criteria for Nature-Based Artefacts or any other inclusion criteria for nature under the provided definitions. Not applicable since the entity does not meet the criteria for nature.",False
/home/pmonserrat/datasets/imagenet/extracted_data/n04579432/ILSVRC2012_val_00000497.JPEG,whistle,False,,,yes,biotic,immaterial,"The target entity is a whistle depicted in the image. The whistles shown are plastic toys shaped to resemble animals (likely birds or similar creatures) and are not real, living organisms. They are manufactured objects designed to represent animals, falling under the category of Representations of Nature. These objects explicitly depict non-human living entities and are crafted for symbolic or playful purposes, fulfilling the inclusion criteria for Nature-Based Artefacts under Representations of Nature. Since nature is 'yes', I evaluate the sub-axes. The whistles represent non-human living entities (fauna), placing them under the biotic category. Although these whistles are physical objects, their primary purpose is to represent animals rather than to be real organisms or natural elements themselves. Therefore, they are classified as immaterial under the Tangibility axis due to their representational nature.",False
/home/pmonserrat/datasets/imagenet/extracted_data/n04584207/ILSVRC2012_val_00000854.JPEG,wig,False,,,no,none,none,"The target entity is a wig styled to resemble long, humanized hair with buns, placed on a mannequin head. The wig itself is a manufactured, non-living object made of synthetic or human hair material. It does not depict or represent a natural entity, ecosystem, or process. Instead, it is a functional or decorative human accessory. Since it does not fall under any of the inclusion criteria for nature (e.g., more-than-human living entities, natural elements, ecosystems, or representations of nature), it is excluded under the taxonomy rules. Not applicable since the entity is not classified as nature.",False
/home/pmonserrat/datasets/imagenet/extracted_data/n04589890/ILSVRC2012_val_00000351.JPEG,window screen,False,,,no,none,none,"The target entity is a window screen. The visual evidence shows a functional, manufactured object made of a mesh material, typically used to cover windows. Window screens are designed to allow airflow while preventing insects from entering. They are not derived from natural materials in a way that retains identifiable natural texture or grain, nor do they depict natural entities. They are homogenous artefacts, serving a functional purpose without any explicit reference to natural elements or organisms. Therefore, they fall under the Exclusion Scope of the taxonomy. Not applicable since the entity is not classified as nature.",False
/home/pmonserrat/datasets/imagenet/extracted_data/n04590129/ILSVRC2012_val_00000587.JPEG,window shade,False,,,yes,biotic,material,"The target entity is a window shade made of what appears to be bamboo slats. The visual evidence shows a physical, functional object constructed from a natural material (bamboo), which retains its identifiable natural texture and grain. Although it is a manufactured artefact, the visible natural material of origin (bamboo) fulfills the criteria for Nature-Based Artefacts under the inclusion scope, as it is explicitly crafted from a natural material that remains visually identifiable by its structure and texture. Since nature is 'yes', I evaluate the sub-axes. Bamboo is a plant derivative, placing this object under Flora & Plant Derivatives within the biotic category. The window shade is a real-world physical object with mass and occupies space, thus it is classified as material under the Tangibility axis.",False
/home/pmonserrat/datasets/imagenet/extracted_data/n04591157/ILSVRC2012_val_00000106.JPEG,windsor tie,False,,,no,none,none,"The target entity is a Windsor tie as depicted in the image. The tie itself is a manufactured textile object with a floral pattern. While the pattern visually references flowers, the tie is not a natural entity itself but rather a functional garment with a decorative design inspired by nature. The tie does not qualify as a natural element, biological process, ecosystem, or representation of nature in the strict sense of the taxonomy. The inclusion criteria for Nature-Based Artefacts require that the natural material of origin remains visually identifiable by its structure, grain, or texture, which is not the case here. Additionally, the tie does not depict or represent a natural entity explicitly; it is merely adorned with a pattern that references nature. Therefore, it falls under the Exclusion Scope for Homogenous Artefacts and does not fulfill the criteria for nature. Not applicable since the entity is not classified as nature.",False
/home/pmonserrat/datasets/imagenet/extracted_data/n04591713/ILSVRC2012_val_00000805.JPEG,wine bottle,False,,,no,none,none,"The target entity is a wine bottle, specifically a bottle of champagne or sparkling wine, as indicated by the gold foil and cork. The visual evidence shows a physical container made of glass, which is a processed material derived from natural resources (sand, minerals). However, the wine itself is a processed food product derived from grapes, which are a natural biotic entity. The bottle itself, as a manufactured container, does not inherently qualify as nature under the provided definitions, as it is not a natural entity or a representation of nature. The inclusion criteria for nature-based artefacts require that the natural material of origin remains visually identifiable by its structure, grain, or texture, which is not the case here. Additionally, the wine bottle packaging does not depict or reference natural elements explicitly. Therefore, it does not meet the criteria for Nature-Based Artefacts or any other inclusion criteria for nature. Not applicable since the entity does not qualify as nature under the given taxonomy.",False
/home/pmonserrat/datasets/imagenet/extracted_data/n04592741/ILSVRC2012_val_00001901.JPEG,wing,False,,,no,none,none,"The target entity is the wing of a jet aircraft. The visual evidence shows a manufactured, mechanical component designed for flight. Wings on aircraft are artificial structures made of synthetic materials (e.g., metal, composite materials) and do not originate from or depict any natural entity or process. They are not derived from or representative of any natural material or biological form, and they do not fall under any inclusion criteria for nature, such as natural elements, ecosystems, or representations of nature. Therefore, this entity does not meet the criteria for nature classification. Not applicable since the entity is not classified as nature.",False
/home/pmonserrat/datasets/imagenet/extracted_data/n04596742/ILSVRC2012_val_00001328.JPEG,wok,False,,,no,none,none,"The target entity is a wok in the image. The wok is a cooking vessel, typically made from metal, and is used to prepare food. It is a manufactured object without any identifiable natural material or texture that remains visually distinct from its processing. The wok itself does not depict or represent a natural entity, nor does it consist of natural elements in a way that fulfills the inclusion criteria for nature. It is a homogenous artefact, lacking any explicit reference to natural materials or processes. Not applicable since the entity is not classified as nature.",False
/home/pmonserrat/datasets/imagenet/extracted_data/n04597913/ILSVRC2012_val_00002685.JPEG,wooden spoon,True,False,True,yes,biotic,material,"The target entity is a wooden spoon with decorative floral and ornate patterns. The spoon is crafted from wood, a natural material derived from trees, and retains visible natural grain and texture. Although it is a manufactured object, the natural material of origin remains visually identifiable by its grain and texture, and it explicitly depicts natural elements (flowers and foliage) through its design. This fulfills the criteria for Nature-Based Artefacts under the inclusion scope of the taxonomy. Since nature is 'yes', I evaluate the sub-axes. The spoon is made from wood, which is a derivative of flora, placing it under Flora & Plant Derivatives within the biotic category. Despite being a crafted object, it is a physical, tangible item with mass and occupies space, thus it is classified as material under the Tangibility axis. The spoon itself is not a living organism but is a product of natural material, and its decorative elements are symbolic representations of flora, reinforcing its biotic classification.",False
/home/pmonserrat/datasets/imagenet/extracted_data/n04599235/ILSVRC2012_val_00001208.JPEG,wool,False,,,yes,biotic,material,"The target entity is wool. Wool is a natural fiber sourced from the fleece of sheep and other animals. While the image shows wool in a processed form (knitted into mittens), wool itself is a raw material derived from living organisms (fauna). The inclusion criteria for nature explicitly mention 'animal-derived products' under Fauna & Animal Derivatives, which fulfills the inclusion scope for biotic nature. The processed form in the image does not alter the fact that wool originates from a living organism and retains its natural biological origin. Since nature is 'yes', I evaluate the sub-axes. Wool is derived from animals, placing it under Fauna & Animal Derivatives within the biotic category. The wool in the image is a physical, tangible material in its processed form (knitted mittens), which retains its natural origin and is a real-world physical object with mass and space occupation. Therefore, it is classified as material under the Tangibility axis.",False
/home/pmonserrat/datasets/imagenet/extracted_data/n04604644/ILSVRC2012_val_00000437.JPEG,worm fence,False,,,yes,biotic,material,"The target entity is a 'worm fence,' which consists of interwoven sticks or branches. The visual evidence shows a physical structure made from natural materials (wooden sticks) that are visibly identifiable by their natural texture and grain. This aligns with the definition of Nature-Based Artefacts, where the natural material of origin remains visually identifiable. The sticks are derived from trees, fulfilling the inclusion criteria for Flora & Plant Derivatives under the More-Than-Human Living Entities category. Since nature is 'yes', I evaluate the sub-axes. The sticks are derived from trees, placing this entity under Flora & Plant Derivatives within the biotic category. The worm fence is a real-world physical object made from natural materials, occupying space and having mass, thus it is classified as material under the Tangibility axis.",False
/home/pmonserrat/datasets/imagenet/extracted_data/n04606251/ILSVRC2012_val_00001034.JPEG,wreck,False,,,no,none,none,"The target entity is a shipwreck. The visual evidence shows a submerged, rusted, and deteriorated structure that was originally a man-made object but is now part of the underwater environment. The wreck itself is a remnant of human-made materials (metal, wood, etc.) and does not inherently belong to the natural world. It is not a natural entity, ecosystem, or process but rather an artificial structure that has become part of the natural environment through human intervention and decay. Therefore, it does not fulfill the inclusion criteria for nature as defined in the taxonomy. Not applicable since the entity is not classified as nature. The wreck, although now situated in a natural environment, is fundamentally a human-made artefact and does not meet the criteria for nature.",False
/home/pmonserrat/datasets/imagenet/extracted_data/n04612504/ILSVRC2012_val_00003145.JPEG,yawl,False,,,,,,,True
/home/pmonserrat/datasets/imagenet/extracted_data/n04613696/ILSVRC2012_val_00000460.JPEG,yurt,False,,,no,none,none,"The target entity is a yurt. The visual evidence shows a traditional portable dwelling made primarily of fabric and wooden lattice, situated in a natural environment. While the yurt itself is a human-made structure, it is not classified as nature under the provided definitions. The yurt is a manufactured artefact designed for human habitation and does not inherently reference, depict, or derive from natural elements in a way that fulfills the inclusion criteria for nature. It is not a natural entity, ecosystem, or representation of nature, nor does it consist of or depict natural materials in a way that aligns with the taxonomy's inclusion scope. Not applicable since the entity is not classified as nature.",False
/home/pmonserrat/datasets/imagenet/extracted_data/n06359193/ILSVRC2012_val_00000830.JPEG,web site,False,,,no,none,none,"The target entity is a 'web site' as depicted by the screenshot of the Stonewater website. The content of the website includes images of buildings, houses, and natural elements like water and landscapes, but the website itself is a digital interface and informational platform. Websites are not more-than-human living entities, ecosystems, natural elements, or representations of nature. They are human-made digital constructs designed to provide information, services, or interactions. Therefore, it does not fulfill the inclusion criteria for nature under the provided definitions. Not applicable since the entity is not classified as nature. The website is a human-created digital medium and does not fall under the categories of biotic or abiotic elements, nor does it represent nature in any form.",False
/home/pmonserrat/datasets/imagenet/extracted_data/n06596364/ILSVRC2012_val_00000985.JPEG,comic book,False,,,no,none,none,"The target entity is a comic book. The visual evidence shows a fictional, narrative medium featuring characters, settings, and stories that are entirely human-made and not directly referencing or depicting natural elements in a literal, documentary, or biologically accurate manner. The content of the comic books in the image includes characters and scenarios from the 'Star Trek' universe, which are fictional and do not inherently depict or reference natural entities, ecosystems, or processes as defined by the taxonomy. The covers do not explicitly depict natural elements such as flora, fauna, ecosystems, or abiotic phenomena. Therefore, this instance does not fulfill the inclusion criteria for nature. Not applicable since the entity does not qualify as nature under the provided definitions.",False
/home/pmonserrat/datasets/imagenet/extracted_data/n06785654/ILSVRC2012_val_00002362.JPEG,crossword puzzle,False,,,no,none,none,"The target entity is a crossword puzzle. The visual evidence shows a printed grid with clues and answers related to words and phrases. Crossword puzzles are a form of intellectual game or activity involving words and do not inherently reference or depict any more-than-human living entities, non-living natural elements, processes, ecosystems, or their representations. They are purely human-created constructs for mental exercise and do not fall under any inclusion criteria for nature, such as flora, fauna, ecosystems, natural processes, or representations thereof. Not applicable since the entity does not meet the criteria for nature as defined by the taxonomy.",False
/home/pmonserrat/datasets/imagenet/extracted_data/n06794110/ILSVRC2012_val_00000903.JPEG,street sign,False,,,no,none,none,"The target entity is a street sign with an icon depicting children crossing a street. The visual evidence shows a manufactured, functional object designed to convey traffic information. The sign itself is a human-made artefact and does not depict, represent, or directly involve any natural elements, living organisms, ecosystems, or natural processes. It is purely functional and informational, lacking any connection to flora, fauna, abiotic natural elements, or representations thereof. Therefore, it does not fulfill the inclusion criteria for nature under the provided taxonomy. Not applicable since the entity is not classified as nature.",False
/home/pmonserrat/datasets/imagenet/extracted_data/n06874185/ILSVRC2012_val_00000274.JPEG,traffic light,False,,,no,none,none,"The target entity is a traffic light. The visual evidence shows a manufactured, artificial device designed to control vehicular and pedestrian traffic. Traffic lights are human-made objects, not derived from or representing natural elements, processes, or ecosystems. They fall under the exclusion scope as homogenous artefacts that do not depict or reference natural entities, nor are they natural materials or processes. Not applicable since the entity is not classified as nature.",False
/home/pmonserrat/datasets/imagenet/extracted_data/n07248320/ILSVRC2012_val_00000980.JPEG,book jacket,False,,,yes,abiotic,immaterial,"The target entity is a book jacket with a marbled design resembling natural patterns, such as those found in marble or swirling natural textures. The visual evidence shows a crafted object with a decorative pattern that mimics natural textures and structures. While the book jacket itself is a manufactured object, the design explicitly references natural patterns, fulfilling the inclusion criteria for Nature-Based Artefacts under Representations of Nature. The marbled pattern is a stylized depiction of natural textures, which aligns with the definition of artistic or symbolic interpretations of nature. Since nature is 'yes', I evaluate the sub-axes. The book jacket's design references natural textures without depicting a specific living organism or ecosystem. It is an artistic representation of natural patterns, which falls under the abiotic category due to its resemblance to geological or mineral textures. Because the book jacket is a physical object but its primary purpose is decorative and symbolic, referencing natural textures rather than being a literal depiction of a real-world natural entity, it is classified as immaterial under the Tangibility axis.",False
/home/pmonserrat/datasets/imagenet/extracted_data/n07565083/ILSVRC2012_val_00000209.JPEG,menu,False,,,no,none,none,"The target entity is a menu from a restaurant. The visual evidence shows a printed document listing food items, including appetizers and soups/salads. Menus are informational tools that list food items and do not inherently refer to natural elements, organisms, ecosystems, or processes. They are not representations of nature, nor do they depict or describe natural entities, processes, or environments. Instead, they are administrative tools for ordering food, which falls outside the inclusion criteria for nature as defined in the taxonomy. Not applicable since the entity does not fulfill the criteria for nature.",False
/home/pmonserrat/datasets/imagenet/extracted_data/n07579787/ILSVRC2012_val_00001611.JPEG,plate,False,,,no,none,none,"The target entity is a plate in the image, which holds food items. The plate itself is a manufactured, functional object made of a smooth, non-natural material (likely ceramic or plastic). The plate does not inherently possess any natural characteristics, nor does it depict or represent a natural entity. It is a container used for serving food and does not fall under any category of nature as defined by the taxonomy (e.g., more-than-human living entities, ecosystems, natural elements, or representations of nature). Not applicable since the entity is not classified as nature. The plate is a homogenous artefact used for serving food and does not meet the criteria for nature classification.",False
/home/pmonserrat/datasets/imagenet/extracted_data/n07583066/ILSVRC2012_val_00000728.JPEG,guacamole,True,True,True,yes,biotic,material,"The target entity is guacamole, depicted in the image as a processed food item made from avocados and other ingredients. Guacamole is a processed food derived from avocados, which are a type of fruit from a tree (Persea americana), a living organism. Processed food and drinks that are derived from natural sources and remain edible are explicitly included under the Inclusion Scope of Nature-Based Artefacts (Processed Food & Drinks) and Flora & Plant Derivatives (since avocados are a fruit). Since nature is 'yes', I evaluate the sub-axes. Guacamole is derived from avocados, placing it under Flora & Plant Derivatives within the biotic category. The guacamole in the image is a physical, tangible substance that occupies space and has mass, fulfilling the criteria for Material under the Tangibility axis.",False
/home/pmonserrat/datasets/imagenet/extracted_data/n07584110/ILSVRC2012_val_00000267.JPEG,consomme,True,True,True,yes,biotic,material,"The target entity is 'consommé' in the provided image. Consommé is a type of processed food product derived from animal-based ingredients, such as meat, poultry, or fish broths. According to the inclusion criteria, processed food and drinks are explicitly included under the Ingestion Criterion, which falls under the category of more-than-human living entities (fauna) and their derivatives. This fulfills the inclusion criteria for nature as it is a product derived from biological sources. Since nature is 'yes', I evaluate the sub-axes. Consommé is derived from animal products, placing it under Fauna & Animal Derivatives within the biotic category. The consommé in the image is a physical, tangible food item present in a bowl, thus it is classified as material under the Tangibility axis.",False
/home/pmonserrat/datasets/imagenet/extracted_data/n07590611/ILSVRC2012_val_00001512.JPEG,hot pot,True,True,True,yes,biotic,material,"The target entity is a hot pot, specifically a communal cooking setup containing various ingredients such as meat, tofu, and vegetables in broths. The ingredients are derived from natural sources (e.g., plants, animals), and the hot pot itself is a processed food preparation method involving these natural elements. According to the inclusion criteria, processed food and drinks are explicitly included under the Ingestion Criterion, which falls under the Flora & Fauna & Animal Derivatives category within the biotic life category. The physical presence of these ingredients in the pot confirms that this is a tangible, real-world material entity. Since nature is 'yes', I evaluate the sub-axes. The hot pot contains ingredients that are derived from living organisms (biotic), such as meat, vegetables, and tofu. The hot pot itself is a material, physical entity that involves these natural components in a tangible, real-world setting. Therefore, it is classified under the biotic life category and material tangibility.",False
/home/pmonserrat/datasets/imagenet/extracted_data/n07613480/ILSVRC2012_val_00000620.JPEG,trifle,True,True,True,yes,biotic,material,"The target entity is a trifle, which is a dessert composed of layers of sponge cake, fruit (such as strawberries), custard, and whipped cream. The visual evidence shows a prepared dish containing processed food ingredients, including fruit and dairy products. According to the inclusion criteria, processed food and drinks that are edible and derived from natural sources (e.g., fruit, dairy) are classified under Processed Food & Drinks. This fulfills the Ingestion Criterion and counts as nature. Since nature is 'yes', I evaluate the sub-axes. The trifle is made from ingredients such as fruit (biotic) and dairy (biotic derivatives), placing it under Flora & Plant Derivatives and Animal Derivatives within the biotic category. Because the trifle is a physical, tangible dish that occupies space and can be directly perceived in the real world, it is classified as material under the Tangibility axis.",False
/home/pmonserrat/datasets/imagenet/extracted_data/n07614500/ILSVRC2012_val_00000574.JPEG,ice cream,True,True,True,,,,,True
/home/pmonserrat/datasets/imagenet/extracted_data/n07615774/ILSVRC2012_val_00002619.JPEG,ice lolly,True,True,True,yes,biotic,material,"The target entity is an ice lolly (or ice cream on a stick) visible on the child's face. Ice lollies are processed food products made from natural ingredients like fruit juices, milk, or other natural substances. According to the inclusion criteria, processed food and drinks are explicitly included under the Ingestion Criterion, provided they are edible and derived from natural sources. The visual evidence shows the child eating a substance that is clearly a processed food item, fulfilling the criteria for nature as a processed food and drink. Since nature is 'yes', I evaluate the sub-axes. Ice lollies are derived from natural ingredients (e.g., fruit, dairy) and are processed food items, placing them under Processed Food & Drinks within the biotic category (as they originate from living organisms). Because the ice lolly is a physical, tangible object that occupies space and has mass, it is classified as material under the Tangibility axis.",False
/home/pmonserrat/datasets/imagenet/extracted_data/n07684084/ILSVRC2012_val_00000820.JPEG,french loaf,True,True,True,yes,biotic,material,"The target entity is a French loaf, specifically a baked bread. The visual evidence shows a processed food item made from flour, water, yeast, and other ingredients. According to the inclusion criteria, processed food and drinks are explicitly included under the Ingestion Criterion, which falls under the category of more-than-human living entities' derivatives (Flora & Plant Derivatives). The bread is derived from wheat, a plant, and thus qualifies as a natural derivative under the nature taxonomy. Since nature is 'yes', I evaluate the sub-axes. The French loaf is derived from wheat, a plant, placing it under Flora & Plant Derivatives within the biotic category. Because it is a physical, tangible food item with mass and occupies space in the real world, it is classified as material under the Tangibility axis.",False
/home/pmonserrat/datasets/imagenet/extracted_data/n07693725/ILSVRC2012_val_00001405.JPEG,bagel,True,True,True,yes,biotic,material,"The target entity is a bagel. The visual evidence shows a processed food item that is a baked dough product, typically made from flour, water, yeast, and salt. Bagels are a human-made food product derived from wheat, a plant. While wheat is a natural entity, the bagel itself is a processed food item that falls under the Ingestion Criterion of the inclusion scope. Processed food and drinks are included if they are edible and derived from natural sources, fulfilling the inclusion criteria for nature. Since nature is 'yes', I evaluate the sub-axes. Bagels are derived from wheat, a plant, placing them under Flora & Plant Derivatives within the biotic category. As a physical, edible food item with mass and occupying space, it is classified as material under the Tangibility axis.",False
/home/pmonserrat/datasets/imagenet/extracted_data/n07695742/ILSVRC2012_val_00000891.JPEG,pretzel,True,True,True,no,none,none,"The target entity is a pretzel. The visual evidence shows a processed food item, which is a baked good made from wheat flour and other ingredients. According to the inclusion criteria, processed food and drinks that are edible and derived from natural sources (such as wheat) are classified under Nature. However, the pretzel itself is a manufactured product that has undergone significant processing and no longer retains its original natural form or texture. It does not fall under the inclusion criteria for Nature-Based Artefacts or any other category of natural elements or processes. Instead, it is a processed food product, which is not explicitly included in the nature taxonomy unless it is directly derived from a natural source and retains its natural characteristics (e.g., raw fruits, vegetables, or unprocessed grains). Not applicable since the entity is not classified as nature under the provided taxonomy. The pretzel is a processed food item and does not meet the criteria for nature classification.",False
/home/pmonserrat/datasets/imagenet/extracted_data/n07697313/ILSVRC2012_val_00002226.JPEG,cheeseburger,True,True,True,yes,biotic,material,"The target entity is a cheeseburger. The visual evidence shows a prepared food item consisting of a bun, cooked beef patty, cheese, lettuce, tomato, and caramelized onions. According to the inclusion criteria, processed food and drinks that are edible and derived from natural sources are classified as nature under the Ingestion Criterion. The ingredients (beef, cheese, lettuce, tomato, onions) are all derived from natural sources (fauna and flora), fulfilling the inclusion criteria for nature. Since nature is 'yes', I evaluate the sub-axes. The cheeseburger is composed of ingredients that are derived from living organisms (beef from fauna, lettuce, tomato, and onions from flora), placing it under the biotic category. Because the cheeseburger is a tangible, physical, edible food item present in the real world, it is classified as material under the Tangibility axis.",False
/home/pmonserrat/datasets/imagenet/extracted_data/n07697537/ILSVRC2012_val_00000129.JPEG,hotdog,True,True,True,yes,biotic,material,"The target entity is a hotdog in the image. The hotdog is a processed food product made from pork or beef casings filled with ground meat, which originates from animals (fauna). Although it is a processed food item, it is derived from a biological source and falls under the Ingestion Criterion of Processed Food & Drinks in the inclusion scope of nature. The hotdog itself is not a natural entity in its raw form but is a derivative of a natural source (animal flesh). Since nature is 'yes', I evaluate the sub-axes. The hotdog is derived from fauna, placing it under Fauna & Animal Derivatives within the biotic category. As a physical, tangible food item that occupies space and can be directly perceived through physical senses, it is classified as material under the Tangibility axis.",False
/home/pmonserrat/datasets/imagenet/extracted_data/n07711569/ILSVRC2012_val_00000183.JPEG,mashed potato,True,True,True,yes,biotic,material,"The target entity is mashed potato. The visual evidence shows a processed food item made from potatoes, which are a natural plant-derived ingredient. According to the inclusion criteria, processed food and drinks that are edible and derived from natural sources are classified as nature. Mashed potatoes are a prepared form of potatoes, which are part of the Flora & Plant Derivatives category under the Ingestion Criterion. Since nature is 'yes', I evaluate the sub-axes. Potatoes are a plant, placing this food derivative under Flora & Plant Derivatives within the biotic category. Because mashed potatoes are a physical, tangible, edible substance that occupies space and has mass, it is classified as material under the Tangibility axis.",False
/home/pmonserrat/datasets/imagenet/extracted_data/n07714571/ILSVRC2012_val_00001826.JPEG,head cabbage,True,True,True,yes,biotic,material,"The target entity is a head cabbage. The visual evidence shows a real-world, physical plant growing in soil, which is a more-than-human living organism. Head cabbage is a type of plant belonging to the Flora category, explicitly included under the More-Than-Human Living Entities inclusion scope. Since nature is 'yes', I evaluate the sub-axes. The head cabbage is a living organism, placing it under Flora & Plant Derivatives within the biotic category. Because it is a real-world, physical entity with mass and occupying space, it is classified as material under the Tangibility axis.",False
/home/pmonserrat/datasets/imagenet/extracted_data/n07714990/ILSVRC2012_val_00000155.JPEG,broccoli,True,True,True,yes,biotic,material,"The target entity is broccoli as depicted in the image. The visual evidence shows a real-world, physical plant that is a cultivated form of a flowering vegetable. Broccoli is a more-than-human living organism (flora) and falls under the inclusion criteria for Flora & Plant Derivatives in the Biotic category. It is a tangible, physical entity that occupies space and can be directly perceived through physical senses in the real world. Since nature is 'yes', I evaluate the sub-axes. Broccoli is a living plant, placing it under Flora & Plant Derivatives within the biotic category. The image is a standard, literal, realistic depiction of a real-world physical plant, thus it is classified as material under the Tangibility axis.",False
/home/pmonserrat/datasets/imagenet/extracted_data/n07715103/ILSVRC2012_val_00000332.JPEG,cauliflower,True,True,True,yes,biotic,material,"The target entity is a cauliflower. The visual evidence shows a real-world, physical plant-based food item that is a cultivated derivative of a living organism. Cauliflower is a domesticated plant belonging to the Flora & Plant Derivatives category under the inclusion scope of More-Than-Human Living Entities. It is a processed food item that remains edible and retains its natural origin, fulfilling the Ingestion Criterion and the Nature-Based Artefacts inclusion criteria. Since nature is 'yes', I evaluate the sub-axes. Cauliflower is a cultivated plant, placing it under Flora & Plant Derivatives within the biotic category. Because it is a real-world physical object with mass, occupying space, and is directly perceivable in the real world, it is classified as material under the Tangibility axis.",False
/home/pmonserrat/datasets/imagenet/extracted_data/n07716358/ILSVRC2012_val_00000554.JPEG,zucchini,True,True,True,yes,biotic,material,"The target entity is a zucchini. The visual evidence shows a real-world, physical vegetable that is a cultivated plant derivative. Zucchini is a domesticated plant product, fitting under the inclusion criteria for Flora & Plant Derivatives within the More-Than-Human Living Entities category. It is a processed food item that retains its natural origin and is edible, fulfilling the Ingestion Criterion for Processed Food & Drinks. Since nature is 'yes', I evaluate the sub-axes. Zucchini is a cultivated plant, placing it under Flora & Plant Derivatives within the biotic category. Because it is a tangible, physical, real-world object with mass and occupies space, it is classified as material under the Tangibility axis.",False
/home/pmonserrat/datasets/imagenet/extracted_data/n07716906/ILSVRC2012_val_00000461.JPEG,spaghetti squash,True,True,True,yes,biotic,material,"The target entity is a spaghetti squash. The visual evidence shows a real-world, physical plant-derived food item that is a cultivated variety of a plant (Cucurbita pepo). As a processed food derived from a living organism (a plant), it falls under the inclusion criteria for Flora & Plant Derivatives within the More-Than-Human Living Entities category. The spaghetti squash is a tangible, edible product that originates from a biological source and is part of the natural food chain, fulfilling the criteria for nature. Since nature is 'yes', I evaluate the sub-axes. The spaghetti squash is a product derived from a plant, placing it under Flora & Plant Derivatives within the biotic category. Because it is a real-world, physical, edible item with mass and occupying space, it is classified as material under the Tangibility axis.",False
/home/pmonserrat/datasets/imagenet/extracted_data/n07717410/ILSVRC2012_val_00001932.JPEG,acorn squash,True,True,True,yes,biotic,material,"The target entity is an acorn squash. The visual evidence shows a real-world, physically present, edible plant-based food item that is a type of squash. According to the inclusion criteria, processed food and drinks that are derived from natural sources and are edible solid items fall under the category of Processed Food & Drinks, fulfilling the Ingestion Criterion and the inclusion scope for nature. Since nature is 'yes', I evaluate the sub-axes. The acorn squash is a cultivated plant (flora), placing it under Flora & Plant Derivatives within the biotic category. Because it is a real-world physical object with mass and occupies space, it is classified as material under the Tangibility axis.",False
/home/pmonserrat/datasets/imagenet/extracted_data/n07717556/ILSVRC2012_val_00000674.JPEG,butternut squash,True,True,True,yes,biotic,material,"The target entity is a butternut squash. The visual evidence shows a real-world, physical, edible vegetable that is a domesticated plant derivative. Butternut squash is a cultivated plant, fitting under the inclusion criteria for Processed Food & Drinks (The Ingestion Criterion) and Flora & Plant Derivatives within the Biotic category of nature. It is a tangible, physical entity that occupies space and can be directly perceived through physical senses in the real world. Since nature is 'yes', I evaluate the sub-axes. Butternut squash is a domesticated plant derivative, placing it under Flora & Plant Derivatives within the biotic category. Because it is a real-world physical object with mass and occupies space, it is classified as material under the Tangibility axis.",False
/home/pmonserrat/datasets/imagenet/extracted_data/n07718472/ILSVRC2012_val_00000463.JPEG,cucumber,True,True,True,yes,biotic,material,"The target entity is a cucumber. The visual evidence shows a real-world, physical cucumber, which is a plant-derived food item. Cucumbers are explicitly included under Flora & Plant Derivatives within the More-Than-Human Living Entities category, fulfilling the inclusion criteria for nature. The cucumber is a tangible, edible product derived from a living organism and is part of the processed food category under the Ingestion Criterion. Since nature is 'yes', I evaluate the sub-axes. The cucumber is a plant-derived food, placing it under Flora & Plant Derivatives within the biotic category. Because it is a real-world physical object with mass and occupies space, it is classified as material under the Tangibility axis.",False
/home/pmonserrat/datasets/imagenet/extracted_data/n07718747/ILSVRC2012_val_00000443.JPEG,artichoke,True,True,True,yes,biotic,material,"The target entity is an artichoke in the image. The visual evidence shows a real, physical artichoke placed among other produce. Artichokes are a type of edible plant belonging to the Flora category, which falls under the inclusion criteria for More-Than-Human Living Entities (Flora). This entity is a real-world, physical organism and its edible nature further qualifies it under Processed Food & Drinks if processed, but in this case, it is unprocessed and in its natural form. Since nature is 'yes', I evaluate the sub-axes. The artichoke is a living plant, placing it under Flora & Plant Derivatives within the biotic category. Because it is a real-world physical object with mass and occupies space, it is classified as material under the Tangibility axis.",False
/home/pmonserrat/datasets/imagenet/extracted_data/n07720875/ILSVRC2012_val_00000423.JPEG,bell pepper,True,True,True,yes,biotic,material,"The target entity is a bell pepper. The visual evidence shows a real-world, physical, cultivated plant product (a pepper) that is a domesticated variety of *Capsicum annuum*. Bell peppers are explicitly included under Flora & Plant Derivatives in the inclusion scope of the taxonomy, as they are a more-than-human living entity that has been cultivated and processed for consumption. This fulfills the criteria for nature as a natural entity that is edible and derived from a plant. Since nature is 'yes', I evaluate the sub-axes. Bell peppers are a type of cultivated plant, placing them under Flora & Plant Derivatives within the biotic category. Because the bell pepper in the image is a real-world, physical object with mass and occupies space, it is classified as material under the Tangibility axis.",False
/home/pmonserrat/datasets/imagenet/extracted_data/n07730033/ILSVRC2012_val_00000881.JPEG,cardoon,True,True,True,yes,biotic,material,"The target entity is a cardoon, specifically the flower head of the plant. The visual evidence shows a real-world, physical plant in its natural environment. Cardoons are a type of thistle belonging to the plant kingdom (Flora), and as such, they fall under the inclusion criteria for More-Than-Human Living Entities (Flora). Since nature is 'yes', I evaluate the sub-axes. The cardoon is a living plant, placing it under Flora & Plant Derivatives within the biotic category. Because the image captures a real-world physical plant with mass and occupying space, it is classified as material under the Tangibility axis.",False
/home/pmonserrat/datasets/imagenet/extracted_data/n07734744/ILSVRC2012_val_00002490.JPEG,mushroom,True,True,True,yes,biotic,material,"The target entity is a mushroom. The visual evidence shows a real-world, physical mushroom growing in a natural environment, surrounded by fallen leaves and soil. Mushrooms are classified under Fungi, which are explicitly included in the Flora & Plant Derivatives category under the Biotic Life Category. This fulfills the inclusion criteria for nature as a more-than-human living entity. Since nature is 'yes', I evaluate the sub-axes. The mushroom is a living organism, placing it under the Biotic category. Because it is a real-world, physical entity with mass and occupies space, it is classified as material under the Tangibility axis.",False
/home/pmonserrat/datasets/imagenet/extracted_data/n07742313/ILSVRC2012_val_00000023.JPEG,granny smith,True,True,True,,,,,True
/home/pmonserrat/datasets/imagenet/extracted_data/n07745940/ILSVRC2012_val_00000099.JPEG,strawberry,True,True,True,yes,biotic,material,"The target entity is a strawberry. The visual evidence shows a real-world, physical strawberry attached to its plant, exhibiting natural biological characteristics such as leaves, stems, and seeds. Strawberries are cultivated plants and fall under the inclusion criteria for Flora & Plant Derivatives within the More-Than-Human Living Entities category, fulfilling the definition of nature. Since nature is 'yes', I evaluate the sub-axes. The strawberry is a living organism (flora), placing it under the biotic category. Because the strawberry is a real-world, physical entity with mass and occupies space, it is classified as material under the Tangibility axis.",False
/home/pmonserrat/datasets/imagenet/extracted_data/n07747607/ILSVRC2012_val_00001406.JPEG,orange,True,True,True,yes,biotic,material,"The target entity is an orange. The visual evidence shows a real, physical citrus fruit in various stages of being cut, which is a cultivated plant (flora) and its edible fruit. The inclusion criteria for nature explicitly cover cultivated plants and their derivatives, including processed food and drinks under the Ingestion Criterion. The orange is a tangible, real-world, more-than-human living entity and its edible form, fulfilling the inclusion criteria for nature. Since nature is 'yes', I evaluate the sub-axes. The orange is a cultivated plant (flora) and its fruit, placing it under Flora & Plant Derivatives within the biotic category. Because the oranges are real-world physical objects with mass and occupy space, they are classified as material under the Tangibility axis.",False
/home/pmonserrat/datasets/imagenet/extracted_data/n07749582/ILSVRC2012_val_00000711.JPEG,lemon,True,True,True,yes,biotic,material,"The target entity is a lemon. The visual evidence shows a real-world, physical lemon growing on a tree. Lemons are a type of citrus fruit derived from a plant, which falls under Flora & Plant Derivatives within the inclusion criteria for more-than-human living entities. This entity is a tangible, physical part of the natural world and fulfills the criteria for nature. Since nature is 'yes', I evaluate the sub-axes. The lemon is a living organism (a fruit from a plant), placing it under Flora & Plant Derivatives within the biotic category. Because it is a real-world, physical object with mass and occupies space, it is classified as material under the Tangibility axis.",False
/home/pmonserrat/datasets/imagenet/extracted_data/n07753113/ILSVRC2012_val_00002124.JPEG,fig,True,True,True,yes,biotic,material,"The target entity is a fig. The visual evidence shows a real-world fruit growing on a tree, which is a physical, edible plant product. Figs are part of the Flora category under the inclusion scope of More-Than-Human Living Entities, specifically as a plant-derived food. This fulfills the criteria for nature as it is a tangible, real-world biological entity. Since nature is 'yes', I evaluate the sub-axes. The fig is a non-human living organism (flora) and its derivative, placing it under the biotic category. Because the fig is a real-world physical object with mass and occupies space, it is classified as material under the Tangibility axis.",False
/home/pmonserrat/datasets/imagenet/extracted_data/n07753275/ILSVRC2012_val_00001479.JPEG,pineapple,True,True,True,yes,biotic,material,"The target entity is a pineapple. The visual evidence shows a real-world, physical fruit with distinct biological features such as its spiky crown and textured skin. Pineapple is a cultivated plant product derived from a specific species of flowering plants (Ananas comosus), which falls under the Flora & Plant Derivatives category. It is a processed food item that retains its natural origin and structure, fulfilling the inclusion criteria for Processed Food & Drinks under the Ingestion Criterion and Nature-Based Artefacts under the inclusion scope. Since nature is 'yes', I evaluate the sub-axes. The pineapple is a plant-derived food, placing it under Flora & Plant Derivatives within the biotic category. Because it is a real-world physical object with mass and occupies space, it is classified as material under the Tangibility axis.",False
/home/pmonserrat/datasets/imagenet/extracted_data/n07753592/ILSVRC2012_val_00000605.JPEG,banana,True,True,True,yes,biotic,material,"The target entity is a banana. The visual evidence shows a bunch of ripe bananas, which are cultivated, edible plant products derived from the banana plant. Bananas are explicitly included under the Inclusion Scope as Processed Food & Drinks, fulfilling the criteria for nature as they are a tangible, edible product derived from a more-than-human living entity (flora). Since nature is 'yes', I evaluate the sub-axes. Bananas are derived from plants, placing them under Flora & Plant Derivatives within the biotic category. Because the image depicts real, physical bananas that occupy space and have mass, they are classified as material under the Tangibility axis.",False
/home/pmonserrat/datasets/imagenet/extracted_data/n07754684/ILSVRC2012_val_00000691.JPEG,jackfruit,True,True,True,yes,biotic,material,"The target entity is a jackfruit. The visual evidence shows real, physical jackfruits growing on a tree in their natural environment. Jackfruits are non-human living organisms (flora), and their depiction as real-world physical entities fulfills the inclusion criteria for More-Than-Human Living Entities under the Flora category. Since nature is 'yes', I evaluate the sub-axes. Jackfruit is a non-human living organism, placing it under Flora & Plant Derivatives within the biotic category. Because the image captures real-world physical jackfruits with mass and occupying space, it is classified as material under the Tangibility axis.",False
/home/pmonserrat/datasets/imagenet/extracted_data/n07760859/ILSVRC2012_val_00000798.JPEG,custard apple,True,True,True,yes,biotic,material,"The target entity is a custard apple, specifically the fruit shown in the image. The custard apple is a real, edible, processed food item derived from a plant (Annona species), which falls under the inclusion criteria for Processed Food & Drinks. The Ingestion Criterion explicitly includes edible solid or liquid elements at any processing level, and the visual evidence confirms it is a prepared, cooked custard apple, fulfilling the criteria for nature as a processed food item derived from a natural source (flora). Since nature is 'yes', I evaluate the sub-axes. The custard apple is a processed food derived from a plant, placing it under Flora & Plant Derivatives within the biotic category. Because it is a tangible, physical, edible item that occupies space and has mass, it is classified as material under the Tangibility axis.",False
/home/pmonserrat/datasets/imagenet/extracted_data/n07768694/ILSVRC2012_val_00001514.JPEG,pomegranate,True,True,True,yes,biotic,material,"The target entity is a pomegranate depicted in the image. The visual evidence shows a real, physical pomegranate fruit, which is a wild or cultivated plant product. Pomegranates are explicitly included under Flora & Plant Derivatives in the inclusion scope of more-than-human living entities, fulfilling the criteria for nature. The fruit is a tangible, edible, and natural biological product. Since nature is 'yes', I evaluate the sub-axes. The pomegranate is a non-human plant, placing it under Flora & Plant Derivatives within the biotic category. Because it is a real-world physical object with mass and occupies space, it is classified as material under the Tangibility axis.",False
/home/pmonserrat/datasets/imagenet/extracted_data/n07802026/ILSVRC2012_val_00000816.JPEG,hay,True,True,True,yes,biotic,material,"The target entity is hay. The visual evidence shows stacks of dried grass, which is a processed product derived from plants. Hay is a cultivated and harvested plant material, fitting under the inclusion criteria for Flora & Plant Derivatives within the More-Than-Human Living Entities category. It is a physical, tangible product of biological processes and is explicitly included in the definition of nature as a processed food element. Since nature is 'yes', I evaluate the sub-axes. Hay is derived from plants, placing it under Flora & Plant Derivatives within the biotic category. Because hay is a real-world physical substance with mass and occupies space, it is classified as material under the Tangibility axis.",False
/home/pmonserrat/datasets/imagenet/extracted_data/n07831146/ILSVRC2012_val_00000116.JPEG,carbonara,True,True,True,,,,,True
/home/pmonserrat/datasets/imagenet/extracted_data/n07836838/ILSVRC2012_val_00000782.JPEG,chocolate sauce,True,True,True,yes,biotic,material,"The target entity is chocolate sauce as depicted in the image. Chocolate sauce is a processed food product derived from cocoa beans, which are a natural biotic source. The inclusion criteria for nature explicitly mention 'Processed Food & Drinks' under the Ingestion Criterion, which includes edible solid or liquid elements at any processing level. Since chocolate sauce is a processed food derived from a natural source, it fulfills the inclusion criteria for nature. Since nature is 'yes', I evaluate the sub-axes. Chocolate sauce originates from cocoa beans, which are part of Flora & Plant Derivatives, placing it under the biotic category. Despite being processed, it remains a physical substance with mass and occupies space, making it a material entity under the Tangibility axis.",False
/home/pmonserrat/datasets/imagenet/extracted_data/n07860988/ILSVRC2012_val_00000543.JPEG,dough,True,True,True,,,,,True
/home/pmonserrat/datasets/imagenet/extracted_data/n07871810/ILSVRC2012_val_00001115.JPEG,meat loaf,True,True,True,yes,biotic,material,"The target entity is a meat loaf. The visual evidence shows a prepared, processed food item made from animal-derived ingredients. According to the inclusion criteria, processed food and drinks that are edible and derived from more-than-human living entities (fauna) are classified under Processed Food & Drinks. Since meat loaf is a food product derived from animal tissue, it falls under the inclusion scope of nature as a processed food item derived from fauna. Since nature is 'yes', I evaluate the sub-axes. Meat loaf is derived from animal tissue, placing it under Fauna & Animal Derivatives within the biotic category. Because the meat loaf is a physical, tangible food item that occupies space and has mass, it is classified as material under the Tangibility axis.",False
/home/pmonserrat/datasets/imagenet/extracted_data/n07873807/ILSVRC2012_val_00000773.JPEG,pizza,True,True,True,yes,biotic,material,"The target entity is a pizza. The visual evidence shows a prepared food item consisting of processed ingredients, including tomato sauce, cheese, and various toppings such as meat, olives, and vegetables. While the ingredients may originate from natural sources (e.g., tomatoes, cheese from milk, vegetables), the pizza itself is a processed food product. According to the inclusion criteria, processed food and drinks are explicitly included under the Ingestion Criterion, which counts as nature. The pizza is a tangible, edible product derived from natural elements, fulfilling the inclusion criteria for nature. Since nature is 'yes', I evaluate the sub-axes. The pizza is made from natural ingredients (flora and fauna derivatives) but is processed and prepared for consumption. This places it under Processed Food & Drinks within the biotic category, as it is derived from living organisms. Because the pizza is a real-world physical object with mass and occupies space, it is classified as material under the Tangibility axis.",False
/home/pmonserrat/datasets/imagenet/extracted_data/n07875152/ILSVRC2012_val_00000491.JPEG,potpie,True,True,True,yes,biotic,material,"The target entity is a potpie. The visual evidence shows a prepared food item that is a processed, edible solid containing ingredients such as meat and vegetables. According to the inclusion criteria, processed food and drinks that are edible and derived from natural sources (e.g., meat, vegetables) are classified under Processed Food & Drinks. This fulfills the Ingestion Criterion and counts as nature. Since nature is 'yes', I evaluate the sub-axes. Potpie is made from natural ingredients like meat and vegetables, which are biotic in origin. Therefore, it falls under the biotic category. As it is a physical, tangible food item that occupies space and has mass, it is classified as material under the Tangibility axis.",False
/home/pmonserrat/datasets/imagenet/extracted_data/n07880968/ILSVRC2012_val_00000572.JPEG,burrito,True,True,True,yes,biotic,material,"The target entity is a burrito. The visual evidence shows a wrapped food item containing ingredients such as meat and rice, which are derived from natural sources (e.g., plants and animals). According to the inclusion criteria, processed food and drinks are explicitly included under the Ingestion Criterion, as they are edible solid items at any processing level. This fulfills the criteria for nature as it involves natural elements that have been processed into a consumable form. Since nature is 'yes', I evaluate the sub-axes. The burrito is composed of ingredients derived from both flora (e.g., rice, vegetables) and fauna (e.g., meat), placing it under Flora & Plant Derivatives and Fauna & Animal Derivatives within the biotic category. Because the burrito is a real-world physical object with mass and occupies space, it is classified as material under the Tangibility axis.",False
/home/pmonserrat/datasets/imagenet/extracted_data/n07892512/ILSVRC2012_val_00001064.JPEG,red wine,True,True,True,yes,biotic,material,"The target entity is red wine. The visual evidence shows a glass containing red wine, which is a processed food and drink product derived from grapes. According to the inclusion criteria, processed food and drinks explicitly count as nature under the 'Processed Food & Drinks' category, fulfilling the criteria for nature as it is derived from a natural source (grapes) and is edible. Since nature is 'yes', I evaluate the sub-axes. Red wine is derived from grapes, a biotic entity, but the wine itself is a processed product. It falls under the 'Processed Food & Drinks' inclusion scope, which is a derivative of biotic sources. Because the wine is a physical, tangible substance in its liquid form, it is classified as material under the Tangibility axis.",False
/home/pmonserrat/datasets/imagenet/extracted_data/n07920052/ILSVRC2012_val_00002934.JPEG,espresso,True,True,True,,,,,True
/home/pmonserrat/datasets/imagenet/extracted_data/n07930864/ILSVRC2012_val_00001726.JPEG,cup,False,,,no,none,none,"The target entity is a cup. The visual evidence shows a ceramic mug decorated with floral patterns. While the cup itself is a manufactured object, the decorative floral patterns on it are representations of flora, which are explicitly included under Representations of Nature. However, the cup itself, as a functional object, does not inherently depict or represent a natural entity beyond its decorative elements. The primary material and structure of the cup are ceramic, which is not a natural material in its raw form and does not fulfill the criteria for Nature-Based Artefacts. The cup is not a natural entity or a depiction of one, nor does it fall under the inclusion criteria for nature as defined in the taxonomy. Not applicable since the cup itself, as a functional object without explicit natural depiction or material, does not meet the criteria for nature.",False
/home/pmonserrat/datasets/imagenet/extracted_data/n07932039/ILSVRC2012_val_00000139.JPEG,eggnog,True,True,True,yes,biotic,material,"The target entity in the image is a beverage that appears to be a latte or cappuccino, not eggnog. However, assuming the target entity is indeed eggnog (a traditional drink made from eggs, milk, sugar, and sometimes spices), eggnog is a processed food product derived from natural ingredients (eggs, milk, sugar, etc.). According to the inclusion criteria, processed food and drinks are explicitly included under the Ingestion Criterion, which falls under the category of Nature-Based Artefacts (processed food derived from natural sources). Since nature is 'yes', I evaluate the sub-axes. Eggnog is derived from natural ingredients such as eggs, milk, and sugar, which are all biotic in origin (flora and fauna derivatives). Because eggnog is a physical, tangible product that can be consumed, it is classified as material under the Tangibility axis.",False
/home/pmonserrat/datasets/imagenet/extracted_data/n09193705/ILSVRC2012_val_00000002.JPEG,alp,True,False,True,yes,abiotic,material,"The target entity is an 'alp' in the context of the image, referring to the mountainous terrain and snowy landscape. The visual evidence shows a real-world physical environment with snow-covered peaks, valleys, and rugged terrain. Geological and topographical components, such as mountains and snow-covered landscapes, fall under the Geological & Topographical Components within the Non-Living Natural Elements & Processes inclusion scope, fulfilling the criteria for nature. Additionally, the snow and weather conditions are abiotic meteorological and hydrological elements, further confirming the inclusion criteria for nature. Since nature is 'yes', I evaluate the sub-axes. The alp in this context includes both the mountainous terrain (abiotic) and the snow (abiotic hydrological component). Because the image is an unfiltered documentary depiction of a real-world physical environment, it is classified as material under the Tangibility axis.",False
/home/pmonserrat/datasets/imagenet/extracted_data/n09229709/ILSVRC2012_val_00000697.JPEG,bubble,False,,,yes,abiotic,material,"The target entity is a bubble in the image. The bubbles are formed from water droplets on a leaf, which is a natural process involving water and plant surfaces. Water droplets and their interactions with natural surfaces are part of the hydrological and biophysical processes within ecosystems. This fulfills the inclusion criteria for Non-Living Natural Elements & Processes under the abiotic category, as it is a natural phenomenon involving water and plant surfaces. Since nature is 'yes', I evaluate the sub-axes. The bubbles are part of a natural hydrological process involving water and plant surfaces, placing them under Hydrological Components within the abiotic category. The image is a standard, literal, realistic photograph capturing a real-world physical phenomenon, thus it is classified as material under the Tangibility axis.",False
/home/pmonserrat/datasets/imagenet/extracted_data/n09246464/ILSVRC2012_val_00001444.JPEG,cliff,True,False,True,yes,abiotic,material,"The target entity is a cliff. The visual evidence in the image shows a steep rock face or geological formation, which is a large-scale landform. According to the inclusion criteria, geological and topographical components such as cliffs fall under Non-Living Natural Elements & Processes, specifically Geological & Topographical Components. This fulfills the criteria for nature. Since nature is 'yes', I evaluate the sub-axes. The cliff is a non-living geological formation, placing it under Geological & Topographical Components within the abiotic category. The image is an unfiltered documentary depiction of a real-world physical environment, capturing the cliff as a material entity in its natural setting.",False
/home/pmonserrat/datasets/imagenet/extracted_data/n09256479/ILSVRC2012_val_00000235.JPEG,coral reef,True,True,True,yes,biotic,material,"The target entity is a coral reef. The visual evidence shows a real-world underwater ecosystem with living coral polyps and various fish. Coral reefs are biological ecosystems defined by living communities of coral polyps and associated organisms, which fall under the inclusion criteria for Flora & Plant Derivatives (coral polyps) and Fauna (fish) within the Biotic category of Non-Living Natural Elements & Processes. Coral reefs are explicitly included as ecosystems defined by living communities in the taxonomy. Since nature is 'yes', I evaluate the sub-axes. Coral reefs are composed of living organisms (biotic), including coral polyps and associated fauna. Because the image is an unfiltered documentary photograph capturing a real-world physical ecosystem, it is classified as material under the Tangibility axis.",False
/home/pmonserrat/datasets/imagenet/extracted_data/n09288635/ILSVRC2012_val_00000394.JPEG,geyser,True,False,True,yes,abiotic,material,"The target entity is a geyser. The visual evidence shows a natural, physical phenomenon involving the ejection of steam and hot water from the ground. Geysers are geological and hydrological features that fall under Non-Living Natural Elements & Processes, specifically as a biophysical process involving water and heat, fulfilling the inclusion criteria for nature. Since nature is 'yes', I evaluate the sub-axes. A geyser is a physical, abiotic phenomenon involving hydrological and geological processes, placing it under the abiotic category. Because the image is an unfiltered documentary depiction of a real-world physical natural process, it is classified as material under the Tangibility axis.",False
/home/pmonserrat/datasets/imagenet/extracted_data/n09332890/ILSVRC2012_val_00000150.JPEG,lakeside,True,False,True,,,,,True
/home/pmonserrat/datasets/imagenet/extracted_data/n09399592/ILSVRC2012_val_00002476.JPEG,promontory,True,False,True,yes,abiotic,material,"The target entity is a promontory. The visual evidence shows a distinct, naturally formed headland or cliff projecting into the sea. Promontories are geological landforms that fall under the Geological & Topographical Components within the Non-Living Natural Elements & Processes inclusion scope, fulfilling the criteria for nature. Since nature is 'yes', I evaluate the sub-axes. A promontory is a geological formation, placing it under Geological & Topographical Components within the abiotic category. The image is a standard, literal, realistic photograph capturing a real-world physical geological feature, thus it is classified as material under the Tangibility axis.",False
/home/pmonserrat/datasets/imagenet/extracted_data/n09421951/ILSVRC2012_val_00000145.JPEG,sandbar,True,False,True,yes,abiotic,material,"The target entity is a sandbar. The visual evidence in the image shows a narrow ridge of sand or sediment that lies parallel to the shore and is partially submerged in shallow water. Sandbars are natural geological formations created by the deposition of sand and sediment in bodies of water, fitting under the Geological & Topographical Components within Non-Living Natural Elements & Processes. This fulfills the inclusion criteria for nature. Since nature is 'yes', I evaluate the sub-axes. A sandbar is a geological formation, placing it under Geological & Topographical Components within the abiotic category. The image is an unfiltered documentary photograph capturing a real-world physical natural formation, thus it is classified as material under the Tangibility axis.",False
/home/pmonserrat/datasets/imagenet/extracted_data/n09428293/ILSVRC2012_val_00000214.JPEG,seashore,True,False,True,yes,abiotic,material,"The target entity is the seashore in the image. The visual evidence shows a real-world physical environment with sand, water, and a sunset over the ocean. The seashore is a natural geographical feature that includes hydrological components (water) and geological/topographical components (sand, shoreline). These elements fall under Non-Living Natural Elements & Processes, specifically Hydrological and Geological & Topographical Components, fulfilling the inclusion criteria for nature. Since nature is 'yes', I evaluate the sub-axes. The seashore is composed of abiotic elements, including water and geological formations, placing it under the abiotic category. The image is an unfiltered documentary depiction of a real-world physical environment, capturing the tangible, material nature of the seashore.",False
/home/pmonserrat/datasets/imagenet/extracted_data/n09468604/ILSVRC2012_val_00000313.JPEG,valley,True,False,True,yes,abiotic,material,"The target entity is a valley. The visual evidence in the image shows a natural depression or lowland between hills or mountains, characterized by the surrounding landscape, vegetation, and water body. Valleys are large-scale landforms and topographical features that fall under Geological & Topographical Components within the Non-Living Natural Elements & Processes inclusion scope, fulfilling the criteria for nature. Since nature is 'yes', I evaluate the sub-axes. A valley is a topographical feature, placing it under Geological & Topographical Components within the abiotic category. The image is an unfiltered documentary photograph capturing a real-world physical environment, thus it is classified as material under the Tangibility axis.",False
/home/pmonserrat/datasets/imagenet/extracted_data/n09472597/ILSVRC2012_val_00002103.JPEG,volcano,True,False,True,yes,abiotic,material,"The target entity is a volcano. The visual evidence shows a real-world, physical geological formation with a distinct peak and snow-capped summit, indicative of a dormant or inactive volcano. Geological and topographical components, such as mountains and volcanic formations, are explicitly included under Non-Living Natural Elements & Processes, fulfilling the inclusion criteria for nature. Since nature is 'yes', I evaluate the sub-axes. A volcano is a geological formation, placing it under Geological & Topographical Components within the abiotic category. The image is an unfiltered documentary depiction of a real-world physical landscape, capturing the volcano in its natural state, thus classifying it as material under the Tangibility axis.",False
/home/pmonserrat/datasets/imagenet/extracted_data/n09835506/ILSVRC2012_val_00000034.JPEG,ballplayer,False,,,no,none,none,"The target entity is a ballplayer. The visual evidence shows a human individual, specifically a person dressed in a baseball uniform. According to the taxonomy, human beings, including individuals in any role or setting, are explicitly excluded from the nature classification. The ballplayer is a human entity, thus not fulfilling the inclusion criteria for nature. Not applicable since the entity is a human being, which is explicitly excluded from the nature taxonomy.",False
/home/pmonserrat/datasets/imagenet/extracted_data/n10148035/ILSVRC2012_val_00000341.JPEG,groom,False,,,no,none,none,"The target entity is the groom in the image. The groom is a human being, identifiable by his distinct human features, attire, and behavior. According to the provided taxonomy, human beings, human body parts, and groups of people are explicitly excluded from the nature classification, regardless of the context or setting they are in. Therefore, the groom does not count as nature under this taxonomy. Not applicable since the entity is a human being and thus excluded from the nature taxonomy.",False
/home/pmonserrat/datasets/imagenet/extracted_data/n10565667/ILSVRC2012_val_00000255.JPEG,scuba diver,False,,,no,none,none,"The target entity is a scuba diver. The visual evidence shows a person in full scuba gear, including a mask, wetsuit, and snorkel, engaging in an underwater activity. Although the individual is human, the context and activity are centered around the natural environment of the ocean or a large body of water. The focus of the image is on the interaction with the underwater environment, which is a natural setting. However, the primary subject is a human being, which falls under the explicit exclusion criteria for nature. The scuba diver is not a natural entity but rather an individual engaging with a natural environment. Therefore, the scuba diver as a human entity does not qualify as nature under the provided taxonomy. Not applicable since the entity itself (the scuba diver as a human) is excluded from the nature taxonomy, even though the activity and environment are natural.",False
/home/pmonserrat/datasets/imagenet/extracted_data/n11879895/ILSVRC2012_val_00000216.JPEG,rapeseed,True,True,True,yes,biotic,material,"The target entity is rapeseed, specifically the yellow flowers visible in the image. The visual evidence shows a real-world field of flowering plants, which are living organisms. Rapeseed plants are explicitly included under Flora & Plant Derivatives in the Biotic category of the inclusion scope for nature. The plants are physically present, occupying space, and are directly perceivable in the real world. Since nature is 'yes', I evaluate the sub-axes. Rapeseed is a living plant, placing it under Flora & Plant Derivatives within the biotic category. The rapeseed flowers in the image are real-world physical entities with mass and occupy space, thus they are classified as material under the Tangibility axis.",False
/home/pmonserrat/datasets/imagenet/extracted_data/n11939491/ILSVRC2012_val_00004514.JPEG,daisy,True,True,True,yes,biotic,material,"The target entity is a daisy. The visual evidence shows a real-world physical flower, which is a non-human living organism. According to the inclusion criteria, wild or cultivated plants fall under Flora & Plant Derivatives within the Biotic category of more-than-human living entities. The image is a standard, literal, unfiltered photograph capturing a real-world physical entity, fulfilling the criteria for nature. Since nature is 'yes', I evaluate the sub-axes. The daisy is a living plant, placing it under Flora & Plant Derivatives within the biotic category. Because the image is a literal, unfiltered documentary photograph of a real-world physical organism, it is classified as material under the Tangibility axis.",False
/home/pmonserrat/datasets/imagenet/extracted_data/n12057211/ILSVRC2012_val_00000551.JPEG,yellow lady's slipper,True,True,True,yes,biotic,material,"The target entity is a yellow lady's slipper, a specific type of orchid. The visual evidence shows a real-world physical plant with distinct biological features such as leaves, stems, and a flower. This entity is a wild or cultivated non-human organism (flora) and falls under the inclusion criteria for More-Than-Human Living Entities (Flora). Since nature is 'yes', I evaluate the sub-axes. The yellow lady's slipper is a living plant, placing it under Flora & Plant Derivatives within the biotic category. Because it is a real-world physical organism with mass and occupies space, it is classified as material under the Tangibility axis.",False
/home/pmonserrat/datasets/imagenet/extracted_data/n12144580/ILSVRC2012_val_00000484.JPEG,corn,True,True,True,yes,biotic,material,"The target entity is corn, specifically shown as packaged ears of corn in the image. Corn is a cultivated plant (maize) that falls under the category of Flora & Plant Derivatives. The inclusion criteria for nature are met because corn is a more-than-human living entity that has been processed for consumption but retains its biological origin. The packaging itself does not change the nature of the corn as a natural product, and the image shows the corn in its edible form, fulfilling the Ingestion Criterion under Processed Food & Drinks. Since nature is 'yes', I evaluate the sub-axes. Corn is a plant, placing it under Flora & Plant Derivatives within the biotic category. The corn in the image is a real-world physical product with mass and occupies space, making it a material entity under the Tangibility axis.",False
/home/pmonserrat/datasets/imagenet/extracted_data/n12267677/ILSVRC2012_val_00001058.JPEG,acorn,True,True,True,yes,biotic,material,"The target entity is an acorn. The visual evidence shows a real-world physical object, specifically the seed of an oak tree, which is a non-human living organism. Acorns are explicitly included under Flora & Plant Derivatives within the More-Than-Human Living Entities category, fulfilling the inclusion criteria for nature. Since nature is 'yes', I evaluate the sub-axes. An acorn is a seed from a tree, placing it under Flora & Plant Derivatives within the biotic category. Because it is a real-world physical object with mass and occupies space, it is classified as material under the Tangibility axis.",False
/home/pmonserrat/datasets/imagenet/extracted_data/n12620546/ILSVRC2012_val_00000251.JPEG,hip,True,True,True,yes,biotic,material,"The target entity is a 'hip' (specifically, a rose hip). The visual evidence shows a real-world, physical fruit growing on a plant. Rose hips are the fruit of the rose plant and are part of the Flora category, fulfilling the inclusion criteria for more-than-human living entities under the Nature definition. Since nature is 'yes', I evaluate the sub-axes. Rose hips are a part of Flora, placing them under the biotic category. The entity is a real-world, physical, living organism, thus it is classified as material under the Tangibility axis.",False
/home/pmonserrat/datasets/imagenet/extracted_data/n12768682/ILSVRC2012_val_00001120.JPEG,buckeye,True,True,True,yes,biotic,material,"The target entity is a buckeye, specifically the seed pods of the horse chestnut tree (*Aesculus hippocastanum*). The visual evidence shows real, physical seed pods growing on a tree, which are part of the natural flora. These seed pods are a tangible, living component of the plant kingdom and fall under the inclusion criteria for Flora & Plant Derivatives in the More-Than-Human Living Entities category. Since nature is 'yes', I evaluate the sub-axes. Buckeyes are part of the plant kingdom, placing them under Flora & Plant Derivatives within the biotic category. The seed pods are a real-world physical object with mass and occupy space, making them classified as material under the Tangibility axis.",False
/home/pmonserrat/datasets/imagenet/extracted_data/n12985857/ILSVRC2012_val_00000304.JPEG,coral fungus,True,True,True,yes,biotic,material,"The target entity is a coral fungus. The visual evidence shows a real-world, physical organism growing on a tree branch. Coral fungi are a type of fungus, which are more-than-human living organisms. They fall under the inclusion scope of Fungi & Microorganisms within the Biotic category of the Life Category Axis. Additionally, they are a tangible, physical entity present in the real world, fulfilling the criteria for Material nature under the Tangibility Axis. Since nature is 'yes', I evaluate the sub-axes. Coral fungus is a living organism classified under Fungi & Microorganisms, placing it under the biotic category. Because it is a real-world, physical entity with mass and occupies space, it is classified as material under the Tangibility axis.",False
/home/pmonserrat/datasets/imagenet/extracted_data/n12998815/ILSVRC2012_val_00000731.JPEG,agaric,True,True,True,yes,biotic,material,"The target entity is an agaric mushroom, specifically the fly agaric (Amanita muscaria). The visual evidence shows a real-world, physical mushroom growing in a natural environment, surrounded by grass and leaves. Agaric mushrooms are non-human living organisms (fungi), which fall under the inclusion criteria for Flora & Plant Derivatives in the Biotic category of the More-Than-Human Living Entities. This entity is a real, tangible biological organism, fulfilling the criteria for nature. Since nature is 'yes', I evaluate the sub-axes. The agaric mushroom is a living organism classified under Fungi, placing it under the Biotic category. Because it is a real-world, physical entity with mass and occupying space, it is classified as material under the Tangibility axis.",False
/home/pmonserrat/datasets/imagenet/extracted_data/n13037406/ILSVRC2012_val_00000200.JPEG,gyromitra,True,True,True,yes,biotic,material,"The target entity is a gyromitra, specifically a type of mushroom known as false morel. The visual evidence shows a real-world, physical organism growing in a forest environment. Gyromitra is a non-human living organism (a fungus), which falls under the inclusion criteria for Flora & Plant Derivatives within the Biotic category of More-Than-Human Living Entities. It is a tangible, physical entity present in the real world, fulfilling the criteria for Material nature under the Tangibility axis. Since nature is 'yes', I evaluate the sub-axes. Gyromitra is a fungus, placing it under the Fungi & Microorganisms category within the biotic life category. Because it is a real-world, physical organism with mass and occupying space, it is classified as material under the Tangibility axis.",False
/home/pmonserrat/datasets/imagenet/extracted_data/n13040303/ILSVRC2012_val_00000058.JPEG,stinkhorn,True,True,True,yes,biotic,material,"The target entity is a stinkhorn mushroom. The visual evidence shows a real-world, physical organism growing in a natural environment, surrounded by other plants and soil. Stinkhorns are a type of fungus, which falls under the inclusion criteria for Flora & Plant Derivatives within the Biotic category of More-Than-Human Living Entities. The image captures a literal, unaltered depiction of this living organism in its natural habitat, fulfilling the criteria for nature. Since nature is 'yes', I evaluate the sub-axes. The stinkhorn is a living organism classified under Fungi, which falls under the Biotic category. Because the image is a standard, literal, documentary photograph capturing a real-world physical organism, it is classified as material under the Tangibility axis.",False
/home/pmonserrat/datasets/imagenet/extracted_data/n13044778/ILSVRC2012_val_00000755.JPEG,earthstar,True,True,True,yes,biotic,material,"The target entity is an earthstar, a type of fungus. The visual evidence in the image shows a real-world physical organism growing on the forest floor, identifiable by its distinct star-like cap and mycelial base. Earthstars are fungi, which fall under the inclusion scope of Fungi & Microorganisms in the Biotic category of more-than-human living entities. This fulfills the criteria for nature as it is a real, living organism in its natural environment. Since nature is 'yes', I evaluate the sub-axes. Earthstar is a living organism classified under Fungi & Microorganisms, placing it under the biotic category. The entity is a real-world physical object with mass and occupies space, making it a material instance under the Tangibility axis.",False
/home/pmonserrat/datasets/imagenet/extracted_data/n13052670/ILSVRC2012_val_00002167.JPEG,hen-of-the-woods,True,True,True,yes,biotic,material,"The target entity is the hen-of-the-woods mushroom, commonly known as *Grifola frondosa*. The visual evidence in the image shows a real-world, physical fungal organism growing naturally on the forest floor. As a non-human living organism, it falls under the inclusion criteria for Flora & Plant Derivatives (specifically fungi) within the More-Than-Human Living Entities category, fulfilling the definition of nature. Since nature is 'yes', I evaluate the sub-axes. The hen-of-the-woods is a living organism (fungus), placing it under the biotic category. Because the image is an unfiltered documentary depiction of a real-world physical organism, it is classified as material under the Tangibility axis.",False
/home/pmonserrat/datasets/imagenet/extracted_data/n13054560/ILSVRC2012_val_00001362.JPEG,bolete,True,True,True,yes,biotic,material,"The target entity is a bolete mushroom. The visual evidence shows a real-world, physical mushroom growing in a grassy environment. Boletes are a type of fungus, which falls under the category of non-human living organisms (Fungi & Microorganisms) within the inclusion scope of Flora & Plant Derivatives. This fulfills the criteria for nature as it is a more-than-human living entity present in the physical environment. Since nature is 'yes', I evaluate the sub-axes. The bolete is a living organism, placing it under the biotic category. Because it is a real-world, physical entity with mass and occupying space, it is classified as material under the Tangibility axis.",False
/home/pmonserrat/datasets/imagenet/extracted_data/n13133613/ILSVRC2012_val_00000408.JPEG,ear,True,True,True,yes,biotic,material,"The target entity is an 'ear' of corn, which is a part of a maize plant. The visual evidence shows a real-world, physical, edible plant product that is a derivative of a cultivated plant (maize). Processed food and drinks, specifically edible solid items derived from natural sources, fall under the inclusion criteria for Flora & Plant Derivatives within the More-Than-Human Living Entities category. Since nature is 'yes', I evaluate the sub-axes. The 'ear' of corn is a part of a plant, placing it under Flora & Plant Derivatives within the biotic category. Because it is a real-world physical object with mass and occupies space, it is classified as material under the Tangibility axis.",False
/home/pmonserrat/datasets/imagenet/extracted_data/n15075141/ILSVRC2012_val_00001079.JPEG,toilet tissue,False,,,no,none,none,"The target entity is toilet tissue. The visual evidence shows toilet tissue rolls used as a decorative or artistic covering on a car. Toilet tissue is a processed product derived from wood pulp, which originates from trees (a natural resource). However, toilet tissue itself is a manufactured, processed material that has undergone significant transformation and is no longer identifiable as a natural entity in its original form. It does not fall under the inclusion criteria for Nature-Based Artefacts because the natural material of origin (wood) is no longer visually identifiable by its grain or texture in its final form. Additionally, toilet tissue is not a depiction or representation of a natural entity, nor is it a natural element or process itself. It is a homogenous artefact that does not meet the criteria for nature under the provided taxonomy. Not applicable since the entity does not meet the criteria for nature.",False
